batter_id,player,stand,pitch_type,pitch_name,pa,bbe,air_bbe,hr,barrels,hard_air_bbe,blast_bbe,pulled_air_proxy_bbe,sweet_spot_bbe,max_ev,avg_ev,avg_la,hr_per_pa,barrel_per_pa,barrel_per_bbe,hard_air_per_pa,blast_per_pa,pulled_air_per_bbe,sweet_spot_per_bbe,slate_date,pull_timestamp,data_notes
500743,miguel rojas,R,CH,Changeup,4,2,0,0,0,0,0,0,0,101.3,84.1,-10.0,0.0,0.0,0.0,0.0,0.0,0.0,0.0,2026-10-10,2026-10-10T15:33:05-04:00,Batter damage by pitch type.
500743,miguel rojas,R,CU,Curveball,2,2,2,0,0,0,0,2,1,78.4,76.3,29.5,0.0,0.0,0.0,0.0,0.0,1.0,0.5,2026-10-10,2026-10-10T15:33:05-04:00,Batter damage by pitch type.
500743,miguel rojas,R,FC,Cutter,0,0,0,0,0,0,0,0,0,,,,,,,,,,,2026-10-10,2026-10-10T15:33:05-04:00,Batter damage by pitch type.
500743,miguel rojas,R,FF,4-Seam Fastball,10,18,12,0,0,0,0,1,5,105.6,86.44,24.28,0.0,0.0,0.0,0.0,0.0,0.0556,0.2778,2026-10-10,2026-10-10T15:33:05-04:00,Batter damage by pitch type.
500743,miguel rojas,R,SI,Sinker,10,17,10,1,1,3,1,4,6,105.7,89.5,12.06,0.1,0.1,0.0588,0.3,0.1,0.2353,0.3529,2026-10-10,2026-10-10T15:33:05-04:00,Batter damage by pitch type.
500743,miguel rojas,R,SL,Slider,5,4,2,0,0,0,0,0,3,97.7,80.05,8.5,0.0,0.0,0.0,0.0,0.0,0.0,0.75,2026-10-10,2026-10-10T15:33:05-04:00,Batter damage by pitch type.
500743,miguel rojas,R,ST,Sweeper,3,5,5,0,0,0,0,0,1,86.8,70.7,47.4,0.0,0.0,0.0,0.0,0.0,0.0,0.2,2026-10-10,2026-10-10T15:33:05-04:00,Batter damage by pitch type.
502054,tommy pham,R,CH,Changeup,5,6,2,0,0,1,0,0,3,104.9,81.52,-2.67,0.0,0.0,0.0,0.2,0.0,0.0,0.5,2026-10-10,2026-10-10T15:33:05-04:00,Batter damage by pitch type.
502054,tommy pham,R,CU,Curveball,3,1,1,1,1,1,1,1,1,106.5,106.5,24.0,0.3333,0.3333,1.0,0.3333,0.3333,1.0,1.0,2026-10-10,2026-10-10T15:33:05-04:00,Batter damage by pitch type.
502054,tommy pham,R,FC,Cutter,0,0,0,0,0,0,0,0,0,,,,,,,,,,,2026-10-10,2026-10-10T15:33:05-04:00,Batter damage by pitch type.
502054,tommy pham,R,FF,4-Seam Fastball,13,11,7,0,1,3,1,3,2,106.1,93.49,30.27,0.0,0.0769,0.0909,0.2308,0.0769,0.2727,0.1818,2026-10-10,2026-10-10T15:33:05-04:00,Batter damage by pitch type.
502054,tommy pham,R,KC,Knuckle Curve,0,0,0,0,0,0,0,0,0,,,,,,,,,,,2026-10-10,2026-10-10T15:33:05-04:00,Batter damage by pitch type.
502054,tommy pham,R,SI,Sinker,3,5,3,0,0,1,0,1,1,108.8,81.88,16.0,0.0,0.0,0.0,0.3333,0.0,0.2,0.2,2026-10-10,2026-10-10T15:33:05-04:00,Batter damage by pitch type.
502054,tommy pham,R,SL,Slider,1,0,0,0,0,0,0,0,0,,,,0.0,0.0,,0.0,0.0,,,2026-10-10,2026-10-10T15:33:05-04:00,Batter damage by pitch type.
502054,tommy pham,R,SV,Slurve,0,0,0,0,0,0,0,0,0,,,,,,,,,,,2026-10-10,2026-10-10T15:33:05-04:00,Batter damage by pitch type.
502671,paul goldschmidt,R,CH,Changeup,4,4,2,0,0,0,0,0,0,90.0,82.45,19.5,0.0,0.0,0.0,0.0,0.0,0.0,0.0,2026-10-10,2026-10-10T15:33:05-04:00,Batter damage by pitch type.
502671,paul goldschmidt,R,CU,Curveball,1,1,1,0,0,0,0,0,0,79.7,79.7,69.0,0.0,0.0,0.0,0.0,0.0,0.0,0.0,2026-10-10,2026-10-10T15:33:05-04:00,Batter damage by pitch type.
502671,paul goldschmidt,R,FC,Cutter,8,9,4,0,0,1,0,1,2,99.6,80.38,2.78,0.0,0.0,0.0,0.125,0.0,0.1111,0.2222,2026-10-10,2026-10-10T15:33:05-04:00,Batter damage by pitch type.
502671,paul goldschmidt,R,FF,4-Seam Fastball,9,16,12,0,0,3,0,2,8,101.3,87.14,21.19,0.0,0.0,0.0,0.3333,0.0,0.125,0.5,2026-10-10,2026-10-10T15:33:05-04:00,Batter damage by pitch type.
502671,paul goldschmidt,R,FS,Split-Finger,0,0,0,0,0,0,0,0,0,,,,,,,,,,,2026-10-10,2026-10-10T15:33:05-04:00,Batter damage by pitch type.
502671,paul goldschmidt,R,KC,Knuckle Curve,0,2,1,0,0,1,0,0,1,98.2,83.3,-7.0,,,0.0,,,0.0,0.5,2026-10-10,2026-10-10T15:33:05-04:00,Batter damage by pitch type.
502671,paul goldschmidt,R,SI,Sinker,4,8,6,0,0,3,0,1,2,99.8,83.84,16.75,0.0,0.0,0.0,0.75,0.0,0.125,0.25,2026-10-10,2026-10-10T15:33:05-04:00,Batter damage by pitch type.
502671,paul goldschmidt,R,SL,Slider,1,4,1,0,0,0,0,0,0,93.5,73.32,-14.25,0.0,0.0,0.0,0.0,0.0,0.0,0.0,2026-10-10,2026-10-10T15:33:05-04:00,Batter damage by pitch type.
502671,paul goldschmidt,R,ST,Sweeper,2,3,2,0,0,1,0,1,1,99.8,79.3,11.33,0.0,0.0,0.0,0.5,0.0,0.3333,0.3333,2026-10-10,2026-10-10T15:33:05-04:00,Batter damage by pitch type.
514888,josé altuve,R,CH,Changeup,3,5,3,1,0,0,0,1,2,92.4,74.64,8.6,0.3333,0.0,0.0,0.0,0.0,0.2,0.4,2026-10-10,2026-10-10T15:33:05-04:00,Batter damage by pitch type.
514888,josé altuve,R,CU,Curveball,3,5,2,0,0,0,0,1,2,82.4,71.32,-11.8,0.0,0.0,0.0,0.0,0.0,0.2,0.4,2026-10-10,2026-10-10T15:33:05-04:00,Batter damage by pitch type.
514888,josé altuve,R,FC,Cutter,7,8,5,0,0,1,0,2,1,103.6,77.94,17.62,0.0,0.0,0.0,0.1429,0.0,0.25,0.125,2026-10-10,2026-10-10T15:33:05-04:00,Batter damage by pitch type.
514888,josé altuve,R,FF,4-Seam Fastball,23,28,19,0,0,2,0,3,7,108.7,85.07,23.5,0.0,0.0,0.0,0.087,0.0,0.1071,0.25,2026-10-10,2026-10-10T15:33:05-04:00,Batter damage by pitch type.
514888,josé altuve,R,FS,Split-Finger,3,4,3,0,0,1,0,0,1,101.3,81.3,20.25,0.0,0.0,0.0,0.3333,0.0,0.0,0.25,2026-10-10,2026-10-10T15:33:05-04:00,Batter damage by pitch type.
514888,josé altuve,R,KC,Knuckle Curve,1,2,2,0,0,1,0,0,1,97.8,91.15,21.5,0.0,0.0,0.0,1.0,0.0,0.0,0.5,2026-10-10,2026-10-10T15:33:05-04:00,Batter damage by pitch type.
514888,josé altuve,R,SI,Sinker,16,26,13,0,0,2,0,3,2,106.3,75.84,6.81,0.0,0.0,0.0,0.125,0.0,0.1154,0.0769,2026-10-10,2026-10-10T15:33:05-04:00,Batter damage by pitch type.
514888,josé altuve,R,SL,Slider,12,13,9,1,2,3,0,5,7,105.8,80.66,17.54,0.0833,0.1667,0.1538,0.25,0.0,0.3846,0.5385,2026-10-10,2026-10-10T15:33:05-04:00,Batter damage by pitch type.
514888,josé altuve,R,ST,Sweeper,8,7,6,0,0,1,0,3,2,97.5,82.29,33.71,0.0,0.0,0.0,0.125,0.0,0.4286,0.2857,2026-10-10,2026-10-10T15:33:05-04:00,Batter damage by pitch type.
518595,travis d'arnaud,R,CH,Changeup,1,2,0,0,0,0,0,0,0,72.5,63.9,-38.0,0.0,0.0,0.0,0.0,0.0,0.0,0.0,2026-10-10,2026-10-10T15:33:05-04:00,Batter damage by pitch type.
518595,travis d'arnaud,R,CU,Curveball,1,0,0,0,0,0,0,0,0,,,,0.0,0.0,,0.0,0.0,,,2026-10-10,2026-10-10T15:33:05-04:00,Batter damage by pitch type.
518595,travis d'arnaud,R,FF,4-Seam Fastball,7,9,6,0,0,1,0,1,2,96.5,82.14,18.67,0.0,0.0,0.0,0.1429,0.0,0.1111,0.2222,2026-10-10,2026-10-10T15:33:05-04:00,Batter damage by pitch type.
518595,travis d'arnaud,R,SI,Sinker,1,0,0,0,0,0,0,0,0,,,,0.0,0.0,,0.0,0.0,,,2026-10-10,2026-10-10T15:33:05-04:00,Batter damage by pitch type.
518595,travis d'arnaud,R,SL,Slider,1,1,1,0,0,1,0,1,1,97.1,97.1,29.0,0.0,0.0,0.0,1.0,0.0,1.0,1.0,2026-10-10,2026-10-10T15:33:05-04:00,Batter damage by pitch type.
518595,travis d'arnaud,R,ST,Sweeper,0,0,0,0,0,0,0,0,0,,,,,,,,,,,2026-10-10,2026-10-10T15:33:05-04:00,Batter damage by pitch type.
518692,freddie freeman,L,CH,Changeup,3,3,2,0,0,0,0,0,2,94.1,82.63,5.67,0.0,0.0,0.0,0.0,0.0,0.0,0.6667,2026-10-10,2026-10-10T15:33:05-04:00,Batter damage by pitch type.
518692,freddie freeman,L,CU,Curveball,6,9,4,0,0,2,0,0,5,97.2,79.33,9.44,0.0,0.0,0.0,0.3333,0.0,0.0,0.5556,2026-10-10,2026-10-10T15:33:05-04:00,Batter damage by pitch type.
518692,freddie freeman,L,FC,Cutter,3,3,2,0,0,2,0,0,1,97.7,95.97,19.0,0.0,0.0,0.0,0.6667,0.0,0.0,0.3333,2026-10-10,2026-10-10T15:33:05-04:00,Batter damage by pitch type.
518692,freddie freeman,L,FF,4-Seam Fastball,22,31,22,0,3,7,3,2,12,105.9,88.59,25.03,0.0,0.1364,0.0968,0.3182,0.1364,0.0645,0.3871,2026-10-10,2026-10-10T15:33:05-04:00,Batter damage by pitch type.
518692,freddie freeman,L,FS,Split-Finger,2,4,3,0,0,0,0,0,0,104.0,81.67,30.25,0.0,0.0,0.0,0.0,0.0,0.0,0.0,2026-10-10,2026-10-10T15:33:05-04:00,Batter damage by pitch type.
518692,freddie freeman,L,SI,Sinker,15,26,14,1,1,4,1,4,8,108.4,88.73,12.15,0.0667,0.0667,0.0385,0.2667,0.0667,0.1538,0.3077,2026-10-10,2026-10-10T15:33:05-04:00,Batter damage by pitch type.
518692,freddie freeman,L,SL,Slider,16,24,15,1,3,6,3,4,9,104.1,82.93,15.33,0.0625,0.1875,0.125,0.375,0.1875,0.1667,0.375,2026-10-10,2026-10-10T15:33:05-04:00,Batter damage by pitch type.
518692,freddie freeman,L,ST,Sweeper,7,6,3,0,0,0,0,2,1,92.5,80.35,22.17,0.0,0.0,0.0,0.0,0.0,0.3333,0.1667,2026-10-10,2026-10-10T15:33:05-04:00,Batter damage by pitch type.
519317,giancarlo stanton,R,CH,Changeup,1,0,0,0,0,0,0,0,0,,,,0.0,0.0,,0.0,0.0,,,2026-10-10,2026-10-10T15:33:05-04:00,Batter damage by pitch type.
519317,giancarlo stanton,R,FF,4-Seam Fastball,1,1,1,0,0,0,0,0,0,80.8,80.8,59.0,0.0,0.0,0.0,0.0,0.0,0.0,0.0,2026-10-10,2026-10-10T15:33:05-04:00,Batter damage by pitch type.
519317,giancarlo stanton,R,SI,Sinker,0,1,0,0,0,0,0,0,0,87.4,87.4,-37.0,,,0.0,,,0.0,0.0,2026-10-10,2026-10-10T15:33:05-04:00,Batter damage by pitch type.
521692,salvador pérez,R,CH,Changeup,3,3,3,0,2,2,1,1,2,109.9,99.57,25.0,0.0,0.6667,0.6667,0.6667,0.3333,0.3333,0.6667,2026-10-10,2026-10-10T15:33:05-04:00,Batter damage by pitch type.
521692,salvador pérez,R,CU,Curveball,2,2,0,0,0,0,0,0,0,91.8,81.3,-21.5,0.0,0.0,0.0,0.0,0.0,0.0,0.0,2026-10-10,2026-10-10T15:33:05-04:00,Batter damage by pitch type.
521692,salvador pérez,R,FC,Cutter,7,8,7,0,1,2,1,2,5,108.1,89.45,20.62,0.0,0.1429,0.125,0.2857,0.1429,0.25,0.625,2026-10-10,2026-10-10T15:33:05-04:00,Batter damage by pitch type.
521692,salvador pérez,R,FF,4-Seam Fastball,8,14,12,1,1,3,1,3,4,110.1,86.3,33.07,0.125,0.125,0.0714,0.375,0.125,0.2143,0.2857,2026-10-10,2026-10-10T15:33:05-04:00,Batter damage by pitch type.
521692,salvador pérez,R,FS,Split-Finger,0,0,0,0,0,0,0,0,0,,,,,,,,,,,2026-10-10,2026-10-10T15:33:05-04:00,Batter damage by pitch type.
521692,salvador pérez,R,SI,Sinker,15,19,10,0,0,2,0,1,3,109.5,86.95,8.68,0.0,0.0,0.0,0.1333,0.0,0.0526,0.1579,2026-10-10,2026-10-10T15:33:05-04:00,Batter damage by pitch type.
521692,salvador pérez,R,SL,Slider,3,6,4,0,0,1,0,1,2,103.8,80.08,17.83,0.0,0.0,0.0,0.3333,0.0,0.1667,0.3333,2026-10-10,2026-10-10T15:33:05-04:00,Batter damage by pitch type.
521692,salvador pérez,R,ST,Sweeper,14,25,21,1,1,4,1,5,5,108.6,78.34,31.8,0.0714,0.0714,0.04,0.2857,0.0714,0.2,0.2,2026-10-10,2026-10-10T15:33:05-04:00,Batter damage by pitch type.
521692,salvador pérez,R,SV,Slurve,1,1,1,0,1,1,1,1,1,106.5,106.5,23.0,0.0,1.0,1.0,1.0,1.0,1.0,1.0,2026-10-10,2026-10-10T15:33:05-04:00,Batter damage by pitch type.
543510,james mccann,R,CH,Changeup,5,4,0,0,0,0,0,0,0,96.1,83.07,-12.75,0.0,0.0,0.0,0.0,0.0,0.0,0.0,2026-10-10,2026-10-10T15:33:05-04:00,Batter damage by pitch type.
543510,james mccann,R,FC,Cutter,0,1,1,0,0,0,0,0,0,67.8,67.8,44.0,,,0.0,,,0.0,0.0,2026-10-10,2026-10-10T15:33:05-04:00,Batter damage by pitch type.
543510,james mccann,R,FF,4-Seam Fastball,4,6,6,1,1,2,2,0,3,105.0,86.43,33.83,0.25,0.25,0.1667,0.5,0.5,0.0,0.5,2026-10-10,2026-10-10T15:33:05-04:00,Batter damage by pitch type.
543510,james mccann,R,KC,Knuckle Curve,0,0,0,0,0,0,0,0,0,,,,,,,,,,,2026-10-10,2026-10-10T15:33:05-04:00,Batter damage by pitch type.
543510,james mccann,R,SI,Sinker,3,5,3,0,2,2,0,1,3,109.0,87.38,12.8,0.0,0.6667,0.4,0.6667,0.0,0.2,0.6,2026-10-10,2026-10-10T15:33:05-04:00,Batter damage by pitch type.
543510,james mccann,R,SL,Slider,5,6,5,1,1,2,1,1,3,108.7,91.43,26.17,0.2,0.2,0.1667,0.4,0.2,0.1667,0.5,2026-10-10,2026-10-10T15:33:05-04:00,Batter damage by pitch type.
543510,james mccann,R,ST,Sweeper,1,2,2,0,0,0,0,1,1,84.4,74.6,27.5,0.0,0.0,0.0,0.0,0.0,0.5,0.5,2026-10-10,2026-10-10T15:33:05-04:00,Batter damage by pitch type.
543760,marcus semien,R,CH,Changeup,3,9,3,0,0,0,0,0,1,94.9,70.39,0.78,0.0,0.0,0.0,0.0,0.0,0.0,0.1111,2026-10-10,2026-10-10T15:33:05-04:00,Batter damage by pitch type.
543760,marcus semien,R,CU,Curveball,2,3,1,0,0,0,0,1,0,85.4,73.77,-4.33,0.0,0.0,0.0,0.0,0.0,0.3333,0.0,2026-10-10,2026-10-10T15:33:05-04:00,Batter damage by pitch type.
543760,marcus semien,R,FC,Cutter,3,2,1,0,0,0,0,0,0,91.0,78.25,28.5,0.0,0.0,0.0,0.0,0.0,0.0,0.0,2026-10-10,2026-10-10T15:33:05-04:00,Batter damage by pitch type.
543760,marcus semien,R,FF,4-Seam Fastball,17,19,17,1,1,7,2,4,5,103.9,90.16,36.21,0.0588,0.0588,0.0526,0.4118,0.1176,0.2105,0.2632,2026-10-10,2026-10-10T15:33:05-04:00,Batter damage by pitch type.
543760,marcus semien,R,FS,Split-Finger,2,2,1,0,0,1,0,0,0,95.1,78.2,13.5,0.0,0.0,0.0,0.5,0.0,0.0,0.0,2026-10-10,2026-10-10T15:33:05-04:00,Batter damage by pitch type.
543760,marcus semien,R,KC,Knuckle Curve,0,0,0,0,0,0,0,0,0,,,,,,,,,,,2026-10-10,2026-10-10T15:33:05-04:00,Batter damage by pitch type.
543760,marcus semien,R,SI,Sinker,14,18,11,0,0,2,1,3,3,104.0,85.78,20.39,0.0,0.0,0.0,0.1429,0.0714,0.1667,0.1667,2026-10-10,2026-10-10T15:33:05-04:00,Batter damage by pitch type.
543760,marcus semien,R,SL,Slider,7,9,5,0,0,1,0,1,3,100.1,89.48,9.44,0.0,0.0,0.0,0.1429,0.0,0.1111,0.3333,2026-10-10,2026-10-10T15:33:05-04:00,Batter damage by pitch type.
543760,marcus semien,R,ST,Sweeper,7,11,7,0,0,0,0,2,3,94.9,79.48,20.45,0.0,0.0,0.0,0.0,0.0,0.1818,0.2727,2026-10-10,2026-10-10T15:33:05-04:00,Batter damage by pitch type.
543807,george springer,R,CH,Changeup,4,7,4,1,0,1,0,0,2,99.7,80.44,16.57,0.25,0.0,0.0,0.25,0.0,0.0,0.2857,2026-10-10,2026-10-10T15:33:05-04:00,Batter damage by pitch type.
543807,george springer,R,CU,Curveball,4,6,1,0,0,0,0,0,0,102.7,88.6,-2.0,0.0,0.0,0.0,0.0,0.0,0.0,0.0,2026-10-10,2026-10-10T15:33:05-04:00,Batter damage by pitch type.
543807,george springer,R,FC,Cutter,6,8,7,0,1,3,1,1,5,106.9,86.9,18.5,0.0,0.1667,0.125,0.5,0.1667,0.125,0.625,2026-10-10,2026-10-10T15:33:05-04:00,Batter damage by pitch type.
543807,george springer,R,FF,4-Seam Fastball,11,13,10,0,0,2,0,4,4,111.3,88.22,26.62,0.0,0.0,0.0,0.1818,0.0,0.3077,0.3077,2026-10-10,2026-10-10T15:33:05-04:00,Batter damage by pitch type.
543807,george springer,R,FS,Split-Finger,2,1,1,0,0,0,0,0,0,65.1,65.1,40.0,0.0,0.0,0.0,0.0,0.0,0.0,0.0,2026-10-10,2026-10-10T15:33:05-04:00,Batter damage by pitch type.
543807,george springer,R,KC,Knuckle Curve,1,1,1,0,0,0,0,1,1,83.7,83.7,14.0,0.0,0.0,0.0,0.0,0.0,1.0,1.0,2026-10-10,2026-10-10T15:33:05-04:00,Batter damage by pitch type.
543807,george springer,R,SI,Sinker,14,21,11,0,0,3,0,1,7,109.7,87.45,7.1,0.0,0.0,0.0,0.2143,0.0,0.0476,0.3333,2026-10-10,2026-10-10T15:33:05-04:00,Batter damage by pitch type.
543807,george springer,R,SL,Slider,7,8,6,0,0,1,0,3,4,101.2,77.22,15.12,0.0,0.0,0.0,0.1429,0.0,0.375,0.5,2026-10-10,2026-10-10T15:33:05-04:00,Batter damage by pitch type.
543807,george springer,R,ST,Sweeper,3,2,2,0,0,0,0,1,1,73.7,68.8,36.0,0.0,0.0,0.0,0.0,0.0,0.5,0.5,2026-10-10,2026-10-10T15:33:05-04:00,Batter damage by pitch type.
543877,christian vázquez,R,FC,Cutter,1,1,1,0,0,0,0,1,1,72.1,72.1,28.0,0.0,0.0,0.0,0.0,0.0,1.0,1.0,2026-10-10,2026-10-10T15:33:05-04:00,Batter damage by pitch type.
543877,christian vázquez,R,FF,4-Seam Fastball,5,7,6,0,0,0,0,2,0,98.0,84.4,45.71,0.0,0.0,0.0,0.0,0.0,0.2857,0.0,2026-10-10,2026-10-10T15:33:05-04:00,Batter damage by pitch type.
543877,christian vázquez,R,SI,Sinker,3,3,1,0,0,0,0,0,0,88.6,71.13,11.0,0.0,0.0,0.0,0.0,0.0,0.0,0.0,2026-10-10,2026-10-10T15:33:05-04:00,Batter damage by pitch type.
543877,christian vázquez,R,SL,Slider,1,1,1,0,0,0,0,0,0,65.0,65.0,55.0,0.0,0.0,0.0,0.0,0.0,0.0,0.0,2026-10-10,2026-10-10T15:33:05-04:00,Batter damage by pitch type.
543877,christian vázquez,R,ST,Sweeper,1,0,0,0,0,0,0,0,0,,,,0.0,0.0,,0.0,0.0,,,2026-10-10,2026-10-10T15:33:05-04:00,Batter damage by pitch type.
545121,ildemaro vargas,L,CH,Changeup,4,3,1,0,0,0,0,1,0,98.3,90.4,15.33,0.0,0.0,0.0,0.0,0.0,0.3333,0.0,2026-10-10,2026-10-10T15:33:05-04:00,Batter damage by pitch type.
545121,ildemaro vargas,L,CU,Curveball,0,0,0,0,0,0,0,0,0,,,,,,,,,,,2026-10-10,2026-10-10T15:33:05-04:00,Batter damage by pitch type.
545121,ildemaro vargas,L,FC,Cutter,1,0,0,0,0,0,0,0,0,,,,0.0,0.0,,0.0,0.0,,,2026-10-10,2026-10-10T15:33:05-04:00,Batter damage by pitch type.
545121,ildemaro vargas,L,FF,4-Seam Fastball,5,8,7,0,0,2,0,1,2,104.8,83.45,41.62,0.0,0.0,0.0,0.4,0.0,0.125,0.25,2026-10-10,2026-10-10T15:33:05-04:00,Batter damage by pitch type.
545121,ildemaro vargas,L,FS,Split-Finger,1,1,0,0,0,0,0,0,0,96.1,96.1,-29.0,0.0,0.0,0.0,0.0,0.0,0.0,0.0,2026-10-10,2026-10-10T15:33:05-04:00,Batter damage by pitch type.
545121,ildemaro vargas,L,SI,Sinker,0,0,0,0,0,0,0,0,0,,,,,,,,,,,2026-10-10,2026-10-10T15:33:05-04:00,Batter damage by pitch type.
545121,ildemaro vargas,L,SL,Slider,1,0,0,0,0,0,0,0,0,,,,0.0,0.0,,0.0,0.0,,,2026-10-10,2026-10-10T15:33:05-04:00,Batter damage by pitch type.
545121,ildemaro vargas,L,ST,Sweeper,0,2,1,0,0,1,0,0,1,105.5,94.0,7.0,,,0.0,,,0.0,0.5,2026-10-10,2026-10-10T15:33:05-04:00,Batter damage by pitch type.
545121,ildemaro vargas,R,CH,Changeup,3,2,1,0,0,0,0,1,1,83.3,82.45,-8.5,0.0,0.0,0.0,0.0,0.0,0.5,0.5,2026-10-10,2026-10-10T15:33:05-04:00,Batter damage by pitch type.
545121,ildemaro vargas,R,CU,Curveball,0,0,0,0,0,0,0,0,0,,,,,,,,,,,2026-10-10,2026-10-10T15:33:05-04:00,Batter damage by pitch type.
545121,ildemaro vargas,R,FC,Cutter,3,3,3,0,0,0,0,1,1,81.0,74.07,62.67,0.0,0.0,0.0,0.0,0.0,0.3333,0.3333,2026-10-10,2026-10-10T15:33:05-04:00,Batter damage by pitch type.
545121,ildemaro vargas,R,FF,4-Seam Fastball,6,6,3,0,1,1,0,3,2,107.9,96.08,11.33,0.0,0.1667,0.1667,0.1667,0.0,0.5,0.3333,2026-10-10,2026-10-10T15:33:05-04:00,Batter damage by pitch type.
545121,ildemaro vargas,R,KC,Knuckle Curve,0,0,0,0,0,0,0,0,0,,,,,,,,,,,2026-10-10,2026-10-10T15:33:05-04:00,Batter damage by pitch type.
545121,ildemaro vargas,R,SI,Sinker,1,2,1,0,0,0,0,0,0,101.5,89.65,32.5,0.0,0.0,0.0,0.0,0.0,0.0,0.0,2026-10-10,2026-10-10T15:33:05-04:00,Batter damage by pitch type.
545121,ildemaro vargas,R,ST,Sweeper,0,1,0,0,0,0,0,0,0,69.7,69.7,-39.0,,,0.0,,,0.0,0.0,2026-10-10,2026-10-10T15:33:05-04:00,Batter damage by pitch type.
545341,randal grichuk,R,CH,Changeup,7,9,3,0,0,1,0,1,1,103.1,82.09,7.22,0.0,0.0,0.0,0.1429,0.0,0.1111,0.1111,2026-10-10,2026-10-10T15:33:05-04:00,Batter damage by pitch type.
545341,randal grichuk,R,CU,Curveball,3,5,1,0,0,0,0,0,0,103.5,84.26,-7.4,0.0,0.0,0.0,0.0,0.0,0.0,0.0,2026-10-10,2026-10-10T15:33:05-04:00,Batter damage by pitch type.
545341,randal grichuk,R,FC,Cutter,6,7,7,0,0,2,0,3,2,98.0,85.7,39.57,0.0,0.0,0.0,0.3333,0.0,0.4286,0.2857,2026-10-10,2026-10-10T15:33:05-04:00,Batter damage by pitch type.
545341,randal grichuk,R,FF,4-Seam Fastball,14,26,25,0,2,12,2,5,17,109.7,87.97,33.31,0.0,0.1429,0.0769,0.8571,0.1429,0.1923,0.6538,2026-10-10,2026-10-10T15:33:05-04:00,Batter damage by pitch type.
545341,randal grichuk,R,FS,Split-Finger,3,4,4,0,0,1,0,1,0,104.7,73.42,52.5,0.0,0.0,0.0,0.3333,0.0,0.25,0.0,2026-10-10,2026-10-10T15:33:05-04:00,Batter damage by pitch type.
545341,randal grichuk,R,KC,Knuckle Curve,3,3,2,1,1,1,1,2,1,105.2,98.3,23.33,0.3333,0.3333,0.3333,0.3333,0.3333,0.6667,0.3333,2026-10-10,2026-10-10T15:33:05-04:00,Batter damage by pitch type.
545341,randal grichuk,R,SI,Sinker,12,13,8,1,0,4,1,3,4,115.8,82.24,14.15,0.0833,0.0,0.0,0.3333,0.0833,0.2308,0.3077,2026-10-10,2026-10-10T15:33:05-04:00,Batter damage by pitch type.
545341,randal grichuk,R,SL,Slider,10,14,9,0,0,2,0,4,4,108.8,92.07,24.0,0.0,0.0,0.0,0.2,0.0,0.2857,0.2857,2026-10-10,2026-10-10T15:33:05-04:00,Batter damage by pitch type.
545341,randal grichuk,R,ST,Sweeper,5,7,4,1,1,2,1,2,4,111.5,89.46,8.14,0.2,0.2,0.1429,0.4,0.2,0.2857,0.5714,2026-10-10,2026-10-10T15:33:05-04:00,Batter damage by pitch type.
545361,mike trout,R,CH,Changeup,5,4,2,1,1,2,1,1,1,101.3,81.82,7.5,0.2,0.2,0.25,0.4,0.2,0.25,0.25,2026-10-10,2026-10-10T15:33:05-04:00,Batter damage by pitch type.
545361,mike trout,R,CU,Curveball,3,2,1,0,0,0,0,0,0,75.5,70.2,16.5,0.0,0.0,0.0,0.0,0.0,0.0,0.0,2026-10-10,2026-10-10T15:33:05-04:00,Batter damage by pitch type.
545361,mike trout,R,FC,Cutter,4,1,1,1,1,1,1,1,1,104.8,104.8,26.0,0.25,0.25,1.0,0.25,0.25,1.0,1.0,2026-10-10,2026-10-10T15:33:05-04:00,Batter damage by pitch type.
545361,mike trout,R,FF,4-Seam Fastball,32,39,29,0,3,7,1,3,17,110.5,83.95,21.36,0.0,0.0938,0.0769,0.2188,0.0312,0.0769,0.4359,2026-10-10,2026-10-10T15:33:05-04:00,Batter damage by pitch type.
545361,mike trout,R,FS,Split-Finger,3,1,0,0,0,0,0,0,0,46.3,46.3,-40.0,0.0,0.0,0.0,0.0,0.0,0.0,0.0,2026-10-10,2026-10-10T15:33:05-04:00,Batter damage by pitch type.
545361,mike trout,R,KC,Knuckle Curve,0,1,1,0,0,0,0,0,0,69.6,69.6,46.0,,,0.0,,,0.0,0.0,2026-10-10,2026-10-10T15:33:05-04:00,Batter damage by pitch type.
545361,mike trout,R,SI,Sinker,8,4,3,0,0,0,0,0,2,101.4,90.1,12.75,0.0,0.0,0.0,0.0,0.0,0.0,0.5,2026-10-10,2026-10-10T15:33:05-04:00,Batter damage by pitch type.
545361,mike trout,R,SL,Slider,8,6,4,0,1,1,0,1,1,106.9,86.03,31.0,0.0,0.125,0.1667,0.125,0.0,0.1667,0.1667,2026-10-10,2026-10-10T15:33:05-04:00,Batter damage by pitch type.
545361,mike trout,R,ST,Sweeper,4,7,7,0,1,2,1,3,2,103.9,82.41,42.57,0.0,0.25,0.1429,0.5,0.25,0.4286,0.2857,2026-10-10,2026-10-10T15:33:05-04:00,Batter damage by pitch type.
547180,bryce harper,L,CH,Changeup,10,11,4,0,0,0,0,2,1,108.1,88.04,15.0,0.0,0.0,0.0,0.0,0.0,0.1818,0.0909,2026-10-10,2026-10-10T15:33:05-04:00,Batter damage by pitch type.
547180,bryce harper,L,CU,Curveball,3,3,3,0,1,1,1,1,3,107.2,94.1,23.67,0.0,0.3333,0.3333,0.3333,0.3333,0.3333,1.0,2026-10-10,2026-10-10T15:33:05-04:00,Batter damage by pitch type.
547180,bryce harper,L,FC,Cutter,8,7,5,0,0,2,1,3,3,107.2,82.6,14.43,0.0,0.0,0.0,0.25,0.125,0.4286,0.4286,2026-10-10,2026-10-10T15:33:05-04:00,Batter damage by pitch type.
547180,bryce harper,L,FF,4-Seam Fastball,17,29,26,2,2,4,2,5,11,111.6,79.0,30.14,0.1176,0.1176,0.069,0.2353,0.1176,0.1724,0.3793,2026-10-10,2026-10-10T15:33:05-04:00,Batter damage by pitch type.
547180,bryce harper,L,FS,Split-Finger,13,10,5,0,0,0,0,0,2,98.8,78.89,24.9,0.0,0.0,0.0,0.0,0.0,0.0,0.2,2026-10-10,2026-10-10T15:33:05-04:00,Batter damage by pitch type.
547180,bryce harper,L,SI,Sinker,11,16,8,0,0,0,0,0,5,106.7,84.37,13.19,0.0,0.0,0.0,0.0,0.0,0.0,0.3125,2026-10-10,2026-10-10T15:33:05-04:00,Batter damage by pitch type.
547180,bryce harper,L,SL,Slider,13,16,10,1,1,4,2,5,6,107.1,82.38,11.25,0.0769,0.0769,0.0625,0.3077,0.1538,0.3125,0.375,2026-10-10,2026-10-10T15:33:05-04:00,Batter damage by pitch type.
547180,bryce harper,L,ST,Sweeper,6,8,6,0,0,0,0,1,1,90.4,76.23,34.75,0.0,0.0,0.0,0.0,0.0,0.125,0.125,2026-10-10,2026-10-10T15:33:05-04:00,Batter damage by pitch type.
547180,bryce harper,L,SV,Slurve,2,3,3,0,0,0,0,1,1,85.7,77.3,53.0,0.0,0.0,0.0,0.0,0.0,0.3333,0.3333,2026-10-10,2026-10-10T15:33:05-04:00,Batter damage by pitch type.
553869,elías díaz,R,CH,Changeup,3,5,4,1,1,1,1,1,1,104.1,70.12,24.4,0.3333,0.3333,0.2,0.3333,0.3333,0.2,0.2,2026-10-10,2026-10-10T15:33:05-04:00,Batter damage by pitch type.
553869,elías díaz,R,CU,Curveball,2,1,1,0,0,1,0,1,1,100.2,100.2,8.0,0.0,0.0,0.0,0.5,0.0,1.0,1.0,2026-10-10,2026-10-10T15:33:05-04:00,Batter damage by pitch type.
553869,elías díaz,R,FC,Cutter,0,2,0,0,0,0,0,0,0,95.3,90.6,-22.5,,,0.0,,,0.0,0.0,2026-10-10,2026-10-10T15:33:05-04:00,Batter damage by pitch type.
553869,elías díaz,R,FF,4-Seam Fastball,8,12,11,0,1,2,0,1,4,105.8,85.09,37.75,0.0,0.125,0.0833,0.25,0.0,0.0833,0.3333,2026-10-10,2026-10-10T15:33:05-04:00,Batter damage by pitch type.
553869,elías díaz,R,SI,Sinker,4,9,5,0,0,0,0,0,3,106.0,78.87,7.89,0.0,0.0,0.0,0.0,0.0,0.0,0.3333,2026-10-10,2026-10-10T15:33:05-04:00,Batter damage by pitch type.
553869,elías díaz,R,SL,Slider,4,8,4,0,0,2,0,2,2,109.6,76.56,3.62,0.0,0.0,0.0,0.5,0.0,0.25,0.25,2026-10-10,2026-10-10T15:33:05-04:00,Batter damage by pitch type.
553869,elías díaz,R,ST,Sweeper,5,8,5,0,0,0,0,2,3,91.5,81.86,11.25,0.0,0.0,0.0,0.0,0.0,0.25,0.375,2026-10-10,2026-10-10T15:33:05-04:00,Batter damage by pitch type.
553993,eugenio suárez,R,CH,Changeup,7,4,4,0,0,0,0,1,1,94.7,82.08,34.25,0.0,0.0,0.0,0.0,0.0,0.25,0.25,2026-10-10,2026-10-10T15:33:05-04:00,Batter damage by pitch type.
553993,eugenio suárez,R,CU,Curveball,3,3,2,1,2,2,2,2,1,105.5,100.27,21.33,0.3333,0.6667,0.6667,0.6667,0.6667,0.6667,0.3333,2026-10-10,2026-10-10T15:33:05-04:00,Batter damage by pitch type.
553993,eugenio suárez,R,FC,Cutter,5,8,5,0,0,1,0,1,1,96.4,81.79,25.12,0.0,0.0,0.0,0.2,0.0,0.125,0.125,2026-10-10,2026-10-10T15:33:05-04:00,Batter damage by pitch type.
553993,eugenio suárez,R,FF,4-Seam Fastball,14,25,24,0,1,3,1,1,7,106.9,82.7,46.44,0.0,0.0714,0.04,0.2143,0.0714,0.04,0.28,2026-10-10,2026-10-10T15:33:05-04:00,Batter damage by pitch type.
553993,eugenio suárez,R,FS,Split-Finger,4,3,2,0,0,1,0,1,2,95.1,80.53,-2.33,0.0,0.0,0.0,0.25,0.0,0.3333,0.6667,2026-10-10,2026-10-10T15:33:05-04:00,Batter damage by pitch type.
553993,eugenio suárez,R,KC,Knuckle Curve,1,1,1,1,1,1,1,1,1,105.3,105.3,31.0,1.0,1.0,1.0,1.0,1.0,1.0,1.0,2026-10-10,2026-10-10T15:33:05-04:00,Batter damage by pitch type.
553993,eugenio suárez,R,SI,Sinker,10,17,7,1,1,2,1,3,6,105.3,84.21,-3.12,0.1,0.1,0.0588,0.2,0.1,0.1765,0.3529,2026-10-10,2026-10-10T15:33:05-04:00,Batter damage by pitch type.
553993,eugenio suárez,R,SL,Slider,5,7,5,1,1,2,1,1,3,103.9,82.93,36.0,0.2,0.2,0.1429,0.4,0.2,0.1429,0.4286,2026-10-10,2026-10-10T15:33:05-04:00,Batter damage by pitch type.
553993,eugenio suárez,R,ST,Sweeper,2,2,1,0,0,0,0,0,0,86.0,79.7,11.0,0.0,0.0,0.0,0.0,0.0,0.0,0.0,2026-10-10,2026-10-10T15:33:05-04:00,Batter damage by pitch type.
553993,eugenio suárez,R,SV,Slurve,0,0,0,0,0,0,0,0,0,,,,,,,,,,,2026-10-10,2026-10-10T15:33:05-04:00,Batter damage by pitch type.
571448,nolan arenado,R,CH,Changeup,9,9,5,0,0,1,0,1,3,97.8,82.11,18.0,0.0,0.0,0.0,0.1111,0.0,0.1111,0.3333,2026-10-10,2026-10-10T15:33:05-04:00,Batter damage by pitch type.
571448,nolan arenado,R,CU,Curveball,4,4,1,0,0,0,0,1,0,86.5,75.0,-9.0,0.0,0.0,0.0,0.0,0.0,0.25,0.0,2026-10-10,2026-10-10T15:33:05-04:00,Batter damage by pitch type.
571448,nolan arenado,R,FC,Cutter,4,7,4,0,0,0,0,1,1,93.7,76.97,15.86,0.0,0.0,0.0,0.0,0.0,0.1429,0.1429,2026-10-10,2026-10-10T15:33:05-04:00,Batter damage by pitch type.
571448,nolan arenado,R,FF,4-Seam Fastball,13,17,16,4,1,6,3,7,6,105.4,89.63,40.65,0.3077,0.0769,0.0588,0.4615,0.2308,0.4118,0.3529,2026-10-10,2026-10-10T15:33:05-04:00,Batter damage by pitch type.
571448,nolan arenado,R,FS,Split-Finger,1,1,0,0,0,0,0,0,0,96.1,96.1,2.0,0.0,0.0,0.0,0.0,0.0,0.0,0.0,2026-10-10,2026-10-10T15:33:05-04:00,Batter damage by pitch type.
571448,nolan arenado,R,KC,Knuckle Curve,1,3,1,0,1,1,0,1,1,107.3,87.8,-2.33,0.0,1.0,0.3333,1.0,0.0,0.3333,0.3333,2026-10-10,2026-10-10T15:33:05-04:00,Batter damage by pitch type.
571448,nolan arenado,R,SI,Sinker,15,11,5,0,0,2,0,4,3,103.8,90.03,3.55,0.0,0.0,0.0,0.1333,0.0,0.3636,0.2727,2026-10-10,2026-10-10T15:33:05-04:00,Batter damage by pitch type.
571448,nolan arenado,R,SL,Slider,8,7,5,2,2,3,3,3,5,105.7,95.09,13.14,0.25,0.25,0.2857,0.375,0.375,0.4286,0.7143,2026-10-10,2026-10-10T15:33:05-04:00,Batter damage by pitch type.
571448,nolan arenado,R,ST,Sweeper,7,14,12,1,1,5,3,5,8,106.2,86.47,22.14,0.1429,0.1429,0.0714,0.7143,0.4286,0.3571,0.5714,2026-10-10,2026-10-10T15:33:05-04:00,Batter damage by pitch type.
571657,kyle farmer,R,EP,Eephus,1,1,0,0,0,0,0,0,0,74.4,74.4,-18.0,0.0,0.0,0.0,0.0,0.0,0.0,0.0,2026-10-10,2026-10-10T15:33:05-04:00,Batter damage by pitch type.
571657,kyle farmer,R,FC,Cutter,1,0,0,0,0,0,0,0,0,,,,0.0,0.0,,0.0,0.0,,,2026-10-10,2026-10-10T15:33:05-04:00,Batter damage by pitch type.
571657,kyle farmer,R,FF,4-Seam Fastball,1,1,1,0,1,1,0,0,1,97.5,97.5,26.0,0.0,1.0,1.0,1.0,0.0,0.0,1.0,2026-10-10,2026-10-10T15:33:05-04:00,Batter damage by pitch type.
571657,kyle farmer,R,SI,Sinker,0,0,0,0,0,0,0,0,0,,,,,,,,,,,2026-10-10,2026-10-10T15:33:05-04:00,Batter damage by pitch type.
571657,kyle farmer,R,ST,Sweeper,0,1,1,0,0,0,0,0,0,75.0,75.0,84.0,,,0.0,,,0.0,0.0,2026-10-10,2026-10-10T15:33:05-04:00,Batter damage by pitch type.
571771,enrique hernández,R,CH,Changeup,6,11,6,1,1,1,1,2,2,106.8,80.7,1.91,0.1667,0.1667,0.0909,0.1667,0.1667,0.1818,0.1818,2026-10-10,2026-10-10T15:33:05-04:00,Batter damage by pitch type.
571771,enrique hernández,R,CU,Curveball,1,2,2,0,0,1,0,0,2,99.9,95.45,15.0,0.0,0.0,0.0,1.0,0.0,0.0,1.0,2026-10-10,2026-10-10T15:33:05-04:00,Batter damage by pitch type.
571771,enrique hernández,R,FC,Cutter,1,1,1,1,1,1,1,1,1,106.9,106.9,25.0,1.0,1.0,1.0,1.0,1.0,1.0,1.0,2026-10-10,2026-10-10T15:33:05-04:00,Batter damage by pitch type.
571771,enrique hernández,R,FF,4-Seam Fastball,12,16,14,0,0,1,0,1,4,107.5,83.88,44.62,0.0,0.0,0.0,0.0833,0.0,0.0625,0.25,2026-10-10,2026-10-10T15:33:05-04:00,Batter damage by pitch type.
571771,enrique hernández,R,FS,Split-Finger,1,3,1,0,0,0,0,0,0,84.4,68.03,1.67,0.0,0.0,0.0,0.0,0.0,0.0,0.0,2026-10-10,2026-10-10T15:33:05-04:00,Batter damage by pitch type.
571771,enrique hernández,R,SI,Sinker,5,4,2,0,0,1,0,0,2,103.7,93.3,11.25,0.0,0.0,0.0,0.2,0.0,0.0,0.5,2026-10-10,2026-10-10T15:33:05-04:00,Batter damage by pitch type.
571771,enrique hernández,R,SL,Slider,5,8,4,0,0,1,0,1,2,97.7,80.45,6.38,0.0,0.0,0.0,0.2,0.0,0.125,0.25,2026-10-10,2026-10-10T15:33:05-04:00,Batter damage by pitch type.
571771,enrique hernández,R,ST,Sweeper,3,3,1,0,0,0,0,0,0,82.1,70.93,-19.33,0.0,0.0,0.0,0.0,0.0,0.0,0.0,2026-10-10,2026-10-10T15:33:05-04:00,Batter damage by pitch type.
571771,enrique hernández,R,SV,Slurve,0,0,0,0,0,0,0,0,0,,,,,,,,,,,2026-10-10,2026-10-10T15:33:05-04:00,Batter damage by pitch type.
571912,luke maile,R,CH,Changeup,0,0,0,0,0,0,0,0,0,,,,,,,,,,,2026-10-10,2026-10-10T15:33:05-04:00,Batter damage by pitch type.
571912,luke maile,R,CU,Curveball,0,0,0,0,0,0,0,0,0,,,,,,,,,,,2026-10-10,2026-10-10T15:33:05-04:00,Batter damage by pitch type.
571912,luke maile,R,FC,Cutter,0,2,2,0,0,0,0,0,0,76.0,74.3,50.5,,,0.0,,,0.0,0.0,2026-10-10,2026-10-10T15:33:05-04:00,Batter damage by pitch type.
571912,luke maile,R,FF,4-Seam Fastball,3,3,2,0,0,0,0,1,0,94.4,82.43,40.67,0.0,0.0,0.0,0.0,0.0,0.3333,0.0,2026-10-10,2026-10-10T15:33:05-04:00,Batter damage by pitch type.
571912,luke maile,R,SI,Sinker,4,3,1,0,0,1,0,0,1,105.9,84.7,-13.33,0.0,0.0,0.0,0.25,0.0,0.0,0.3333,2026-10-10,2026-10-10T15:33:05-04:00,Batter damage by pitch type.
571912,luke maile,R,SL,Slider,2,0,0,0,0,0,0,0,0,,,,0.0,0.0,,0.0,0.0,,,2026-10-10,2026-10-10T15:33:05-04:00,Batter damage by pitch type.
571912,luke maile,R,ST,Sweeper,1,2,1,0,0,0,0,0,1,71.3,68.65,19.0,0.0,0.0,0.0,0.0,0.0,0.0,0.5,2026-10-10,2026-10-10T15:33:05-04:00,Batter damage by pitch type.
571970,max muncy,L,CH,Changeup,7,9,5,0,0,3,0,2,2,103.4,78.16,11.67,0.0,0.0,0.0,0.4286,0.0,0.2222,0.2222,2026-10-10,2026-10-10T15:33:05-04:00,Batter damage by pitch type.
571970,max muncy,L,CU,Curveball,4,1,1,0,0,1,0,0,1,95.0,95.0,26.0,0.0,0.0,0.0,0.25,0.0,0.0,1.0,2026-10-10,2026-10-10T15:33:05-04:00,Batter damage by pitch type.
571970,max muncy,L,FC,Cutter,6,13,11,0,0,3,0,3,6,106.0,76.42,26.92,0.0,0.0,0.0,0.5,0.0,0.2308,0.4615,2026-10-10,2026-10-10T15:33:05-04:00,Batter damage by pitch type.
571970,max muncy,L,FF,4-Seam Fastball,15,18,18,3,4,7,3,7,10,109.9,87.71,35.67,0.2,0.2667,0.2222,0.4667,0.2,0.3889,0.5556,2026-10-10,2026-10-10T15:33:05-04:00,Batter damage by pitch type.
571970,max muncy,L,FS,Split-Finger,8,9,5,1,2,4,2,3,2,105.5,90.07,16.78,0.125,0.25,0.2222,0.5,0.25,0.3333,0.2222,2026-10-10,2026-10-10T15:33:05-04:00,Batter damage by pitch type.
571970,max muncy,L,KC,Knuckle Curve,0,0,0,0,0,0,0,0,0,,,,,,,,,,,2026-10-10,2026-10-10T15:33:05-04:00,Batter damage by pitch type.
571970,max muncy,L,SI,Sinker,18,18,11,1,1,1,1,2,3,105.6,83.17,16.11,0.0556,0.0556,0.0556,0.0556,0.0556,0.1111,0.1667,2026-10-10,2026-10-10T15:33:05-04:00,Batter damage by pitch type.
571970,max muncy,L,SL,Slider,9,18,9,0,0,0,0,3,4,100.6,81.51,13.33,0.0,0.0,0.0,0.0,0.0,0.1667,0.2222,2026-10-10,2026-10-10T15:33:05-04:00,Batter damage by pitch type.
571970,max muncy,L,ST,Sweeper,2,1,0,0,0,0,0,0,1,69.9,69.9,8.0,0.0,0.0,0.0,0.0,0.0,0.0,1.0,2026-10-10,2026-10-10T15:33:05-04:00,Batter damage by pitch type.
571970,max muncy,L,SV,Slurve,0,0,0,0,0,0,0,0,0,,,,,,,,,,,2026-10-10,2026-10-10T15:33:05-04:00,Batter damage by pitch type.
572233,christian walker,R,CH,Changeup,2,4,2,0,0,0,0,0,1,94.2,81.38,-1.0,0.0,0.0,0.0,0.0,0.0,0.0,0.25,2026-10-10,2026-10-10T15:33:05-04:00,Batter damage by pitch type.
572233,christian walker,R,CU,Curveball,4,7,5,0,1,3,0,2,3,108.2,86.39,16.86,0.0,0.25,0.1429,0.75,0.0,0.2857,0.4286,2026-10-10,2026-10-10T15:33:05-04:00,Batter damage by pitch type.
572233,christian walker,R,FC,Cutter,4,8,6,0,1,1,1,0,4,108.9,86.32,17.12,0.0,0.25,0.125,0.25,0.25,0.0,0.5,2026-10-10,2026-10-10T15:33:05-04:00,Batter damage by pitch type.
572233,christian walker,R,FF,4-Seam Fastball,26,43,39,1,1,7,1,5,14,110.7,83.3,35.74,0.0385,0.0385,0.0233,0.2692,0.0385,0.1163,0.3256,2026-10-10,2026-10-10T15:33:05-04:00,Batter damage by pitch type.
572233,christian walker,R,FS,Split-Finger,1,2,1,0,0,0,0,0,1,84.8,72.85,-1.0,0.0,0.0,0.0,0.0,0.0,0.0,0.5,2026-10-10,2026-10-10T15:33:05-04:00,Batter damage by pitch type.
572233,christian walker,R,KC,Knuckle Curve,0,1,1,0,0,0,0,0,0,73.0,73.0,61.0,,,0.0,,,0.0,0.0,2026-10-10,2026-10-10T15:33:05-04:00,Batter damage by pitch type.
572233,christian walker,R,SI,Sinker,14,13,7,1,2,2,2,4,4,109.7,87.38,12.69,0.0714,0.1429,0.1538,0.1429,0.1429,0.3077,0.3077,2026-10-10,2026-10-10T15:33:05-04:00,Batter damage by pitch type.
572233,christian walker,R,SL,Slider,8,5,3,2,2,2,2,2,3,104.7,81.48,9.8,0.25,0.25,0.4,0.25,0.25,0.4,0.6,2026-10-10,2026-10-10T15:33:05-04:00,Batter damage by pitch type.
572233,christian walker,R,ST,Sweeper,8,5,3,0,0,0,0,1,0,96.6,77.64,27.6,0.0,0.0,0.0,0.0,0.0,0.2,0.0,2026-10-10,2026-10-10T15:33:05-04:00,Batter damage by pitch type.
573262,mike yastrzemski,L,CH,Changeup,7,8,6,0,0,2,0,3,3,101.1,89.01,19.38,0.0,0.0,0.0,0.2857,0.0,0.375,0.375,2026-10-10,2026-10-10T15:33:05-04:00,Batter damage by pitch type.
573262,mike yastrzemski,L,CU,Curveball,1,2,2,0,0,0,0,0,0,91.9,82.0,56.5,0.0,0.0,0.0,0.0,0.0,0.0,0.0,2026-10-10,2026-10-10T15:33:05-04:00,Batter damage by pitch type.
573262,mike yastrzemski,L,FC,Cutter,5,5,3,1,1,1,1,0,2,104.9,92.3,17.2,0.2,0.2,0.2,0.2,0.2,0.0,0.4,2026-10-10,2026-10-10T15:33:05-04:00,Batter damage by pitch type.
573262,mike yastrzemski,L,FF,4-Seam Fastball,22,31,25,2,1,6,0,4,6,107.8,84.05,31.97,0.0909,0.0455,0.0323,0.2727,0.0,0.129,0.1935,2026-10-10,2026-10-10T15:33:05-04:00,Batter damage by pitch type.
573262,mike yastrzemski,L,FS,Split-Finger,3,3,0,0,0,0,0,0,0,91.5,70.3,-22.33,0.0,0.0,0.0,0.0,0.0,0.0,0.0,2026-10-10,2026-10-10T15:33:05-04:00,Batter damage by pitch type.
573262,mike yastrzemski,L,KC,Knuckle Curve,0,4,1,0,0,1,0,0,1,99.1,79.08,-12.5,,,0.0,,,0.0,0.25,2026-10-10,2026-10-10T15:33:05-04:00,Batter damage by pitch type.
573262,mike yastrzemski,L,SI,Sinker,7,11,10,0,0,2,0,4,5,102.5,88.2,36.09,0.0,0.0,0.0,0.2857,0.0,0.3636,0.4545,2026-10-10,2026-10-10T15:33:05-04:00,Batter damage by pitch type.
573262,mike yastrzemski,L,SL,Slider,8,9,4,0,0,0,0,0,1,99.2,83.27,13.67,0.0,0.0,0.0,0.0,0.0,0.0,0.1111,2026-10-10,2026-10-10T15:33:05-04:00,Batter damage by pitch type.
573262,mike yastrzemski,L,ST,Sweeper,7,11,6,0,0,1,1,0,2,104.1,74.94,11.0,0.0,0.0,0.0,0.1429,0.1429,0.0,0.1818,2026-10-10,2026-10-10T15:33:05-04:00,Batter damage by pitch type.
573262,mike yastrzemski,L,SV,Slurve,0,0,0,0,0,0,0,0,0,,,,,,,,,,,2026-10-10,2026-10-10T15:33:05-04:00,Batter damage by pitch type.
575929,willson contreras,R,CH,Changeup,1,0,0,0,0,0,0,0,0,,,,0.0,0.0,,0.0,0.0,,,2026-10-10,2026-10-10T15:33:05-04:00,Batter damage by pitch type.
575929,willson contreras,R,CU,Curveball,3,2,1,0,0,1,0,1,1,103.1,96.4,10.0,0.0,0.0,0.0,0.3333,0.0,0.5,0.5,2026-10-10,2026-10-10T15:33:05-04:00,Batter damage by pitch type.
575929,willson contreras,R,FC,Cutter,2,3,1,0,0,0,0,0,0,87.4,76.93,8.67,0.0,0.0,0.0,0.0,0.0,0.0,0.0,2026-10-10,2026-10-10T15:33:05-04:00,Batter damage by pitch type.
575929,willson contreras,R,FF,4-Seam Fastball,9,13,11,1,1,3,1,1,6,110.2,87.26,27.38,0.1111,0.1111,0.0769,0.3333,0.1111,0.0769,0.4615,2026-10-10,2026-10-10T15:33:05-04:00,Batter damage by pitch type.
575929,willson contreras,R,FS,Split-Finger,5,1,0,0,0,0,0,0,0,99.3,99.3,-2.0,0.0,0.0,0.0,0.0,0.0,0.0,0.0,2026-10-10,2026-10-10T15:33:05-04:00,Batter damage by pitch type.
575929,willson contreras,R,SI,Sinker,2,3,1,0,0,0,0,0,0,87.6,83.83,-4.67,0.0,0.0,0.0,0.0,0.0,0.0,0.0,2026-10-10,2026-10-10T15:33:05-04:00,Batter damage by pitch type.
575929,willson contreras,R,SL,Slider,3,5,1,1,1,1,1,1,2,106.7,97.52,1.8,0.3333,0.3333,0.2,0.3333,0.3333,0.2,0.4,2026-10-10,2026-10-10T15:33:05-04:00,Batter damage by pitch type.
575929,willson contreras,R,ST,Sweeper,1,1,1,0,0,0,0,0,0,78.1,78.1,62.0,0.0,0.0,0.0,0.0,0.0,0.0,0.0,2026-10-10,2026-10-10T15:33:05-04:00,Batter damage by pitch type.
592450,aaron judge,R,CH,Changeup,0,1,0,0,0,0,0,0,0,78.7,78.7,-38.0,,,0.0,,,0.0,0.0,2026-10-10,2026-10-10T15:33:05-04:00,Batter damage by pitch type.
592450,aaron judge,R,CU,Curveball,1,2,1,0,0,1,0,1,1,105.0,93.5,5.0,0.0,0.0,0.0,1.0,0.0,0.5,0.5,2026-10-10,2026-10-10T15:33:05-04:00,Batter damage by pitch type.
592450,aaron judge,R,FC,Cutter,4,3,3,1,1,2,0,1,0,104.2,89.6,39.0,0.25,0.25,0.3333,0.5,0.0,0.3333,0.0,2026-10-10,2026-10-10T15:33:05-04:00,Batter damage by pitch type.
592450,aaron judge,R,FF,4-Seam Fastball,5,7,7,0,0,0,0,0,3,93.0,78.79,37.29,0.0,0.0,0.0,0.0,0.0,0.0,0.4286,2026-10-10,2026-10-10T15:33:05-04:00,Batter damage by pitch type.
592450,aaron judge,R,FS,Split-Finger,1,0,0,0,0,0,0,0,0,,,,0.0,0.0,,0.0,0.0,,,2026-10-10,2026-10-10T15:33:05-04:00,Batter damage by pitch type.
592450,aaron judge,R,SI,Sinker,2,2,0,0,0,0,0,0,0,102.0,98.4,-13.5,0.0,0.0,0.0,0.0,0.0,0.0,0.0,2026-10-10,2026-10-10T15:33:05-04:00,Batter damage by pitch type.
592450,aaron judge,R,SL,Slider,3,2,0,0,0,0,0,0,0,71.4,62.3,-21.5,0.0,0.0,0.0,0.0,0.0,0.0,0.0,2026-10-10,2026-10-10T15:33:05-04:00,Batter damage by pitch type.
592450,aaron judge,R,ST,Sweeper,1,1,0,0,0,0,0,0,0,83.0,83.0,-25.0,0.0,0.0,0.0,0.0,0.0,0.0,0.0,2026-10-10,2026-10-10T15:33:05-04:00,Batter damage by pitch type.
592518,manny machado,R,CH,Changeup,15,18,10,1,2,5,3,5,4,111.7,87.04,12.44,0.0667,0.1333,0.1111,0.3333,0.2,0.2778,0.2222,2026-10-10,2026-10-10T15:33:05-04:00,Batter damage by pitch type.
592518,manny machado,R,CU,Curveball,5,7,4,1,0,3,0,1,3,110.6,97.83,5.43,0.2,0.0,0.0,0.6,0.0,0.1429,0.4286,2026-10-10,2026-10-10T15:33:05-04:00,Batter damage by pitch type.
592518,manny machado,R,FC,Cutter,6,9,8,1,2,3,0,1,3,108.8,86.81,38.56,0.1667,0.3333,0.2222,0.5,0.0,0.1111,0.3333,2026-10-10,2026-10-10T15:33:05-04:00,Batter damage by pitch type.
592518,manny machado,R,FF,4-Seam Fastball,22,29,25,0,1,4,1,0,7,108.0,86.41,37.76,0.0,0.0455,0.0345,0.1818,0.0455,0.0,0.2414,2026-10-10,2026-10-10T15:33:05-04:00,Batter damage by pitch type.
592518,manny machado,R,FS,Split-Finger,2,1,1,0,0,1,0,1,1,95.0,95.0,19.0,0.0,0.0,0.0,0.5,0.0,1.0,1.0,2026-10-10,2026-10-10T15:33:05-04:00,Batter damage by pitch type.
592518,manny machado,R,KC,Knuckle Curve,3,1,1,0,0,0,0,1,0,91.2,91.2,33.0,0.0,0.0,0.0,0.0,0.0,1.0,0.0,2026-10-10,2026-10-10T15:33:05-04:00,Batter damage by pitch type.
592518,manny machado,R,SI,Sinker,15,24,14,1,2,2,2,0,9,110.7,84.17,14.67,0.0667,0.1333,0.0833,0.1333,0.1333,0.0,0.375,2026-10-10,2026-10-10T15:33:05-04:00,Batter damage by pitch type.
592518,manny machado,R,SL,Slider,13,20,13,0,0,2,1,2,3,105.1,73.69,26.2,0.0,0.0,0.0,0.1538,0.0769,0.1,0.15,2026-10-10,2026-10-10T15:33:05-04:00,Batter damage by pitch type.
592518,manny machado,R,ST,Sweeper,13,18,13,1,1,1,1,5,2,104.1,75.67,28.94,0.0769,0.0769,0.0556,0.0769,0.0769,0.2778,0.1111,2026-10-10,2026-10-10T15:33:05-04:00,Batter damage by pitch type.
592518,manny machado,R,SV,Slurve,1,2,2,0,0,2,0,1,1,104.7,100.5,26.0,0.0,0.0,0.0,2.0,0.0,0.5,0.5,2026-10-10,2026-10-10T15:33:05-04:00,Batter damage by pitch type.
592626,joc pederson,L,CH,Changeup,3,3,2,0,0,1,0,0,1,103.2,80.73,21.33,0.0,0.0,0.0,0.3333,0.0,0.0,0.3333,2026-10-10,2026-10-10T15:33:05-04:00,Batter damage by pitch type.
592626,joc pederson,L,CU,Curveball,0,1,0,0,0,0,0,0,0,59.4,59.4,-36.0,,,0.0,,,0.0,0.0,2026-10-10,2026-10-10T15:33:05-04:00,Batter damage by pitch type.
592626,joc pederson,L,FC,Cutter,1,1,1,0,0,1,0,0,1,98.6,98.6,16.0,0.0,0.0,0.0,1.0,0.0,0.0,1.0,2026-10-10,2026-10-10T15:33:05-04:00,Batter damage by pitch type.
592626,joc pederson,L,FF,4-Seam Fastball,2,3,1,0,0,0,0,0,0,97.3,80.57,4.67,0.0,0.0,0.0,0.0,0.0,0.0,0.0,2026-10-10,2026-10-10T15:33:05-04:00,Batter damage by pitch type.
592626,joc pederson,L,SI,Sinker,3,4,3,0,0,1,0,2,1,110.6,88.0,16.5,0.0,0.0,0.0,0.3333,0.0,0.5,0.25,2026-10-10,2026-10-10T15:33:05-04:00,Batter damage by pitch type.
592626,joc pederson,L,SL,Slider,2,1,1,1,1,1,1,1,1,102.3,102.3,25.0,0.5,0.5,1.0,0.5,0.5,1.0,1.0,2026-10-10,2026-10-10T15:33:05-04:00,Batter damage by pitch type.
592663,j. t. realmuto,R,CH,Changeup,8,8,4,0,1,1,0,1,4,98.8,84.53,6.25,0.0,0.125,0.125,0.125,0.0,0.125,0.5,2026-10-10,2026-10-10T15:33:05-04:00,Batter damage by pitch type.
592663,j. t. realmuto,R,CU,Curveball,6,4,1,0,0,1,0,1,0,101.1,74.72,-14.5,0.0,0.0,0.0,0.1667,0.0,0.25,0.0,2026-10-10,2026-10-10T15:33:05-04:00,Batter damage by pitch type.
592663,j. t. realmuto,R,FC,Cutter,9,10,8,0,0,2,0,2,4,105.5,85.75,32.1,0.0,0.0,0.0,0.2222,0.0,0.2,0.4,2026-10-10,2026-10-10T15:33:05-04:00,Batter damage by pitch type.
592663,j. t. realmuto,R,FF,4-Seam Fastball,17,27,24,1,1,5,1,4,13,105.2,87.61,30.0,0.0588,0.0588,0.037,0.2941,0.0588,0.1481,0.4815,2026-10-10,2026-10-10T15:33:05-04:00,Batter damage by pitch type.
592663,j. t. realmuto,R,FO,Forkball,1,0,0,0,0,0,0,0,0,,,,0.0,0.0,,0.0,0.0,,,2026-10-10,2026-10-10T15:33:05-04:00,Batter damage by pitch type.
592663,j. t. realmuto,R,FS,Split-Finger,2,3,0,0,0,0,0,0,0,97.5,84.77,-20.67,0.0,0.0,0.0,0.0,0.0,0.0,0.0,2026-10-10,2026-10-10T15:33:05-04:00,Batter damage by pitch type.
592663,j. t. realmuto,R,SI,Sinker,13,17,10,0,1,5,0,2,3,110.5,85.71,16.0,0.0,0.0769,0.0588,0.3846,0.0,0.1176,0.1765,2026-10-10,2026-10-10T15:33:05-04:00,Batter damage by pitch type.
592663,j. t. realmuto,R,SL,Slider,5,6,2,0,0,0,0,0,0,101.6,82.13,-2.67,0.0,0.0,0.0,0.0,0.0,0.0,0.0,2026-10-10,2026-10-10T15:33:05-04:00,Batter damage by pitch type.
592663,j. t. realmuto,R,ST,Sweeper,2,1,1,0,0,1,0,0,1,99.8,99.8,24.0,0.0,0.0,0.0,0.5,0.0,0.0,1.0,2026-10-10,2026-10-10T15:33:05-04:00,Batter damage by pitch type.
592885,christian yelich,L,CH,Changeup,4,8,5,0,0,1,0,3,3,107.0,79.42,5.25,0.0,0.0,0.0,0.25,0.0,0.375,0.375,2026-10-10,2026-10-10T15:33:05-04:00,Batter damage by pitch type.
592885,christian yelich,L,CU,Curveball,5,2,0,0,0,0,0,0,0,97.3,95.5,-11.0,0.0,0.0,0.0,0.0,0.0,0.0,0.0,2026-10-10,2026-10-10T15:33:05-04:00,Batter damage by pitch type.
592885,christian yelich,L,EP,Eephus,1,1,1,0,0,0,0,1,0,48.4,48.4,85.0,0.0,0.0,0.0,0.0,0.0,1.0,0.0,2026-10-10,2026-10-10T15:33:05-04:00,Batter damage by pitch type.
592885,christian yelich,L,FC,Cutter,5,9,6,1,1,1,0,1,2,106.1,80.43,25.56,0.2,0.2,0.1111,0.2,0.0,0.1111,0.2222,2026-10-10,2026-10-10T15:33:05-04:00,Batter damage by pitch type.
592885,christian yelich,L,FF,4-Seam Fastball,19,24,18,0,1,4,1,0,7,107.2,78.01,22.88,0.0,0.0526,0.0417,0.2105,0.0526,0.0,0.2917,2026-10-10,2026-10-10T15:33:05-04:00,Batter damage by pitch type.
592885,christian yelich,L,FS,Split-Finger,1,1,0,0,0,0,0,0,0,80.6,80.6,-43.0,0.0,0.0,0.0,0.0,0.0,0.0,0.0,2026-10-10,2026-10-10T15:33:05-04:00,Batter damage by pitch type.
592885,christian yelich,L,KC,Knuckle Curve,1,2,1,0,0,0,0,0,1,85.9,83.15,-9.5,0.0,0.0,0.0,0.0,0.0,0.0,0.5,2026-10-10,2026-10-10T15:33:05-04:00,Batter damage by pitch type.
592885,christian yelich,L,SI,Sinker,12,18,14,0,0,4,0,3,8,100.1,82.52,17.78,0.0,0.0,0.0,0.3333,0.0,0.1667,0.4444,2026-10-10,2026-10-10T15:33:05-04:00,Batter damage by pitch type.
592885,christian yelich,L,SL,Slider,16,13,3,0,1,1,0,0,0,107.1,83.16,-2.54,0.0,0.0625,0.0769,0.0625,0.0,0.0,0.0,2026-10-10,2026-10-10T15:33:05-04:00,Batter damage by pitch type.
592885,christian yelich,L,ST,Sweeper,2,4,3,0,0,0,0,0,0,93.2,76.3,20.0,0.0,0.0,0.0,0.0,0.0,0.0,0.0,2026-10-10,2026-10-10T15:33:05-04:00,Batter damage by pitch type.
593428,xander bogaerts,R,CH,Changeup,8,12,7,2,1,3,1,3,2,104.9,87.83,15.75,0.25,0.125,0.0833,0.375,0.125,0.25,0.1667,2026-10-10,2026-10-10T15:33:05-04:00,Batter damage by pitch type.
593428,xander bogaerts,R,CU,Curveball,2,3,2,0,0,1,0,1,2,105.8,89.3,-1.33,0.0,0.0,0.0,0.5,0.0,0.3333,0.6667,2026-10-10,2026-10-10T15:33:05-04:00,Batter damage by pitch type.
593428,xander bogaerts,R,FC,Cutter,3,7,4,0,0,0,0,0,2,95.8,84.09,16.71,0.0,0.0,0.0,0.0,0.0,0.0,0.2857,2026-10-10,2026-10-10T15:33:05-04:00,Batter damage by pitch type.
593428,xander bogaerts,R,FF,4-Seam Fastball,22,27,20,1,1,6,1,5,4,112.0,88.85,28.63,0.0455,0.0455,0.037,0.2727,0.0455,0.1852,0.1481,2026-10-10,2026-10-10T15:33:05-04:00,Batter damage by pitch type.
593428,xander bogaerts,R,FS,Split-Finger,2,2,0,0,0,0,0,0,0,104.2,86.15,-33.0,0.0,0.0,0.0,0.0,0.0,0.0,0.0,2026-10-10,2026-10-10T15:33:05-04:00,Batter damage by pitch type.
593428,xander bogaerts,R,KC,Knuckle Curve,2,2,1,0,0,0,0,1,0,96.2,87.05,24.0,0.0,0.0,0.0,0.0,0.0,0.5,0.0,2026-10-10,2026-10-10T15:33:05-04:00,Batter damage by pitch type.
593428,xander bogaerts,R,SI,Sinker,26,31,12,0,0,4,1,3,7,107.9,86.67,-0.71,0.0,0.0,0.0,0.1538,0.0385,0.0968,0.2258,2026-10-10,2026-10-10T15:33:05-04:00,Batter damage by pitch type.
593428,xander bogaerts,R,SL,Slider,7,9,3,0,0,0,0,0,1,99.4,76.36,4.44,0.0,0.0,0.0,0.0,0.0,0.0,0.1111,2026-10-10,2026-10-10T15:33:05-04:00,Batter damage by pitch type.
593428,xander bogaerts,R,ST,Sweeper,8,10,6,0,0,0,0,1,3,97.7,75.97,17.2,0.0,0.0,0.0,0.0,0.0,0.1,0.3,2026-10-10,2026-10-10T15:33:05-04:00,Batter damage by pitch type.
595879,javier báez,R,CH,Changeup,2,4,4,1,1,2,1,2,3,107.8,91.8,33.75,0.5,0.5,0.25,1.0,0.5,0.5,0.75,2026-10-10,2026-10-10T15:33:05-04:00,Batter damage by pitch type.
595879,javier báez,R,CU,Curveball,1,2,0,0,0,0,0,0,0,108.6,85.75,-29.5,0.0,0.0,0.0,0.0,0.0,0.0,0.0,2026-10-10,2026-10-10T15:33:05-04:00,Batter damage by pitch type.
595879,javier báez,R,FC,Cutter,0,0,0,0,0,0,0,0,0,,,,,,,,,,,2026-10-10,2026-10-10T15:33:05-04:00,Batter damage by pitch type.
595879,javier báez,R,FF,4-Seam Fastball,3,7,7,0,0,1,0,0,2,98.3,73.73,33.43,0.0,0.0,0.0,0.3333,0.0,0.0,0.2857,2026-10-10,2026-10-10T15:33:05-04:00,Batter damage by pitch type.
595879,javier báez,R,SI,Sinker,5,3,2,0,0,0,0,1,2,94.9,87.2,15.67,0.0,0.0,0.0,0.0,0.0,0.3333,0.6667,2026-10-10,2026-10-10T15:33:05-04:00,Batter damage by pitch type.
595879,javier báez,R,SL,Slider,5,4,3,0,0,0,0,0,1,89.3,80.65,38.75,0.0,0.0,0.0,0.0,0.0,0.0,0.25,2026-10-10,2026-10-10T15:33:05-04:00,Batter damage by pitch type.
595879,javier báez,R,ST,Sweeper,3,4,2,0,0,1,0,1,1,103.1,72.17,13.5,0.0,0.0,0.0,0.3333,0.0,0.25,0.25,2026-10-10,2026-10-10T15:33:05-04:00,Batter damage by pitch type.
595978,austin hedges,R,CH,Changeup,4,2,0,0,0,0,0,0,0,46.5,41.45,-21.0,0.0,0.0,0.0,0.0,0.0,0.0,0.0,2026-10-10,2026-10-10T15:33:05-04:00,Batter damage by pitch type.
595978,austin hedges,R,CU,Curveball,1,2,1,1,1,1,0,1,2,100.0,99.4,19.0,1.0,1.0,0.5,1.0,0.0,0.5,1.0,2026-10-10,2026-10-10T15:33:05-04:00,Batter damage by pitch type.
595978,austin hedges,R,FC,Cutter,6,6,4,0,0,1,0,1,3,103.7,90.87,21.0,0.0,0.0,0.0,0.1667,0.0,0.1667,0.5,2026-10-10,2026-10-10T15:33:05-04:00,Batter damage by pitch type.
595978,austin hedges,R,FF,4-Seam Fastball,4,7,5,0,0,1,0,1,3,96.8,81.96,34.14,0.0,0.0,0.0,0.25,0.0,0.1429,0.4286,2026-10-10,2026-10-10T15:33:05-04:00,Batter damage by pitch type.
595978,austin hedges,R,FS,Split-Finger,0,0,0,0,0,0,0,0,0,,,,,,,,,,,2026-10-10,2026-10-10T15:33:05-04:00,Batter damage by pitch type.
595978,austin hedges,R,SI,Sinker,7,7,4,0,0,0,0,0,0,105.6,78.99,18.14,0.0,0.0,0.0,0.0,0.0,0.0,0.0,2026-10-10,2026-10-10T15:33:05-04:00,Batter damage by pitch type.
595978,austin hedges,R,SL,Slider,5,3,1,0,0,0,0,1,1,101.9,94.43,0.67,0.0,0.0,0.0,0.0,0.0,0.3333,0.3333,2026-10-10,2026-10-10T15:33:05-04:00,Batter damage by pitch type.
595978,austin hedges,R,ST,Sweeper,2,3,2,0,0,0,0,0,0,70.4,63.57,39.67,0.0,0.0,0.0,0.0,0.0,0.0,0.0,2026-10-10,2026-10-10T15:33:05-04:00,Batter damage by pitch type.
596019,francisco lindor,L,CH,Changeup,5,6,5,1,1,2,1,2,2,102.3,88.57,37.17,0.2,0.2,0.1667,0.4,0.2,0.3333,0.3333,2026-10-10,2026-10-10T15:33:05-04:00,Batter damage by pitch type.
596019,francisco lindor,L,CU,Curveball,4,4,4,0,0,1,1,2,3,100.3,79.28,32.0,0.0,0.0,0.0,0.25,0.25,0.5,0.75,2026-10-10,2026-10-10T15:33:05-04:00,Batter damage by pitch type.
596019,francisco lindor,L,FC,Cutter,1,2,1,0,0,0,0,0,1,92.4,82.55,-1.5,0.0,0.0,0.0,0.0,0.0,0.0,0.5,2026-10-10,2026-10-10T15:33:05-04:00,Batter damage by pitch type.
596019,francisco lindor,L,FF,4-Seam Fastball,16,12,8,1,0,4,1,1,3,105.2,92.0,26.17,0.0625,0.0,0.0,0.25,0.0625,0.0833,0.25,2026-10-10,2026-10-10T15:33:05-04:00,Batter damage by pitch type.
596019,francisco lindor,L,FS,Split-Finger,4,2,1,0,0,1,0,1,1,97.9,97.8,3.5,0.0,0.0,0.0,0.25,0.0,0.5,0.5,2026-10-10,2026-10-10T15:33:05-04:00,Batter damage by pitch type.
596019,francisco lindor,L,KC,Knuckle Curve,3,4,1,0,0,0,0,0,0,95.2,75.83,-3.75,0.0,0.0,0.0,0.0,0.0,0.0,0.0,2026-10-10,2026-10-10T15:33:05-04:00,Batter damage by pitch type.
596019,francisco lindor,L,SI,Sinker,7,7,7,0,1,3,1,1,3,107.2,89.13,36.86,0.0,0.1429,0.1429,0.4286,0.1429,0.1429,0.4286,2026-10-10,2026-10-10T15:33:05-04:00,Batter damage by pitch type.
596019,francisco lindor,L,SL,Slider,2,5,2,0,0,0,0,0,0,80.3,71.78,8.0,0.0,0.0,0.0,0.0,0.0,0.0,0.0,2026-10-10,2026-10-10T15:33:05-04:00,Batter damage by pitch type.
596019,francisco lindor,L,ST,Sweeper,1,3,1,0,0,0,0,1,0,93.5,78.03,3.67,0.0,0.0,0.0,0.0,0.0,0.3333,0.0,2026-10-10,2026-10-10T15:33:05-04:00,Batter damage by pitch type.
596019,francisco lindor,R,CH,Changeup,4,4,1,0,0,0,0,0,1,75.2,62.7,-27.75,0.0,0.0,0.0,0.0,0.0,0.0,0.25,2026-10-10,2026-10-10T15:33:05-04:00,Batter damage by pitch type.
596019,francisco lindor,R,CU,Curveball,1,0,0,0,0,0,0,0,0,,,,0.0,0.0,,0.0,0.0,,,2026-10-10,2026-10-10T15:33:05-04:00,Batter damage by pitch type.
596019,francisco lindor,R,FC,Cutter,1,2,2,0,0,1,0,0,1,97.2,83.0,33.5,0.0,0.0,0.0,1.0,0.0,0.0,0.5,2026-10-10,2026-10-10T15:33:05-04:00,Batter damage by pitch type.
596019,francisco lindor,R,FF,4-Seam Fastball,18,33,26,1,2,8,1,8,8,111.5,90.84,30.76,0.0556,0.1111,0.0606,0.4444,0.0556,0.2424,0.2424,2026-10-10,2026-10-10T15:33:05-04:00,Batter damage by pitch type.
596019,francisco lindor,R,SI,Sinker,9,8,4,0,0,2,1,1,2,103.1,89.91,7.75,0.0,0.0,0.0,0.2222,0.1111,0.125,0.25,2026-10-10,2026-10-10T15:33:05-04:00,Batter damage by pitch type.
596019,francisco lindor,R,SL,Slider,1,2,1,0,0,0,0,0,1,86.0,78.4,5.0,0.0,0.0,0.0,0.0,0.0,0.0,0.5,2026-10-10,2026-10-10T15:33:05-04:00,Batter damage by pitch type.
596019,francisco lindor,R,ST,Sweeper,0,1,0,0,0,0,0,0,0,18.5,18.5,-41.0,,,0.0,,,0.0,0.0,2026-10-10,2026-10-10T15:33:05-04:00,Batter damage by pitch type.
596115,trevor story,R,CH,Changeup,5,4,1,0,0,0,0,0,0,105.3,80.8,-2.75,0.0,0.0,0.0,0.0,0.0,0.0,0.0,2026-10-10,2026-10-10T15:33:05-04:00,Batter damage by pitch type.
596115,trevor story,R,CU,Curveball,4,6,3,1,1,1,1,2,2,108.2,87.55,10.67,0.25,0.25,0.1667,0.25,0.25,0.3333,0.3333,2026-10-10,2026-10-10T15:33:05-04:00,Batter damage by pitch type.
596115,trevor story,R,FC,Cutter,1,1,1,0,0,0,0,0,1,68.3,68.3,29.0,0.0,0.0,0.0,0.0,0.0,0.0,1.0,2026-10-10,2026-10-10T15:33:05-04:00,Batter damage by pitch type.
596115,trevor story,R,FF,4-Seam Fastball,16,28,22,1,1,1,0,1,10,103.5,82.11,28.57,0.0625,0.0625,0.0357,0.0625,0.0,0.0357,0.3571,2026-10-10,2026-10-10T15:33:05-04:00,Batter damage by pitch type.
596115,trevor story,R,FS,Split-Finger,1,0,0,0,0,0,0,0,0,,,,0.0,0.0,,0.0,0.0,,,2026-10-10,2026-10-10T15:33:05-04:00,Batter damage by pitch type.
596115,trevor story,R,SI,Sinker,9,9,6,0,0,2,0,1,1,107.9,75.83,22.0,0.0,0.0,0.0,0.2222,0.0,0.1111,0.1111,2026-10-10,2026-10-10T15:33:05-04:00,Batter damage by pitch type.
596115,trevor story,R,SL,Slider,8,5,2,0,1,1,1,1,2,104.6,77.24,-0.2,0.0,0.125,0.2,0.125,0.125,0.2,0.4,2026-10-10,2026-10-10T15:33:05-04:00,Batter damage by pitch type.
596115,trevor story,R,ST,Sweeper,10,10,4,0,0,1,0,2,2,99.2,74.11,1.0,0.0,0.0,0.0,0.1,0.0,0.2,0.2,2026-10-10,2026-10-10T15:33:05-04:00,Batter damage by pitch type.
596117,garrett stubbs,L,CH,Changeup,1,0,0,0,0,0,0,0,0,,,,0.0,0.0,,0.0,0.0,,,2026-10-10,2026-10-10T15:33:05-04:00,Batter damage by pitch type.
596117,garrett stubbs,L,CU,Curveball,1,0,0,0,0,0,0,0,0,,,,0.0,0.0,,0.0,0.0,,,2026-10-10,2026-10-10T15:33:05-04:00,Batter damage by pitch type.
596117,garrett stubbs,L,FC,Cutter,0,1,0,0,0,0,0,0,0,97.4,97.4,1.0,,,0.0,,,0.0,0.0,2026-10-10,2026-10-10T15:33:05-04:00,Batter damage by pitch type.
596117,garrett stubbs,L,FF,4-Seam Fastball,1,1,1,0,0,0,0,1,0,88.6,88.6,50.0,0.0,0.0,0.0,0.0,0.0,1.0,0.0,2026-10-10,2026-10-10T15:33:05-04:00,Batter damage by pitch type.
596117,garrett stubbs,L,SI,Sinker,2,3,2,0,0,0,0,0,1,91.7,82.33,34.0,0.0,0.0,0.0,0.0,0.0,0.0,0.3333,2026-10-10,2026-10-10T15:33:05-04:00,Batter damage by pitch type.
596117,garrett stubbs,L,SL,Slider,1,0,0,0,0,0,0,0,0,,,,0.0,0.0,,0.0,0.0,,,2026-10-10,2026-10-10T15:33:05-04:00,Batter damage by pitch type.
596142,gary sánchez,R,CH,Changeup,3,4,0,0,0,0,0,0,0,99.2,80.25,-18.75,0.0,0.0,0.0,0.0,0.0,0.0,0.0,2026-10-10,2026-10-10T15:33:05-04:00,Batter damage by pitch type.
596142,gary sánchez,R,CU,Curveball,0,0,0,0,0,0,0,0,0,,,,,,,,,,,2026-10-10,2026-10-10T15:33:05-04:00,Batter damage by pitch type.
596142,gary sánchez,R,FC,Cutter,3,3,2,0,0,1,0,2,2,96.9,90.87,14.67,0.0,0.0,0.0,0.3333,0.0,0.6667,0.6667,2026-10-10,2026-10-10T15:33:05-04:00,Batter damage by pitch type.
596142,gary sánchez,R,FF,4-Seam Fastball,6,4,1,0,0,0,0,0,0,97.3,85.22,16.0,0.0,0.0,0.0,0.0,0.0,0.0,0.0,2026-10-10,2026-10-10T15:33:05-04:00,Batter damage by pitch type.
596142,gary sánchez,R,SI,Sinker,2,2,0,0,0,0,0,0,0,80.4,69.3,-6.0,0.0,0.0,0.0,0.0,0.0,0.0,0.0,2026-10-10,2026-10-10T15:33:05-04:00,Batter damage by pitch type.
596142,gary sánchez,R,SL,Slider,6,5,3,1,1,1,1,0,2,100.8,89.16,13.4,0.1667,0.1667,0.2,0.1667,0.1667,0.0,0.4,2026-10-10,2026-10-10T15:33:05-04:00,Batter damage by pitch type.
596142,gary sánchez,R,ST,Sweeper,2,0,0,0,0,0,0,0,0,,,,0.0,0.0,,0.0,0.0,,,2026-10-10,2026-10-10T15:33:05-04:00,Batter damage by pitch type.
602104,ramón urías,R,CU,Curveball,0,0,0,0,0,0,0,0,0,,,,,,,,,,,2026-10-10,2026-10-10T15:33:05-04:00,Batter damage by pitch type.
602104,ramón urías,R,FF,4-Seam Fastball,1,1,1,0,0,0,0,0,0,80.3,80.3,46.0,0.0,0.0,0.0,0.0,0.0,0.0,0.0,2026-10-10,2026-10-10T15:33:05-04:00,Batter damage by pitch type.
602104,ramón urías,R,SI,Sinker,1,2,1,0,0,0,0,0,0,90.8,85.9,19.0,0.0,0.0,0.0,0.0,0.0,0.0,0.0,2026-10-10,2026-10-10T15:33:05-04:00,Batter damage by pitch type.
602104,ramón urías,R,SL,Slider,1,1,0,0,0,0,0,0,0,59.5,59.5,-36.0,0.0,0.0,0.0,0.0,0.0,0.0,0.0,2026-10-10,2026-10-10T15:33:05-04:00,Batter damage by pitch type.
605137,josh bell,L,CH,Changeup,5,7,3,0,1,1,1,1,1,103.8,70.39,-0.29,0.0,0.2,0.1429,0.2,0.2,0.1429,0.1429,2026-10-10,2026-10-10T15:33:05-04:00,Batter damage by pitch type.
605137,josh bell,L,CU,Curveball,1,3,1,0,0,0,0,0,0,84.0,76.83,11.33,0.0,0.0,0.0,0.0,0.0,0.0,0.0,2026-10-10,2026-10-10T15:33:05-04:00,Batter damage by pitch type.
605137,josh bell,L,FC,Cutter,2,4,4,0,0,0,0,2,3,92.0,81.62,32.0,0.0,0.0,0.0,0.0,0.0,0.5,0.75,2026-10-10,2026-10-10T15:33:05-04:00,Batter damage by pitch type.
605137,josh bell,L,FF,4-Seam Fastball,8,13,11,1,1,3,1,2,8,106.7,86.33,26.77,0.125,0.125,0.0769,0.375,0.125,0.1538,0.6154,2026-10-10,2026-10-10T15:33:05-04:00,Batter damage by pitch type.
605137,josh bell,L,FS,Split-Finger,3,4,1,0,0,0,0,0,1,93.2,83.9,-7.5,0.0,0.0,0.0,0.0,0.0,0.0,0.25,2026-10-10,2026-10-10T15:33:05-04:00,Batter damage by pitch type.
605137,josh bell,L,SI,Sinker,6,10,5,0,0,0,0,1,1,105.3,88.65,16.1,0.0,0.0,0.0,0.0,0.0,0.1,0.1,2026-10-10,2026-10-10T15:33:05-04:00,Batter damage by pitch type.
605137,josh bell,L,SL,Slider,2,3,1,0,0,0,0,0,0,80.5,73.53,0.67,0.0,0.0,0.0,0.0,0.0,0.0,0.0,2026-10-10,2026-10-10T15:33:05-04:00,Batter damage by pitch type.
605137,josh bell,L,ST,Sweeper,3,3,3,0,0,1,0,0,2,104.3,90.33,28.0,0.0,0.0,0.0,0.3333,0.0,0.0,0.6667,2026-10-10,2026-10-10T15:33:05-04:00,Batter damage by pitch type.
605137,josh bell,L,SV,Slurve,0,0,0,0,0,0,0,0,0,,,,,,,,,,,2026-10-10,2026-10-10T15:33:05-04:00,Batter damage by pitch type.
605137,josh bell,R,CH,Changeup,8,11,7,0,0,2,0,3,4,102.6,83.09,16.64,0.0,0.0,0.0,0.25,0.0,0.2727,0.3636,2026-10-10,2026-10-10T15:33:05-04:00,Batter damage by pitch type.
605137,josh bell,R,CU,Curveball,3,0,0,0,0,0,0,0,0,,,,0.0,0.0,,0.0,0.0,,,2026-10-10,2026-10-10T15:33:05-04:00,Batter damage by pitch type.
605137,josh bell,R,FC,Cutter,3,4,3,0,0,1,0,1,2,103.4,81.03,11.0,0.0,0.0,0.0,0.3333,0.0,0.25,0.5,2026-10-10,2026-10-10T15:33:05-04:00,Batter damage by pitch type.
605137,josh bell,R,FF,4-Seam Fastball,6,10,8,0,0,0,0,1,3,101.8,76.4,31.6,0.0,0.0,0.0,0.0,0.0,0.1,0.3,2026-10-10,2026-10-10T15:33:05-04:00,Batter damage by pitch type.
605137,josh bell,R,FS,Split-Finger,0,0,0,0,0,0,0,0,0,,,,,,,,,,,2026-10-10,2026-10-10T15:33:05-04:00,Batter damage by pitch type.
605137,josh bell,R,SI,Sinker,3,4,3,1,1,1,1,0,1,104.0,86.32,27.5,0.3333,0.3333,0.25,0.3333,0.3333,0.0,0.25,2026-10-10,2026-10-10T15:33:05-04:00,Batter damage by pitch type.
605137,josh bell,R,SL,Slider,4,7,7,0,0,1,0,2,3,104.6,80.73,39.57,0.0,0.0,0.0,0.25,0.0,0.2857,0.4286,2026-10-10,2026-10-10T15:33:05-04:00,Batter damage by pitch type.
605137,josh bell,R,ST,Sweeper,3,4,3,0,0,1,0,1,2,101.6,91.8,15.0,0.0,0.0,0.0,0.3333,0.0,0.25,0.5,2026-10-10,2026-10-10T15:33:05-04:00,Batter damage by pitch type.
605141,mookie betts,R,CH,Changeup,6,10,8,0,0,4,1,1,6,105.7,85.48,19.7,0.0,0.0,0.0,0.6667,0.1667,0.1,0.6,2026-10-10,2026-10-10T15:33:05-04:00,Batter damage by pitch type.
605141,mookie betts,R,CU,Curveball,3,9,7,0,0,1,0,1,3,99.7,75.49,26.67,0.0,0.0,0.0,0.3333,0.0,0.1111,0.3333,2026-10-10,2026-10-10T15:33:05-04:00,Batter damage by pitch type.
605141,mookie betts,R,FC,Cutter,7,10,7,1,1,3,1,2,6,102.7,82.23,19.9,0.1429,0.1429,0.1,0.4286,0.1429,0.2,0.6,2026-10-10,2026-10-10T15:33:05-04:00,Batter damage by pitch type.
605141,mookie betts,R,FF,4-Seam Fastball,28,38,30,2,3,7,1,5,12,105.5,87.91,32.5,0.0714,0.1071,0.0789,0.25,0.0357,0.1316,0.3158,2026-10-10,2026-10-10T15:33:05-04:00,Batter damage by pitch type.
605141,mookie betts,R,FS,Split-Finger,4,5,3,1,1,1,1,2,2,103.5,79.18,14.0,0.25,0.25,0.2,0.25,0.25,0.4,0.4,2026-10-10,2026-10-10T15:33:05-04:00,Batter damage by pitch type.
605141,mookie betts,R,KC,Knuckle Curve,0,0,0,0,0,0,0,0,0,,,,,,,,,,,2026-10-10,2026-10-10T15:33:05-04:00,Batter damage by pitch type.
605141,mookie betts,R,SI,Sinker,11,17,11,0,0,2,0,4,4,105.5,89.34,24.24,0.0,0.0,0.0,0.1818,0.0,0.2353,0.2353,2026-10-10,2026-10-10T15:33:05-04:00,Batter damage by pitch type.
605141,mookie betts,R,SL,Slider,18,16,8,0,0,1,0,3,4,105.2,83.91,4.75,0.0,0.0,0.0,0.0556,0.0,0.1875,0.25,2026-10-10,2026-10-10T15:33:05-04:00,Batter damage by pitch type.
605141,mookie betts,R,ST,Sweeper,7,10,8,0,0,1,0,4,3,99.8,84.98,32.7,0.0,0.0,0.0,0.1429,0.0,0.4,0.3,2026-10-10,2026-10-10T15:33:05-04:00,Batter damage by pitch type.
605141,mookie betts,R,SV,Slurve,0,0,0,0,0,0,0,0,0,,,,,,,,,,,2026-10-10,2026-10-10T15:33:05-04:00,Batter damage by pitch type.
605170,víctor caratini,L,CH,Changeup,5,3,0,0,0,0,0,0,0,104.4,78.97,-28.0,0.0,0.0,0.0,0.0,0.0,0.0,0.0,2026-10-10,2026-10-10T15:33:05-04:00,Batter damage by pitch type.
605170,víctor caratini,L,CU,Curveball,0,0,0,0,0,0,0,0,0,,,,,,,,,,,2026-10-10,2026-10-10T15:33:05-04:00,Batter damage by pitch type.
605170,víctor caratini,L,FC,Cutter,1,2,2,0,0,0,0,0,1,89.4,81.65,41.0,0.0,0.0,0.0,0.0,0.0,0.0,0.5,2026-10-10,2026-10-10T15:33:05-04:00,Batter damage by pitch type.
605170,víctor caratini,L,FF,4-Seam Fastball,10,12,7,0,1,1,1,3,2,101.5,85.32,16.33,0.0,0.1,0.0833,0.1,0.1,0.25,0.1667,2026-10-10,2026-10-10T15:33:05-04:00,Batter damage by pitch type.
605170,víctor caratini,L,FS,Split-Finger,1,0,0,0,0,0,0,0,0,,,,0.0,0.0,,0.0,0.0,,,2026-10-10,2026-10-10T15:33:05-04:00,Batter damage by pitch type.
605170,víctor caratini,L,SI,Sinker,3,4,0,0,0,0,0,0,0,87.1,72.18,-19.75,0.0,0.0,0.0,0.0,0.0,0.0,0.0,2026-10-10,2026-10-10T15:33:05-04:00,Batter damage by pitch type.
605170,víctor caratini,L,ST,Sweeper,2,3,1,0,0,0,0,0,0,103.5,86.57,7.33,0.0,0.0,0.0,0.0,0.0,0.0,0.0,2026-10-10,2026-10-10T15:33:05-04:00,Batter damage by pitch type.
605170,víctor caratini,L,SV,Slurve,0,0,0,0,0,0,0,0,0,,,,,,,,,,,2026-10-10,2026-10-10T15:33:05-04:00,Batter damage by pitch type.
605170,víctor caratini,R,CH,Changeup,1,1,1,0,0,0,0,0,1,74.1,74.1,10.0,0.0,0.0,0.0,0.0,0.0,0.0,1.0,2026-10-10,2026-10-10T15:33:05-04:00,Batter damage by pitch type.
605170,víctor caratini,R,CU,Curveball,3,0,0,0,0,0,0,0,0,,,,0.0,0.0,,0.0,0.0,,,2026-10-10,2026-10-10T15:33:05-04:00,Batter damage by pitch type.
605170,víctor caratini,R,FC,Cutter,1,1,0,0,0,0,0,0,0,93.5,93.5,-15.0,0.0,0.0,0.0,0.0,0.0,0.0,0.0,2026-10-10,2026-10-10T15:33:05-04:00,Batter damage by pitch type.
605170,víctor caratini,R,FF,4-Seam Fastball,3,4,3,0,0,1,0,0,2,98.2,87.55,17.75,0.0,0.0,0.0,0.3333,0.0,0.0,0.5,2026-10-10,2026-10-10T15:33:05-04:00,Batter damage by pitch type.
605170,víctor caratini,R,SI,Sinker,1,0,0,0,0,0,0,0,0,,,,0.0,0.0,,0.0,0.0,,,2026-10-10,2026-10-10T15:33:05-04:00,Batter damage by pitch type.
605170,víctor caratini,R,SL,Slider,1,2,1,0,0,0,0,1,0,95.8,85.45,7.5,0.0,0.0,0.0,0.0,0.0,0.5,0.0,2026-10-10,2026-10-10T15:33:05-04:00,Batter damage by pitch type.
605170,víctor caratini,R,ST,Sweeper,2,0,0,0,0,0,0,0,0,,,,0.0,0.0,,0.0,0.0,,,2026-10-10,2026-10-10T15:33:05-04:00,Batter damage by pitch type.
605353,vimael machín,L,CU,Curveball,0,0,0,0,0,0,0,0,0,,,,,,,,,,,2026-10-10,2026-10-10T15:33:05-04:00,Batter damage by pitch type.
605353,vimael machín,L,FF,4-Seam Fastball,1,1,1,0,0,1,0,1,1,101.6,101.6,13.0,0.0,0.0,0.0,1.0,0.0,1.0,1.0,2026-10-10,2026-10-10T15:33:05-04:00,Batter damage by pitch type.
605353,vimael machín,L,SI,Sinker,1,1,0,0,0,0,0,0,0,85.1,85.1,4.0,0.0,0.0,0.0,0.0,0.0,0.0,0.0,2026-10-10,2026-10-10T15:33:05-04:00,Batter damage by pitch type.
605353,vimael machín,L,SL,Slider,1,1,0,0,0,0,0,0,0,103.0,103.0,-1.0,0.0,0.0,0.0,0.0,0.0,0.0,0.0,2026-10-10,2026-10-10T15:33:05-04:00,Batter damage by pitch type.
605353,vimael machín,L,ST,Sweeper,1,1,1,0,0,0,0,0,1,70.9,70.9,23.0,0.0,0.0,0.0,0.0,0.0,0.0,1.0,2026-10-10,2026-10-10T15:33:05-04:00,Batter damage by pitch type.
606192,teoscar hernández,R,CH,Changeup,7,12,5,0,0,1,0,0,1,104.8,78.37,-0.92,0.0,0.0,0.0,0.1429,0.0,0.0,0.0833,2026-10-10,2026-10-10T15:33:05-04:00,Batter damage by pitch type.
606192,teoscar hernández,R,CS,Slow Curve,0,0,0,0,0,0,0,0,0,,,,,,,,,,,2026-10-10,2026-10-10T15:33:05-04:00,Batter damage by pitch type.
606192,teoscar hernández,R,CU,Curveball,3,2,0,0,0,0,0,0,0,104.1,101.6,-15.0,0.0,0.0,0.0,0.0,0.0,0.0,0.0,2026-10-10,2026-10-10T15:33:05-04:00,Batter damage by pitch type.
606192,teoscar hernández,R,FC,Cutter,3,7,4,1,1,1,1,1,1,109.9,79.14,9.86,0.3333,0.3333,0.1429,0.3333,0.3333,0.1429,0.1429,2026-10-10,2026-10-10T15:33:05-04:00,Batter damage by pitch type.
606192,teoscar hernández,R,FF,4-Seam Fastball,30,32,28,2,3,10,3,4,14,109.2,90.18,28.19,0.0667,0.1,0.0938,0.3333,0.1,0.125,0.4375,2026-10-10,2026-10-10T15:33:05-04:00,Batter damage by pitch type.
606192,teoscar hernández,R,FS,Split-Finger,4,6,2,0,1,1,0,0,1,110.6,81.38,-2.33,0.0,0.25,0.1667,0.25,0.0,0.0,0.1667,2026-10-10,2026-10-10T15:33:05-04:00,Batter damage by pitch type.
606192,teoscar hernández,R,SI,Sinker,6,10,7,0,0,0,0,1,5,100.3,82.19,10.2,0.0,0.0,0.0,0.0,0.0,0.1,0.5,2026-10-10,2026-10-10T15:33:05-04:00,Batter damage by pitch type.
606192,teoscar hernández,R,SL,Slider,16,15,5,1,2,4,2,3,3,109.3,88.96,3.07,0.0625,0.125,0.1333,0.25,0.125,0.2,0.2,2026-10-10,2026-10-10T15:33:05-04:00,Batter damage by pitch type.
606192,teoscar hernández,R,ST,Sweeper,9,6,3,0,0,0,0,0,0,106.9,81.2,22.0,0.0,0.0,0.0,0.0,0.0,0.0,0.0,2026-10-10,2026-10-10T15:33:05-04:00,Batter damage by pitch type.
606192,teoscar hernández,R,SV,Slurve,0,0,0,0,0,0,0,0,0,,,,,,,,,,,2026-10-10,2026-10-10T15:33:05-04:00,Batter damage by pitch type.
606466,ketel marte,L,CH,Changeup,8,14,8,0,0,3,0,0,2,99.5,80.16,12.07,0.0,0.0,0.0,0.375,0.0,0.0,0.1429,2026-10-10,2026-10-10T15:33:05-04:00,Batter damage by pitch type.
606466,ketel marte,L,CU,Curveball,4,4,3,0,0,0,0,1,1,88.8,77.8,21.5,0.0,0.0,0.0,0.0,0.0,0.25,0.25,2026-10-10,2026-10-10T15:33:05-04:00,Batter damage by pitch type.
606466,ketel marte,L,FC,Cutter,4,9,6,0,0,3,0,1,4,106.1,84.51,15.56,0.0,0.0,0.0,0.75,0.0,0.1111,0.4444,2026-10-10,2026-10-10T15:33:05-04:00,Batter damage by pitch type.
606466,ketel marte,L,FF,4-Seam Fastball,24,28,18,0,3,5,3,5,7,109.6,88.52,22.29,0.0,0.125,0.1071,0.2083,0.125,0.1786,0.25,2026-10-10,2026-10-10T15:33:05-04:00,Batter damage by pitch type.
606466,ketel marte,L,FS,Split-Finger,4,6,2,0,0,0,0,1,1,94.9,67.43,-12.5,0.0,0.0,0.0,0.0,0.0,0.1667,0.1667,2026-10-10,2026-10-10T15:33:05-04:00,Batter damage by pitch type.
606466,ketel marte,L,KC,Knuckle Curve,0,0,0,0,0,0,0,0,0,,,,,,,,,,,2026-10-10,2026-10-10T15:33:05-04:00,Batter damage by pitch type.
606466,ketel marte,L,SI,Sinker,4,6,2,0,0,0,0,0,0,104.4,88.83,4.67,0.0,0.0,0.0,0.0,0.0,0.0,0.0,2026-10-10,2026-10-10T15:33:05-04:00,Batter damage by pitch type.
606466,ketel marte,L,SL,Slider,8,11,9,0,0,4,0,4,6,110.2,88.25,17.55,0.0,0.0,0.0,0.5,0.0,0.3636,0.5455,2026-10-10,2026-10-10T15:33:05-04:00,Batter damage by pitch type.
606466,ketel marte,L,ST,Sweeper,2,3,2,0,0,0,0,1,1,92.9,73.0,-7.33,0.0,0.0,0.0,0.0,0.0,0.3333,0.3333,2026-10-10,2026-10-10T15:33:05-04:00,Batter damage by pitch type.
606466,ketel marte,R,CH,Changeup,5,6,2,0,1,2,0,2,1,106.8,97.57,-1.33,0.0,0.2,0.1667,0.4,0.0,0.3333,0.1667,2026-10-10,2026-10-10T15:33:05-04:00,Batter damage by pitch type.
606466,ketel marte,R,FC,Cutter,0,1,0,0,0,0,0,0,0,75.6,75.6,-25.0,,,0.0,,,0.0,0.0,2026-10-10,2026-10-10T15:33:05-04:00,Batter damage by pitch type.
606466,ketel marte,R,FF,4-Seam Fastball,2,2,1,0,0,0,0,0,0,70.0,53.5,-2.5,0.0,0.0,0.0,0.0,0.0,0.0,0.0,2026-10-10,2026-10-10T15:33:05-04:00,Batter damage by pitch type.
606466,ketel marte,R,FS,Split-Finger,0,0,0,0,0,0,0,0,0,,,,,,,,,,,2026-10-10,2026-10-10T15:33:05-04:00,Batter damage by pitch type.
606466,ketel marte,R,KC,Knuckle Curve,1,1,1,0,0,0,0,0,0,84.1,84.1,77.0,0.0,0.0,0.0,0.0,0.0,0.0,0.0,2026-10-10,2026-10-10T15:33:05-04:00,Batter damage by pitch type.
606466,ketel marte,R,SI,Sinker,2,2,1,0,0,0,0,0,1,90.0,85.35,32.5,0.0,0.0,0.0,0.0,0.0,0.0,0.5,2026-10-10,2026-10-10T15:33:05-04:00,Batter damage by pitch type.
606466,ketel marte,R,SL,Slider,0,0,0,0,0,0,0,0,0,,,,,,,,,,,2026-10-10,2026-10-10T15:33:05-04:00,Batter damage by pitch type.
606466,ketel marte,R,ST,Sweeper,0,2,1,0,0,1,0,0,1,114.0,88.25,-11.5,,,0.0,,,0.0,0.5,2026-10-10,2026-10-10T15:33:05-04:00,Batter damage by pitch type.
607043,brandon nimmo,L,CH,Changeup,7,6,2,0,0,1,0,1,1,100.1,82.0,-2.5,0.0,0.0,0.0,0.1429,0.0,0.1667,0.1667,2026-10-10,2026-10-10T15:33:05-04:00,Batter damage by pitch type.
607043,brandon nimmo,L,CU,Curveball,0,3,0,0,0,0,0,0,0,72.3,63.73,-33.67,,,0.0,,,0.0,0.0,2026-10-10,2026-10-10T15:33:05-04:00,Batter damage by pitch type.
607043,brandon nimmo,L,FC,Cutter,6,4,4,0,0,0,0,0,2,91.3,80.05,41.0,0.0,0.0,0.0,0.0,0.0,0.0,0.5,2026-10-10,2026-10-10T15:33:05-04:00,Batter damage by pitch type.
607043,brandon nimmo,L,FF,4-Seam Fastball,18,24,19,0,0,4,0,2,9,108.2,85.21,27.67,0.0,0.0,0.0,0.2222,0.0,0.0833,0.375,2026-10-10,2026-10-10T15:33:05-04:00,Batter damage by pitch type.
607043,brandon nimmo,L,FS,Split-Finger,4,5,3,0,0,1,0,2,2,96.1,84.38,7.6,0.0,0.0,0.0,0.25,0.0,0.4,0.4,2026-10-10,2026-10-10T15:33:05-04:00,Batter damage by pitch type.
607043,brandon nimmo,L,KC,Knuckle Curve,0,0,0,0,0,0,0,0,0,,,,,,,,,,,2026-10-10,2026-10-10T15:33:05-04:00,Batter damage by pitch type.
607043,brandon nimmo,L,SI,Sinker,11,22,13,0,0,2,0,0,1,106.3,85.96,22.14,0.0,0.0,0.0,0.1818,0.0,0.0,0.0455,2026-10-10,2026-10-10T15:33:05-04:00,Batter damage by pitch type.
607043,brandon nimmo,L,SL,Slider,9,7,4,0,0,1,0,2,1,105.3,86.41,12.29,0.0,0.0,0.0,0.1111,0.0,0.2857,0.1429,2026-10-10,2026-10-10T15:33:05-04:00,Batter damage by pitch type.
607043,brandon nimmo,L,ST,Sweeper,7,4,1,0,0,0,0,1,0,84.9,74.03,-16.5,0.0,0.0,0.0,0.0,0.0,0.25,0.0,2026-10-10,2026-10-10T15:33:05-04:00,Batter damage by pitch type.
607043,brandon nimmo,L,SV,Slurve,0,0,0,0,0,0,0,0,0,,,,,,,,,,,2026-10-10,2026-10-10T15:33:05-04:00,Batter damage by pitch type.
607208,trea turner,R,CH,Changeup,15,19,14,0,1,5,0,5,6,107.2,89.28,22.95,0.0,0.0667,0.0526,0.3333,0.0,0.2632,0.3158,2026-10-10,2026-10-10T15:33:05-04:00,Batter damage by pitch type.
607208,trea turner,R,CS,Slow Curve,0,1,0,0,0,0,0,0,0,94.6,94.6,-34.0,,,0.0,,,0.0,0.0,2026-10-10,2026-10-10T15:33:05-04:00,Batter damage by pitch type.
607208,trea turner,R,CU,Curveball,7,8,3,0,0,1,0,1,0,107.4,77.7,9.62,0.0,0.0,0.0,0.1429,0.0,0.125,0.0,2026-10-10,2026-10-10T15:33:05-04:00,Batter damage by pitch type.
607208,trea turner,R,FC,Cutter,5,9,7,0,0,3,0,0,4,107.3,88.18,18.33,0.0,0.0,0.0,0.6,0.0,0.0,0.4444,2026-10-10,2026-10-10T15:33:05-04:00,Batter damage by pitch type.
607208,trea turner,R,FF,4-Seam Fastball,22,34,30,0,0,5,0,4,7,108.7,84.44,40.79,0.0,0.0,0.0,0.2273,0.0,0.1176,0.2059,2026-10-10,2026-10-10T15:33:05-04:00,Batter damage by pitch type.
607208,trea turner,R,FS,Split-Finger,5,6,2,0,0,1,0,0,2,101.0,88.48,-14.33,0.0,0.0,0.0,0.2,0.0,0.0,0.3333,2026-10-10,2026-10-10T15:33:05-04:00,Batter damage by pitch type.
607208,trea turner,R,KC,Knuckle Curve,1,0,0,0,0,0,0,0,0,,,,0.0,0.0,,0.0,0.0,,,2026-10-10,2026-10-10T15:33:05-04:00,Batter damage by pitch type.
607208,trea turner,R,SI,Sinker,10,17,6,0,0,2,0,1,4,104.6,87.13,-9.76,0.0,0.0,0.0,0.2,0.0,0.0588,0.2353,2026-10-10,2026-10-10T15:33:05-04:00,Batter damage by pitch type.
607208,trea turner,R,SL,Slider,9,10,5,0,0,2,1,2,1,103.5,86.35,13.1,0.0,0.0,0.0,0.2222,0.1111,0.2,0.1,2026-10-10,2026-10-10T15:33:05-04:00,Batter damage by pitch type.
607208,trea turner,R,ST,Sweeper,10,13,9,0,0,4,0,5,4,105.0,86.52,16.69,0.0,0.0,0.0,0.4,0.0,0.3846,0.3077,2026-10-10,2026-10-10T15:33:05-04:00,Batter damage by pitch type.
607208,trea turner,R,SV,Slurve,1,2,0,0,0,0,0,0,0,95.1,79.15,-23.5,0.0,0.0,0.0,0.0,0.0,0.0,0.0,2026-10-10,2026-10-10T15:33:05-04:00,Batter damage by pitch type.
608070,josé ramírez,L,CH,Changeup,8,9,5,0,0,0,0,2,2,104.1,76.22,16.33,0.0,0.0,0.0,0.0,0.0,0.2222,0.2222,2026-10-10,2026-10-10T15:33:05-04:00,Batter damage by pitch type.
608070,josé ramírez,L,CU,Curveball,2,3,1,0,0,0,0,0,0,96.6,78.5,-1.67,0.0,0.0,0.0,0.0,0.0,0.0,0.0,2026-10-10,2026-10-10T15:33:05-04:00,Batter damage by pitch type.
608070,josé ramírez,L,FC,Cutter,6,8,6,0,0,2,0,2,5,106.7,80.8,18.75,0.0,0.0,0.0,0.3333,0.0,0.25,0.625,2026-10-10,2026-10-10T15:33:05-04:00,Batter damage by pitch type.
608070,josé ramírez,L,FF,4-Seam Fastball,10,13,12,1,1,3,1,5,6,107.2,85.87,36.15,0.1,0.1,0.0769,0.3,0.1,0.3846,0.4615,2026-10-10,2026-10-10T15:33:05-04:00,Batter damage by pitch type.
608070,josé ramírez,L,FS,Split-Finger,4,3,2,0,0,0,0,2,1,93.0,84.17,15.67,0.0,0.0,0.0,0.0,0.0,0.6667,0.3333,2026-10-10,2026-10-10T15:33:05-04:00,Batter damage by pitch type.
608070,josé ramírez,L,KC,Knuckle Curve,0,2,1,0,0,0,0,0,0,77.3,74.3,13.5,,,0.0,,,0.0,0.0,2026-10-10,2026-10-10T15:33:05-04:00,Batter damage by pitch type.
608070,josé ramírez,L,SI,Sinker,2,2,2,0,0,1,0,0,0,97.5,85.65,31.0,0.0,0.0,0.0,0.5,0.0,0.0,0.0,2026-10-10,2026-10-10T15:33:05-04:00,Batter damage by pitch type.
608070,josé ramírez,L,SL,Slider,6,11,7,1,1,3,1,3,6,106.1,82.24,9.91,0.1667,0.1667,0.0909,0.5,0.1667,0.2727,0.5455,2026-10-10,2026-10-10T15:33:05-04:00,Batter damage by pitch type.
608070,josé ramírez,L,ST,Sweeper,2,10,3,0,0,1,1,0,2,104.3,79.39,-8.1,0.0,0.0,0.0,0.5,0.5,0.0,0.2,2026-10-10,2026-10-10T15:33:05-04:00,Batter damage by pitch type.
608070,josé ramírez,R,CH,Changeup,2,3,0,0,0,0,0,0,0,97.2,84.93,-20.33,0.0,0.0,0.0,0.0,0.0,0.0,0.0,2026-10-10,2026-10-10T15:33:05-04:00,Batter damage by pitch type.
608070,josé ramírez,R,CU,Curveball,2,3,2,0,0,1,0,1,1,97.7,86.33,14.67,0.0,0.0,0.0,0.5,0.0,0.3333,0.3333,2026-10-10,2026-10-10T15:33:05-04:00,Batter damage by pitch type.
608070,josé ramírez,R,FC,Cutter,7,8,3,0,0,1,0,1,1,106.5,91.75,13.38,0.0,0.0,0.0,0.1429,0.0,0.125,0.125,2026-10-10,2026-10-10T15:33:05-04:00,Batter damage by pitch type.
608070,josé ramírez,R,FF,4-Seam Fastball,11,14,12,0,1,3,0,5,8,110.6,89.26,29.43,0.0,0.0909,0.0714,0.2727,0.0,0.3571,0.5714,2026-10-10,2026-10-10T15:33:05-04:00,Batter damage by pitch type.
608070,josé ramírez,R,SI,Sinker,8,12,5,0,0,0,0,1,4,107.0,90.9,1.58,0.0,0.0,0.0,0.0,0.0,0.0833,0.3333,2026-10-10,2026-10-10T15:33:05-04:00,Batter damage by pitch type.
608070,josé ramírez,R,SL,Slider,5,3,1,0,0,0,0,1,0,89.7,79.7,18.33,0.0,0.0,0.0,0.0,0.0,0.3333,0.0,2026-10-10,2026-10-10T15:33:05-04:00,Batter damage by pitch type.
608070,josé ramírez,R,ST,Sweeper,2,2,1,0,0,0,0,1,0,75.8,54.1,22.0,0.0,0.0,0.0,0.0,0.0,0.5,0.0,2026-10-10,2026-10-10T15:33:05-04:00,Batter damage by pitch type.
608070,josé ramírez,R,SV,Slurve,0,1,0,0,0,0,0,0,0,58.8,58.8,-39.0,,,0.0,,,0.0,0.0,2026-10-10,2026-10-10T15:33:05-04:00,Batter damage by pitch type.
608324,alex bregman,R,CH,Changeup,6,11,8,1,1,4,2,3,5,102.4,87.98,11.0,0.1667,0.1667,0.0909,0.6667,0.3333,0.2727,0.4545,2026-10-10,2026-10-10T15:33:05-04:00,Batter damage by pitch type.
608324,alex bregman,R,CU,Curveball,3,3,2,1,1,1,1,2,2,105.4,81.67,7.33,0.3333,0.3333,0.3333,0.3333,0.3333,0.6667,0.6667,2026-10-10,2026-10-10T15:33:05-04:00,Batter damage by pitch type.
608324,alex bregman,R,FC,Cutter,4,4,1,0,0,0,0,0,0,102.6,91.72,21.0,0.0,0.0,0.0,0.0,0.0,0.0,0.0,2026-10-10,2026-10-10T15:33:05-04:00,Batter damage by pitch type.
608324,alex bregman,R,FF,4-Seam Fastball,16,29,25,0,2,6,0,3,8,107.1,83.55,34.17,0.0,0.125,0.069,0.375,0.0,0.1034,0.2759,2026-10-10,2026-10-10T15:33:05-04:00,Batter damage by pitch type.
608324,alex bregman,R,FS,Split-Finger,1,1,1,0,0,0,0,0,0,87.6,87.6,72.0,0.0,0.0,0.0,0.0,0.0,0.0,0.0,2026-10-10,2026-10-10T15:33:05-04:00,Batter damage by pitch type.
608324,alex bregman,R,SI,Sinker,11,7,6,1,1,3,1,4,4,104.0,90.09,23.29,0.0909,0.0909,0.1429,0.2727,0.0909,0.5714,0.5714,2026-10-10,2026-10-10T15:33:05-04:00,Batter damage by pitch type.
608324,alex bregman,R,SL,Slider,6,10,8,0,0,1,0,3,4,96.8,85.24,22.8,0.0,0.0,0.0,0.1667,0.0,0.3,0.4,2026-10-10,2026-10-10T15:33:05-04:00,Batter damage by pitch type.
608324,alex bregman,R,ST,Sweeper,6,4,2,1,1,1,1,1,1,102.6,84.45,14.25,0.1667,0.1667,0.25,0.1667,0.1667,0.25,0.25,2026-10-10,2026-10-10T15:33:05-04:00,Batter damage by pitch type.
608348,carson kelly,R,CH,Changeup,4,4,1,0,0,0,0,0,2,91.6,80.72,-11.0,0.0,0.0,0.0,0.0,0.0,0.0,0.5,2026-10-10,2026-10-10T15:33:05-04:00,Batter damage by pitch type.
608348,carson kelly,R,CU,Curveball,2,6,5,0,0,1,0,1,3,104.8,70.3,25.17,0.0,0.0,0.0,0.5,0.0,0.1667,0.5,2026-10-10,2026-10-10T15:33:05-04:00,Batter damage by pitch type.
608348,carson kelly,R,FC,Cutter,3,2,1,0,0,0,0,0,0,104.1,92.3,39.0,0.0,0.0,0.0,0.0,0.0,0.0,0.0,2026-10-10,2026-10-10T15:33:05-04:00,Batter damage by pitch type.
608348,carson kelly,R,FF,4-Seam Fastball,14,22,18,0,0,2,0,2,7,99.8,75.57,31.0,0.0,0.0,0.0,0.1429,0.0,0.0909,0.3182,2026-10-10,2026-10-10T15:33:05-04:00,Batter damage by pitch type.
608348,carson kelly,R,FS,Split-Finger,1,2,0,0,0,0,0,0,0,89.6,87.35,-7.0,0.0,0.0,0.0,0.0,0.0,0.0,0.0,2026-10-10,2026-10-10T15:33:05-04:00,Batter damage by pitch type.
608348,carson kelly,R,SI,Sinker,6,6,2,0,0,0,0,0,1,96.3,84.15,-13.83,0.0,0.0,0.0,0.0,0.0,0.0,0.1667,2026-10-10,2026-10-10T15:33:05-04:00,Batter damage by pitch type.
608348,carson kelly,R,SL,Slider,7,7,4,0,0,2,0,1,3,100.4,78.8,3.43,0.0,0.0,0.0,0.2857,0.0,0.1429,0.4286,2026-10-10,2026-10-10T15:33:05-04:00,Batter damage by pitch type.
608348,carson kelly,R,ST,Sweeper,7,9,8,0,0,3,0,4,2,108.6,84.87,39.33,0.0,0.0,0.0,0.4286,0.0,0.4444,0.2222,2026-10-10,2026-10-10T15:33:05-04:00,Batter damage by pitch type.
608369,corey seager,L,CH,Changeup,6,13,6,0,0,1,0,1,1,106.3,80.34,11.0,0.0,0.0,0.0,0.1667,0.0,0.0769,0.0769,2026-10-10,2026-10-10T15:33:05-04:00,Batter damage by pitch type.
608369,corey seager,L,CU,Curveball,6,8,2,0,0,1,0,1,1,99.1,84.3,-5.75,0.0,0.0,0.0,0.1667,0.0,0.125,0.125,2026-10-10,2026-10-10T15:33:05-04:00,Batter damage by pitch type.
608369,corey seager,L,FC,Cutter,2,7,6,0,0,0,0,0,2,105.8,75.77,32.29,0.0,0.0,0.0,0.0,0.0,0.0,0.2857,2026-10-10,2026-10-10T15:33:05-04:00,Batter damage by pitch type.
608369,corey seager,L,FF,4-Seam Fastball,16,18,14,1,2,3,1,1,6,107.5,86.38,28.89,0.0625,0.125,0.1111,0.1875,0.0625,0.0556,0.3333,2026-10-10,2026-10-10T15:33:05-04:00,Batter damage by pitch type.
608369,corey seager,L,FS,Split-Finger,4,4,1,0,0,0,0,0,1,104.0,72.1,-1.75,0.0,0.0,0.0,0.0,0.0,0.0,0.25,2026-10-10,2026-10-10T15:33:05-04:00,Batter damage by pitch type.
608369,corey seager,L,KC,Knuckle Curve,2,1,0,0,0,0,0,0,0,83.0,83.0,5.0,0.0,0.0,0.0,0.0,0.0,0.0,0.0,2026-10-10,2026-10-10T15:33:05-04:00,Batter damage by pitch type.
608369,corey seager,L,SI,Sinker,22,31,20,1,2,7,1,9,14,110.3,87.58,13.61,0.0455,0.0909,0.0645,0.3182,0.0455,0.2903,0.4516,2026-10-10,2026-10-10T15:33:05-04:00,Batter damage by pitch type.
608369,corey seager,L,SL,Slider,6,3,3,0,1,1,1,1,1,107.2,94.63,48.33,0.0,0.1667,0.3333,0.1667,0.1667,0.3333,0.3333,2026-10-10,2026-10-10T15:33:05-04:00,Batter damage by pitch type.
608369,corey seager,L,ST,Sweeper,7,10,6,1,1,2,0,3,2,106.3,81.82,18.8,0.1429,0.1429,0.1,0.2857,0.0,0.3,0.2,2026-10-10,2026-10-10T15:33:05-04:00,Batter damage by pitch type.
609280,miguel andújar,R,CH,Changeup,1,2,1,0,0,0,0,0,0,86.3,75.35,18.0,0.0,0.0,0.0,0.0,0.0,0.0,0.0,2026-10-10,2026-10-10T15:33:05-04:00,Batter damage by pitch type.
609280,miguel andújar,R,CU,Curveball,0,1,0,0,0,0,0,0,0,108.0,108.0,-6.0,,,0.0,,,0.0,0.0,2026-10-10,2026-10-10T15:33:05-04:00,Batter damage by pitch type.
609280,miguel andújar,R,FF,4-Seam Fastball,2,3,2,0,0,0,0,1,2,77.2,69.73,-5.33,0.0,0.0,0.0,0.0,0.0,0.3333,0.6667,2026-10-10,2026-10-10T15:33:05-04:00,Batter damage by pitch type.
609280,miguel andújar,R,SI,Sinker,1,2,2,0,0,0,0,0,1,89.6,82.55,34.5,0.0,0.0,0.0,0.0,0.0,0.0,0.5,2026-10-10,2026-10-10T15:33:05-04:00,Batter damage by pitch type.
609280,miguel andújar,R,SL,Slider,0,0,0,0,0,0,0,0,0,,,,,,,,,,,2026-10-10,2026-10-10T15:33:05-04:00,Batter damage by pitch type.
620443,luis torrens,R,CH,Changeup,3,3,1,0,0,0,0,1,0,103.5,91.2,3.67,0.0,0.0,0.0,0.0,0.0,0.3333,0.0,2026-10-10,2026-10-10T15:33:05-04:00,Batter damage by pitch type.
620443,luis torrens,R,CU,Curveball,1,0,0,0,0,0,0,0,0,,,,0.0,0.0,,0.0,0.0,,,2026-10-10,2026-10-10T15:33:05-04:00,Batter damage by pitch type.
620443,luis torrens,R,FC,Cutter,0,4,2,0,0,0,0,0,0,85.5,77.25,22.0,,,0.0,,,0.0,0.0,2026-10-10,2026-10-10T15:33:05-04:00,Batter damage by pitch type.
620443,luis torrens,R,FF,4-Seam Fastball,3,9,7,1,1,1,1,1,3,104.8,83.83,25.22,0.3333,0.3333,0.1111,0.3333,0.3333,0.1111,0.3333,2026-10-10,2026-10-10T15:33:05-04:00,Batter damage by pitch type.
620443,luis torrens,R,FS,Split-Finger,1,1,1,0,0,0,0,0,0,80.1,80.1,63.0,0.0,0.0,0.0,0.0,0.0,0.0,0.0,2026-10-10,2026-10-10T15:33:05-04:00,Batter damage by pitch type.
620443,luis torrens,R,KC,Knuckle Curve,1,0,0,0,0,0,0,0,0,,,,0.0,0.0,,0.0,0.0,,,2026-10-10,2026-10-10T15:33:05-04:00,Batter damage by pitch type.
620443,luis torrens,R,SI,Sinker,8,11,7,0,0,1,0,1,4,105.1,84.31,17.36,0.0,0.0,0.0,0.125,0.0,0.0909,0.3636,2026-10-10,2026-10-10T15:33:05-04:00,Batter damage by pitch type.
620443,luis torrens,R,SL,Slider,3,5,4,0,0,0,0,0,1,84.3,71.04,18.4,0.0,0.0,0.0,0.0,0.0,0.0,0.2,2026-10-10,2026-10-10T15:33:05-04:00,Batter damage by pitch type.
620443,luis torrens,R,ST,Sweeper,4,5,5,0,0,1,0,1,2,101.1,81.94,44.2,0.0,0.0,0.0,0.25,0.0,0.2,0.4,2026-10-10,2026-10-10T15:33:05-04:00,Batter damage by pitch type.
621020,dansby swanson,R,CH,Changeup,5,7,1,0,0,1,0,0,1,109.4,95.59,-7.86,0.0,0.0,0.0,0.2,0.0,0.0,0.1429,2026-10-10,2026-10-10T15:33:05-04:00,Batter damage by pitch type.
621020,dansby swanson,R,CU,Curveball,1,0,0,0,0,0,0,0,0,,,,0.0,0.0,,0.0,0.0,,,2026-10-10,2026-10-10T15:33:05-04:00,Batter damage by pitch type.
621020,dansby swanson,R,FC,Cutter,3,2,1,0,0,0,0,1,0,92.1,92.0,27.0,0.0,0.0,0.0,0.0,0.0,0.5,0.0,2026-10-10,2026-10-10T15:33:05-04:00,Batter damage by pitch type.
621020,dansby swanson,R,FF,4-Seam Fastball,10,14,10,0,0,1,0,1,3,101.6,83.0,24.29,0.0,0.0,0.0,0.1,0.0,0.0714,0.2143,2026-10-10,2026-10-10T15:33:05-04:00,Batter damage by pitch type.
621020,dansby swanson,R,FS,Split-Finger,0,0,0,0,0,0,0,0,0,,,,,,,,,,,2026-10-10,2026-10-10T15:33:05-04:00,Batter damage by pitch type.
621020,dansby swanson,R,SI,Sinker,5,9,4,0,0,1,0,0,3,107.9,84.24,8.78,0.0,0.0,0.0,0.2,0.0,0.0,0.3333,2026-10-10,2026-10-10T15:33:05-04:00,Batter damage by pitch type.
621020,dansby swanson,R,SL,Slider,4,8,3,0,0,0,0,1,2,94.9,72.05,-8.62,0.0,0.0,0.0,0.0,0.0,0.125,0.25,2026-10-10,2026-10-10T15:33:05-04:00,Batter damage by pitch type.
621020,dansby swanson,R,ST,Sweeper,5,8,6,1,0,2,1,2,2,100.3,71.83,27.12,0.2,0.0,0.0,0.4,0.2,0.25,0.25,2026-10-10,2026-10-10T15:33:05-04:00,Batter damage by pitch type.
621020,dansby swanson,R,SV,Slurve,1,0,0,0,0,0,0,0,0,,,,0.0,0.0,,0.0,0.0,,,2026-10-10,2026-10-10T15:33:05-04:00,Batter damage by pitch type.
621438,tyrone taylor,R,CH,Changeup,7,9,5,0,0,2,0,4,5,101.0,83.11,6.22,0.0,0.0,0.0,0.2857,0.0,0.4444,0.5556,2026-10-10,2026-10-10T15:33:05-04:00,Batter damage by pitch type.
621438,tyrone taylor,R,CU,Curveball,0,0,0,0,0,0,0,0,0,,,,,,,,,,,2026-10-10,2026-10-10T15:33:05-04:00,Batter damage by pitch type.
621438,tyrone taylor,R,FC,Cutter,1,2,1,0,0,1,0,0,1,111.7,95.85,7.0,0.0,0.0,0.0,1.0,0.0,0.0,0.5,2026-10-10,2026-10-10T15:33:05-04:00,Batter damage by pitch type.
621438,tyrone taylor,R,FF,4-Seam Fastball,6,7,7,0,0,1,0,1,1,99.1,84.69,40.29,0.0,0.0,0.0,0.1667,0.0,0.1429,0.1429,2026-10-10,2026-10-10T15:33:05-04:00,Batter damage by pitch type.
621438,tyrone taylor,R,FS,Split-Finger,0,2,1,0,0,0,0,0,0,100.5,63.45,7.5,,,0.0,,,0.0,0.0,2026-10-10,2026-10-10T15:33:05-04:00,Batter damage by pitch type.
621438,tyrone taylor,R,SI,Sinker,5,4,3,0,0,0,0,0,2,97.8,89.2,21.25,0.0,0.0,0.0,0.0,0.0,0.0,0.5,2026-10-10,2026-10-10T15:33:05-04:00,Batter damage by pitch type.
621438,tyrone taylor,R,SL,Slider,1,2,2,0,0,1,0,1,2,99.0,83.45,29.0,0.0,0.0,0.0,1.0,0.0,0.5,1.0,2026-10-10,2026-10-10T15:33:05-04:00,Batter damage by pitch type.
621438,tyrone taylor,R,ST,Sweeper,1,3,2,0,0,1,0,0,2,108.6,75.67,14.0,0.0,0.0,0.0,1.0,0.0,0.0,0.6667,2026-10-10,2026-10-10T15:33:05-04:00,Batter damage by pitch type.
621493,taylor ward,R,CH,Changeup,2,0,0,0,0,0,0,0,0,,,,0.0,0.0,,0.0,0.0,,,2026-10-10,2026-10-10T15:33:05-04:00,Batter damage by pitch type.
621493,taylor ward,R,FC,Cutter,1,2,1,0,0,1,0,1,1,106.6,82.55,-29.0,0.0,0.0,0.0,1.0,0.0,0.5,0.5,2026-10-10,2026-10-10T15:33:05-04:00,Batter damage by pitch type.
621493,taylor ward,R,FF,4-Seam Fastball,5,5,2,0,0,1,0,1,2,104.2,92.48,16.4,0.0,0.0,0.0,0.2,0.0,0.2,0.4,2026-10-10,2026-10-10T15:33:05-04:00,Batter damage by pitch type.
621493,taylor ward,R,FS,Split-Finger,1,0,0,0,0,0,0,0,0,,,,0.0,0.0,,0.0,0.0,,,2026-10-10,2026-10-10T15:33:05-04:00,Batter damage by pitch type.
621493,taylor ward,R,SI,Sinker,2,3,2,0,0,0,0,0,0,88.3,78.17,27.67,0.0,0.0,0.0,0.0,0.0,0.0,0.0,2026-10-10,2026-10-10T15:33:05-04:00,Batter damage by pitch type.
621493,taylor ward,R,SL,Slider,2,1,1,0,0,0,0,0,1,92.7,92.7,28.0,0.0,0.0,0.0,0.0,0.0,0.0,1.0,2026-10-10,2026-10-10T15:33:05-04:00,Batter damage by pitch type.
621493,taylor ward,R,ST,Sweeper,0,0,0,0,0,0,0,0,0,,,,,,,,,,,2026-10-10,2026-10-10T15:33:05-04:00,Batter damage by pitch type.
621566,matt olson,L,CH,Changeup,10,8,5,2,2,3,2,3,4,107.2,91.55,20.25,0.2,0.2,0.25,0.3,0.2,0.375,0.5,2026-10-10,2026-10-10T15:33:05-04:00,Batter damage by pitch type.
621566,matt olson,L,CU,Curveball,2,1,0,0,0,0,0,0,0,66.3,66.3,-47.0,0.0,0.0,0.0,0.0,0.0,0.0,0.0,2026-10-10,2026-10-10T15:33:05-04:00,Batter damage by pitch type.
621566,matt olson,L,EP,Eephus,0,0,0,0,0,0,0,0,0,,,,,,,,,,,2026-10-10,2026-10-10T15:33:05-04:00,Batter damage by pitch type.
621566,matt olson,L,FA,Other,1,1,1,0,0,1,0,0,0,101.1,101.1,40.0,0.0,0.0,0.0,1.0,0.0,0.0,0.0,2026-10-10,2026-10-10T15:33:05-04:00,Batter damage by pitch type.
621566,matt olson,L,FC,Cutter,8,9,4,0,0,2,0,2,2,109.5,91.41,11.22,0.0,0.0,0.0,0.25,0.0,0.2222,0.2222,2026-10-10,2026-10-10T15:33:05-04:00,Batter damage by pitch type.
621566,matt olson,L,FF,4-Seam Fastball,35,54,42,1,2,8,0,5,15,109.5,84.58,29.87,0.0286,0.0571,0.037,0.2286,0.0,0.0926,0.2778,2026-10-10,2026-10-10T15:33:05-04:00,Batter damage by pitch type.
621566,matt olson,L,FS,Split-Finger,5,4,2,0,0,1,0,1,0,100.9,82.3,12.25,0.0,0.0,0.0,0.2,0.0,0.25,0.0,2026-10-10,2026-10-10T15:33:05-04:00,Batter damage by pitch type.
621566,matt olson,L,KC,Knuckle Curve,1,0,0,0,0,0,0,0,0,,,,0.0,0.0,,0.0,0.0,,,2026-10-10,2026-10-10T15:33:05-04:00,Batter damage by pitch type.
621566,matt olson,L,SI,Sinker,13,20,13,0,1,2,0,0,6,108.0,79.79,15.75,0.0,0.0769,0.05,0.1538,0.0,0.0,0.3,2026-10-10,2026-10-10T15:33:05-04:00,Batter damage by pitch type.
621566,matt olson,L,SL,Slider,11,15,8,1,1,3,1,2,4,109.2,80.73,12.53,0.0909,0.0909,0.0667,0.2727,0.0909,0.1333,0.2667,2026-10-10,2026-10-10T15:33:05-04:00,Batter damage by pitch type.
621566,matt olson,L,ST,Sweeper,10,10,8,1,1,3,1,4,3,107.4,80.45,24.8,0.1,0.1,0.1,0.3,0.1,0.4,0.3,2026-10-10,2026-10-10T15:33:05-04:00,Batter damage by pitch type.
622268,donovan walton,L,CH,Changeup,8,8,6,0,0,0,0,3,3,90.2,74.07,19.75,0.0,0.0,0.0,0.0,0.0,0.375,0.375,2026-10-10,2026-10-10T15:33:05-04:00,Batter damage by pitch type.
622268,donovan walton,L,CU,Curveball,2,1,1,0,0,0,0,0,0,71.9,71.9,61.0,0.0,0.0,0.0,0.0,0.0,0.0,0.0,2026-10-10,2026-10-10T15:33:05-04:00,Batter damage by pitch type.
622268,donovan walton,L,FC,Cutter,5,6,1,0,0,0,0,0,2,101.6,74.83,-4.0,0.0,0.0,0.0,0.0,0.0,0.0,0.3333,2026-10-10,2026-10-10T15:33:05-04:00,Batter damage by pitch type.
622268,donovan walton,L,FF,4-Seam Fastball,11,17,15,0,0,2,0,3,8,98.4,82.23,28.88,0.0,0.0,0.0,0.1818,0.0,0.1765,0.4706,2026-10-10,2026-10-10T15:33:05-04:00,Batter damage by pitch type.
622268,donovan walton,L,FS,Split-Finger,0,1,0,0,0,0,0,0,0,71.1,71.1,-25.0,,,0.0,,,0.0,0.0,2026-10-10,2026-10-10T15:33:05-04:00,Batter damage by pitch type.
622268,donovan walton,L,KC,Knuckle Curve,1,2,1,0,0,1,0,0,1,98.8,85.2,-4.5,0.0,0.0,0.0,1.0,0.0,0.0,0.5,2026-10-10,2026-10-10T15:33:05-04:00,Batter damage by pitch type.
622268,donovan walton,L,SI,Sinker,10,9,5,1,0,1,0,2,2,103.4,89.52,19.78,0.1,0.0,0.0,0.1,0.0,0.2222,0.2222,2026-10-10,2026-10-10T15:33:05-04:00,Batter damage by pitch type.
622268,donovan walton,L,SL,Slider,5,6,2,0,0,0,0,0,1,89.2,77.28,8.0,0.0,0.0,0.0,0.0,0.0,0.0,0.1667,2026-10-10,2026-10-10T15:33:05-04:00,Batter damage by pitch type.
622268,donovan walton,L,ST,Sweeper,5,9,4,2,1,2,0,3,2,99.0,76.16,3.11,0.4,0.2,0.1111,0.4,0.0,0.3333,0.2222,2026-10-10,2026-10-10T15:33:05-04:00,Batter damage by pitch type.
622268,donovan walton,L,SV,Slurve,0,0,0,0,0,0,0,0,0,,,,,,,,,,,2026-10-10,2026-10-10T15:33:05-04:00,Batter damage by pitch type.
622761,jorge mateo,R,CH,Changeup,4,5,2,0,0,0,0,2,0,75.4,62.9,-1.6,0.0,0.0,0.0,0.0,0.0,0.4,0.0,2026-10-10,2026-10-10T15:33:05-04:00,Batter damage by pitch type.
622761,jorge mateo,R,CU,Curveball,2,2,0,0,0,0,0,0,0,74.0,60.1,-18.0,0.0,0.0,0.0,0.0,0.0,0.0,0.0,2026-10-10,2026-10-10T15:33:05-04:00,Batter damage by pitch type.
622761,jorge mateo,R,FC,Cutter,2,2,2,0,0,1,0,1,1,95.6,87.2,45.5,0.0,0.0,0.0,0.5,0.0,0.5,0.5,2026-10-10,2026-10-10T15:33:05-04:00,Batter damage by pitch type.
622761,jorge mateo,R,FF,4-Seam Fastball,6,11,11,0,0,0,0,0,2,90.8,73.8,42.91,0.0,0.0,0.0,0.0,0.0,0.0,0.1818,2026-10-10,2026-10-10T15:33:05-04:00,Batter damage by pitch type.
622761,jorge mateo,R,FS,Split-Finger,1,1,1,0,0,0,0,1,0,91.7,91.7,34.0,0.0,0.0,0.0,0.0,0.0,1.0,0.0,2026-10-10,2026-10-10T15:33:05-04:00,Batter damage by pitch type.
622761,jorge mateo,R,KC,Knuckle Curve,1,0,0,0,0,0,0,0,0,,,,0.0,0.0,,0.0,0.0,,,2026-10-10,2026-10-10T15:33:05-04:00,Batter damage by pitch type.
622761,jorge mateo,R,SI,Sinker,8,13,8,0,1,1,1,3,5,105.1,77.7,8.0,0.0,0.125,0.0769,0.125,0.125,0.2308,0.3846,2026-10-10,2026-10-10T15:33:05-04:00,Batter damage by pitch type.
622761,jorge mateo,R,SL,Slider,4,4,2,0,0,0,0,0,0,91.7,73.97,25.25,0.0,0.0,0.0,0.0,0.0,0.0,0.0,2026-10-10,2026-10-10T15:33:05-04:00,Batter damage by pitch type.
622761,jorge mateo,R,ST,Sweeper,4,2,1,0,0,0,0,0,0,70.5,65.65,28.5,0.0,0.0,0.0,0.0,0.0,0.0,0.0,2026-10-10,2026-10-10T15:33:05-04:00,Batter damage by pitch type.
623168,tyler heineman,L,CH,Changeup,0,0,0,0,0,0,0,0,0,,,,,,,,,,,2026-10-10,2026-10-10T15:33:05-04:00,Batter damage by pitch type.
623168,tyler heineman,L,CU,Curveball,0,1,0,0,0,0,0,0,0,99.1,99.1,-21.0,,,0.0,,,0.0,0.0,2026-10-10,2026-10-10T15:33:05-04:00,Batter damage by pitch type.
623168,tyler heineman,L,FC,Cutter,0,2,1,0,0,0,0,0,0,66.1,65.9,0.5,,,0.0,,,0.0,0.0,2026-10-10,2026-10-10T15:33:05-04:00,Batter damage by pitch type.
623168,tyler heineman,L,FF,4-Seam Fastball,4,9,7,0,0,0,0,0,4,92.1,82.23,22.44,0.0,0.0,0.0,0.0,0.0,0.0,0.4444,2026-10-10,2026-10-10T15:33:05-04:00,Batter damage by pitch type.
623168,tyler heineman,L,FS,Split-Finger,5,3,1,0,0,0,0,1,1,94.3,80.57,3.33,0.0,0.0,0.0,0.0,0.0,0.3333,0.3333,2026-10-10,2026-10-10T15:33:05-04:00,Batter damage by pitch type.
623168,tyler heineman,L,SL,Slider,1,2,0,0,0,0,0,0,0,92.2,90.0,-20.5,0.0,0.0,0.0,0.0,0.0,0.0,0.0,2026-10-10,2026-10-10T15:33:05-04:00,Batter damage by pitch type.
623168,tyler heineman,L,ST,Sweeper,1,2,1,0,0,0,0,1,1,94.8,84.7,-0.5,0.0,0.0,0.0,0.0,0.0,0.5,0.5,2026-10-10,2026-10-10T15:33:05-04:00,Batter damage by pitch type.
623168,tyler heineman,R,CH,Changeup,1,2,0,0,0,0,0,0,0,64.7,55.7,-17.0,0.0,0.0,0.0,0.0,0.0,0.0,0.0,2026-10-10,2026-10-10T15:33:05-04:00,Batter damage by pitch type.
623168,tyler heineman,R,CU,Curveball,2,2,1,0,0,0,0,0,1,87.0,83.4,4.5,0.0,0.0,0.0,0.0,0.0,0.0,0.5,2026-10-10,2026-10-10T15:33:05-04:00,Batter damage by pitch type.
623168,tyler heineman,R,FC,Cutter,1,1,1,0,0,0,0,0,0,67.6,67.6,40.0,0.0,0.0,0.0,0.0,0.0,0.0,0.0,2026-10-10,2026-10-10T15:33:05-04:00,Batter damage by pitch type.
623168,tyler heineman,R,FF,4-Seam Fastball,1,2,1,0,0,0,0,0,0,88.2,80.5,26.5,0.0,0.0,0.0,0.0,0.0,0.0,0.0,2026-10-10,2026-10-10T15:33:05-04:00,Batter damage by pitch type.
623168,tyler heineman,R,SI,Sinker,1,1,0,0,0,0,0,0,0,32.6,32.6,-55.0,0.0,0.0,0.0,0.0,0.0,0.0,0.0,2026-10-10,2026-10-10T15:33:05-04:00,Batter damage by pitch type.
623168,tyler heineman,R,SL,Slider,0,1,0,0,0,0,0,0,0,80.0,80.0,-28.0,,,0.0,,,0.0,0.0,2026-10-10,2026-10-10T15:33:05-04:00,Batter damage by pitch type.
623168,tyler heineman,R,ST,Sweeper,0,0,0,0,0,0,0,0,0,,,,,,,,,,,2026-10-10,2026-10-10T15:33:05-04:00,Batter damage by pitch type.
624413,pete alonso,R,CH,Changeup,5,5,3,1,1,2,2,2,2,112.8,96.4,13.4,0.2,0.2,0.2,0.4,0.4,0.4,0.4,2026-10-10,2026-10-10T15:33:05-04:00,Batter damage by pitch type.
624413,pete alonso,R,CU,Curveball,8,7,6,1,1,2,1,2,1,110.1,93.63,37.86,0.125,0.125,0.1429,0.25,0.125,0.2857,0.1429,2026-10-10,2026-10-10T15:33:05-04:00,Batter damage by pitch type.
624413,pete alonso,R,FC,Cutter,5,7,4,1,2,2,2,1,2,107.0,84.59,15.57,0.2,0.4,0.2857,0.4,0.4,0.1429,0.2857,2026-10-10,2026-10-10T15:33:05-04:00,Batter damage by pitch type.
624413,pete alonso,R,FF,4-Seam Fastball,17,33,28,2,3,5,3,3,12,110.5,85.82,31.36,0.1176,0.1765,0.0909,0.2941,0.1765,0.0909,0.3636,2026-10-10,2026-10-10T15:33:05-04:00,Batter damage by pitch type.
624413,pete alonso,R,FO,Forkball,1,1,1,1,1,1,1,1,0,109.6,109.6,35.0,1.0,1.0,1.0,1.0,1.0,1.0,0.0,2026-10-10,2026-10-10T15:33:05-04:00,Batter damage by pitch type.
624413,pete alonso,R,FS,Split-Finger,1,0,0,0,0,0,0,0,0,,,,0.0,0.0,,0.0,0.0,,,2026-10-10,2026-10-10T15:33:05-04:00,Batter damage by pitch type.
624413,pete alonso,R,KC,Knuckle Curve,3,2,1,0,0,0,0,1,1,98.5,96.7,-1.0,0.0,0.0,0.0,0.0,0.0,0.5,0.5,2026-10-10,2026-10-10T15:33:05-04:00,Batter damage by pitch type.
624413,pete alonso,R,SI,Sinker,12,11,9,1,1,1,1,1,6,112.9,80.46,25.36,0.0833,0.0833,0.0909,0.0833,0.0833,0.0909,0.5455,2026-10-10,2026-10-10T15:33:05-04:00,Batter damage by pitch type.
624413,pete alonso,R,SL,Slider,6,5,3,1,1,1,1,2,2,104.9,82.34,10.8,0.1667,0.1667,0.2,0.1667,0.1667,0.4,0.4,2026-10-10,2026-10-10T15:33:05-04:00,Batter damage by pitch type.
624413,pete alonso,R,ST,Sweeper,4,4,4,1,1,2,1,2,2,106.5,92.28,39.0,0.25,0.25,0.25,0.5,0.25,0.5,0.5,2026-10-10,2026-10-10T15:33:05-04:00,Batter damage by pitch type.
624424,michael conforto,L,CH,Changeup,9,10,4,1,1,2,1,3,3,105.6,89.21,8.7,0.1111,0.1111,0.1,0.2222,0.1111,0.3,0.3,2026-10-10,2026-10-10T15:33:05-04:00,Batter damage by pitch type.
624424,michael conforto,L,CU,Curveball,6,2,1,0,0,1,0,1,1,98.2,83.95,-0.5,0.0,0.0,0.0,0.1667,0.0,0.5,0.5,2026-10-10,2026-10-10T15:33:05-04:00,Batter damage by pitch type.
624424,michael conforto,L,FC,Cutter,4,8,4,0,0,1,0,0,2,107.5,84.03,18.12,0.0,0.0,0.0,0.25,0.0,0.0,0.25,2026-10-10,2026-10-10T15:33:05-04:00,Batter damage by pitch type.
624424,michael conforto,L,FF,4-Seam Fastball,15,29,21,0,2,5,1,6,10,109.7,82.98,26.21,0.0,0.1333,0.069,0.3333,0.0667,0.2069,0.3448,2026-10-10,2026-10-10T15:33:05-04:00,Batter damage by pitch type.
624424,michael conforto,L,FS,Split-Finger,1,1,1,0,0,1,0,1,1,97.4,97.4,25.0,0.0,0.0,0.0,1.0,0.0,1.0,1.0,2026-10-10,2026-10-10T15:33:05-04:00,Batter damage by pitch type.
624424,michael conforto,L,SI,Sinker,8,12,8,0,2,2,1,1,5,104.2,84.25,16.0,0.0,0.25,0.1667,0.25,0.125,0.0833,0.4167,2026-10-10,2026-10-10T15:33:05-04:00,Batter damage by pitch type.
624424,michael conforto,L,SL,Slider,4,3,1,0,0,0,0,0,1,66.7,64.53,-3.0,0.0,0.0,0.0,0.0,0.0,0.0,0.3333,2026-10-10,2026-10-10T15:33:05-04:00,Batter damage by pitch type.
624424,michael conforto,L,ST,Sweeper,2,2,2,0,0,1,0,1,2,97.1,84.0,21.0,0.0,0.0,0.0,0.5,0.0,0.5,1.0,2026-10-10,2026-10-10T15:33:05-04:00,Batter damage by pitch type.
624428,adam frazier,L,CH,Changeup,0,1,1,0,0,0,0,0,1,65.1,65.1,14.0,,,0.0,,,0.0,1.0,2026-10-10,2026-10-10T15:33:05-04:00,Batter damage by pitch type.
624428,adam frazier,L,FC,Cutter,2,3,3,0,0,1,0,1,2,97.8,87.77,24.67,0.0,0.0,0.0,0.5,0.0,0.3333,0.6667,2026-10-10,2026-10-10T15:33:05-04:00,Batter damage by pitch type.
624428,adam frazier,L,FF,4-Seam Fastball,1,1,1,0,0,0,0,0,1,83.6,83.6,16.0,0.0,0.0,0.0,0.0,0.0,0.0,1.0,2026-10-10,2026-10-10T15:33:05-04:00,Batter damage by pitch type.
624428,adam frazier,L,FS,Split-Finger,0,0,0,0,0,0,0,0,0,,,,,,,,,,,2026-10-10,2026-10-10T15:33:05-04:00,Batter damage by pitch type.
624428,adam frazier,L,KC,Knuckle Curve,0,2,0,0,0,0,0,0,0,82.5,63.55,-53.0,,,0.0,,,0.0,0.0,2026-10-10,2026-10-10T15:33:05-04:00,Batter damage by pitch type.
624428,adam frazier,L,SI,Sinker,0,1,1,0,0,0,0,0,0,75.6,75.6,56.0,,,0.0,,,0.0,0.0,2026-10-10,2026-10-10T15:33:05-04:00,Batter damage by pitch type.
624428,adam frazier,L,SL,Slider,3,3,1,0,0,0,0,0,0,94.3,80.23,8.33,0.0,0.0,0.0,0.0,0.0,0.0,0.0,2026-10-10,2026-10-10T15:33:05-04:00,Batter damage by pitch type.
624428,adam frazier,L,ST,Sweeper,3,1,1,0,0,0,0,0,1,88.8,88.8,16.0,0.0,0.0,0.0,0.0,0.0,0.0,1.0,2026-10-10,2026-10-10T15:33:05-04:00,Batter damage by pitch type.
624431,jose trevino,R,CH,Changeup,2,3,0,0,0,0,0,0,0,90.9,72.4,-49.0,0.0,0.0,0.0,0.0,0.0,0.0,0.0,2026-10-10,2026-10-10T15:33:05-04:00,Batter damage by pitch type.
624431,jose trevino,R,CU,Curveball,1,1,1,0,0,0,0,0,1,23.4,23.4,20.0,0.0,0.0,0.0,0.0,0.0,0.0,1.0,2026-10-10,2026-10-10T15:33:05-04:00,Batter damage by pitch type.
624431,jose trevino,R,FC,Cutter,1,1,0,0,0,0,0,0,0,95.8,95.8,-16.0,0.0,0.0,0.0,0.0,0.0,0.0,0.0,2026-10-10,2026-10-10T15:33:05-04:00,Batter damage by pitch type.
624431,jose trevino,R,FF,4-Seam Fastball,6,7,6,0,0,1,1,1,3,104.4,85.39,21.86,0.0,0.0,0.0,0.1667,0.1667,0.1429,0.4286,2026-10-10,2026-10-10T15:33:05-04:00,Batter damage by pitch type.
624431,jose trevino,R,SI,Sinker,2,4,1,0,0,0,0,1,1,100.5,85.92,-20.25,0.0,0.0,0.0,0.0,0.0,0.25,0.25,2026-10-10,2026-10-10T15:33:05-04:00,Batter damage by pitch type.
624431,jose trevino,R,SL,Slider,3,3,3,0,0,0,0,2,2,91.4,85.7,28.0,0.0,0.0,0.0,0.0,0.0,0.6667,0.6667,2026-10-10,2026-10-10T15:33:05-04:00,Batter damage by pitch type.
624431,jose trevino,R,ST,Sweeper,2,3,2,0,0,0,0,0,0,63.2,61.63,21.67,0.0,0.0,0.0,0.0,0.0,0.0,0.0,2026-10-10,2026-10-10T15:33:05-04:00,Batter damage by pitch type.
624641,edmundo sosa,R,CH,Changeup,6,5,3,1,0,1,0,2,1,106.9,91.14,25.2,0.1667,0.0,0.0,0.1667,0.0,0.4,0.2,2026-10-10,2026-10-10T15:33:05-04:00,Batter damage by pitch type.
624641,edmundo sosa,R,CU,Curveball,1,2,0,0,0,0,0,0,0,81.5,81.5,-31.5,0.0,0.0,0.0,0.0,0.0,0.0,0.0,2026-10-10,2026-10-10T15:33:05-04:00,Batter damage by pitch type.
624641,edmundo sosa,R,FC,Cutter,2,2,1,0,0,0,0,0,1,105.5,87.25,13.0,0.0,0.0,0.0,0.0,0.0,0.0,0.5,2026-10-10,2026-10-10T15:33:05-04:00,Batter damage by pitch type.
624641,edmundo sosa,R,FF,4-Seam Fastball,5,10,8,0,0,0,0,2,3,93.9,79.65,29.4,0.0,0.0,0.0,0.0,0.0,0.2,0.3,2026-10-10,2026-10-10T15:33:05-04:00,Batter damage by pitch type.
624641,edmundo sosa,R,FS,Split-Finger,1,1,1,0,0,0,0,0,1,84.2,84.2,30.0,0.0,0.0,0.0,0.0,0.0,0.0,1.0,2026-10-10,2026-10-10T15:33:05-04:00,Batter damage by pitch type.
624641,edmundo sosa,R,SI,Sinker,4,5,3,0,1,1,0,0,3,107.2,83.32,1.6,0.0,0.25,0.2,0.25,0.0,0.0,0.6,2026-10-10,2026-10-10T15:33:05-04:00,Batter damage by pitch type.
624641,edmundo sosa,R,SL,Slider,4,6,2,0,0,1,0,1,1,95.6,75.68,-4.67,0.0,0.0,0.0,0.25,0.0,0.1667,0.1667,2026-10-10,2026-10-10T15:33:05-04:00,Batter damage by pitch type.
624641,edmundo sosa,R,ST,Sweeper,2,2,1,1,0,1,0,0,1,98.0,96.05,10.5,0.5,0.0,0.0,0.5,0.0,0.0,0.5,2026-10-10,2026-10-10T15:33:05-04:00,Batter damage by pitch type.
630105,jake cronenworth,L,CH,Changeup,12,13,5,0,0,2,0,4,3,107.6,91.07,9.38,0.0,0.0,0.0,0.1667,0.0,0.3077,0.2308,2026-10-10,2026-10-10T15:33:05-04:00,Batter damage by pitch type.
630105,jake cronenworth,L,CU,Curveball,6,6,3,1,0,1,0,2,0,99.1,76.05,6.33,0.1667,0.0,0.0,0.1667,0.0,0.3333,0.0,2026-10-10,2026-10-10T15:33:05-04:00,Batter damage by pitch type.
630105,jake cronenworth,L,FC,Cutter,10,16,7,0,1,1,1,1,2,105.7,72.78,12.31,0.0,0.1,0.0625,0.1,0.1,0.0625,0.125,2026-10-10,2026-10-10T15:33:05-04:00,Batter damage by pitch type.
630105,jake cronenworth,L,FF,4-Seam Fastball,23,37,26,0,1,3,1,3,15,103.6,82.88,22.68,0.0,0.0435,0.027,0.1304,0.0435,0.0811,0.4054,2026-10-10,2026-10-10T15:33:05-04:00,Batter damage by pitch type.
630105,jake cronenworth,L,FS,Split-Finger,3,3,0,0,0,0,0,0,0,87.8,59.87,-22.0,0.0,0.0,0.0,0.0,0.0,0.0,0.0,2026-10-10,2026-10-10T15:33:05-04:00,Batter damage by pitch type.
630105,jake cronenworth,L,KC,Knuckle Curve,1,0,0,0,0,0,0,0,0,,,,0.0,0.0,,0.0,0.0,,,2026-10-10,2026-10-10T15:33:05-04:00,Batter damage by pitch type.
630105,jake cronenworth,L,SI,Sinker,8,10,6,0,0,1,0,0,2,101.4,85.4,20.6,0.0,0.0,0.0,0.125,0.0,0.0,0.2,2026-10-10,2026-10-10T15:33:05-04:00,Batter damage by pitch type.
630105,jake cronenworth,L,SL,Slider,14,15,12,1,1,2,1,4,5,100.5,77.59,29.6,0.0714,0.0714,0.0667,0.1429,0.0714,0.2667,0.3333,2026-10-10,2026-10-10T15:33:05-04:00,Batter damage by pitch type.
630105,jake cronenworth,L,ST,Sweeper,8,9,7,1,2,2,1,2,4,102.2,82.68,27.67,0.125,0.25,0.2222,0.25,0.125,0.2222,0.4444,2026-10-10,2026-10-10T15:33:05-04:00,Batter damage by pitch type.
630105,jake cronenworth,L,SV,Slurve,1,0,0,0,0,0,0,0,0,,,,0.0,0.0,,0.0,0.0,,,2026-10-10,2026-10-10T15:33:05-04:00,Batter damage by pitch type.
640459,brian navarreto,R,CH,Changeup,1,1,1,0,0,0,0,0,1,79.2,79.2,19.0,0.0,0.0,0.0,0.0,0.0,0.0,1.0,2026-10-10,2026-10-10T15:33:05-04:00,Batter damage by pitch type.
640459,brian navarreto,R,CU,Curveball,0,0,0,0,0,0,0,0,0,,,,,,,,,,,2026-10-10,2026-10-10T15:33:05-04:00,Batter damage by pitch type.
640459,brian navarreto,R,FF,4-Seam Fastball,4,4,4,0,0,1,0,0,2,95.7,85.5,45.5,0.0,0.0,0.0,0.25,0.0,0.0,0.5,2026-10-10,2026-10-10T15:33:05-04:00,Batter damage by pitch type.
640459,brian navarreto,R,FS,Split-Finger,0,1,1,0,0,1,1,0,0,100.5,100.5,34.0,,,0.0,,,0.0,0.0,2026-10-10,2026-10-10T15:33:05-04:00,Batter damage by pitch type.
640459,brian navarreto,R,SI,Sinker,1,2,0,0,0,0,0,0,0,78.6,64.95,-52.5,0.0,0.0,0.0,0.0,0.0,0.0,0.0,2026-10-10,2026-10-10T15:33:05-04:00,Batter damage by pitch type.
640459,brian navarreto,R,SL,Slider,1,1,0,0,0,0,0,0,0,62.1,62.1,-31.0,0.0,0.0,0.0,0.0,0.0,0.0,0.0,2026-10-10,2026-10-10T15:33:05-04:00,Batter damage by pitch type.
640902,jhonny pereda,R,CH,Changeup,1,1,1,0,0,0,0,0,0,68.0,68.0,63.0,0.0,0.0,0.0,0.0,0.0,0.0,0.0,2026-10-10,2026-10-10T15:33:05-04:00,Batter damage by pitch type.
640902,jhonny pereda,R,CU,Curveball,0,0,0,0,0,0,0,0,0,,,,,,,,,,,2026-10-10,2026-10-10T15:33:05-04:00,Batter damage by pitch type.
640902,jhonny pereda,R,FC,Cutter,1,1,0,0,0,0,0,0,1,82.9,82.9,9.0,0.0,0.0,0.0,0.0,0.0,0.0,1.0,2026-10-10,2026-10-10T15:33:05-04:00,Batter damage by pitch type.
640902,jhonny pereda,R,FF,4-Seam Fastball,5,9,8,0,0,0,0,1,4,93.0,76.91,23.89,0.0,0.0,0.0,0.0,0.0,0.1111,0.4444,2026-10-10,2026-10-10T15:33:05-04:00,Batter damage by pitch type.
640902,jhonny pereda,R,FS,Split-Finger,0,0,0,0,0,0,0,0,0,,,,,,,,,,,2026-10-10,2026-10-10T15:33:05-04:00,Batter damage by pitch type.
640902,jhonny pereda,R,SI,Sinker,0,0,0,0,0,0,0,0,0,,,,,,,,,,,2026-10-10,2026-10-10T15:33:05-04:00,Batter damage by pitch type.
640902,jhonny pereda,R,SL,Slider,5,4,3,0,0,1,0,2,2,95.4,85.75,9.0,0.0,0.0,0.0,0.2,0.0,0.5,0.5,2026-10-10,2026-10-10T15:33:05-04:00,Batter damage by pitch type.
640902,jhonny pereda,R,ST,Sweeper,0,0,0,0,0,0,0,0,0,,,,,,,,,,,2026-10-10,2026-10-10T15:33:05-04:00,Batter damage by pitch type.
641343,jake bauers,L,CH,Changeup,5,3,2,0,0,0,0,0,1,95.3,67.67,23.67,0.0,0.0,0.0,0.0,0.0,0.0,0.3333,2026-10-10,2026-10-10T15:33:05-04:00,Batter damage by pitch type.
641343,jake bauers,L,CU,Curveball,3,5,2,0,0,1,1,0,0,106.8,84.64,5.6,0.0,0.0,0.0,0.3333,0.3333,0.0,0.0,2026-10-10,2026-10-10T15:33:05-04:00,Batter damage by pitch type.
641343,jake bauers,L,EP,Eephus,1,1,0,0,0,0,0,0,0,89.3,89.3,5.0,0.0,0.0,0.0,0.0,0.0,0.0,0.0,2026-10-10,2026-10-10T15:33:05-04:00,Batter damage by pitch type.
641343,jake bauers,L,FA,Other,0,0,0,0,0,0,0,0,0,,,,,,,,,,,2026-10-10,2026-10-10T15:33:05-04:00,Batter damage by pitch type.
641343,jake bauers,L,FC,Cutter,4,4,3,0,0,1,0,1,2,97.6,84.65,24.0,0.0,0.0,0.0,0.25,0.0,0.25,0.5,2026-10-10,2026-10-10T15:33:05-04:00,Batter damage by pitch type.
641343,jake bauers,L,FF,4-Seam Fastball,22,31,24,2,3,8,2,6,11,115.0,80.41,26.1,0.0909,0.1364,0.0968,0.3636,0.0909,0.1935,0.3548,2026-10-10,2026-10-10T15:33:05-04:00,Batter damage by pitch type.
641343,jake bauers,L,FS,Split-Finger,2,1,1,0,0,0,0,0,0,82.1,82.1,78.0,0.0,0.0,0.0,0.0,0.0,0.0,0.0,2026-10-10,2026-10-10T15:33:05-04:00,Batter damage by pitch type.
641343,jake bauers,L,KC,Knuckle Curve,1,2,0,0,0,0,0,0,0,102.2,79.2,-18.5,0.0,0.0,0.0,0.0,0.0,0.0,0.0,2026-10-10,2026-10-10T15:33:05-04:00,Batter damage by pitch type.
641343,jake bauers,L,KN,Knuckleball,0,0,0,0,0,0,0,0,0,,,,,,,,,,,2026-10-10,2026-10-10T15:33:05-04:00,Batter damage by pitch type.
641343,jake bauers,L,SI,Sinker,15,15,5,0,2,2,1,2,6,108.7,88.92,2.8,0.0,0.1333,0.1333,0.1333,0.0667,0.1333,0.4,2026-10-10,2026-10-10T15:33:05-04:00,Batter damage by pitch type.
641343,jake bauers,L,SL,Slider,15,5,4,0,0,1,0,1,3,97.1,89.56,22.6,0.0,0.0,0.0,0.0667,0.0,0.2,0.6,2026-10-10,2026-10-10T15:33:05-04:00,Batter damage by pitch type.
641343,jake bauers,L,ST,Sweeper,5,3,2,0,0,0,0,0,1,84.2,79.2,23.67,0.0,0.0,0.0,0.0,0.0,0.0,0.3333,2026-10-10,2026-10-10T15:33:05-04:00,Batter damage by pitch type.
641355,cody bellinger,L,CH,Changeup,9,13,7,1,0,2,0,4,5,98.9,80.37,0.62,0.1111,0.0,0.0,0.2222,0.0,0.3077,0.3846,2026-10-10,2026-10-10T15:33:05-04:00,Batter damage by pitch type.
641355,cody bellinger,L,CU,Curveball,8,9,5,1,1,3,1,2,2,104.6,86.51,12.44,0.125,0.125,0.1111,0.375,0.125,0.2222,0.2222,2026-10-10,2026-10-10T15:33:05-04:00,Batter damage by pitch type.
641355,cody bellinger,L,FC,Cutter,8,16,11,0,0,3,0,6,6,102.8,82.81,15.44,0.0,0.0,0.0,0.375,0.0,0.375,0.375,2026-10-10,2026-10-10T15:33:05-04:00,Batter damage by pitch type.
641355,cody bellinger,L,FF,4-Seam Fastball,22,37,32,2,3,7,2,6,14,103.9,84.97,32.41,0.0909,0.1364,0.0811,0.3182,0.0909,0.1622,0.3784,2026-10-10,2026-10-10T15:33:05-04:00,Batter damage by pitch type.
641355,cody bellinger,L,FS,Split-Finger,7,6,2,0,0,0,0,1,0,93.0,82.25,11.33,0.0,0.0,0.0,0.0,0.0,0.1667,0.0,2026-10-10,2026-10-10T15:33:05-04:00,Batter damage by pitch type.
641355,cody bellinger,L,KC,Knuckle Curve,1,1,0,0,0,0,0,0,0,62.0,62.0,-38.0,0.0,0.0,0.0,0.0,0.0,0.0,0.0,2026-10-10,2026-10-10T15:33:05-04:00,Batter damage by pitch type.
641355,cody bellinger,L,SI,Sinker,16,19,13,1,2,2,2,5,4,108.4,84.51,24.16,0.0625,0.125,0.1053,0.125,0.125,0.2632,0.2105,2026-10-10,2026-10-10T15:33:05-04:00,Batter damage by pitch type.
641355,cody bellinger,L,SL,Slider,4,7,5,0,0,0,0,3,3,88.1,79.4,21.29,0.0,0.0,0.0,0.0,0.0,0.4286,0.4286,2026-10-10,2026-10-10T15:33:05-04:00,Batter damage by pitch type.
641355,cody bellinger,L,ST,Sweeper,6,7,4,0,0,3,0,2,0,101.5,85.93,13.43,0.0,0.0,0.0,0.5,0.0,0.2857,0.0,2026-10-10,2026-10-10T15:33:05-04:00,Batter damage by pitch type.
641487,j. p. crawford,L,CH,Changeup,0,1,0,0,0,0,0,0,0,95.2,95.2,-4.0,,,0.0,,,0.0,0.0,2026-10-10,2026-10-10T15:33:05-04:00,Batter damage by pitch type.
641487,j. p. crawford,L,CU,Curveball,3,5,4,0,0,1,1,0,3,100.6,86.8,26.4,0.0,0.0,0.0,0.3333,0.3333,0.0,0.6,2026-10-10,2026-10-10T15:33:05-04:00,Batter damage by pitch type.
641487,j. p. crawford,L,FA,Other,1,1,0,0,0,0,0,0,0,92.5,92.5,-5.0,0.0,0.0,0.0,0.0,0.0,0.0,0.0,2026-10-10,2026-10-10T15:33:05-04:00,Batter damage by pitch type.
641487,j. p. crawford,L,FC,Cutter,9,12,6,0,0,0,0,2,0,99.5,74.62,17.0,0.0,0.0,0.0,0.0,0.0,0.1667,0.0,2026-10-10,2026-10-10T15:33:05-04:00,Batter damage by pitch type.
641487,j. p. crawford,L,FF,4-Seam Fastball,23,33,22,1,2,5,1,5,11,106.2,84.06,21.09,0.0435,0.087,0.0606,0.2174,0.0435,0.1515,0.3333,2026-10-10,2026-10-10T15:33:05-04:00,Batter damage by pitch type.
641487,j. p. crawford,L,FS,Split-Finger,2,1,0,0,0,0,0,0,0,90.9,90.9,4.0,0.0,0.0,0.0,0.0,0.0,0.0,0.0,2026-10-10,2026-10-10T15:33:05-04:00,Batter damage by pitch type.
641487,j. p. crawford,L,SI,Sinker,11,15,7,1,1,1,1,3,1,104.5,79.83,2.13,0.0909,0.0909,0.0667,0.0909,0.0909,0.2,0.0667,2026-10-10,2026-10-10T15:33:05-04:00,Batter damage by pitch type.
641487,j. p. crawford,L,SL,Slider,9,10,7,1,1,1,1,3,3,104.5,81.49,25.5,0.1111,0.1111,0.1,0.1111,0.1111,0.3,0.3,2026-10-10,2026-10-10T15:33:05-04:00,Batter damage by pitch type.
641487,j. p. crawford,L,ST,Sweeper,10,9,6,1,1,2,1,5,4,101.0,87.83,16.11,0.1,0.1,0.1111,0.2,0.1,0.5556,0.4444,2026-10-10,2026-10-10T15:33:05-04:00,Batter damage by pitch type.
641487,j. p. crawford,L,SV,Slurve,2,0,0,0,0,0,0,0,0,,,,0.0,0.0,,0.0,0.0,,,2026-10-10,2026-10-10T15:33:05-04:00,Batter damage by pitch type.
641584,jake fraley,L,CH,Changeup,1,3,1,0,0,0,0,0,1,91.7,80.73,-14.67,0.0,0.0,0.0,0.0,0.0,0.0,0.3333,2026-10-10,2026-10-10T15:33:05-04:00,Batter damage by pitch type.
641584,jake fraley,L,FC,Cutter,1,0,0,0,0,0,0,0,0,,,,0.0,0.0,,0.0,0.0,,,2026-10-10,2026-10-10T15:33:05-04:00,Batter damage by pitch type.
641584,jake fraley,L,FF,4-Seam Fastball,2,5,5,0,0,0,0,0,2,78.8,70.64,47.4,0.0,0.0,0.0,0.0,0.0,0.0,0.4,2026-10-10,2026-10-10T15:33:05-04:00,Batter damage by pitch type.
641584,jake fraley,L,FS,Split-Finger,1,0,0,0,0,0,0,0,0,,,,0.0,0.0,,0.0,0.0,,,2026-10-10,2026-10-10T15:33:05-04:00,Batter damage by pitch type.
641584,jake fraley,L,SI,Sinker,2,2,1,0,0,1,0,0,1,97.9,89.5,11.5,0.0,0.0,0.0,0.5,0.0,0.0,0.5,2026-10-10,2026-10-10T15:33:05-04:00,Batter damage by pitch type.
641584,jake fraley,L,ST,Sweeper,0,1,1,0,0,0,0,0,1,60.3,60.3,16.0,,,0.0,,,0.0,1.0,2026-10-10,2026-10-10T15:33:05-04:00,Batter damage by pitch type.
641680,jonah heim,R,CH,Changeup,0,3,2,0,0,0,0,0,1,75.9,58.27,11.0,,,0.0,,,0.0,0.3333,2026-10-10,2026-10-10T15:33:05-04:00,Batter damage by pitch type.
641680,jonah heim,R,CU,Curveball,4,3,1,0,0,0,0,0,0,95.5,80.13,-3.67,0.0,0.0,0.0,0.0,0.0,0.0,0.0,2026-10-10,2026-10-10T15:33:05-04:00,Batter damage by pitch type.
641680,jonah heim,R,FC,Cutter,2,3,2,0,0,0,0,0,1,95.5,87.3,22.67,0.0,0.0,0.0,0.0,0.0,0.0,0.3333,2026-10-10,2026-10-10T15:33:05-04:00,Batter damage by pitch type.
641680,jonah heim,R,FF,4-Seam Fastball,10,13,9,0,0,3,0,0,6,105.6,85.38,15.62,0.0,0.0,0.0,0.3,0.0,0.0,0.4615,2026-10-10,2026-10-10T15:33:05-04:00,Batter damage by pitch type.
641680,jonah heim,R,FS,Split-Finger,0,0,0,0,0,0,0,0,0,,,,,,,,,,,2026-10-10,2026-10-10T15:33:05-04:00,Batter damage by pitch type.
641680,jonah heim,R,KC,Knuckle Curve,0,1,1,0,0,1,0,0,1,107.2,107.2,14.0,,,0.0,,,0.0,1.0,2026-10-10,2026-10-10T15:33:05-04:00,Batter damage by pitch type.
641680,jonah heim,R,SI,Sinker,7,6,4,0,0,0,0,1,3,95.8,77.22,13.67,0.0,0.0,0.0,0.0,0.0,0.1667,0.5,2026-10-10,2026-10-10T15:33:05-04:00,Batter damage by pitch type.
641680,jonah heim,R,SL,Slider,9,13,6,0,0,3,0,0,3,105.9,78.18,8.38,0.0,0.0,0.0,0.3333,0.0,0.0,0.2308,2026-10-10,2026-10-10T15:33:05-04:00,Batter damage by pitch type.
641680,jonah heim,R,ST,Sweeper,5,6,3,0,0,0,0,0,1,91.9,77.95,8.17,0.0,0.0,0.0,0.0,0.0,0.0,0.1667,2026-10-10,2026-10-10T15:33:05-04:00,Batter damage by pitch type.
641680,jonah heim,R,SV,Slurve,1,1,0,0,0,0,0,0,0,93.3,93.3,-24.0,0.0,0.0,0.0,0.0,0.0,0.0,0.0,2026-10-10,2026-10-10T15:33:05-04:00,Batter damage by pitch type.
641857,ryan mcmahon,L,CH,Changeup,4,4,0,0,0,0,0,0,1,99.4,76.03,-19.0,0.0,0.0,0.0,0.0,0.0,0.0,0.25,2026-10-10,2026-10-10T15:33:05-04:00,Batter damage by pitch type.
641857,ryan mcmahon,L,CU,Curveball,2,3,0,0,0,0,0,0,0,85.8,75.73,-9.67,0.0,0.0,0.0,0.0,0.0,0.0,0.0,2026-10-10,2026-10-10T15:33:05-04:00,Batter damage by pitch type.
641857,ryan mcmahon,L,FC,Cutter,5,6,2,0,0,1,0,2,0,110.7,79.27,20.0,0.0,0.0,0.0,0.2,0.0,0.3333,0.0,2026-10-10,2026-10-10T15:33:05-04:00,Batter damage by pitch type.
641857,ryan mcmahon,L,FF,4-Seam Fastball,19,30,26,1,2,4,0,5,8,109.1,83.83,41.7,0.0526,0.1053,0.0667,0.2105,0.0,0.1667,0.2667,2026-10-10,2026-10-10T15:33:05-04:00,Batter damage by pitch type.
641857,ryan mcmahon,L,FS,Split-Finger,0,1,0,0,0,0,0,0,0,40.7,40.7,-3.0,,,0.0,,,0.0,0.0,2026-10-10,2026-10-10T15:33:05-04:00,Batter damage by pitch type.
641857,ryan mcmahon,L,KC,Knuckle Curve,1,0,0,0,0,0,0,0,0,,,,0.0,0.0,,0.0,0.0,,,2026-10-10,2026-10-10T15:33:05-04:00,Batter damage by pitch type.
641857,ryan mcmahon,L,SI,Sinker,5,8,5,0,0,0,0,1,2,88.6,68.03,14.25,0.0,0.0,0.0,0.0,0.0,0.125,0.25,2026-10-10,2026-10-10T15:33:05-04:00,Batter damage by pitch type.
641857,ryan mcmahon,L,SL,Slider,5,4,3,0,0,1,0,0,0,99.9,88.62,29.25,0.0,0.0,0.0,0.2,0.0,0.0,0.0,2026-10-10,2026-10-10T15:33:05-04:00,Batter damage by pitch type.
641857,ryan mcmahon,L,ST,Sweeper,2,1,0,0,0,0,0,0,1,99.7,99.7,8.0,0.0,0.0,0.0,0.0,0.0,0.0,1.0,2026-10-10,2026-10-10T15:33:05-04:00,Batter damage by pitch type.
642086,dominic smith,L,CH,Changeup,1,1,1,0,0,0,0,1,0,72.4,72.4,7.0,0.0,0.0,0.0,0.0,0.0,1.0,0.0,2026-10-10,2026-10-10T15:33:05-04:00,Batter damage by pitch type.
642086,dominic smith,L,CU,Curveball,0,1,0,0,0,0,0,0,0,90.5,90.5,-29.0,,,0.0,,,0.0,0.0,2026-10-10,2026-10-10T15:33:05-04:00,Batter damage by pitch type.
642086,dominic smith,L,FC,Cutter,1,2,1,0,0,0,0,0,0,80.7,79.5,23.5,0.0,0.0,0.0,0.0,0.0,0.0,0.0,2026-10-10,2026-10-10T15:33:05-04:00,Batter damage by pitch type.
642086,dominic smith,L,FF,4-Seam Fastball,6,6,5,0,0,0,0,2,3,104.9,85.33,30.17,0.0,0.0,0.0,0.0,0.0,0.3333,0.5,2026-10-10,2026-10-10T15:33:05-04:00,Batter damage by pitch type.
642086,dominic smith,L,FS,Split-Finger,4,3,3,1,1,2,1,2,2,104.9,92.23,32.67,0.25,0.25,0.3333,0.5,0.25,0.6667,0.6667,2026-10-10,2026-10-10T15:33:05-04:00,Batter damage by pitch type.
642086,dominic smith,L,KC,Knuckle Curve,0,1,1,0,0,0,0,0,0,73.0,73.0,47.0,,,0.0,,,0.0,0.0,2026-10-10,2026-10-10T15:33:05-04:00,Batter damage by pitch type.
642086,dominic smith,L,SI,Sinker,2,1,1,0,0,0,0,1,1,67.1,67.1,11.0,0.0,0.0,0.0,0.0,0.0,1.0,1.0,2026-10-10,2026-10-10T15:33:05-04:00,Batter damage by pitch type.
642086,dominic smith,L,SL,Slider,1,0,0,0,0,0,0,0,0,,,,0.0,0.0,,0.0,0.0,,,2026-10-10,2026-10-10T15:33:05-04:00,Batter damage by pitch type.
642086,dominic smith,L,ST,Sweeper,0,0,0,0,0,0,0,0,0,,,,,,,,,,,2026-10-10,2026-10-10T15:33:05-04:00,Batter damage by pitch type.
642133,rowdy tellez,L,FF,4-Seam Fastball,3,1,1,0,0,0,0,0,1,78.6,78.6,13.0,0.0,0.0,0.0,0.0,0.0,0.0,1.0,2026-10-10,2026-10-10T15:33:05-04:00,Batter damage by pitch type.
642133,rowdy tellez,L,FS,Split-Finger,0,0,0,0,0,0,0,0,0,,,,,,,,,,,2026-10-10,2026-10-10T15:33:05-04:00,Batter damage by pitch type.
642133,rowdy tellez,L,SL,Slider,0,1,1,0,0,0,0,0,1,48.8,48.8,16.0,,,0.0,,,0.0,1.0,2026-10-10,2026-10-10T15:33:05-04:00,Batter damage by pitch type.
642133,rowdy tellez,L,ST,Sweeper,1,1,1,0,0,1,0,1,1,107.7,107.7,13.0,0.0,0.0,0.0,1.0,0.0,1.0,1.0,2026-10-10,2026-10-10T15:33:05-04:00,Batter damage by pitch type.
642215,weston wilson,R,CH,Changeup,4,5,3,0,0,1,0,2,2,97.0,85.98,12.0,0.0,0.0,0.0,0.25,0.0,0.4,0.4,2026-10-10,2026-10-10T15:33:05-04:00,Batter damage by pitch type.
642215,weston wilson,R,CU,Curveball,3,4,0,0,0,0,0,0,0,74.7,62.22,-45.25,0.0,0.0,0.0,0.0,0.0,0.0,0.0,2026-10-10,2026-10-10T15:33:05-04:00,Batter damage by pitch type.
642215,weston wilson,R,FA,Other,1,1,0,0,0,0,0,0,0,94.4,94.4,6.0,0.0,0.0,0.0,0.0,0.0,0.0,0.0,2026-10-10,2026-10-10T15:33:05-04:00,Batter damage by pitch type.
642215,weston wilson,R,FC,Cutter,1,7,5,0,0,1,1,0,2,104.7,82.44,30.57,0.0,0.0,0.0,1.0,1.0,0.0,0.2857,2026-10-10,2026-10-10T15:33:05-04:00,Batter damage by pitch type.
642215,weston wilson,R,FF,4-Seam Fastball,14,19,15,0,0,2,0,2,7,100.8,81.95,22.79,0.0,0.0,0.0,0.1429,0.0,0.1053,0.3684,2026-10-10,2026-10-10T15:33:05-04:00,Batter damage by pitch type.
642215,weston wilson,R,FS,Split-Finger,0,0,0,0,0,0,0,0,0,,,,,,,,,,,2026-10-10,2026-10-10T15:33:05-04:00,Batter damage by pitch type.
642215,weston wilson,R,SI,Sinker,2,4,4,0,0,0,0,0,2,86.6,76.55,47.0,0.0,0.0,0.0,0.0,0.0,0.0,0.5,2026-10-10,2026-10-10T15:33:05-04:00,Batter damage by pitch type.
642215,weston wilson,R,SL,Slider,5,8,5,0,0,1,0,2,1,95.4,76.12,12.0,0.0,0.0,0.0,0.2,0.0,0.25,0.125,2026-10-10,2026-10-10T15:33:05-04:00,Batter damage by pitch type.
642215,weston wilson,R,ST,Sweeper,2,1,0,0,0,0,0,0,0,29.9,29.9,-4.0,0.0,0.0,0.0,0.0,0.0,0.0,0.0,2026-10-10,2026-10-10T15:33:05-04:00,Batter damage by pitch type.
642350,josé siri,R,CH,Changeup,3,3,2,0,0,1,0,1,0,99.6,91.03,32.33,0.0,0.0,0.0,0.3333,0.0,0.3333,0.0,2026-10-10,2026-10-10T15:33:05-04:00,Batter damage by pitch type.
642350,josé siri,R,CU,Curveball,6,4,2,0,0,0,0,1,0,93.0,72.65,11.5,0.0,0.0,0.0,0.0,0.0,0.25,0.0,2026-10-10,2026-10-10T15:33:05-04:00,Batter damage by pitch type.
642350,josé siri,R,FC,Cutter,3,1,0,0,0,0,0,0,1,52.3,52.3,9.0,0.0,0.0,0.0,0.0,0.0,0.0,1.0,2026-10-10,2026-10-10T15:33:05-04:00,Batter damage by pitch type.
642350,josé siri,R,FF,4-Seam Fastball,16,22,18,1,1,4,2,5,7,108.2,80.22,27.14,0.0625,0.0625,0.0455,0.25,0.125,0.2273,0.3182,2026-10-10,2026-10-10T15:33:05-04:00,Batter damage by pitch type.
642350,josé siri,R,FS,Split-Finger,0,1,1,0,0,0,0,0,0,57.5,57.5,56.0,,,0.0,,,0.0,0.0,2026-10-10,2026-10-10T15:33:05-04:00,Batter damage by pitch type.
642350,josé siri,R,SI,Sinker,5,5,3,0,0,1,0,1,1,95.1,72.68,1.2,0.0,0.0,0.0,0.2,0.0,0.2,0.2,2026-10-10,2026-10-10T15:33:05-04:00,Batter damage by pitch type.
642350,josé siri,R,SL,Slider,9,8,6,1,1,2,1,3,5,102.5,88.46,19.88,0.1111,0.1111,0.125,0.2222,0.1111,0.375,0.625,2026-10-10,2026-10-10T15:33:05-04:00,Batter damage by pitch type.
642350,josé siri,R,ST,Sweeper,2,1,0,0,0,0,0,0,0,72.2,72.2,-46.0,0.0,0.0,0.0,0.0,0.0,0.0,0.0,2026-10-10,2026-10-10T15:33:05-04:00,Batter damage by pitch type.
642708,amed rosario,R,CH,Changeup,4,5,2,0,0,1,0,1,1,104.3,77.3,4.6,0.0,0.0,0.0,0.25,0.0,0.2,0.2,2026-10-10,2026-10-10T15:33:05-04:00,Batter damage by pitch type.
642708,amed rosario,R,CU,Curveball,1,3,1,0,0,0,0,0,0,105.1,82.17,9.33,0.0,0.0,0.0,0.0,0.0,0.0,0.0,2026-10-10,2026-10-10T15:33:05-04:00,Batter damage by pitch type.
642708,amed rosario,R,FC,Cutter,3,2,2,0,0,0,0,0,0,88.4,81.2,43.0,0.0,0.0,0.0,0.0,0.0,0.0,0.0,2026-10-10,2026-10-10T15:33:05-04:00,Batter damage by pitch type.
642708,amed rosario,R,FF,4-Seam Fastball,6,11,11,0,1,1,1,2,6,104.6,79.84,32.73,0.0,0.1667,0.0909,0.1667,0.1667,0.1818,0.5455,2026-10-10,2026-10-10T15:33:05-04:00,Batter damage by pitch type.
642708,amed rosario,R,SI,Sinker,3,6,3,0,0,0,0,0,1,90.2,73.15,-1.5,0.0,0.0,0.0,0.0,0.0,0.0,0.1667,2026-10-10,2026-10-10T15:33:05-04:00,Batter damage by pitch type.
642708,amed rosario,R,SL,Slider,1,1,1,0,0,0,0,0,0,88.8,88.8,43.0,0.0,0.0,0.0,0.0,0.0,0.0,0.0,2026-10-10,2026-10-10T15:33:05-04:00,Batter damage by pitch type.
642708,amed rosario,R,ST,Sweeper,1,0,0,0,0,0,0,0,0,,,,0.0,0.0,,0.0,0.0,,,2026-10-10,2026-10-10T15:33:05-04:00,Batter damage by pitch type.
643217,andrew benintendi,L,CH,Changeup,8,13,7,0,0,1,0,2,3,99.3,79.95,11.31,0.0,0.0,0.0,0.125,0.0,0.1538,0.2308,2026-10-10,2026-10-10T15:33:05-04:00,Batter damage by pitch type.
643217,andrew benintendi,L,CU,Curveball,2,3,2,0,0,0,0,1,0,92.6,84.57,21.67,0.0,0.0,0.0,0.0,0.0,0.3333,0.0,2026-10-10,2026-10-10T15:33:05-04:00,Batter damage by pitch type.
643217,andrew benintendi,L,FC,Cutter,1,4,2,0,0,1,0,1,1,100.7,92.23,6.25,0.0,0.0,0.0,1.0,0.0,0.25,0.25,2026-10-10,2026-10-10T15:33:05-04:00,Batter damage by pitch type.
643217,andrew benintendi,L,FF,4-Seam Fastball,12,15,10,0,0,2,0,1,2,101.7,86.04,30.13,0.0,0.0,0.0,0.1667,0.0,0.0667,0.1333,2026-10-10,2026-10-10T15:33:05-04:00,Batter damage by pitch type.
643217,andrew benintendi,L,FS,Split-Finger,2,3,3,0,0,0,0,0,0,72.7,68.53,57.67,0.0,0.0,0.0,0.0,0.0,0.0,0.0,2026-10-10,2026-10-10T15:33:05-04:00,Batter damage by pitch type.
643217,andrew benintendi,L,KC,Knuckle Curve,3,2,2,0,0,1,0,1,2,101.1,89.7,21.5,0.0,0.0,0.0,0.3333,0.0,0.5,1.0,2026-10-10,2026-10-10T15:33:05-04:00,Batter damage by pitch type.
643217,andrew benintendi,L,SI,Sinker,5,6,5,0,0,1,1,1,1,100.0,84.3,37.33,0.0,0.0,0.0,0.2,0.2,0.1667,0.1667,2026-10-10,2026-10-10T15:33:05-04:00,Batter damage by pitch type.
643217,andrew benintendi,L,SL,Slider,9,7,5,1,1,1,1,4,1,102.4,84.56,22.71,0.1111,0.1111,0.1429,0.1111,0.1111,0.5714,0.1429,2026-10-10,2026-10-10T15:33:05-04:00,Batter damage by pitch type.
643217,andrew benintendi,L,ST,Sweeper,2,2,2,0,0,0,0,1,1,84.2,74.65,36.5,0.0,0.0,0.0,0.0,0.0,0.5,0.5,2026-10-10,2026-10-10T15:33:05-04:00,Batter damage by pitch type.
643289,mauricio dubón,R,CH,Changeup,10,12,6,0,1,2,1,3,3,100.6,76.72,11.33,0.0,0.1,0.0833,0.2,0.1,0.25,0.25,2026-10-10,2026-10-10T15:33:05-04:00,Batter damage by pitch type.
643289,mauricio dubón,R,CU,Curveball,1,3,2,0,0,0,0,0,1,82.5,69.87,8.33,0.0,0.0,0.0,0.0,0.0,0.0,0.3333,2026-10-10,2026-10-10T15:33:05-04:00,Batter damage by pitch type.
643289,mauricio dubón,R,EP,Eephus,1,0,0,0,0,0,0,0,0,,,,0.0,0.0,,0.0,0.0,,,2026-10-10,2026-10-10T15:33:05-04:00,Batter damage by pitch type.
643289,mauricio dubón,R,FC,Cutter,5,7,2,0,0,0,0,0,3,93.1,79.7,4.29,0.0,0.0,0.0,0.0,0.0,0.0,0.4286,2026-10-10,2026-10-10T15:33:05-04:00,Batter damage by pitch type.
643289,mauricio dubón,R,FF,4-Seam Fastball,31,43,33,0,1,2,0,0,13,104.5,80.43,28.77,0.0,0.0323,0.0233,0.0645,0.0,0.0,0.3023,2026-10-10,2026-10-10T15:33:05-04:00,Batter damage by pitch type.
643289,mauricio dubón,R,FS,Split-Finger,8,11,6,0,0,0,0,3,4,100.6,79.24,8.73,0.0,0.0,0.0,0.0,0.0,0.2727,0.3636,2026-10-10,2026-10-10T15:33:05-04:00,Batter damage by pitch type.
643289,mauricio dubón,R,KC,Knuckle Curve,1,2,0,0,0,0,0,0,0,71.9,62.8,-54.0,0.0,0.0,0.0,0.0,0.0,0.0,0.0,2026-10-10,2026-10-10T15:33:05-04:00,Batter damage by pitch type.
643289,mauricio dubón,R,SI,Sinker,18,28,18,0,0,3,0,1,10,105.6,83.79,17.0,0.0,0.0,0.0,0.1667,0.0,0.0357,0.3571,2026-10-10,2026-10-10T15:33:05-04:00,Batter damage by pitch type.
643289,mauricio dubón,R,SL,Slider,9,14,8,0,0,1,0,2,4,104.8,79.66,8.29,0.0,0.0,0.0,0.1111,0.0,0.1429,0.2857,2026-10-10,2026-10-10T15:33:05-04:00,Batter damage by pitch type.
643289,mauricio dubón,R,ST,Sweeper,9,14,11,1,1,1,1,4,5,101.8,77.61,31.14,0.1111,0.1111,0.0714,0.1111,0.1111,0.2857,0.3571,2026-10-10,2026-10-10T15:33:05-04:00,Batter damage by pitch type.
643289,mauricio dubón,R,SV,Slurve,0,0,0,0,0,0,0,0,0,,,,,,,,,,,2026-10-10,2026-10-10T15:33:05-04:00,Batter damage by pitch type.
643376,danny jansen,R,CH,Changeup,7,6,4,1,1,1,1,3,3,101.4,88.47,15.0,0.1429,0.1429,0.1667,0.1429,0.1429,0.5,0.5,2026-10-10,2026-10-10T15:33:05-04:00,Batter damage by pitch type.
643376,danny jansen,R,CU,Curveball,0,0,0,0,0,0,0,0,0,,,,,,,,,,,2026-10-10,2026-10-10T15:33:05-04:00,Batter damage by pitch type.
643376,danny jansen,R,FC,Cutter,9,10,8,0,0,3,0,6,2,96.8,85.29,29.6,0.0,0.0,0.0,0.3333,0.0,0.6,0.2,2026-10-10,2026-10-10T15:33:05-04:00,Batter damage by pitch type.
643376,danny jansen,R,FF,4-Seam Fastball,9,15,12,0,0,3,1,2,2,103.9,84.29,30.4,0.0,0.0,0.0,0.3333,0.1111,0.1333,0.1333,2026-10-10,2026-10-10T15:33:05-04:00,Batter damage by pitch type.
643376,danny jansen,R,KC,Knuckle Curve,1,1,0,0,0,0,0,0,0,83.5,83.5,7.0,0.0,0.0,0.0,0.0,0.0,0.0,0.0,2026-10-10,2026-10-10T15:33:05-04:00,Batter damage by pitch type.
643376,danny jansen,R,SI,Sinker,9,8,3,0,0,1,0,1,1,101.6,84.39,-1.75,0.0,0.0,0.0,0.1111,0.0,0.125,0.125,2026-10-10,2026-10-10T15:33:05-04:00,Batter damage by pitch type.
643376,danny jansen,R,SL,Slider,5,4,3,1,0,2,0,2,2,104.4,75.62,22.75,0.2,0.0,0.0,0.4,0.0,0.5,0.5,2026-10-10,2026-10-10T15:33:05-04:00,Batter damage by pitch type.
643376,danny jansen,R,ST,Sweeper,8,7,6,0,0,0,0,3,3,94.1,80.81,36.29,0.0,0.0,0.0,0.0,0.0,0.4286,0.4286,2026-10-10,2026-10-10T15:33:05-04:00,Batter damage by pitch type.
643396,isiah kiner-falefa,R,CH,Changeup,2,5,2,0,0,0,0,0,2,87.9,71.88,-19.4,0.0,0.0,0.0,0.0,0.0,0.0,0.4,2026-10-10,2026-10-10T15:33:05-04:00,Batter damage by pitch type.
643396,isiah kiner-falefa,R,CU,Curveball,5,3,3,0,0,1,0,2,0,95.8,83.73,30.33,0.0,0.0,0.0,0.2,0.0,0.6667,0.0,2026-10-10,2026-10-10T15:33:05-04:00,Batter damage by pitch type.
643396,isiah kiner-falefa,R,FC,Cutter,1,4,2,0,0,0,0,0,0,99.8,80.88,25.75,0.0,0.0,0.0,0.0,0.0,0.0,0.0,2026-10-10,2026-10-10T15:33:05-04:00,Batter damage by pitch type.
643396,isiah kiner-falefa,R,FF,4-Seam Fastball,13,19,14,0,0,0,0,1,7,91.7,66.95,24.53,0.0,0.0,0.0,0.0,0.0,0.0526,0.3684,2026-10-10,2026-10-10T15:33:05-04:00,Batter damage by pitch type.
643396,isiah kiner-falefa,R,FS,Split-Finger,0,0,0,0,0,0,0,0,0,,,,,,,,,,,2026-10-10,2026-10-10T15:33:05-04:00,Batter damage by pitch type.
643396,isiah kiner-falefa,R,SI,Sinker,7,6,0,0,0,0,0,0,0,76.0,60.53,-34.83,0.0,0.0,0.0,0.0,0.0,0.0,0.0,2026-10-10,2026-10-10T15:33:05-04:00,Batter damage by pitch type.
643396,isiah kiner-falefa,R,SL,Slider,1,2,1,0,0,1,0,0,1,101.9,75.95,-15.5,0.0,0.0,0.0,1.0,0.0,0.0,0.5,2026-10-10,2026-10-10T15:33:05-04:00,Batter damage by pitch type.
643396,isiah kiner-falefa,R,ST,Sweeper,4,4,1,0,0,0,0,0,0,103.3,80.2,4.25,0.0,0.0,0.0,0.0,0.0,0.0,0.0,2026-10-10,2026-10-10T15:33:05-04:00,Batter damage by pitch type.
643446,jeff mcneil,L,CH,Changeup,5,4,3,0,0,1,0,2,2,104.7,86.03,22.75,0.0,0.0,0.0,0.2,0.0,0.5,0.5,2026-10-10,2026-10-10T15:33:05-04:00,Batter damage by pitch type.
643446,jeff mcneil,L,CU,Curveball,1,3,0,0,0,0,0,0,0,90.5,76.97,-26.33,0.0,0.0,0.0,0.0,0.0,0.0,0.0,2026-10-10,2026-10-10T15:33:05-04:00,Batter damage by pitch type.
643446,jeff mcneil,L,FC,Cutter,7,10,9,0,0,0,0,2,5,93.2,74.54,30.9,0.0,0.0,0.0,0.0,0.0,0.2,0.5,2026-10-10,2026-10-10T15:33:05-04:00,Batter damage by pitch type.
643446,jeff mcneil,L,FF,4-Seam Fastball,20,31,24,1,0,4,0,7,12,104.4,81.9,24.65,0.05,0.0,0.0,0.2,0.0,0.2258,0.3871,2026-10-10,2026-10-10T15:33:05-04:00,Batter damage by pitch type.
643446,jeff mcneil,L,FS,Split-Finger,4,5,2,0,0,1,0,1,2,102.8,88.78,5.2,0.0,0.0,0.0,0.25,0.0,0.2,0.4,2026-10-10,2026-10-10T15:33:05-04:00,Batter damage by pitch type.
643446,jeff mcneil,L,SI,Sinker,10,16,11,0,0,1,0,0,2,100.2,74.84,20.12,0.0,0.0,0.0,0.1,0.0,0.0,0.125,2026-10-10,2026-10-10T15:33:05-04:00,Batter damage by pitch type.
643446,jeff mcneil,L,SL,Slider,6,15,9,0,0,1,0,1,4,102.6,78.58,11.47,0.0,0.0,0.0,0.1667,0.0,0.0667,0.2667,2026-10-10,2026-10-10T15:33:05-04:00,Batter damage by pitch type.
643446,jeff mcneil,L,ST,Sweeper,3,5,2,0,0,0,0,1,0,97.4,68.52,10.0,0.0,0.0,0.0,0.0,0.0,0.2,0.0,2026-10-10,2026-10-10T15:33:05-04:00,Batter damage by pitch type.
645277,ozzie albies,L,CH,Changeup,9,14,6,1,1,2,0,3,2,103.2,83.75,5.57,0.1111,0.1111,0.0714,0.2222,0.0,0.2143,0.1429,2026-10-10,2026-10-10T15:33:05-04:00,Batter damage by pitch type.
645277,ozzie albies,L,CU,Curveball,0,0,0,0,0,0,0,0,0,,,,,,,,,,,2026-10-10,2026-10-10T15:33:05-04:00,Batter damage by pitch type.
645277,ozzie albies,L,FC,Cutter,3,3,0,0,0,0,0,0,1,88.1,83.57,-8.67,0.0,0.0,0.0,0.0,0.0,0.0,0.3333,2026-10-10,2026-10-10T15:33:05-04:00,Batter damage by pitch type.
645277,ozzie albies,L,FF,4-Seam Fastball,19,29,19,1,4,9,5,6,10,107.2,90.02,21.14,0.0526,0.2105,0.1379,0.4737,0.2632,0.2069,0.3448,2026-10-10,2026-10-10T15:33:05-04:00,Batter damage by pitch type.
645277,ozzie albies,L,FS,Split-Finger,6,7,2,0,0,0,0,0,0,101.5,78.17,-2.0,0.0,0.0,0.0,0.0,0.0,0.0,0.0,2026-10-10,2026-10-10T15:33:05-04:00,Batter damage by pitch type.
645277,ozzie albies,L,KC,Knuckle Curve,3,4,0,0,0,0,0,0,0,101.3,82.7,-19.5,0.0,0.0,0.0,0.0,0.0,0.0,0.0,2026-10-10,2026-10-10T15:33:05-04:00,Batter damage by pitch type.
645277,ozzie albies,L,SI,Sinker,6,7,4,0,0,2,0,2,3,106.8,90.91,15.29,0.0,0.0,0.0,0.3333,0.0,0.2857,0.4286,2026-10-10,2026-10-10T15:33:05-04:00,Batter damage by pitch type.
645277,ozzie albies,L,SL,Slider,3,6,3,0,0,1,1,0,1,103.1,72.65,-0.83,0.0,0.0,0.0,0.3333,0.3333,0.0,0.1667,2026-10-10,2026-10-10T15:33:05-04:00,Batter damage by pitch type.
645277,ozzie albies,L,ST,Sweeper,2,1,0,0,0,0,0,0,0,98.1,98.1,-18.0,0.0,0.0,0.0,0.0,0.0,0.0,0.0,2026-10-10,2026-10-10T15:33:05-04:00,Batter damage by pitch type.
645277,ozzie albies,L,SV,Slurve,1,0,0,0,0,0,0,0,0,,,,0.0,0.0,,0.0,0.0,,,2026-10-10,2026-10-10T15:33:05-04:00,Batter damage by pitch type.
645277,ozzie albies,R,CH,Changeup,5,8,2,0,0,1,0,0,2,101.2,87.45,-11.5,0.0,0.0,0.0,0.2,0.0,0.0,0.25,2026-10-10,2026-10-10T15:33:05-04:00,Batter damage by pitch type.
645277,ozzie albies,R,CU,Curveball,4,7,4,0,0,0,0,1,1,92.8,70.37,12.14,0.0,0.0,0.0,0.0,0.0,0.1429,0.1429,2026-10-10,2026-10-10T15:33:05-04:00,Batter damage by pitch type.
645277,ozzie albies,R,EP,Eephus,1,1,1,0,0,1,0,1,1,106.2,106.2,13.0,0.0,0.0,0.0,1.0,0.0,1.0,1.0,2026-10-10,2026-10-10T15:33:05-04:00,Batter damage by pitch type.
645277,ozzie albies,R,FC,Cutter,2,2,1,0,0,1,0,1,0,98.2,88.6,20.0,0.0,0.0,0.0,0.5,0.0,0.5,0.0,2026-10-10,2026-10-10T15:33:05-04:00,Batter damage by pitch type.
645277,ozzie albies,R,FF,4-Seam Fastball,13,21,15,1,2,2,1,3,6,106.1,82.74,30.38,0.0769,0.1538,0.0952,0.1538,0.0769,0.1429,0.2857,2026-10-10,2026-10-10T15:33:05-04:00,Batter damage by pitch type.
645277,ozzie albies,R,FS,Split-Finger,3,2,1,0,0,0,0,1,1,79.2,65.25,-4.5,0.0,0.0,0.0,0.0,0.0,0.5,0.5,2026-10-10,2026-10-10T15:33:05-04:00,Batter damage by pitch type.
645277,ozzie albies,R,SI,Sinker,4,9,6,0,0,1,1,0,2,100.0,86.96,27.56,0.0,0.0,0.0,0.25,0.25,0.0,0.2222,2026-10-10,2026-10-10T15:33:05-04:00,Batter damage by pitch type.
645277,ozzie albies,R,SL,Slider,3,6,5,0,0,1,0,0,1,104.2,79.22,45.5,0.0,0.0,0.0,0.3333,0.0,0.0,0.1667,2026-10-10,2026-10-10T15:33:05-04:00,Batter damage by pitch type.
645277,ozzie albies,R,ST,Sweeper,4,4,1,0,0,1,0,0,1,108.5,103.45,-7.75,0.0,0.0,0.0,0.25,0.0,0.0,0.25,2026-10-10,2026-10-10T15:33:05-04:00,Batter damage by pitch type.
645302,víctor robles,R,FA,Other,1,1,1,0,0,0,0,0,0,85.8,85.8,51.0,0.0,0.0,0.0,0.0,0.0,0.0,0.0,2026-10-10,2026-10-10T15:33:05-04:00,Batter damage by pitch type.
645302,víctor robles,R,FC,Cutter,0,0,0,0,0,0,0,0,0,,,,,,,,,,,2026-10-10,2026-10-10T15:33:05-04:00,Batter damage by pitch type.
645302,víctor robles,R,FF,4-Seam Fastball,0,0,0,0,0,0,0,0,0,,,,,,,,,,,2026-10-10,2026-10-10T15:33:05-04:00,Batter damage by pitch type.
645302,víctor robles,R,FS,Split-Finger,1,1,0,0,0,0,0,0,0,51.0,51.0,-34.0,0.0,0.0,0.0,0.0,0.0,0.0,0.0,2026-10-10,2026-10-10T15:33:05-04:00,Batter damage by pitch type.
645305,ali sánchez,R,CH,Changeup,2,2,1,0,0,0,0,1,0,99.4,91.45,23.0,0.0,0.0,0.0,0.0,0.0,0.5,0.0,2026-10-10,2026-10-10T15:33:05-04:00,Batter damage by pitch type.
645305,ali sánchez,R,CS,Slow Curve,1,1,0,0,0,0,0,0,0,81.7,81.7,-25.0,0.0,0.0,0.0,0.0,0.0,0.0,0.0,2026-10-10,2026-10-10T15:33:05-04:00,Batter damage by pitch type.
645305,ali sánchez,R,CU,Curveball,1,1,0,0,0,0,0,0,0,101.1,101.1,5.0,0.0,0.0,0.0,0.0,0.0,0.0,0.0,2026-10-10,2026-10-10T15:33:05-04:00,Batter damage by pitch type.
645305,ali sánchez,R,FC,Cutter,2,6,4,0,0,1,0,0,1,97.2,77.0,32.0,0.0,0.0,0.0,0.5,0.0,0.0,0.1667,2026-10-10,2026-10-10T15:33:05-04:00,Batter damage by pitch type.
645305,ali sánchez,R,FF,4-Seam Fastball,7,9,7,0,1,2,1,3,4,100.2,87.22,32.78,0.0,0.1429,0.1111,0.2857,0.1429,0.3333,0.4444,2026-10-10,2026-10-10T15:33:05-04:00,Batter damage by pitch type.
645305,ali sánchez,R,SI,Sinker,3,1,1,0,0,0,0,1,1,86.2,86.2,12.0,0.0,0.0,0.0,0.0,0.0,1.0,1.0,2026-10-10,2026-10-10T15:33:05-04:00,Batter damage by pitch type.
645305,ali sánchez,R,SL,Slider,3,2,1,0,0,0,0,1,0,80.6,67.7,26.5,0.0,0.0,0.0,0.0,0.0,0.5,0.0,2026-10-10,2026-10-10T15:33:05-04:00,Batter damage by pitch type.
646240,rafael devers,L,CH,Changeup,1,1,0,0,0,0,0,0,0,88.8,88.8,-3.0,0.0,0.0,0.0,0.0,0.0,0.0,0.0,2026-10-10,2026-10-10T15:33:05-04:00,Batter damage by pitch type.
646240,rafael devers,L,FF,4-Seam Fastball,5,4,4,0,0,2,0,0,0,97.0,90.45,48.5,0.0,0.0,0.0,0.4,0.0,0.0,0.0,2026-10-10,2026-10-10T15:33:05-04:00,Batter damage by pitch type.
646240,rafael devers,L,KC,Knuckle Curve,1,2,2,1,0,1,1,1,1,101.7,65.6,28.0,1.0,0.0,0.0,1.0,1.0,0.5,0.5,2026-10-10,2026-10-10T15:33:05-04:00,Batter damage by pitch type.
646240,rafael devers,L,SI,Sinker,1,1,0,0,0,0,0,0,0,53.0,53.0,-46.0,0.0,0.0,0.0,0.0,0.0,0.0,0.0,2026-10-10,2026-10-10T15:33:05-04:00,Batter damage by pitch type.
646240,rafael devers,L,SL,Slider,0,1,1,0,0,0,0,0,0,74.4,74.4,48.0,,,0.0,,,0.0,0.0,2026-10-10,2026-10-10T15:33:05-04:00,Batter damage by pitch type.
646240,rafael devers,L,ST,Sweeper,1,1,1,1,1,1,1,1,0,108.1,108.1,33.0,1.0,1.0,1.0,1.0,1.0,1.0,0.0,2026-10-10,2026-10-10T15:33:05-04:00,Batter damage by pitch type.
647304,josh naylor,L,CH,Changeup,7,5,4,0,0,3,1,2,4,100.0,96.08,15.4,0.0,0.0,0.0,0.4286,0.1429,0.4,0.8,2026-10-10,2026-10-10T15:33:05-04:00,Batter damage by pitch type.
647304,josh naylor,L,CU,Curveball,6,10,3,0,1,1,0,1,4,105.1,83.42,1.7,0.0,0.1667,0.1,0.1667,0.0,0.1,0.4,2026-10-10,2026-10-10T15:33:05-04:00,Batter damage by pitch type.
647304,josh naylor,L,FC,Cutter,4,8,4,0,0,1,0,1,3,106.4,82.99,11.88,0.0,0.0,0.0,0.25,0.0,0.125,0.375,2026-10-10,2026-10-10T15:33:05-04:00,Batter damage by pitch type.
647304,josh naylor,L,FF,4-Seam Fastball,27,34,22,0,1,4,1,4,10,104.5,83.44,19.15,0.0,0.037,0.0294,0.1481,0.037,0.1176,0.2941,2026-10-10,2026-10-10T15:33:05-04:00,Batter damage by pitch type.
647304,josh naylor,L,FS,Split-Finger,2,2,1,0,0,0,0,0,1,105.1,99.05,16.5,0.0,0.0,0.0,0.0,0.0,0.0,0.5,2026-10-10,2026-10-10T15:33:05-04:00,Batter damage by pitch type.
647304,josh naylor,L,SI,Sinker,11,15,11,0,0,3,1,2,4,105.6,84.49,19.87,0.0,0.0,0.0,0.2727,0.0909,0.1333,0.2667,2026-10-10,2026-10-10T15:33:05-04:00,Batter damage by pitch type.
647304,josh naylor,L,SL,Slider,7,13,7,0,1,3,0,4,6,105.0,83.76,4.08,0.0,0.1429,0.0769,0.4286,0.0,0.3077,0.4615,2026-10-10,2026-10-10T15:33:05-04:00,Batter damage by pitch type.
647304,josh naylor,L,ST,Sweeper,5,10,8,0,0,0,0,3,3,106.0,76.93,36.8,0.0,0.0,0.0,0.0,0.0,0.3,0.3,2026-10-10,2026-10-10T15:33:05-04:00,Batter damage by pitch type.
647304,josh naylor,L,SV,Slurve,0,1,0,0,0,0,0,0,0,42.6,42.6,-16.0,,,0.0,,,0.0,0.0,2026-10-10,2026-10-10T15:33:05-04:00,Batter damage by pitch type.
650333,luis arráez,L,CH,Changeup,2,2,1,0,0,0,0,0,1,68.9,68.2,11.5,0.0,0.0,0.0,0.0,0.0,0.0,0.5,2026-10-10,2026-10-10T15:33:05-04:00,Batter damage by pitch type.
650333,luis arráez,L,CU,Curveball,0,0,0,0,0,0,0,0,0,,,,,,,,,,,2026-10-10,2026-10-10T15:33:05-04:00,Batter damage by pitch type.
650333,luis arráez,L,FC,Cutter,8,11,7,0,1,2,0,1,5,98.2,83.59,18.91,0.0,0.125,0.0909,0.25,0.0,0.0909,0.4545,2026-10-10,2026-10-10T15:33:05-04:00,Batter damage by pitch type.
650333,luis arráez,L,FF,4-Seam Fastball,21,27,19,0,0,2,0,4,9,98.8,83.87,22.26,0.0,0.0,0.0,0.0952,0.0,0.1481,0.3333,2026-10-10,2026-10-10T15:33:05-04:00,Batter damage by pitch type.
650333,luis arráez,L,FS,Split-Finger,2,2,1,0,0,0,0,0,0,88.9,80.6,10.0,0.0,0.0,0.0,0.0,0.0,0.0,0.0,2026-10-10,2026-10-10T15:33:05-04:00,Batter damage by pitch type.
650333,luis arráez,L,SI,Sinker,13,16,8,0,0,1,0,1,7,97.5,81.59,9.44,0.0,0.0,0.0,0.0769,0.0,0.0625,0.4375,2026-10-10,2026-10-10T15:33:05-04:00,Batter damage by pitch type.
650333,luis arráez,L,SL,Slider,7,7,6,0,0,2,0,3,2,97.9,83.49,40.57,0.0,0.0,0.0,0.2857,0.0,0.4286,0.2857,2026-10-10,2026-10-10T15:33:05-04:00,Batter damage by pitch type.
650333,luis arráez,L,ST,Sweeper,2,5,4,0,0,0,0,2,2,92.7,76.22,10.0,0.0,0.0,0.0,0.0,0.0,0.4,0.4,2026-10-10,2026-10-10T15:33:05-04:00,Batter damage by pitch type.
650333,luis arráez,L,SV,Slurve,0,1,1,0,0,0,0,0,0,71.3,71.3,75.0,,,0.0,,,0.0,0.0,2026-10-10,2026-10-10T15:33:05-04:00,Batter damage by pitch type.
650402,gleyber torres,R,CH,Changeup,5,9,9,0,0,1,0,3,6,97.8,79.39,27.56,0.0,0.0,0.0,0.2,0.0,0.3333,0.6667,2026-10-10,2026-10-10T15:33:05-04:00,Batter damage by pitch type.
650402,gleyber torres,R,CU,Curveball,3,3,1,0,0,0,0,0,1,81.2,75.67,-2.67,0.0,0.0,0.0,0.0,0.0,0.0,0.3333,2026-10-10,2026-10-10T15:33:05-04:00,Batter damage by pitch type.
650402,gleyber torres,R,FC,Cutter,2,4,4,0,0,1,0,0,3,95.6,84.52,26.75,0.0,0.0,0.0,0.5,0.0,0.0,0.75,2026-10-10,2026-10-10T15:33:05-04:00,Batter damage by pitch type.
650402,gleyber torres,R,FF,4-Seam Fastball,14,17,16,0,0,3,0,0,10,95.9,84.85,28.53,0.0,0.0,0.0,0.2143,0.0,0.0,0.5882,2026-10-10,2026-10-10T15:33:05-04:00,Batter damage by pitch type.
650402,gleyber torres,R,FS,Split-Finger,0,0,0,0,0,0,0,0,0,,,,,,,,,,,2026-10-10,2026-10-10T15:33:05-04:00,Batter damage by pitch type.
650402,gleyber torres,R,KC,Knuckle Curve,3,4,2,0,0,1,0,0,1,98.0,64.58,5.0,0.0,0.0,0.0,0.3333,0.0,0.0,0.25,2026-10-10,2026-10-10T15:33:05-04:00,Batter damage by pitch type.
650402,gleyber torres,R,SI,Sinker,6,12,10,0,0,1,0,2,4,104.9,81.87,33.17,0.0,0.0,0.0,0.1667,0.0,0.1667,0.3333,2026-10-10,2026-10-10T15:33:05-04:00,Batter damage by pitch type.
650402,gleyber torres,R,SL,Slider,8,6,2,0,0,0,0,1,1,92.9,75.48,-2.83,0.0,0.0,0.0,0.0,0.0,0.1667,0.1667,2026-10-10,2026-10-10T15:33:05-04:00,Batter damage by pitch type.
650402,gleyber torres,R,ST,Sweeper,2,4,3,0,1,1,1,1,2,102.0,75.08,15.5,0.0,0.5,0.25,0.5,0.5,0.25,0.5,2026-10-10,2026-10-10T15:33:05-04:00,Batter damage by pitch type.
650490,yandy díaz,R,CH,Changeup,6,10,4,0,0,1,0,1,3,96.4,84.44,3.2,0.0,0.0,0.0,0.1667,0.0,0.1,0.3,2026-10-10,2026-10-10T15:33:05-04:00,Batter damage by pitch type.
650490,yandy díaz,R,CU,Curveball,4,5,4,0,0,0,0,1,1,81.4,67.36,36.4,0.0,0.0,0.0,0.0,0.0,0.2,0.2,2026-10-10,2026-10-10T15:33:05-04:00,Batter damage by pitch type.
650490,yandy díaz,R,FC,Cutter,12,17,13,0,0,3,1,2,4,106.9,84.6,25.94,0.0,0.0,0.0,0.25,0.0833,0.1176,0.2353,2026-10-10,2026-10-10T15:33:05-04:00,Batter damage by pitch type.
650490,yandy díaz,R,FF,4-Seam Fastball,29,43,35,0,0,3,0,0,10,111.5,84.58,30.19,0.0,0.0,0.0,0.1034,0.0,0.0,0.2326,2026-10-10,2026-10-10T15:33:05-04:00,Batter damage by pitch type.
650490,yandy díaz,R,FS,Split-Finger,2,2,0,0,0,0,0,0,0,99.8,90.9,-23.5,0.0,0.0,0.0,0.0,0.0,0.0,0.0,2026-10-10,2026-10-10T15:33:05-04:00,Batter damage by pitch type.
650490,yandy díaz,R,SI,Sinker,19,24,11,0,2,4,2,1,6,108.2,88.9,2.25,0.0,0.1053,0.0833,0.2105,0.1053,0.0417,0.25,2026-10-10,2026-10-10T15:33:05-04:00,Batter damage by pitch type.
650490,yandy díaz,R,SL,Slider,2,2,2,0,0,1,0,0,1,99.1,82.7,39.0,0.0,0.0,0.0,0.5,0.0,0.0,0.5,2026-10-10,2026-10-10T15:33:05-04:00,Batter damage by pitch type.
650490,yandy díaz,R,ST,Sweeper,0,1,1,0,0,0,0,0,0,69.2,69.2,74.0,,,0.0,,,0.0,0.0,2026-10-10,2026-10-10T15:33:05-04:00,Batter damage by pitch type.
650559,bryan de la cruz,R,CH,Changeup,3,4,3,0,0,2,0,0,3,101.0,91.75,12.75,0.0,0.0,0.0,0.6667,0.0,0.0,0.75,2026-10-10,2026-10-10T15:33:05-04:00,Batter damage by pitch type.
650559,bryan de la cruz,R,CU,Curveball,3,2,1,0,0,1,0,1,1,106.4,90.25,-17.0,0.0,0.0,0.0,0.3333,0.0,0.5,0.5,2026-10-10,2026-10-10T15:33:05-04:00,Batter damage by pitch type.
650559,bryan de la cruz,R,FC,Cutter,3,3,2,0,0,0,0,1,2,102.0,90.13,10.67,0.0,0.0,0.0,0.0,0.0,0.3333,0.6667,2026-10-10,2026-10-10T15:33:05-04:00,Batter damage by pitch type.
650559,bryan de la cruz,R,FF,4-Seam Fastball,11,17,11,0,1,2,1,0,5,105.8,87.07,19.35,0.0,0.0909,0.0588,0.1818,0.0909,0.0,0.2941,2026-10-10,2026-10-10T15:33:05-04:00,Batter damage by pitch type.
650559,bryan de la cruz,R,SI,Sinker,8,8,2,0,1,1,1,0,1,103.3,87.95,-6.5,0.0,0.125,0.125,0.125,0.125,0.0,0.125,2026-10-10,2026-10-10T15:33:05-04:00,Batter damage by pitch type.
650559,bryan de la cruz,R,SL,Slider,5,4,2,0,0,1,0,1,0,99.4,81.53,2.5,0.0,0.0,0.0,0.2,0.0,0.25,0.0,2026-10-10,2026-10-10T15:33:05-04:00,Batter damage by pitch type.
650968,yohel pozo,R,CH,Changeup,0,0,0,0,0,0,0,0,0,,,,,,,,,,,2026-10-10,2026-10-10T15:33:05-04:00,Batter damage by pitch type.
650968,yohel pozo,R,CU,Curveball,0,1,0,0,0,0,0,0,0,61.7,61.7,-67.0,,,0.0,,,0.0,0.0,2026-10-10,2026-10-10T15:33:05-04:00,Batter damage by pitch type.
650968,yohel pozo,R,FC,Cutter,3,3,3,0,0,1,0,1,3,96.7,77.7,18.0,0.0,0.0,0.0,0.3333,0.0,0.3333,1.0,2026-10-10,2026-10-10T15:33:05-04:00,Batter damage by pitch type.
650968,yohel pozo,R,FF,4-Seam Fastball,4,4,3,0,0,0,0,0,1,102.6,91.12,29.75,0.0,0.0,0.0,0.0,0.0,0.0,0.25,2026-10-10,2026-10-10T15:33:05-04:00,Batter damage by pitch type.
650968,yohel pozo,R,SI,Sinker,0,0,0,0,0,0,0,0,0,,,,,,,,,,,2026-10-10,2026-10-10T15:33:05-04:00,Batter damage by pitch type.
650968,yohel pozo,R,ST,Sweeper,5,4,2,0,0,0,0,1,0,94.3,84.92,15.5,0.0,0.0,0.0,0.0,0.0,0.25,0.0,2026-10-10,2026-10-10T15:33:05-04:00,Batter damage by pitch type.
655316,andruw monasterio,R,CH,Changeup,2,6,1,0,0,0,0,1,1,95.3,72.07,-17.83,0.0,0.0,0.0,0.0,0.0,0.1667,0.1667,2026-10-10,2026-10-10T15:33:05-04:00,Batter damage by pitch type.
655316,andruw monasterio,R,CU,Curveball,0,0,0,0,0,0,0,0,0,,,,,,,,,,,2026-10-10,2026-10-10T15:33:05-04:00,Batter damage by pitch type.
655316,andruw monasterio,R,FC,Cutter,5,5,2,0,0,1,0,2,2,99.1,85.46,-0.8,0.0,0.0,0.0,0.2,0.0,0.4,0.4,2026-10-10,2026-10-10T15:33:05-04:00,Batter damage by pitch type.
655316,andruw monasterio,R,FF,4-Seam Fastball,8,12,10,0,0,3,1,0,3,105.9,86.45,37.83,0.0,0.0,0.0,0.375,0.125,0.0,0.25,2026-10-10,2026-10-10T15:33:05-04:00,Batter damage by pitch type.
655316,andruw monasterio,R,SI,Sinker,2,3,2,0,0,0,0,0,0,89.7,84.63,34.33,0.0,0.0,0.0,0.0,0.0,0.0,0.0,2026-10-10,2026-10-10T15:33:05-04:00,Batter damage by pitch type.
655316,andruw monasterio,R,SL,Slider,2,2,2,0,0,0,0,1,1,88.1,81.4,46.0,0.0,0.0,0.0,0.0,0.0,0.5,0.5,2026-10-10,2026-10-10T15:33:05-04:00,Batter damage by pitch type.
655316,andruw monasterio,R,ST,Sweeper,3,2,1,0,0,0,0,1,0,75.5,71.45,24.0,0.0,0.0,0.0,0.0,0.0,0.5,0.0,2026-10-10,2026-10-10T15:33:05-04:00,Batter damage by pitch type.
656537,derek hill,R,CH,Changeup,3,2,0,0,0,0,0,0,0,72.3,51.65,-25.5,0.0,0.0,0.0,0.0,0.0,0.0,0.0,2026-10-10,2026-10-10T15:33:05-04:00,Batter damage by pitch type.
656537,derek hill,R,CU,Curveball,1,2,1,0,0,0,0,0,1,70.9,60.15,-21.0,0.0,0.0,0.0,0.0,0.0,0.0,0.5,2026-10-10,2026-10-10T15:33:05-04:00,Batter damage by pitch type.
656537,derek hill,R,FC,Cutter,0,2,1,0,0,0,0,0,0,99.6,88.0,16.0,,,0.0,,,0.0,0.0,2026-10-10,2026-10-10T15:33:05-04:00,Batter damage by pitch type.
656537,derek hill,R,FF,4-Seam Fastball,6,8,7,1,2,2,1,2,1,105.7,87.19,38.38,0.1667,0.3333,0.25,0.3333,0.1667,0.25,0.125,2026-10-10,2026-10-10T15:33:05-04:00,Batter damage by pitch type.
656537,derek hill,R,SI,Sinker,2,2,2,0,0,2,0,0,1,100.8,99.85,28.0,0.0,0.0,0.0,1.0,0.0,0.0,0.5,2026-10-10,2026-10-10T15:33:05-04:00,Batter damage by pitch type.
656537,derek hill,R,SL,Slider,5,6,2,0,0,0,0,1,1,92.0,83.83,-5.83,0.0,0.0,0.0,0.0,0.0,0.1667,0.1667,2026-10-10,2026-10-10T15:33:05-04:00,Batter damage by pitch type.
656537,derek hill,R,ST,Sweeper,1,2,1,0,0,1,0,0,0,95.8,75.5,7.0,0.0,0.0,0.0,1.0,0.0,0.0,0.0,2026-10-10,2026-10-10T15:33:05-04:00,Batter damage by pitch type.
656577,alex jackson,R,CH,Changeup,0,2,1,0,0,0,0,0,1,65.2,63.2,18.5,,,0.0,,,0.0,0.5,2026-10-10,2026-10-10T15:33:05-04:00,Batter damage by pitch type.
656577,alex jackson,R,FC,Cutter,1,1,1,0,0,0,0,0,0,55.9,55.9,42.0,0.0,0.0,0.0,0.0,0.0,0.0,0.0,2026-10-10,2026-10-10T15:33:05-04:00,Batter damage by pitch type.
656577,alex jackson,R,FF,4-Seam Fastball,0,0,0,0,0,0,0,0,0,,,,,,,,,,,2026-10-10,2026-10-10T15:33:05-04:00,Batter damage by pitch type.
656577,alex jackson,R,SL,Slider,0,0,0,0,0,0,0,0,0,,,,,,,,,,,2026-10-10,2026-10-10T15:33:05-04:00,Batter damage by pitch type.
656716,zach mckinstry,L,CH,Changeup,4,3,3,0,0,0,0,1,0,92.5,81.67,49.33,0.0,0.0,0.0,0.0,0.0,0.3333,0.0,2026-10-10,2026-10-10T15:33:05-04:00,Batter damage by pitch type.
656716,zach mckinstry,L,CU,Curveball,4,2,1,0,0,1,0,1,1,101.7,86.85,0.0,0.0,0.0,0.0,0.25,0.0,0.5,0.5,2026-10-10,2026-10-10T15:33:05-04:00,Batter damage by pitch type.
656716,zach mckinstry,L,FC,Cutter,3,4,2,0,0,1,0,1,1,95.8,79.48,6.0,0.0,0.0,0.0,0.3333,0.0,0.25,0.25,2026-10-10,2026-10-10T15:33:05-04:00,Batter damage by pitch type.
656716,zach mckinstry,L,FF,4-Seam Fastball,5,15,13,0,0,0,0,2,3,92.3,75.21,35.87,0.0,0.0,0.0,0.0,0.0,0.1333,0.2,2026-10-10,2026-10-10T15:33:05-04:00,Batter damage by pitch type.
656716,zach mckinstry,L,FS,Split-Finger,0,0,0,0,0,0,0,0,0,,,,,,,,,,,2026-10-10,2026-10-10T15:33:05-04:00,Batter damage by pitch type.
656716,zach mckinstry,L,KC,Knuckle Curve,2,2,0,0,0,0,0,0,0,98.6,86.45,-15.0,0.0,0.0,0.0,0.0,0.0,0.0,0.0,2026-10-10,2026-10-10T15:33:05-04:00,Batter damage by pitch type.
656716,zach mckinstry,L,SI,Sinker,8,7,4,0,0,1,0,1,2,100.7,83.8,10.86,0.0,0.0,0.0,0.125,0.0,0.1429,0.2857,2026-10-10,2026-10-10T15:33:05-04:00,Batter damage by pitch type.
656716,zach mckinstry,L,SL,Slider,0,0,0,0,0,0,0,0,0,,,,,,,,,,,2026-10-10,2026-10-10T15:33:05-04:00,Batter damage by pitch type.
656716,zach mckinstry,L,ST,Sweeper,2,2,2,0,0,0,0,0,0,78.6,73.0,68.5,0.0,0.0,0.0,0.0,0.0,0.0,0.0,2026-10-10,2026-10-10T15:33:05-04:00,Batter damage by pitch type.
656775,cedric mullins,L,CH,Changeup,5,4,1,0,0,0,0,0,1,103.1,78.6,1.5,0.0,0.0,0.0,0.0,0.0,0.0,0.25,2026-10-10,2026-10-10T15:33:05-04:00,Batter damage by pitch type.
656775,cedric mullins,L,CU,Curveball,3,5,0,0,0,0,0,0,0,96.5,87.04,-14.0,0.0,0.0,0.0,0.0,0.0,0.0,0.0,2026-10-10,2026-10-10T15:33:05-04:00,Batter damage by pitch type.
656775,cedric mullins,L,FC,Cutter,5,8,5,0,0,1,0,3,3,103.4,84.5,17.62,0.0,0.0,0.0,0.2,0.0,0.375,0.375,2026-10-10,2026-10-10T15:33:05-04:00,Batter damage by pitch type.
656775,cedric mullins,L,FF,4-Seam Fastball,12,18,12,1,1,1,0,2,2,106.0,78.49,30.06,0.0833,0.0833,0.0556,0.0833,0.0,0.1111,0.1111,2026-10-10,2026-10-10T15:33:05-04:00,Batter damage by pitch type.
656775,cedric mullins,L,FS,Split-Finger,2,3,2,0,0,0,0,1,1,99.0,87.53,21.33,0.0,0.0,0.0,0.0,0.0,0.3333,0.3333,2026-10-10,2026-10-10T15:33:05-04:00,Batter damage by pitch type.
656775,cedric mullins,L,KC,Knuckle Curve,1,0,0,0,0,0,0,0,0,,,,0.0,0.0,,0.0,0.0,,,2026-10-10,2026-10-10T15:33:05-04:00,Batter damage by pitch type.
656775,cedric mullins,L,SI,Sinker,2,7,4,0,0,1,0,0,2,96.9,72.8,15.14,0.0,0.0,0.0,0.5,0.0,0.0,0.2857,2026-10-10,2026-10-10T15:33:05-04:00,Batter damage by pitch type.
656775,cedric mullins,L,SL,Slider,4,5,4,0,0,1,0,1,1,96.1,84.8,46.0,0.0,0.0,0.0,0.25,0.0,0.2,0.2,2026-10-10,2026-10-10T15:33:05-04:00,Batter damage by pitch type.
656775,cedric mullins,L,ST,Sweeper,2,3,1,0,0,1,0,0,1,108.1,91.37,-2.0,0.0,0.0,0.0,0.5,0.0,0.0,0.3333,2026-10-10,2026-10-10T15:33:05-04:00,Batter damage by pitch type.
656811,ryan o'hearn,L,CH,Changeup,5,8,0,0,0,0,0,0,1,98.5,75.82,-12.25,0.0,0.0,0.0,0.0,0.0,0.0,0.125,2026-10-10,2026-10-10T15:33:05-04:00,Batter damage by pitch type.
656811,ryan o'hearn,L,CU,Curveball,4,4,2,0,0,0,0,1,2,93.1,86.95,8.75,0.0,0.0,0.0,0.0,0.0,0.25,0.5,2026-10-10,2026-10-10T15:33:05-04:00,Batter damage by pitch type.
656811,ryan o'hearn,L,FC,Cutter,9,9,8,1,0,3,0,3,2,100.4,80.88,41.0,0.1111,0.0,0.0,0.3333,0.0,0.3333,0.2222,2026-10-10,2026-10-10T15:33:05-04:00,Batter damage by pitch type.
656811,ryan o'hearn,L,FF,4-Seam Fastball,17,19,12,0,0,4,1,2,7,103.6,88.66,22.16,0.0,0.0,0.0,0.2353,0.0588,0.1053,0.3684,2026-10-10,2026-10-10T15:33:05-04:00,Batter damage by pitch type.
656811,ryan o'hearn,L,KC,Knuckle Curve,0,0,0,0,0,0,0,0,0,,,,,,,,,,,2026-10-10,2026-10-10T15:33:05-04:00,Batter damage by pitch type.
656811,ryan o'hearn,L,SI,Sinker,9,12,6,0,1,2,0,1,2,103.4,80.42,5.5,0.0,0.1111,0.0833,0.2222,0.0,0.0833,0.1667,2026-10-10,2026-10-10T15:33:05-04:00,Batter damage by pitch type.
656811,ryan o'hearn,L,SL,Slider,6,9,6,0,0,1,0,2,4,101.5,85.79,15.0,0.0,0.0,0.0,0.1667,0.0,0.2222,0.4444,2026-10-10,2026-10-10T15:33:05-04:00,Batter damage by pitch type.
656811,ryan o'hearn,L,ST,Sweeper,3,2,2,0,0,0,0,2,2,94.0,81.9,11.0,0.0,0.0,0.0,0.0,0.0,1.0,1.0,2026-10-10,2026-10-10T15:33:05-04:00,Batter damage by pitch type.
656941,kyle schwarber,L,CH,Changeup,3,5,1,0,0,0,0,0,1,103.3,74.2,-14.2,0.0,0.0,0.0,0.0,0.0,0.0,0.2,2026-10-10,2026-10-10T15:33:05-04:00,Batter damage by pitch type.
656941,kyle schwarber,L,CS,Slow Curve,0,0,0,0,0,0,0,0,0,,,,,,,,,,,2026-10-10,2026-10-10T15:33:05-04:00,Batter damage by pitch type.
656941,kyle schwarber,L,CU,Curveball,3,4,2,0,0,0,0,0,0,88.7,58.15,-2.0,0.0,0.0,0.0,0.0,0.0,0.0,0.0,2026-10-10,2026-10-10T15:33:05-04:00,Batter damage by pitch type.
656941,kyle schwarber,L,FC,Cutter,7,13,9,0,0,4,1,4,5,108.6,83.16,16.85,0.0,0.0,0.0,0.5714,0.1429,0.3077,0.3846,2026-10-10,2026-10-10T15:33:05-04:00,Batter damage by pitch type.
656941,kyle schwarber,L,FF,4-Seam Fastball,21,34,27,0,0,2,0,3,4,112.2,85.14,40.59,0.0,0.0,0.0,0.0952,0.0,0.0882,0.1176,2026-10-10,2026-10-10T15:33:05-04:00,Batter damage by pitch type.
656941,kyle schwarber,L,FO,Forkball,1,1,0,0,0,0,0,0,0,62.9,62.9,-52.0,0.0,0.0,0.0,0.0,0.0,0.0,0.0,2026-10-10,2026-10-10T15:33:05-04:00,Batter damage by pitch type.
656941,kyle schwarber,L,FS,Split-Finger,14,7,2,0,0,1,0,1,1,98.5,87.39,-2.0,0.0,0.0,0.0,0.0714,0.0,0.1429,0.1429,2026-10-10,2026-10-10T15:33:05-04:00,Batter damage by pitch type.
656941,kyle schwarber,L,KC,Knuckle Curve,0,0,0,0,0,0,0,0,0,,,,,,,,,,,2026-10-10,2026-10-10T15:33:05-04:00,Batter damage by pitch type.
656941,kyle schwarber,L,SI,Sinker,21,23,16,0,1,11,1,6,8,117.1,96.09,18.0,0.0,0.0476,0.0435,0.5238,0.0476,0.2609,0.3478,2026-10-10,2026-10-10T15:33:05-04:00,Batter damage by pitch type.
656941,kyle schwarber,L,SL,Slider,9,14,10,2,1,5,3,3,7,111.7,88.59,15.93,0.2222,0.1111,0.0714,0.5556,0.3333,0.2143,0.5,2026-10-10,2026-10-10T15:33:05-04:00,Batter damage by pitch type.
656941,kyle schwarber,L,ST,Sweeper,6,8,5,0,0,0,0,2,1,89.0,71.15,24.88,0.0,0.0,0.0,0.0,0.0,0.25,0.125,2026-10-10,2026-10-10T15:33:05-04:00,Batter damage by pitch type.
656941,kyle schwarber,L,SV,Slurve,1,3,1,0,0,0,0,0,0,71.7,68.8,-2.67,0.0,0.0,0.0,0.0,0.0,0.0,0.0,2026-10-10,2026-10-10T15:33:05-04:00,Batter damage by pitch type.
656976,pavin smith,L,CH,Changeup,3,5,1,0,0,0,0,0,0,93.9,73.32,-19.6,0.0,0.0,0.0,0.0,0.0,0.0,0.0,2026-10-10,2026-10-10T15:33:05-04:00,Batter damage by pitch type.
656976,pavin smith,L,CU,Curveball,5,5,1,0,0,0,0,0,0,103.8,88.48,6.4,0.0,0.0,0.0,0.0,0.0,0.0,0.0,2026-10-10,2026-10-10T15:33:05-04:00,Batter damage by pitch type.
656976,pavin smith,L,FC,Cutter,4,5,3,1,1,2,0,2,3,102.8,91.72,-0.4,0.25,0.25,0.2,0.5,0.0,0.4,0.6,2026-10-10,2026-10-10T15:33:05-04:00,Batter damage by pitch type.
656976,pavin smith,L,FF,4-Seam Fastball,13,13,9,0,0,4,1,0,3,105.7,94.18,24.38,0.0,0.0,0.0,0.3077,0.0769,0.0,0.2308,2026-10-10,2026-10-10T15:33:05-04:00,Batter damage by pitch type.
656976,pavin smith,L,FS,Split-Finger,1,2,1,0,0,0,0,0,1,94.6,83.6,28.5,0.0,0.0,0.0,0.0,0.0,0.0,0.5,2026-10-10,2026-10-10T15:33:05-04:00,Batter damage by pitch type.
656976,pavin smith,L,KC,Knuckle Curve,0,1,1,0,0,1,0,0,1,101.5,101.5,16.0,,,0.0,,,0.0,1.0,2026-10-10,2026-10-10T15:33:05-04:00,Batter damage by pitch type.
656976,pavin smith,L,SI,Sinker,2,4,2,1,1,1,1,1,1,109.7,83.88,-5.75,0.5,0.5,0.25,0.5,0.5,0.25,0.25,2026-10-10,2026-10-10T15:33:05-04:00,Batter damage by pitch type.
656976,pavin smith,L,SL,Slider,2,8,3,0,0,0,0,0,1,98.7,81.61,4.62,0.0,0.0,0.0,0.0,0.0,0.0,0.125,2026-10-10,2026-10-10T15:33:05-04:00,Batter damage by pitch type.
656976,pavin smith,L,ST,Sweeper,3,3,3,0,0,0,0,1,1,89.2,80.37,48.0,0.0,0.0,0.0,0.0,0.0,0.3333,0.3333,2026-10-10,2026-10-10T15:33:05-04:00,Batter damage by pitch type.
656976,pavin smith,L,SV,Slurve,0,1,0,0,0,0,0,0,0,72.0,72.0,-29.0,,,0.0,,,0.0,0.0,2026-10-10,2026-10-10T15:33:05-04:00,Batter damage by pitch type.
657041,lane thomas,R,CH,Changeup,1,0,0,0,0,0,0,0,0,,,,0.0,0.0,,0.0,0.0,,,2026-10-10,2026-10-10T15:33:05-04:00,Batter damage by pitch type.
657041,lane thomas,R,CU,Curveball,1,2,0,0,0,0,0,0,0,95.9,88.7,-15.0,0.0,0.0,0.0,0.0,0.0,0.0,0.0,2026-10-10,2026-10-10T15:33:05-04:00,Batter damage by pitch type.
657041,lane thomas,R,FC,Cutter,1,1,1,0,0,0,0,1,1,94.6,94.6,17.0,0.0,0.0,0.0,0.0,0.0,1.0,1.0,2026-10-10,2026-10-10T15:33:05-04:00,Batter damage by pitch type.
657041,lane thomas,R,FF,4-Seam Fastball,1,4,4,0,0,0,0,0,3,76.3,72.5,32.25,0.0,0.0,0.0,0.0,0.0,0.0,0.75,2026-10-10,2026-10-10T15:33:05-04:00,Batter damage by pitch type.
657041,lane thomas,R,FS,Split-Finger,1,0,0,0,0,0,0,0,0,,,,0.0,0.0,,0.0,0.0,,,2026-10-10,2026-10-10T15:33:05-04:00,Batter damage by pitch type.
657041,lane thomas,R,SI,Sinker,1,2,1,0,0,0,0,0,1,68.5,59.65,-8.5,0.0,0.0,0.0,0.0,0.0,0.0,0.5,2026-10-10,2026-10-10T15:33:05-04:00,Batter damage by pitch type.
657041,lane thomas,R,SL,Slider,1,0,0,0,0,0,0,0,0,,,,0.0,0.0,,0.0,0.0,,,2026-10-10,2026-10-10T15:33:05-04:00,Batter damage by pitch type.
657136,connor wong,R,CH,Changeup,0,0,0,0,0,0,0,0,0,,,,,,,,,,,2026-10-10,2026-10-10T15:33:05-04:00,Batter damage by pitch type.
657136,connor wong,R,CU,Curveball,0,0,0,0,0,0,0,0,0,,,,,,,,,,,2026-10-10,2026-10-10T15:33:05-04:00,Batter damage by pitch type.
657136,connor wong,R,FC,Cutter,2,2,1,0,0,0,0,1,1,92.9,84.7,4.0,0.0,0.0,0.0,0.0,0.0,0.5,0.5,2026-10-10,2026-10-10T15:33:05-04:00,Batter damage by pitch type.
657136,connor wong,R,FF,4-Seam Fastball,4,3,2,0,0,0,0,0,1,100.2,87.53,23.0,0.0,0.0,0.0,0.0,0.0,0.0,0.3333,2026-10-10,2026-10-10T15:33:05-04:00,Batter damage by pitch type.
657136,connor wong,R,SI,Sinker,2,3,3,0,0,0,0,1,0,92.4,83.47,54.0,0.0,0.0,0.0,0.0,0.0,0.3333,0.0,2026-10-10,2026-10-10T15:33:05-04:00,Batter damage by pitch type.
657136,connor wong,R,SL,Slider,1,1,1,0,0,0,0,1,1,87.8,87.8,16.0,0.0,0.0,0.0,0.0,0.0,1.0,1.0,2026-10-10,2026-10-10T15:33:05-04:00,Batter damage by pitch type.
657136,connor wong,R,ST,Sweeper,0,1,1,0,0,0,0,0,0,88.1,88.1,37.0,,,0.0,,,0.0,0.0,2026-10-10,2026-10-10T15:33:05-04:00,Batter damage by pitch type.
657675,rudy martin,L,CU,Curveball,1,1,0,0,0,0,0,0,0,85.5,85.5,-13.0,0.0,0.0,0.0,0.0,0.0,0.0,0.0,2026-10-10,2026-10-10T15:33:05-04:00,Batter damage by pitch type.
657675,rudy martin,L,FF,4-Seam Fastball,1,0,0,0,0,0,0,0,0,,,,0.0,0.0,,0.0,0.0,,,2026-10-10,2026-10-10T15:33:05-04:00,Batter damage by pitch type.
657675,rudy martin,L,SI,Sinker,0,0,0,0,0,0,0,0,0,,,,,,,,,,,2026-10-10,2026-10-10T15:33:05-04:00,Batter damage by pitch type.
657675,rudy martin,L,SL,Slider,0,0,0,0,0,0,0,0,0,,,,,,,,,,,2026-10-10,2026-10-10T15:33:05-04:00,Batter damage by pitch type.
657675,rudy martin,L,ST,Sweeper,1,0,0,0,0,0,0,0,0,,,,0.0,0.0,,0.0,0.0,,,2026-10-10,2026-10-10T15:33:05-04:00,Batter damage by pitch type.
657757,gavin sheets,L,CH,Changeup,2,4,4,0,0,0,0,0,0,92.4,85.0,49.5,0.0,0.0,0.0,0.0,0.0,0.0,0.0,2026-10-10,2026-10-10T15:33:05-04:00,Batter damage by pitch type.
657757,gavin sheets,L,FC,Cutter,0,0,0,0,0,0,0,0,0,,,,,,,,,,,2026-10-10,2026-10-10T15:33:05-04:00,Batter damage by pitch type.
657757,gavin sheets,L,FF,4-Seam Fastball,6,9,9,2,2,2,2,3,2,107.5,87.09,57.33,0.3333,0.3333,0.2222,0.3333,0.3333,0.3333,0.2222,2026-10-10,2026-10-10T15:33:05-04:00,Batter damage by pitch type.
657757,gavin sheets,L,FS,Split-Finger,1,0,0,0,0,0,0,0,0,,,,0.0,0.0,,0.0,0.0,,,2026-10-10,2026-10-10T15:33:05-04:00,Batter damage by pitch type.
657757,gavin sheets,L,KC,Knuckle Curve,1,0,0,0,0,0,0,0,0,,,,0.0,0.0,,0.0,0.0,,,2026-10-10,2026-10-10T15:33:05-04:00,Batter damage by pitch type.
657757,gavin sheets,L,SI,Sinker,1,1,1,0,0,0,0,0,0,66.5,66.5,71.0,0.0,0.0,0.0,0.0,0.0,0.0,0.0,2026-10-10,2026-10-10T15:33:05-04:00,Batter damage by pitch type.
657757,gavin sheets,L,SV,Slurve,0,1,1,0,0,0,0,0,0,83.8,83.8,52.0,,,0.0,,,0.0,0.0,2026-10-10,2026-10-10T15:33:05-04:00,Batter damage by pitch type.
660271,shohei ohtani,L,CH,Changeup,1,1,0,0,0,0,0,0,0,93.9,93.9,-4.0,0.0,0.0,0.0,0.0,0.0,0.0,0.0,2026-10-10,2026-10-10T15:33:05-04:00,Batter damage by pitch type.
660271,shohei ohtani,L,CU,Curveball,2,2,1,0,1,1,0,0,1,98.2,94.7,-8.5,0.0,0.5,0.5,0.5,0.0,0.0,0.5,2026-10-10,2026-10-10T15:33:05-04:00,Batter damage by pitch type.
660271,shohei ohtani,L,FC,Cutter,4,5,3,0,0,2,0,2,2,105.4,83.38,4.4,0.0,0.0,0.0,0.5,0.0,0.4,0.4,2026-10-10,2026-10-10T15:33:05-04:00,Batter damage by pitch type.
660271,shohei ohtani,L,FF,4-Seam Fastball,13,14,12,0,3,5,0,3,5,106.8,89.43,30.43,0.0,0.2308,0.2143,0.3846,0.0,0.2143,0.3571,2026-10-10,2026-10-10T15:33:05-04:00,Batter damage by pitch type.
660271,shohei ohtani,L,FS,Split-Finger,3,1,0,0,0,0,0,0,0,85.9,85.9,-31.0,0.0,0.0,0.0,0.0,0.0,0.0,0.0,2026-10-10,2026-10-10T15:33:05-04:00,Batter damage by pitch type.
660271,shohei ohtani,L,KC,Knuckle Curve,0,0,0,0,0,0,0,0,0,,,,,,,,,,,2026-10-10,2026-10-10T15:33:05-04:00,Batter damage by pitch type.
660271,shohei ohtani,L,SI,Sinker,7,8,5,0,0,1,0,0,1,97.9,81.28,18.0,0.0,0.0,0.0,0.1429,0.0,0.0,0.125,2026-10-10,2026-10-10T15:33:05-04:00,Batter damage by pitch type.
660271,shohei ohtani,L,SL,Slider,7,6,2,0,0,1,0,1,2,99.3,86.07,10.67,0.0,0.0,0.0,0.1429,0.0,0.1667,0.3333,2026-10-10,2026-10-10T15:33:05-04:00,Batter damage by pitch type.
660271,shohei ohtani,L,ST,Sweeper,1,1,0,0,0,0,0,0,0,106.0,106.0,5.0,0.0,0.0,0.0,0.0,0.0,0.0,0.0,2026-10-10,2026-10-10T15:33:05-04:00,Batter damage by pitch type.
660670,ronald acuña,R,CH,Changeup,7,6,1,0,0,0,0,0,0,99.6,79.82,-6.83,0.0,0.0,0.0,0.0,0.0,0.0,0.0,2026-10-10,2026-10-10T15:33:05-04:00,Batter damage by pitch type.
660670,ronald acuña,R,CU,Curveball,0,0,0,0,0,0,0,0,0,,,,,,,,,,,2026-10-10,2026-10-10T15:33:05-04:00,Batter damage by pitch type.
660670,ronald acuña,R,FC,Cutter,4,7,3,0,0,0,0,0,2,88.6,79.81,13.86,0.0,0.0,0.0,0.0,0.0,0.0,0.2857,2026-10-10,2026-10-10T15:33:05-04:00,Batter damage by pitch type.
660670,ronald acuña,R,FF,4-Seam Fastball,30,49,39,3,3,8,3,8,19,111.0,81.62,25.37,0.1,0.1,0.0612,0.2667,0.1,0.1633,0.3878,2026-10-10,2026-10-10T15:33:05-04:00,Batter damage by pitch type.
660670,ronald acuña,R,FS,Split-Finger,8,11,5,0,2,2,1,2,3,106.8,84.15,4.0,0.0,0.25,0.1818,0.25,0.125,0.1818,0.2727,2026-10-10,2026-10-10T15:33:05-04:00,Batter damage by pitch type.
660670,ronald acuña,R,KC,Knuckle Curve,1,2,1,0,0,0,0,0,0,78.0,73.0,18.0,0.0,0.0,0.0,0.0,0.0,0.0,0.0,2026-10-10,2026-10-10T15:33:05-04:00,Batter damage by pitch type.
660670,ronald acuña,R,SI,Sinker,24,28,12,0,1,3,1,1,11,104.5,77.81,2.86,0.0,0.0417,0.0357,0.125,0.0417,0.0357,0.3929,2026-10-10,2026-10-10T15:33:05-04:00,Batter damage by pitch type.
660670,ronald acuña,R,SL,Slider,10,10,5,0,1,2,1,1,2,108.1,85.8,7.1,0.0,0.1,0.1,0.2,0.1,0.1,0.2,2026-10-10,2026-10-10T15:33:05-04:00,Batter damage by pitch type.
660670,ronald acuña,R,ST,Sweeper,5,4,3,1,1,1,0,2,1,108.0,85.75,27.5,0.2,0.2,0.25,0.2,0.0,0.5,0.25,2026-10-10,2026-10-10T15:33:05-04:00,Batter damage by pitch type.
660670,ronald acuña,R,SV,Slurve,1,0,0,0,0,0,0,0,0,,,,0.0,0.0,,0.0,0.0,,,2026-10-10,2026-10-10T15:33:05-04:00,Batter damage by pitch type.
660688,keibert ruiz,L,CH,Changeup,7,12,7,0,0,1,0,2,3,99.9,80.03,15.0,0.0,0.0,0.0,0.1429,0.0,0.1667,0.25,2026-10-10,2026-10-10T15:33:05-04:00,Batter damage by pitch type.
660688,keibert ruiz,L,CU,Curveball,1,1,1,0,0,0,0,0,1,43.2,43.2,23.0,0.0,0.0,0.0,0.0,0.0,0.0,1.0,2026-10-10,2026-10-10T15:33:05-04:00,Batter damage by pitch type.
660688,keibert ruiz,L,FC,Cutter,1,1,1,0,0,0,0,1,0,92.5,92.5,50.0,0.0,0.0,0.0,0.0,0.0,1.0,0.0,2026-10-10,2026-10-10T15:33:05-04:00,Batter damage by pitch type.
660688,keibert ruiz,L,FF,4-Seam Fastball,7,8,8,0,1,2,0,5,6,100.5,82.46,30.0,0.0,0.1429,0.125,0.2857,0.0,0.625,0.75,2026-10-10,2026-10-10T15:33:05-04:00,Batter damage by pitch type.
660688,keibert ruiz,L,FS,Split-Finger,3,3,2,0,0,0,0,0,0,97.1,84.57,39.67,0.0,0.0,0.0,0.0,0.0,0.0,0.0,2026-10-10,2026-10-10T15:33:05-04:00,Batter damage by pitch type.
660688,keibert ruiz,L,SI,Sinker,2,3,2,0,1,1,0,1,1,108.4,96.33,18.33,0.0,0.5,0.3333,0.5,0.0,0.3333,0.3333,2026-10-10,2026-10-10T15:33:05-04:00,Batter damage by pitch type.
660688,keibert ruiz,L,SL,Slider,1,2,2,0,0,1,0,0,2,96.2,81.35,16.0,0.0,0.0,0.0,1.0,0.0,0.0,1.0,2026-10-10,2026-10-10T15:33:05-04:00,Batter damage by pitch type.
660688,keibert ruiz,L,ST,Sweeper,1,2,1,0,0,0,0,0,0,100.5,60.4,24.0,0.0,0.0,0.0,0.0,0.0,0.0,0.0,2026-10-10,2026-10-10T15:33:05-04:00,Batter damage by pitch type.
660688,keibert ruiz,R,CH,Changeup,2,2,1,0,0,1,0,1,1,98.7,93.75,3.0,0.0,0.0,0.0,0.5,0.0,0.5,0.5,2026-10-10,2026-10-10T15:33:05-04:00,Batter damage by pitch type.
660688,keibert ruiz,R,FF,4-Seam Fastball,1,2,1,0,0,0,0,0,1,103.9,92.65,7.0,0.0,0.0,0.0,0.0,0.0,0.0,0.5,2026-10-10,2026-10-10T15:33:05-04:00,Batter damage by pitch type.
660688,keibert ruiz,R,SI,Sinker,1,1,1,0,0,0,0,1,0,93.4,93.4,47.0,0.0,0.0,0.0,0.0,0.0,1.0,0.0,2026-10-10,2026-10-10T15:33:05-04:00,Batter damage by pitch type.
660688,keibert ruiz,R,SL,Slider,1,0,0,0,0,0,0,0,0,,,,0.0,0.0,,0.0,0.0,,,2026-10-10,2026-10-10T15:33:05-04:00,Batter damage by pitch type.
660688,keibert ruiz,R,ST,Sweeper,0,0,0,0,0,0,0,0,0,,,,,,,,,,,2026-10-10,2026-10-10T15:33:05-04:00,Batter damage by pitch type.
660688,keibert ruiz,R,SV,Slurve,1,2,2,0,0,1,0,1,1,97.6,78.3,47.0,0.0,0.0,0.0,1.0,0.0,0.5,0.5,2026-10-10,2026-10-10T15:33:05-04:00,Batter damage by pitch type.
660821,jesús sánchez,L,CH,Changeup,0,1,1,0,0,0,0,0,0,72.3,72.3,42.0,,,0.0,,,0.0,0.0,2026-10-10,2026-10-10T15:33:05-04:00,Batter damage by pitch type.
660821,jesús sánchez,L,CU,Curveball,1,1,1,0,0,0,0,0,0,92.3,92.3,36.0,0.0,0.0,0.0,0.0,0.0,0.0,0.0,2026-10-10,2026-10-10T15:33:05-04:00,Batter damage by pitch type.
660821,jesús sánchez,L,FC,Cutter,0,0,0,0,0,0,0,0,0,,,,,,,,,,,2026-10-10,2026-10-10T15:33:05-04:00,Batter damage by pitch type.
660821,jesús sánchez,L,FF,4-Seam Fastball,6,12,7,0,0,0,0,2,3,101.4,80.05,16.92,0.0,0.0,0.0,0.0,0.0,0.1667,0.25,2026-10-10,2026-10-10T15:33:05-04:00,Batter damage by pitch type.
660821,jesús sánchez,L,KC,Knuckle Curve,1,0,0,0,0,0,0,0,0,,,,0.0,0.0,,0.0,0.0,,,2026-10-10,2026-10-10T15:33:05-04:00,Batter damage by pitch type.
660821,jesús sánchez,L,SI,Sinker,3,4,3,0,1,1,1,1,2,102.4,85.38,26.75,0.0,0.3333,0.25,0.3333,0.3333,0.25,0.5,2026-10-10,2026-10-10T15:33:05-04:00,Batter damage by pitch type.
660821,jesús sánchez,L,SL,Slider,2,0,0,0,0,0,0,0,0,,,,0.0,0.0,,0.0,0.0,,,2026-10-10,2026-10-10T15:33:05-04:00,Batter damage by pitch type.
660821,jesús sánchez,L,ST,Sweeper,3,1,1,0,0,1,0,1,1,106.3,106.3,9.0,0.0,0.0,0.0,0.3333,0.0,1.0,1.0,2026-10-10,2026-10-10T15:33:05-04:00,Batter damage by pitch type.
660844,leo rivas,L,CH,Changeup,0,0,0,0,0,0,0,0,0,,,,,,,,,,,2026-10-10,2026-10-10T15:33:05-04:00,Batter damage by pitch type.
660844,leo rivas,L,CU,Curveball,0,0,0,0,0,0,0,0,0,,,,,,,,,,,2026-10-10,2026-10-10T15:33:05-04:00,Batter damage by pitch type.
660844,leo rivas,L,FC,Cutter,2,3,3,0,0,0,0,0,0,86.3,66.37,41.67,0.0,0.0,0.0,0.0,0.0,0.0,0.0,2026-10-10,2026-10-10T15:33:05-04:00,Batter damage by pitch type.
660844,leo rivas,L,FF,4-Seam Fastball,3,2,1,0,0,0,0,1,1,94.4,91.25,7.0,0.0,0.0,0.0,0.0,0.0,0.5,0.5,2026-10-10,2026-10-10T15:33:05-04:00,Batter damage by pitch type.
660844,leo rivas,L,FS,Split-Finger,0,0,0,0,0,0,0,0,0,,,,,,,,,,,2026-10-10,2026-10-10T15:33:05-04:00,Batter damage by pitch type.
660844,leo rivas,L,ST,Sweeper,1,2,1,0,0,0,0,0,0,71.1,69.05,22.5,0.0,0.0,0.0,0.0,0.0,0.0,0.0,2026-10-10,2026-10-10T15:33:05-04:00,Batter damage by pitch type.
660844,leo rivas,R,CH,Changeup,1,1,1,0,0,0,0,0,0,60.2,60.2,52.0,0.0,0.0,0.0,0.0,0.0,0.0,0.0,2026-10-10,2026-10-10T15:33:05-04:00,Batter damage by pitch type.
660844,leo rivas,R,FF,4-Seam Fastball,1,1,1,0,0,0,0,0,1,78.6,78.6,27.0,0.0,0.0,0.0,0.0,0.0,0.0,1.0,2026-10-10,2026-10-10T15:33:05-04:00,Batter damage by pitch type.
660844,leo rivas,R,SI,Sinker,1,1,0,0,0,0,0,0,0,102.9,102.9,-24.0,0.0,0.0,0.0,0.0,0.0,0.0,0.0,2026-10-10,2026-10-10T15:33:05-04:00,Batter damage by pitch type.
660844,leo rivas,R,SL,Slider,0,1,1,0,0,0,0,0,0,25.3,25.3,44.0,,,0.0,,,0.0,0.0,2026-10-10,2026-10-10T15:33:05-04:00,Batter damage by pitch type.
660844,leo rivas,R,ST,Sweeper,0,0,0,0,0,0,0,0,0,,,,,,,,,,,2026-10-10,2026-10-10T15:33:05-04:00,Batter damage by pitch type.
661388,william contreras,R,CH,Changeup,5,8,4,0,0,2,2,1,4,106.8,86.79,-1.88,0.0,0.0,0.0,0.4,0.4,0.125,0.5,2026-10-10,2026-10-10T15:33:05-04:00,Batter damage by pitch type.
661388,william contreras,R,CU,Curveball,2,4,2,0,0,1,1,0,1,105.2,78.28,-0.25,0.0,0.0,0.0,0.5,0.5,0.0,0.25,2026-10-10,2026-10-10T15:33:05-04:00,Batter damage by pitch type.
661388,william contreras,R,EP,Eephus,1,1,1,1,1,1,1,1,1,109.3,109.3,26.0,1.0,1.0,1.0,1.0,1.0,1.0,1.0,2026-10-10,2026-10-10T15:33:05-04:00,Batter damage by pitch type.
661388,william contreras,R,FC,Cutter,2,4,4,0,0,0,0,0,2,91.0,84.0,31.25,0.0,0.0,0.0,0.0,0.0,0.0,0.5,2026-10-10,2026-10-10T15:33:05-04:00,Batter damage by pitch type.
661388,william contreras,R,FF,4-Seam Fastball,21,26,23,0,1,9,0,4,8,111.7,90.89,37.08,0.0,0.0476,0.0385,0.4286,0.0,0.1538,0.3077,2026-10-10,2026-10-10T15:33:05-04:00,Batter damage by pitch type.
661388,william contreras,R,FS,Split-Finger,2,1,0,0,0,0,0,0,0,103.9,103.9,-4.0,0.0,0.0,0.0,0.0,0.0,0.0,0.0,2026-10-10,2026-10-10T15:33:05-04:00,Batter damage by pitch type.
661388,william contreras,R,KC,Knuckle Curve,1,1,0,0,0,0,0,0,0,78.1,78.1,3.0,0.0,0.0,0.0,0.0,0.0,0.0,0.0,2026-10-10,2026-10-10T15:33:05-04:00,Batter damage by pitch type.
661388,william contreras,R,SI,Sinker,19,20,9,2,3,4,2,2,5,108.5,90.89,6.25,0.1053,0.1579,0.15,0.2105,0.1053,0.1,0.25,2026-10-10,2026-10-10T15:33:05-04:00,Batter damage by pitch type.
661388,william contreras,R,SL,Slider,11,9,5,0,0,3,0,2,3,102.7,85.92,7.11,0.0,0.0,0.0,0.2727,0.0,0.2222,0.3333,2026-10-10,2026-10-10T15:33:05-04:00,Batter damage by pitch type.
661388,william contreras,R,ST,Sweeper,7,7,6,2,1,2,1,4,2,102.8,79.8,29.43,0.2857,0.1429,0.1429,0.2857,0.1429,0.5714,0.2857,2026-10-10,2026-10-10T15:33:05-04:00,Batter damage by pitch type.
661531,brian serven,R,CH,Changeup,0,0,0,0,0,0,0,0,0,,,,,,,,,,,2026-10-10,2026-10-10T15:33:05-04:00,Batter damage by pitch type.
661531,brian serven,R,CU,Curveball,1,3,3,0,0,3,1,1,2,104.6,102.0,28.67,0.0,0.0,0.0,3.0,1.0,0.3333,0.6667,2026-10-10,2026-10-10T15:33:05-04:00,Batter damage by pitch type.
661531,brian serven,R,FC,Cutter,2,2,2,0,0,0,0,1,1,89.5,79.65,38.0,0.0,0.0,0.0,0.0,0.0,0.5,0.5,2026-10-10,2026-10-10T15:33:05-04:00,Batter damage by pitch type.
661531,brian serven,R,FF,4-Seam Fastball,2,1,1,0,0,0,0,0,0,76.6,76.6,39.0,0.0,0.0,0.0,0.0,0.0,0.0,0.0,2026-10-10,2026-10-10T15:33:05-04:00,Batter damage by pitch type.
661531,brian serven,R,SI,Sinker,6,12,7,0,0,0,0,1,4,101.3,76.26,5.0,0.0,0.0,0.0,0.0,0.0,0.0833,0.3333,2026-10-10,2026-10-10T15:33:05-04:00,Batter damage by pitch type.
661531,brian serven,R,SL,Slider,1,1,0,0,0,0,0,0,0,87.7,87.7,3.0,0.0,0.0,0.0,0.0,0.0,0.0,0.0,2026-10-10,2026-10-10T15:33:05-04:00,Batter damage by pitch type.
661531,brian serven,R,ST,Sweeper,4,4,3,0,0,0,0,2,1,94.7,86.72,28.5,0.0,0.0,0.0,0.0,0.0,0.5,0.25,2026-10-10,2026-10-10T15:33:05-04:00,Batter damage by pitch type.
662139,daulton varsho,L,CH,Changeup,6,5,2,0,0,0,0,1,0,96.4,83.66,7.6,0.0,0.0,0.0,0.0,0.0,0.2,0.0,2026-10-10,2026-10-10T15:33:05-04:00,Batter damage by pitch type.
662139,daulton varsho,L,CU,Curveball,2,4,1,0,0,0,0,0,0,90.2,76.28,-5.0,0.0,0.0,0.0,0.0,0.0,0.0,0.0,2026-10-10,2026-10-10T15:33:05-04:00,Batter damage by pitch type.
662139,daulton varsho,L,FC,Cutter,7,7,5,0,0,1,0,2,2,107.0,80.57,30.57,0.0,0.0,0.0,0.1429,0.0,0.2857,0.2857,2026-10-10,2026-10-10T15:33:05-04:00,Batter damage by pitch type.
662139,daulton varsho,L,FF,4-Seam Fastball,10,19,18,0,1,2,1,2,1,107.1,83.46,53.21,0.0,0.1,0.0526,0.2,0.1,0.1053,0.0526,2026-10-10,2026-10-10T15:33:05-04:00,Batter damage by pitch type.
662139,daulton varsho,L,FS,Split-Finger,2,5,2,0,0,1,0,1,0,98.3,76.02,9.6,0.0,0.0,0.0,0.5,0.0,0.2,0.0,2026-10-10,2026-10-10T15:33:05-04:00,Batter damage by pitch type.
662139,daulton varsho,L,SI,Sinker,4,7,4,1,1,1,1,1,2,105.5,83.04,15.71,0.25,0.25,0.1429,0.25,0.25,0.1429,0.2857,2026-10-10,2026-10-10T15:33:05-04:00,Batter damage by pitch type.
662139,daulton varsho,L,SL,Slider,1,0,0,0,0,0,0,0,0,,,,0.0,0.0,,0.0,0.0,,,2026-10-10,2026-10-10T15:33:05-04:00,Batter damage by pitch type.
663330,jahmai jones,R,CH,Changeup,9,12,7,1,2,3,2,1,2,110.9,87.93,18.67,0.1111,0.2222,0.1667,0.3333,0.2222,0.0833,0.1667,2026-10-10,2026-10-10T15:33:05-04:00,Batter damage by pitch type.
663330,jahmai jones,R,CU,Curveball,3,3,2,0,0,2,0,0,1,104.8,91.7,10.67,0.0,0.0,0.0,0.6667,0.0,0.0,0.3333,2026-10-10,2026-10-10T15:33:05-04:00,Batter damage by pitch type.
663330,jahmai jones,R,FC,Cutter,3,7,5,0,0,2,2,2,4,112.5,80.17,22.43,0.0,0.0,0.0,0.6667,0.6667,0.2857,0.5714,2026-10-10,2026-10-10T15:33:05-04:00,Batter damage by pitch type.
663330,jahmai jones,R,FF,4-Seam Fastball,10,16,13,0,0,3,0,3,2,107.5,80.47,32.81,0.0,0.0,0.0,0.3,0.0,0.1875,0.125,2026-10-10,2026-10-10T15:33:05-04:00,Batter damage by pitch type.
663330,jahmai jones,R,SI,Sinker,1,0,0,0,0,0,0,0,0,,,,0.0,0.0,,0.0,0.0,,,2026-10-10,2026-10-10T15:33:05-04:00,Batter damage by pitch type.
663330,jahmai jones,R,SL,Slider,2,6,4,0,0,1,0,1,3,99.4,78.63,7.0,0.0,0.0,0.0,0.5,0.0,0.1667,0.5,2026-10-10,2026-10-10T15:33:05-04:00,Batter damage by pitch type.
663330,jahmai jones,R,ST,Sweeper,5,3,3,0,0,0,0,1,1,89.0,77.8,55.33,0.0,0.0,0.0,0.0,0.0,0.3333,0.3333,2026-10-10,2026-10-10T15:33:05-04:00,Batter damage by pitch type.
663457,lars nootbaar,L,CH,Changeup,6,10,7,0,1,1,1,1,3,103.4,80.55,21.3,0.0,0.1667,0.1,0.1667,0.1667,0.1,0.3,2026-10-10,2026-10-10T15:33:05-04:00,Batter damage by pitch type.
663457,lars nootbaar,L,CU,Curveball,4,3,2,1,1,1,1,1,2,100.5,87.13,12.33,0.25,0.25,0.3333,0.25,0.25,0.3333,0.6667,2026-10-10,2026-10-10T15:33:05-04:00,Batter damage by pitch type.
663457,lars nootbaar,L,FC,Cutter,5,11,5,0,0,2,0,1,2,112.0,86.27,5.27,0.0,0.0,0.0,0.4,0.0,0.0909,0.1818,2026-10-10,2026-10-10T15:33:05-04:00,Batter damage by pitch type.
663457,lars nootbaar,L,FF,4-Seam Fastball,22,25,19,1,1,4,1,4,11,109.1,88.26,24.88,0.0455,0.0455,0.04,0.1818,0.0455,0.16,0.44,2026-10-10,2026-10-10T15:33:05-04:00,Batter damage by pitch type.
663457,lars nootbaar,L,FS,Split-Finger,3,2,0,0,0,0,0,0,0,100.8,86.45,-13.5,0.0,0.0,0.0,0.0,0.0,0.0,0.0,2026-10-10,2026-10-10T15:33:05-04:00,Batter damage by pitch type.
663457,lars nootbaar,L,KC,Knuckle Curve,1,1,0,0,0,0,0,0,0,97.7,97.7,-16.0,0.0,0.0,0.0,0.0,0.0,0.0,0.0,2026-10-10,2026-10-10T15:33:05-04:00,Batter damage by pitch type.
663457,lars nootbaar,L,SI,Sinker,7,6,4,0,0,2,0,1,2,99.6,87.58,15.33,0.0,0.0,0.0,0.2857,0.0,0.1667,0.3333,2026-10-10,2026-10-10T15:33:05-04:00,Batter damage by pitch type.
663457,lars nootbaar,L,SL,Slider,5,6,4,0,0,1,0,0,3,96.0,82.35,20.17,0.0,0.0,0.0,0.2,0.0,0.0,0.5,2026-10-10,2026-10-10T15:33:05-04:00,Batter damage by pitch type.
663457,lars nootbaar,L,ST,Sweeper,2,1,0,0,0,0,0,0,0,103.0,103.0,-7.0,0.0,0.0,0.0,0.0,0.0,0.0,0.0,2026-10-10,2026-10-10T15:33:05-04:00,Batter damage by pitch type.
663457,lars nootbaar,L,SV,Slurve,0,0,0,0,0,0,0,0,0,,,,,,,,,,,2026-10-10,2026-10-10T15:33:05-04:00,Batter damage by pitch type.
663494,bryan torres,L,CH,Changeup,2,3,2,0,0,0,0,1,1,93.9,76.47,16.67,0.0,0.0,0.0,0.0,0.0,0.3333,0.3333,2026-10-10,2026-10-10T15:33:05-04:00,Batter damage by pitch type.
663494,bryan torres,L,CU,Curveball,0,1,0,0,0,0,0,0,0,53.6,53.6,-23.0,,,0.0,,,0.0,0.0,2026-10-10,2026-10-10T15:33:05-04:00,Batter damage by pitch type.
663494,bryan torres,L,FC,Cutter,2,2,2,0,0,1,0,1,1,100.8,97.6,34.0,0.0,0.0,0.0,0.5,0.0,0.5,0.5,2026-10-10,2026-10-10T15:33:05-04:00,Batter damage by pitch type.
663494,bryan torres,L,FF,4-Seam Fastball,12,9,9,0,0,1,0,3,3,96.7,80.93,41.78,0.0,0.0,0.0,0.0833,0.0,0.3333,0.3333,2026-10-10,2026-10-10T15:33:05-04:00,Batter damage by pitch type.
663494,bryan torres,L,FS,Split-Finger,1,1,0,0,0,0,0,0,0,61.1,61.1,-21.0,0.0,0.0,0.0,0.0,0.0,0.0,0.0,2026-10-10,2026-10-10T15:33:05-04:00,Batter damage by pitch type.
663494,bryan torres,L,SI,Sinker,2,4,2,0,0,1,0,1,0,97.5,80.88,20.25,0.0,0.0,0.0,0.5,0.0,0.25,0.0,2026-10-10,2026-10-10T15:33:05-04:00,Batter damage by pitch type.
663494,bryan torres,L,SL,Slider,0,0,0,0,0,0,0,0,0,,,,,,,,,,,2026-10-10,2026-10-10T15:33:05-04:00,Batter damage by pitch type.
663494,bryan torres,L,ST,Sweeper,5,3,1,0,0,0,0,0,1,86.8,73.83,9.0,0.0,0.0,0.0,0.0,0.0,0.0,0.3333,2026-10-10,2026-10-10T15:33:05-04:00,Batter damage by pitch type.
663494,bryan torres,L,SV,Slurve,0,0,0,0,0,0,0,0,0,,,,,,,,,,,2026-10-10,2026-10-10T15:33:05-04:00,Batter damage by pitch type.
663538,nico hoerner,R,CH,Changeup,4,4,3,0,0,1,0,1,1,100.1,89.65,30.5,0.0,0.0,0.0,0.25,0.0,0.25,0.25,2026-10-10,2026-10-10T15:33:05-04:00,Batter damage by pitch type.
663538,nico hoerner,R,CU,Curveball,1,8,4,0,0,1,0,1,3,95.4,76.65,-1.12,0.0,0.0,0.0,1.0,0.0,0.125,0.375,2026-10-10,2026-10-10T15:33:05-04:00,Batter damage by pitch type.
663538,nico hoerner,R,FC,Cutter,9,12,8,0,1,2,1,1,4,101.0,86.51,24.83,0.0,0.1111,0.0833,0.2222,0.1111,0.0833,0.3333,2026-10-10,2026-10-10T15:33:05-04:00,Batter damage by pitch type.
663538,nico hoerner,R,FF,4-Seam Fastball,25,35,29,0,0,2,0,8,14,100.3,80.25,31.11,0.0,0.0,0.0,0.08,0.0,0.2286,0.4,2026-10-10,2026-10-10T15:33:05-04:00,Batter damage by pitch type.
663538,nico hoerner,R,FS,Split-Finger,1,1,1,0,0,1,0,1,1,95.7,95.7,12.0,0.0,0.0,0.0,1.0,0.0,1.0,1.0,2026-10-10,2026-10-10T15:33:05-04:00,Batter damage by pitch type.
663538,nico hoerner,R,SI,Sinker,17,21,10,0,0,1,0,3,5,104.8,79.83,6.71,0.0,0.0,0.0,0.0588,0.0,0.1429,0.2381,2026-10-10,2026-10-10T15:33:05-04:00,Batter damage by pitch type.
663538,nico hoerner,R,SL,Slider,7,13,4,0,0,1,0,2,4,102.2,81.58,1.62,0.0,0.0,0.0,0.1429,0.0,0.1538,0.3077,2026-10-10,2026-10-10T15:33:05-04:00,Batter damage by pitch type.
663538,nico hoerner,R,ST,Sweeper,5,7,4,0,0,1,0,0,1,95.2,75.73,22.0,0.0,0.0,0.0,0.2,0.0,0.0,0.1429,2026-10-10,2026-10-10T15:33:05-04:00,Batter damage by pitch type.
663586,austin riley,R,CH,Changeup,5,6,4,0,0,2,0,1,3,103.0,84.63,8.0,0.0,0.0,0.0,0.4,0.0,0.1667,0.5,2026-10-10,2026-10-10T15:33:05-04:00,Batter damage by pitch type.
663586,austin riley,R,CU,Curveball,2,4,1,0,0,1,0,1,0,104.8,94.8,1.5,0.0,0.0,0.0,0.5,0.0,0.25,0.0,2026-10-10,2026-10-10T15:33:05-04:00,Batter damage by pitch type.
663586,austin riley,R,FC,Cutter,6,9,5,1,2,2,1,1,2,106.4,84.82,15.22,0.1667,0.3333,0.2222,0.3333,0.1667,0.1111,0.2222,2026-10-10,2026-10-10T15:33:05-04:00,Batter damage by pitch type.
663586,austin riley,R,FF,4-Seam Fastball,28,42,34,2,2,5,2,3,8,109.8,83.5,37.43,0.0714,0.0714,0.0476,0.1786,0.0714,0.0714,0.1905,2026-10-10,2026-10-10T15:33:05-04:00,Batter damage by pitch type.
663586,austin riley,R,FS,Split-Finger,8,10,5,0,0,3,1,1,2,111.8,89.31,9.9,0.0,0.0,0.0,0.375,0.125,0.1,0.2,2026-10-10,2026-10-10T15:33:05-04:00,Batter damage by pitch type.
663586,austin riley,R,KC,Knuckle Curve,2,3,1,0,0,1,0,1,1,95.3,81.27,-24.67,0.0,0.0,0.0,0.5,0.0,0.3333,0.3333,2026-10-10,2026-10-10T15:33:05-04:00,Batter damage by pitch type.
663586,austin riley,R,SI,Sinker,16,17,6,1,2,2,1,1,3,109.8,87.25,-0.76,0.0625,0.125,0.1176,0.125,0.0625,0.0588,0.1765,2026-10-10,2026-10-10T15:33:05-04:00,Batter damage by pitch type.
663586,austin riley,R,SL,Slider,9,9,7,0,0,0,0,3,2,103.8,77.16,31.78,0.0,0.0,0.0,0.0,0.0,0.3333,0.2222,2026-10-10,2026-10-10T15:33:05-04:00,Batter damage by pitch type.
663586,austin riley,R,ST,Sweeper,12,10,6,0,0,0,0,3,3,94.5,77.79,15.9,0.0,0.0,0.0,0.0,0.0,0.3,0.3,2026-10-10,2026-10-10T15:33:05-04:00,Batter damage by pitch type.
663604,brandon lockridge,R,CH,Changeup,1,1,1,0,0,1,0,0,1,100.2,100.2,18.0,0.0,0.0,0.0,1.0,0.0,0.0,1.0,2026-10-10,2026-10-10T15:33:05-04:00,Batter damage by pitch type.
663604,brandon lockridge,R,CU,Curveball,0,1,0,0,0,0,0,0,0,75.1,75.1,-34.0,,,0.0,,,0.0,0.0,2026-10-10,2026-10-10T15:33:05-04:00,Batter damage by pitch type.
663604,brandon lockridge,R,FF,4-Seam Fastball,1,0,0,0,0,0,0,0,0,,,,0.0,0.0,,0.0,0.0,,,2026-10-10,2026-10-10T15:33:05-04:00,Batter damage by pitch type.
663604,brandon lockridge,R,SL,Slider,0,1,1,0,0,0,0,0,0,88.2,88.2,37.0,,,0.0,,,0.0,0.0,2026-10-10,2026-10-10T15:33:05-04:00,Batter damage by pitch type.
663611,nick madrigal,R,CH,Changeup,0,0,0,0,0,0,0,0,0,,,,,,,,,,,2026-10-10,2026-10-10T15:33:05-04:00,Batter damage by pitch type.
663611,nick madrigal,R,CU,Curveball,1,1,1,0,0,0,0,0,1,84.5,84.5,24.0,0.0,0.0,0.0,0.0,0.0,0.0,1.0,2026-10-10,2026-10-10T15:33:05-04:00,Batter damage by pitch type.
663611,nick madrigal,R,FC,Cutter,0,0,0,0,0,0,0,0,0,,,,,,,,,,,2026-10-10,2026-10-10T15:33:05-04:00,Batter damage by pitch type.
663611,nick madrigal,R,FF,4-Seam Fastball,4,7,5,0,0,1,0,1,2,105.3,90.37,21.43,0.0,0.0,0.0,0.25,0.0,0.1429,0.2857,2026-10-10,2026-10-10T15:33:05-04:00,Batter damage by pitch type.
663611,nick madrigal,R,SI,Sinker,3,4,1,0,0,0,0,0,0,72.0,65.58,10.75,0.0,0.0,0.0,0.0,0.0,0.0,0.0,2026-10-10,2026-10-10T15:33:05-04:00,Batter damage by pitch type.
663611,nick madrigal,R,SL,Slider,2,3,3,0,0,1,0,2,2,96.4,84.23,29.67,0.0,0.0,0.0,0.5,0.0,0.6667,0.6667,2026-10-10,2026-10-10T15:33:05-04:00,Batter damage by pitch type.
663611,nick madrigal,R,ST,Sweeper,1,1,0,0,0,0,0,0,0,77.1,77.1,-7.0,0.0,0.0,0.0,0.0,0.0,0.0,0.0,2026-10-10,2026-10-10T15:33:05-04:00,Batter damage by pitch type.
663616,trevor larnach,L,FC,Cutter,0,0,0,0,0,0,0,0,0,,,,,,,,,,,2026-10-10,2026-10-10T15:33:05-04:00,Batter damage by pitch type.
663616,trevor larnach,L,FF,4-Seam Fastball,5,5,3,1,1,1,1,2,3,102.1,81.86,1.8,0.2,0.2,0.2,0.2,0.2,0.4,0.6,2026-10-10,2026-10-10T15:33:05-04:00,Batter damage by pitch type.
663616,trevor larnach,L,ST,Sweeper,0,0,0,0,0,0,0,0,0,,,,,,,,,,,2026-10-10,2026-10-10T15:33:05-04:00,Batter damage by pitch type.
663647,ke'bryan hayes,R,CH,Changeup,2,3,2,0,0,1,0,1,2,97.9,77.73,3.0,0.0,0.0,0.0,0.5,0.0,0.3333,0.6667,2026-10-10,2026-10-10T15:33:05-04:00,Batter damage by pitch type.
663647,ke'bryan hayes,R,CU,Curveball,3,4,1,0,0,1,0,1,1,102.9,77.7,-24.0,0.0,0.0,0.0,0.3333,0.0,0.25,0.25,2026-10-10,2026-10-10T15:33:05-04:00,Batter damage by pitch type.
663647,ke'bryan hayes,R,FC,Cutter,4,5,5,0,0,0,0,0,0,93.9,77.92,52.6,0.0,0.0,0.0,0.0,0.0,0.0,0.0,2026-10-10,2026-10-10T15:33:05-04:00,Batter damage by pitch type.
663647,ke'bryan hayes,R,FF,4-Seam Fastball,7,18,15,0,0,1,0,0,4,98.2,83.67,34.94,0.0,0.0,0.0,0.1429,0.0,0.0,0.2222,2026-10-10,2026-10-10T15:33:05-04:00,Batter damage by pitch type.
663647,ke'bryan hayes,R,FS,Split-Finger,1,1,1,0,0,0,0,0,1,91.0,91.0,30.0,0.0,0.0,0.0,0.0,0.0,0.0,1.0,2026-10-10,2026-10-10T15:33:05-04:00,Batter damage by pitch type.
663647,ke'bryan hayes,R,SI,Sinker,3,4,4,0,0,0,0,1,1,90.1,83.03,42.5,0.0,0.0,0.0,0.0,0.0,0.25,0.25,2026-10-10,2026-10-10T15:33:05-04:00,Batter damage by pitch type.
663647,ke'bryan hayes,R,SL,Slider,5,7,3,0,0,0,0,0,1,101.9,86.99,10.0,0.0,0.0,0.0,0.0,0.0,0.0,0.1429,2026-10-10,2026-10-10T15:33:05-04:00,Batter damage by pitch type.
663656,kyle tucker,L,CH,Changeup,3,4,0,0,0,0,0,0,0,88.9,72.17,-23.5,0.0,0.0,0.0,0.0,0.0,0.0,0.0,2026-10-10,2026-10-10T15:33:05-04:00,Batter damage by pitch type.
663656,kyle tucker,L,CU,Curveball,3,5,5,0,0,0,0,2,3,92.6,81.7,31.0,0.0,0.0,0.0,0.0,0.0,0.4,0.6,2026-10-10,2026-10-10T15:33:05-04:00,Batter damage by pitch type.
663656,kyle tucker,L,FC,Cutter,4,3,3,0,0,1,0,0,2,100.5,90.7,35.0,0.0,0.0,0.0,0.25,0.0,0.0,0.6667,2026-10-10,2026-10-10T15:33:05-04:00,Batter damage by pitch type.
663656,kyle tucker,L,FF,4-Seam Fastball,24,30,25,2,2,3,1,7,11,105.6,84.18,32.5,0.0833,0.0833,0.0667,0.125,0.0417,0.2333,0.3667,2026-10-10,2026-10-10T15:33:05-04:00,Batter damage by pitch type.
663656,kyle tucker,L,FS,Split-Finger,4,6,2,0,0,0,0,0,0,74.5,61.95,3.17,0.0,0.0,0.0,0.0,0.0,0.0,0.0,2026-10-10,2026-10-10T15:33:05-04:00,Batter damage by pitch type.
663656,kyle tucker,L,KC,Knuckle Curve,0,0,0,0,0,0,0,0,0,,,,,,,,,,,2026-10-10,2026-10-10T15:33:05-04:00,Batter damage by pitch type.
663656,kyle tucker,L,SI,Sinker,24,28,20,1,1,4,0,5,13,104.6,82.45,22.25,0.0417,0.0417,0.0357,0.1667,0.0,0.1786,0.4643,2026-10-10,2026-10-10T15:33:05-04:00,Batter damage by pitch type.
663656,kyle tucker,L,SL,Slider,15,26,12,1,1,2,1,4,7,102.0,81.22,9.65,0.0667,0.0667,0.0385,0.1333,0.0667,0.1538,0.2692,2026-10-10,2026-10-10T15:33:05-04:00,Batter damage by pitch type.
663656,kyle tucker,L,ST,Sweeper,3,4,4,1,2,2,2,2,4,105.0,92.33,21.25,0.3333,0.6667,0.5,0.6667,0.6667,0.5,1.0,2026-10-10,2026-10-10T15:33:05-04:00,Batter damage by pitch type.
663656,kyle tucker,L,SV,Slurve,0,0,0,0,0,0,0,0,0,,,,,,,,,,,2026-10-10,2026-10-10T15:33:05-04:00,Batter damage by pitch type.
663728,cal raleigh,L,CH,Changeup,0,3,3,0,0,0,0,0,2,84.1,81.4,42.0,,,0.0,,,0.0,0.6667,2026-10-10,2026-10-10T15:33:05-04:00,Batter damage by pitch type.
663728,cal raleigh,L,CU,Curveball,1,1,1,0,0,0,0,0,0,59.1,59.1,41.0,0.0,0.0,0.0,0.0,0.0,0.0,0.0,2026-10-10,2026-10-10T15:33:05-04:00,Batter damage by pitch type.
663728,cal raleigh,L,FC,Cutter,10,10,10,0,0,2,0,3,2,105.3,87.43,40.2,0.0,0.0,0.0,0.2,0.0,0.3,0.2,2026-10-10,2026-10-10T15:33:05-04:00,Batter damage by pitch type.
663728,cal raleigh,L,FF,4-Seam Fastball,12,22,17,0,0,2,0,1,8,103.9,84.65,27.14,0.0,0.0,0.0,0.1667,0.0,0.0455,0.3636,2026-10-10,2026-10-10T15:33:05-04:00,Batter damage by pitch type.
663728,cal raleigh,L,FS,Split-Finger,0,1,1,0,0,0,0,0,0,68.4,68.4,53.0,,,0.0,,,0.0,0.0,2026-10-10,2026-10-10T15:33:05-04:00,Batter damage by pitch type.
663728,cal raleigh,L,SI,Sinker,3,4,2,0,0,1,0,1,1,110.3,90.45,3.25,0.0,0.0,0.0,0.3333,0.0,0.25,0.25,2026-10-10,2026-10-10T15:33:05-04:00,Batter damage by pitch type.
663728,cal raleigh,L,SL,Slider,7,7,3,0,0,1,0,1,1,98.8,80.1,8.43,0.0,0.0,0.0,0.1429,0.0,0.1429,0.1429,2026-10-10,2026-10-10T15:33:05-04:00,Batter damage by pitch type.
663728,cal raleigh,L,ST,Sweeper,3,4,2,0,0,1,0,1,0,98.6,80.25,9.25,0.0,0.0,0.0,0.3333,0.0,0.25,0.0,2026-10-10,2026-10-10T15:33:05-04:00,Batter damage by pitch type.
663728,cal raleigh,R,CH,Changeup,8,8,6,0,0,3,0,2,3,102.2,84.6,24.5,0.0,0.0,0.0,0.375,0.0,0.25,0.375,2026-10-10,2026-10-10T15:33:05-04:00,Batter damage by pitch type.
663728,cal raleigh,R,CU,Curveball,2,1,0,0,0,0,0,0,1,105.2,105.2,8.0,0.0,0.0,0.0,0.0,0.0,0.0,1.0,2026-10-10,2026-10-10T15:33:05-04:00,Batter damage by pitch type.
663728,cal raleigh,R,FA,Other,1,0,0,0,0,0,0,0,0,,,,0.0,0.0,,0.0,0.0,,,2026-10-10,2026-10-10T15:33:05-04:00,Batter damage by pitch type.
663728,cal raleigh,R,FC,Cutter,2,2,1,0,0,0,0,0,1,75.2,74.5,-8.0,0.0,0.0,0.0,0.0,0.0,0.0,0.5,2026-10-10,2026-10-10T15:33:05-04:00,Batter damage by pitch type.
663728,cal raleigh,R,FF,4-Seam Fastball,8,13,9,0,1,2,0,3,3,112.4,93.09,34.38,0.0,0.125,0.0769,0.25,0.0,0.2308,0.2308,2026-10-10,2026-10-10T15:33:05-04:00,Batter damage by pitch type.
663728,cal raleigh,R,FS,Split-Finger,1,2,1,0,0,0,0,0,0,88.0,79.85,28.0,0.0,0.0,0.0,0.0,0.0,0.0,0.0,2026-10-10,2026-10-10T15:33:05-04:00,Batter damage by pitch type.
663728,cal raleigh,R,SI,Sinker,3,1,1,1,1,1,1,1,1,111.7,111.7,32.0,0.3333,0.3333,1.0,0.3333,0.3333,1.0,1.0,2026-10-10,2026-10-10T15:33:05-04:00,Batter damage by pitch type.
663728,cal raleigh,R,SL,Slider,4,5,4,1,1,1,1,1,1,106.1,86.56,37.6,0.25,0.25,0.2,0.25,0.25,0.2,0.2,2026-10-10,2026-10-10T15:33:05-04:00,Batter damage by pitch type.
663728,cal raleigh,R,ST,Sweeper,0,1,1,0,0,0,0,0,0,76.1,76.1,61.0,,,0.0,,,0.0,0.0,2026-10-10,2026-10-10T15:33:05-04:00,Batter damage by pitch type.
663728,cal raleigh,R,SV,Slurve,1,1,1,0,0,0,0,0,0,83.0,83.0,52.0,0.0,0.0,0.0,0.0,0.0,0.0,0.0,2026-10-10,2026-10-10T15:33:05-04:00,Batter damage by pitch type.
663743,nick fortes,R,CH,Changeup,4,6,2,0,0,1,1,1,2,110.6,79.9,-13.0,0.0,0.0,0.0,0.25,0.25,0.1667,0.3333,2026-10-10,2026-10-10T15:33:05-04:00,Batter damage by pitch type.
663743,nick fortes,R,CU,Curveball,0,0,0,0,0,0,0,0,0,,,,,,,,,,,2026-10-10,2026-10-10T15:33:05-04:00,Batter damage by pitch type.
663743,nick fortes,R,FC,Cutter,4,8,5,0,0,2,0,2,2,112.7,90.84,24.0,0.0,0.0,0.0,0.5,0.0,0.25,0.25,2026-10-10,2026-10-10T15:33:05-04:00,Batter damage by pitch type.
663743,nick fortes,R,FF,4-Seam Fastball,6,7,7,0,0,1,0,3,1,101.2,81.19,52.71,0.0,0.0,0.0,0.1667,0.0,0.4286,0.1429,2026-10-10,2026-10-10T15:33:05-04:00,Batter damage by pitch type.
663743,nick fortes,R,FS,Split-Finger,1,1,0,0,0,0,0,0,0,102.9,102.9,-1.0,0.0,0.0,0.0,0.0,0.0,0.0,0.0,2026-10-10,2026-10-10T15:33:05-04:00,Batter damage by pitch type.
663743,nick fortes,R,SI,Sinker,9,14,9,1,1,3,1,3,6,115.8,86.34,8.14,0.1111,0.1111,0.0714,0.3333,0.1111,0.2143,0.4286,2026-10-10,2026-10-10T15:33:05-04:00,Batter damage by pitch type.
663743,nick fortes,R,SL,Slider,3,1,1,1,0,1,0,1,1,97.9,97.9,24.0,0.3333,0.0,0.0,0.3333,0.0,1.0,1.0,2026-10-10,2026-10-10T15:33:05-04:00,Batter damage by pitch type.
663743,nick fortes,R,ST,Sweeper,2,0,0,0,0,0,0,0,0,,,,0.0,0.0,,0.0,0.0,,,2026-10-10,2026-10-10T15:33:05-04:00,Batter damage by pitch type.
663757,trent grisham,L,CH,Changeup,4,3,2,0,0,1,1,1,1,104.9,97.93,33.0,0.0,0.0,0.0,0.25,0.25,0.3333,0.3333,2026-10-10,2026-10-10T15:33:05-04:00,Batter damage by pitch type.
663757,trent grisham,L,CU,Curveball,1,0,0,0,0,0,0,0,0,,,,0.0,0.0,,0.0,0.0,,,2026-10-10,2026-10-10T15:33:05-04:00,Batter damage by pitch type.
663757,trent grisham,L,FC,Cutter,0,2,1,0,0,1,0,0,1,106.3,101.2,1.5,,,0.0,,,0.0,0.5,2026-10-10,2026-10-10T15:33:05-04:00,Batter damage by pitch type.
663757,trent grisham,L,FF,4-Seam Fastball,3,3,3,0,0,1,0,1,1,98.7,91.03,45.0,0.0,0.0,0.0,0.3333,0.0,0.3333,0.3333,2026-10-10,2026-10-10T15:33:05-04:00,Batter damage by pitch type.
663757,trent grisham,L,SI,Sinker,8,5,2,0,0,2,1,0,2,101.3,87.16,-5.6,0.0,0.0,0.0,0.25,0.125,0.0,0.4,2026-10-10,2026-10-10T15:33:05-04:00,Batter damage by pitch type.
663757,trent grisham,L,SL,Slider,0,0,0,0,0,0,0,0,0,,,,,,,,,,,2026-10-10,2026-10-10T15:33:05-04:00,Batter damage by pitch type.
663757,trent grisham,L,ST,Sweeper,0,0,0,0,0,0,0,0,0,,,,,,,,,,,2026-10-10,2026-10-10T15:33:05-04:00,Batter damage by pitch type.
663886,tyler stephenson,R,CH,Changeup,1,2,1,0,0,0,0,0,1,92.9,74.1,-2.5,0.0,0.0,0.0,0.0,0.0,0.0,0.5,2026-10-10,2026-10-10T15:33:05-04:00,Batter damage by pitch type.
663886,tyler stephenson,R,CU,Curveball,1,4,0,0,0,0,0,0,0,91.1,77.5,-21.0,0.0,0.0,0.0,0.0,0.0,0.0,0.0,2026-10-10,2026-10-10T15:33:05-04:00,Batter damage by pitch type.
663886,tyler stephenson,R,FC,Cutter,5,6,3,0,0,0,0,0,0,89.9,70.4,20.67,0.0,0.0,0.0,0.0,0.0,0.0,0.0,2026-10-10,2026-10-10T15:33:05-04:00,Batter damage by pitch type.
663886,tyler stephenson,R,FF,4-Seam Fastball,16,23,20,0,2,3,1,4,5,109.1,85.33,36.74,0.0,0.125,0.087,0.1875,0.0625,0.1739,0.2174,2026-10-10,2026-10-10T15:33:05-04:00,Batter damage by pitch type.
663886,tyler stephenson,R,FS,Split-Finger,1,2,0,0,0,0,0,0,0,78.8,75.2,-29.5,0.0,0.0,0.0,0.0,0.0,0.0,0.0,2026-10-10,2026-10-10T15:33:05-04:00,Batter damage by pitch type.
663886,tyler stephenson,R,SI,Sinker,13,17,10,0,1,2,0,2,2,105.4,85.32,19.18,0.0,0.0769,0.0588,0.1538,0.0,0.1176,0.1176,2026-10-10,2026-10-10T15:33:05-04:00,Batter damage by pitch type.
663886,tyler stephenson,R,SL,Slider,4,5,4,0,0,0,0,1,1,87.1,78.3,26.0,0.0,0.0,0.0,0.0,0.0,0.2,0.2,2026-10-10,2026-10-10T15:33:05-04:00,Batter damage by pitch type.
663886,tyler stephenson,R,ST,Sweeper,6,5,2,0,1,1,1,2,2,103.4,75.08,0.0,0.0,0.1667,0.2,0.1667,0.1667,0.4,0.4,2026-10-10,2026-10-10T15:33:05-04:00,Batter damage by pitch type.
663886,tyler stephenson,R,SV,Slurve,0,0,0,0,0,0,0,0,0,,,,,,,,,,,2026-10-10,2026-10-10T15:33:05-04:00,Batter damage by pitch type.
663968,jake mangum,L,CH,Changeup,6,8,6,0,0,1,0,0,3,102.1,77.42,27.75,0.0,0.0,0.0,0.1667,0.0,0.0,0.375,2026-10-10,2026-10-10T15:33:05-04:00,Batter damage by pitch type.
663968,jake mangum,L,CU,Curveball,4,1,0,0,0,0,0,0,0,76.3,76.3,-22.0,0.0,0.0,0.0,0.0,0.0,0.0,0.0,2026-10-10,2026-10-10T15:33:05-04:00,Batter damage by pitch type.
663968,jake mangum,L,FC,Cutter,2,8,5,0,0,0,0,0,2,103.0,78.32,8.62,0.0,0.0,0.0,0.0,0.0,0.0,0.25,2026-10-10,2026-10-10T15:33:05-04:00,Batter damage by pitch type.
663968,jake mangum,L,FF,4-Seam Fastball,9,18,12,0,0,0,0,0,5,100.2,79.05,17.56,0.0,0.0,0.0,0.0,0.0,0.0,0.2778,2026-10-10,2026-10-10T15:33:05-04:00,Batter damage by pitch type.
663968,jake mangum,L,FS,Split-Finger,0,0,0,0,0,0,0,0,0,,,,,,,,,,,2026-10-10,2026-10-10T15:33:05-04:00,Batter damage by pitch type.
663968,jake mangum,L,KC,Knuckle Curve,1,1,0,0,0,0,0,0,0,75.8,75.8,-11.0,0.0,0.0,0.0,0.0,0.0,0.0,0.0,2026-10-10,2026-10-10T15:33:05-04:00,Batter damage by pitch type.
663968,jake mangum,L,SI,Sinker,3,3,2,0,0,0,0,0,0,98.6,84.7,33.0,0.0,0.0,0.0,0.0,0.0,0.0,0.0,2026-10-10,2026-10-10T15:33:05-04:00,Batter damage by pitch type.
663968,jake mangum,L,SL,Slider,5,9,6,0,0,0,0,2,2,102.5,82.63,34.11,0.0,0.0,0.0,0.0,0.0,0.2222,0.2222,2026-10-10,2026-10-10T15:33:05-04:00,Batter damage by pitch type.
663968,jake mangum,L,ST,Sweeper,3,4,2,0,0,1,1,1,0,101.3,87.12,12.5,0.0,0.0,0.0,0.3333,0.3333,0.25,0.0,2026-10-10,2026-10-10T15:33:05-04:00,Batter damage by pitch type.
663968,jake mangum,R,CH,Changeup,0,1,0,0,0,0,0,0,0,86.5,86.5,-28.0,,,0.0,,,0.0,0.0,2026-10-10,2026-10-10T15:33:05-04:00,Batter damage by pitch type.
663968,jake mangum,R,CU,Curveball,1,1,0,0,0,0,0,0,0,85.5,85.5,-32.0,0.0,0.0,0.0,0.0,0.0,0.0,0.0,2026-10-10,2026-10-10T15:33:05-04:00,Batter damage by pitch type.
663968,jake mangum,R,FC,Cutter,2,2,2,0,0,0,0,1,1,84.1,82.15,30.5,0.0,0.0,0.0,0.0,0.0,0.5,0.5,2026-10-10,2026-10-10T15:33:05-04:00,Batter damage by pitch type.
663968,jake mangum,R,FF,4-Seam Fastball,5,5,4,0,0,2,0,1,2,106.3,78.02,18.8,0.0,0.0,0.0,0.4,0.0,0.2,0.4,2026-10-10,2026-10-10T15:33:05-04:00,Batter damage by pitch type.
663968,jake mangum,R,FS,Split-Finger,1,1,0,0,0,0,0,0,0,66.6,66.6,-17.0,0.0,0.0,0.0,0.0,0.0,0.0,0.0,2026-10-10,2026-10-10T15:33:05-04:00,Batter damage by pitch type.
663968,jake mangum,R,SI,Sinker,2,2,2,0,0,1,0,1,2,100.1,90.75,19.5,0.0,0.0,0.0,0.5,0.0,0.5,1.0,2026-10-10,2026-10-10T15:33:05-04:00,Batter damage by pitch type.
663968,jake mangum,R,SL,Slider,2,3,3,1,1,1,1,1,2,102.2,83.97,44.67,0.5,0.5,0.3333,0.5,0.5,0.3333,0.6667,2026-10-10,2026-10-10T15:33:05-04:00,Batter damage by pitch type.
663968,jake mangum,R,ST,Sweeper,1,1,1,0,1,1,1,1,1,103.7,103.7,23.0,0.0,1.0,1.0,1.0,1.0,1.0,1.0,2026-10-10,2026-10-10T15:33:05-04:00,Batter damage by pitch type.
663993,nathaniel lowe,L,CH,Changeup,6,6,3,0,0,1,0,3,2,108.0,90.78,3.17,0.0,0.0,0.0,0.1667,0.0,0.5,0.3333,2026-10-10,2026-10-10T15:33:05-04:00,Batter damage by pitch type.
663993,nathaniel lowe,L,CU,Curveball,8,8,6,0,0,3,0,3,2,99.6,84.56,26.0,0.0,0.0,0.0,0.375,0.0,0.375,0.25,2026-10-10,2026-10-10T15:33:05-04:00,Batter damage by pitch type.
663993,nathaniel lowe,L,FC,Cutter,7,6,3,0,0,0,0,0,1,107.6,86.93,16.83,0.0,0.0,0.0,0.0,0.0,0.0,0.1667,2026-10-10,2026-10-10T15:33:05-04:00,Batter damage by pitch type.
663993,nathaniel lowe,L,FF,4-Seam Fastball,18,26,22,0,2,6,2,3,11,106.9,85.44,30.62,0.0,0.1111,0.0769,0.3333,0.1111,0.1154,0.4231,2026-10-10,2026-10-10T15:33:05-04:00,Batter damage by pitch type.
663993,nathaniel lowe,L,FS,Split-Finger,1,1,0,0,0,0,0,0,0,59.2,59.2,-46.0,0.0,0.0,0.0,0.0,0.0,0.0,0.0,2026-10-10,2026-10-10T15:33:05-04:00,Batter damage by pitch type.
663993,nathaniel lowe,L,KC,Knuckle Curve,0,1,0,0,0,0,0,0,0,79.4,79.4,-24.0,,,0.0,,,0.0,0.0,2026-10-10,2026-10-10T15:33:05-04:00,Batter damage by pitch type.
663993,nathaniel lowe,L,SI,Sinker,8,13,10,0,0,3,0,1,4,109.3,87.39,16.15,0.0,0.0,0.0,0.375,0.0,0.0769,0.3077,2026-10-10,2026-10-10T15:33:05-04:00,Batter damage by pitch type.
663993,nathaniel lowe,L,SL,Slider,4,3,1,0,0,1,0,1,1,109.4,97.47,-10.0,0.0,0.0,0.0,0.25,0.0,0.3333,0.3333,2026-10-10,2026-10-10T15:33:05-04:00,Batter damage by pitch type.
663993,nathaniel lowe,L,ST,Sweeper,1,2,1,0,0,0,0,0,0,73.5,63.15,-10.0,0.0,0.0,0.0,0.0,0.0,0.0,0.0,2026-10-10,2026-10-10T15:33:05-04:00,Batter damage by pitch type.
663993,nathaniel lowe,L,SV,Slurve,0,0,0,0,0,0,0,0,0,,,,,,,,,,,2026-10-10,2026-10-10T15:33:05-04:00,Batter damage by pitch type.
664023,ian happ,L,CH,Changeup,10,9,6,1,1,3,1,4,5,102.4,86.5,18.89,0.1,0.1,0.1111,0.3,0.1,0.4444,0.5556,2026-10-10,2026-10-10T15:33:05-04:00,Batter damage by pitch type.
664023,ian happ,L,CU,Curveball,3,5,1,0,0,1,0,0,2,99.1,76.4,-18.2,0.0,0.0,0.0,0.3333,0.0,0.0,0.4,2026-10-10,2026-10-10T15:33:05-04:00,Batter damage by pitch type.
664023,ian happ,L,FC,Cutter,2,3,2,0,0,0,0,0,1,87.7,76.5,23.33,0.0,0.0,0.0,0.0,0.0,0.0,0.3333,2026-10-10,2026-10-10T15:33:05-04:00,Batter damage by pitch type.
664023,ian happ,L,FF,4-Seam Fastball,20,29,22,0,1,5,1,5,10,107.9,84.08,31.55,0.0,0.05,0.0345,0.25,0.05,0.1724,0.3448,2026-10-10,2026-10-10T15:33:05-04:00,Batter damage by pitch type.
664023,ian happ,L,FS,Split-Finger,5,5,3,0,1,1,1,0,1,106.4,89.78,11.0,0.0,0.2,0.2,0.2,0.2,0.0,0.2,2026-10-10,2026-10-10T15:33:05-04:00,Batter damage by pitch type.
664023,ian happ,L,PO,Pitch Out,1,0,0,0,0,0,0,0,0,,,,0.0,0.0,,0.0,0.0,,,2026-10-10,2026-10-10T15:33:05-04:00,Batter damage by pitch type.
664023,ian happ,L,SI,Sinker,3,6,3,0,0,0,0,0,1,86.6,73.2,4.0,0.0,0.0,0.0,0.0,0.0,0.0,0.1667,2026-10-10,2026-10-10T15:33:05-04:00,Batter damage by pitch type.
664023,ian happ,L,SL,Slider,6,6,5,0,0,3,0,4,3,102.9,90.43,17.67,0.0,0.0,0.0,0.5,0.0,0.6667,0.5,2026-10-10,2026-10-10T15:33:05-04:00,Batter damage by pitch type.
664023,ian happ,L,ST,Sweeper,4,5,3,0,0,0,0,2,0,103.3,82.2,25.8,0.0,0.0,0.0,0.0,0.0,0.4,0.0,2026-10-10,2026-10-10T15:33:05-04:00,Batter damage by pitch type.
664023,ian happ,L,SV,Slurve,1,1,0,0,0,0,0,0,0,95.9,95.9,-2.0,0.0,0.0,0.0,0.0,0.0,0.0,0.0,2026-10-10,2026-10-10T15:33:05-04:00,Batter damage by pitch type.
664023,ian happ,R,CH,Changeup,4,2,2,0,0,0,0,0,1,61.0,57.05,30.5,0.0,0.0,0.0,0.0,0.0,0.0,0.5,2026-10-10,2026-10-10T15:33:05-04:00,Batter damage by pitch type.
664023,ian happ,R,CU,Curveball,0,1,0,0,0,0,0,0,0,70.4,70.4,-19.0,,,0.0,,,0.0,0.0,2026-10-10,2026-10-10T15:33:05-04:00,Batter damage by pitch type.
664023,ian happ,R,FF,4-Seam Fastball,0,1,1,0,0,0,0,0,0,66.2,66.2,59.0,,,0.0,,,0.0,0.0,2026-10-10,2026-10-10T15:33:05-04:00,Batter damage by pitch type.
664034,ty france,R,CH,Changeup,4,6,2,0,0,0,0,0,0,95.0,78.77,12.5,0.0,0.0,0.0,0.0,0.0,0.0,0.0,2026-10-10,2026-10-10T15:33:05-04:00,Batter damage by pitch type.
664034,ty france,R,CU,Curveball,6,6,1,0,0,0,0,1,1,97.6,83.97,-9.33,0.0,0.0,0.0,0.0,0.0,0.1667,0.1667,2026-10-10,2026-10-10T15:33:05-04:00,Batter damage by pitch type.
664034,ty france,R,FC,Cutter,3,5,4,0,0,0,0,0,2,82.8,76.86,21.2,0.0,0.0,0.0,0.0,0.0,0.0,0.4,2026-10-10,2026-10-10T15:33:05-04:00,Batter damage by pitch type.
664034,ty france,R,FF,4-Seam Fastball,31,51,38,0,0,8,1,4,19,107.5,83.26,25.1,0.0,0.0,0.0,0.2581,0.0323,0.0784,0.3725,2026-10-10,2026-10-10T15:33:05-04:00,Batter damage by pitch type.
664034,ty france,R,FS,Split-Finger,4,5,5,0,1,1,0,3,2,99.5,81.1,49.6,0.0,0.25,0.2,0.25,0.0,0.6,0.4,2026-10-10,2026-10-10T15:33:05-04:00,Batter damage by pitch type.
664034,ty france,R,KC,Knuckle Curve,2,1,1,0,0,1,0,0,1,106.2,106.2,17.0,0.0,0.0,0.0,0.5,0.0,0.0,1.0,2026-10-10,2026-10-10T15:33:05-04:00,Batter damage by pitch type.
664034,ty france,R,SI,Sinker,14,17,7,0,1,3,1,0,4,104.1,88.14,10.41,0.0,0.0714,0.0588,0.2143,0.0714,0.0,0.2353,2026-10-10,2026-10-10T15:33:05-04:00,Batter damage by pitch type.
664034,ty france,R,SL,Slider,8,17,10,0,0,3,0,4,3,99.5,72.18,10.18,0.0,0.0,0.0,0.375,0.0,0.2353,0.1765,2026-10-10,2026-10-10T15:33:05-04:00,Batter damage by pitch type.
664034,ty france,R,ST,Sweeper,9,9,4,1,1,2,0,2,1,106.3,83.01,2.33,0.1111,0.1111,0.1111,0.2222,0.0,0.2222,0.1111,2026-10-10,2026-10-10T15:33:05-04:00,Batter damage by pitch type.
664034,ty france,R,SV,Slurve,2,2,2,0,0,1,0,0,0,95.0,87.1,57.5,0.0,0.0,0.0,0.5,0.0,0.0,0.0,2026-10-10,2026-10-10T15:33:05-04:00,Batter damage by pitch type.
664040,brandon lowe,L,CH,Changeup,6,9,3,0,0,0,0,1,1,100.9,75.0,0.56,0.0,0.0,0.0,0.0,0.0,0.1111,0.1111,2026-10-10,2026-10-10T15:33:05-04:00,Batter damage by pitch type.
664040,brandon lowe,L,CU,Curveball,1,2,1,0,0,1,0,1,1,96.3,78.2,-10.0,0.0,0.0,0.0,1.0,0.0,0.5,0.5,2026-10-10,2026-10-10T15:33:05-04:00,Batter damage by pitch type.
664040,brandon lowe,L,FC,Cutter,7,10,8,2,3,4,3,5,6,110.9,90.38,23.5,0.2857,0.4286,0.3,0.5714,0.4286,0.5,0.6,2026-10-10,2026-10-10T15:33:05-04:00,Batter damage by pitch type.
664040,brandon lowe,L,FF,4-Seam Fastball,17,16,12,3,3,4,3,6,4,108.4,86.57,29.44,0.1765,0.1765,0.1875,0.2353,0.1765,0.375,0.25,2026-10-10,2026-10-10T15:33:05-04:00,Batter damage by pitch type.
664040,brandon lowe,L,FS,Split-Finger,0,1,0,0,0,0,0,0,0,59.9,59.9,-38.0,,,0.0,,,0.0,0.0,2026-10-10,2026-10-10T15:33:05-04:00,Batter damage by pitch type.
664040,brandon lowe,L,KC,Knuckle Curve,1,1,0,0,0,0,0,0,0,64.0,64.0,1.0,0.0,0.0,0.0,0.0,0.0,0.0,0.0,2026-10-10,2026-10-10T15:33:05-04:00,Batter damage by pitch type.
664040,brandon lowe,L,SI,Sinker,12,13,3,1,2,2,2,2,3,105.6,90.55,-9.38,0.0833,0.1667,0.1538,0.1667,0.1667,0.1538,0.2308,2026-10-10,2026-10-10T15:33:05-04:00,Batter damage by pitch type.
664040,brandon lowe,L,SL,Slider,8,12,4,0,0,1,0,0,0,98.6,77.58,1.67,0.0,0.0,0.0,0.125,0.0,0.0,0.0,2026-10-10,2026-10-10T15:33:05-04:00,Batter damage by pitch type.
664040,brandon lowe,L,ST,Sweeper,5,3,2,0,0,1,0,1,0,99.1,83.7,27.0,0.0,0.0,0.0,0.2,0.0,0.3333,0.0,2026-10-10,2026-10-10T15:33:05-04:00,Batter damage by pitch type.
664040,brandon lowe,L,SV,Slurve,2,0,0,0,0,0,0,0,0,,,,0.0,0.0,,0.0,0.0,,,2026-10-10,2026-10-10T15:33:05-04:00,Batter damage by pitch type.
664702,myles straw,R,CH,Changeup,2,2,0,0,0,0,0,0,0,97.5,91.4,-10.0,0.0,0.0,0.0,0.0,0.0,0.0,0.0,2026-10-10,2026-10-10T15:33:05-04:00,Batter damage by pitch type.
664702,myles straw,R,CU,Curveball,1,1,1,0,0,0,0,1,0,89.4,89.4,53.0,0.0,0.0,0.0,0.0,0.0,1.0,0.0,2026-10-10,2026-10-10T15:33:05-04:00,Batter damage by pitch type.
664702,myles straw,R,FC,Cutter,4,4,2,0,0,0,0,1,2,94.6,91.77,9.5,0.0,0.0,0.0,0.0,0.0,0.25,0.5,2026-10-10,2026-10-10T15:33:05-04:00,Batter damage by pitch type.
664702,myles straw,R,FF,4-Seam Fastball,14,20,19,0,0,1,0,2,9,101.0,82.96,36.25,0.0,0.0,0.0,0.0714,0.0,0.1,0.45,2026-10-10,2026-10-10T15:33:05-04:00,Batter damage by pitch type.
664702,myles straw,R,FS,Split-Finger,2,2,1,0,0,1,0,1,1,97.8,91.7,2.0,0.0,0.0,0.0,0.5,0.0,0.5,0.5,2026-10-10,2026-10-10T15:33:05-04:00,Batter damage by pitch type.
664702,myles straw,R,KC,Knuckle Curve,0,0,0,0,0,0,0,0,0,,,,,,,,,,,2026-10-10,2026-10-10T15:33:05-04:00,Batter damage by pitch type.
664702,myles straw,R,SI,Sinker,7,12,10,0,0,1,0,2,8,106.1,85.8,19.33,0.0,0.0,0.0,0.1429,0.0,0.1667,0.6667,2026-10-10,2026-10-10T15:33:05-04:00,Batter damage by pitch type.
664702,myles straw,R,SL,Slider,5,7,4,0,0,0,0,3,2,86.9,67.29,10.86,0.0,0.0,0.0,0.0,0.0,0.4286,0.2857,2026-10-10,2026-10-10T15:33:05-04:00,Batter damage by pitch type.
664702,myles straw,R,ST,Sweeper,0,0,0,0,0,0,0,0,0,,,,,,,,,,,2026-10-10,2026-10-10T15:33:05-04:00,Batter damage by pitch type.
664728,kyle isbel,L,CH,Changeup,3,2,1,0,0,1,0,0,1,103.6,93.3,3.5,0.0,0.0,0.0,0.3333,0.0,0.0,0.5,2026-10-10,2026-10-10T15:33:05-04:00,Batter damage by pitch type.
664728,kyle isbel,L,CU,Curveball,2,3,0,0,0,0,0,0,0,101.8,99.47,-12.33,0.0,0.0,0.0,0.0,0.0,0.0,0.0,2026-10-10,2026-10-10T15:33:05-04:00,Batter damage by pitch type.
664728,kyle isbel,L,FC,Cutter,2,5,3,0,0,0,0,0,2,105.9,92.28,26.2,0.0,0.0,0.0,0.0,0.0,0.0,0.4,2026-10-10,2026-10-10T15:33:05-04:00,Batter damage by pitch type.
664728,kyle isbel,L,FF,4-Seam Fastball,17,18,12,0,0,1,0,3,4,100.6,74.87,24.0,0.0,0.0,0.0,0.0588,0.0,0.1667,0.2222,2026-10-10,2026-10-10T15:33:05-04:00,Batter damage by pitch type.
664728,kyle isbel,L,KC,Knuckle Curve,1,0,0,0,0,0,0,0,0,,,,0.0,0.0,,0.0,0.0,,,2026-10-10,2026-10-10T15:33:05-04:00,Batter damage by pitch type.
664728,kyle isbel,L,SI,Sinker,4,10,5,0,0,0,0,2,2,88.1,76.04,-3.4,0.0,0.0,0.0,0.0,0.0,0.2,0.2,2026-10-10,2026-10-10T15:33:05-04:00,Batter damage by pitch type.
664728,kyle isbel,L,SL,Slider,3,4,1,0,0,0,0,1,1,95.6,75.92,-10.5,0.0,0.0,0.0,0.0,0.0,0.25,0.25,2026-10-10,2026-10-10T15:33:05-04:00,Batter damage by pitch type.
664728,kyle isbel,L,ST,Sweeper,3,3,1,0,0,0,0,0,0,89.2,81.83,15.0,0.0,0.0,0.0,0.0,0.0,0.0,0.0,2026-10-10,2026-10-10T15:33:05-04:00,Batter damage by pitch type.
664761,alec bohm,R,CH,Changeup,7,7,4,0,0,1,0,2,2,95.7,86.27,6.86,0.0,0.0,0.0,0.1429,0.0,0.2857,0.2857,2026-10-10,2026-10-10T15:33:05-04:00,Batter damage by pitch type.
664761,alec bohm,R,CU,Curveball,3,3,0,0,0,0,0,0,0,95.0,76.07,-37.0,0.0,0.0,0.0,0.0,0.0,0.0,0.0,2026-10-10,2026-10-10T15:33:05-04:00,Batter damage by pitch type.
664761,alec bohm,R,FC,Cutter,9,6,3,0,0,1,0,2,1,104.0,91.3,14.33,0.0,0.0,0.0,0.1111,0.0,0.3333,0.1667,2026-10-10,2026-10-10T15:33:05-04:00,Batter damage by pitch type.
664761,alec bohm,R,FF,4-Seam Fastball,26,39,31,1,4,10,3,4,14,106.8,87.28,26.59,0.0385,0.1538,0.1026,0.3846,0.1154,0.1026,0.359,2026-10-10,2026-10-10T15:33:05-04:00,Batter damage by pitch type.
664761,alec bohm,R,FO,Forkball,1,1,1,0,1,1,0,0,1,98.2,98.2,30.0,0.0,1.0,1.0,1.0,0.0,0.0,1.0,2026-10-10,2026-10-10T15:33:05-04:00,Batter damage by pitch type.
664761,alec bohm,R,FS,Split-Finger,1,2,0,0,0,0,0,0,0,104.8,89.5,-14.0,0.0,0.0,0.0,0.0,0.0,0.0,0.0,2026-10-10,2026-10-10T15:33:05-04:00,Batter damage by pitch type.
664761,alec bohm,R,SI,Sinker,22,25,12,0,0,1,0,2,7,105.7,87.2,2.0,0.0,0.0,0.0,0.0455,0.0,0.08,0.28,2026-10-10,2026-10-10T15:33:05-04:00,Batter damage by pitch type.
664761,alec bohm,R,SL,Slider,10,11,7,0,0,2,0,3,3,105.4,81.12,3.64,0.0,0.0,0.0,0.2,0.0,0.2727,0.2727,2026-10-10,2026-10-10T15:33:05-04:00,Batter damage by pitch type.
664761,alec bohm,R,ST,Sweeper,0,0,0,0,0,0,0,0,0,,,,,,,,,,,2026-10-10,2026-10-10T15:33:05-04:00,Batter damage by pitch type.
664761,alec bohm,R,SV,Slurve,1,1,1,0,0,1,0,1,1,105.3,105.3,15.0,0.0,0.0,0.0,1.0,0.0,1.0,1.0,2026-10-10,2026-10-10T15:33:05-04:00,Batter damage by pitch type.
664770,nathan lukes,L,CH,Changeup,6,10,4,0,0,2,0,2,3,102.5,81.06,-11.8,0.0,0.0,0.0,0.3333,0.0,0.2,0.3,2026-10-10,2026-10-10T15:33:05-04:00,Batter damage by pitch type.
664770,nathan lukes,L,CU,Curveball,6,9,5,0,0,1,0,3,2,97.6,81.98,10.44,0.0,0.0,0.0,0.1667,0.0,0.3333,0.2222,2026-10-10,2026-10-10T15:33:05-04:00,Batter damage by pitch type.
664770,nathan lukes,L,FC,Cutter,5,8,4,0,0,0,0,0,3,97.1,71.91,12.12,0.0,0.0,0.0,0.0,0.0,0.0,0.375,2026-10-10,2026-10-10T15:33:05-04:00,Batter damage by pitch type.
664770,nathan lukes,L,FF,4-Seam Fastball,15,29,24,0,0,1,1,0,10,101.1,79.5,28.03,0.0,0.0,0.0,0.0667,0.0667,0.0,0.3448,2026-10-10,2026-10-10T15:33:05-04:00,Batter damage by pitch type.
664770,nathan lukes,L,FS,Split-Finger,1,1,0,0,0,0,0,0,0,96.2,96.2,-9.0,0.0,0.0,0.0,0.0,0.0,0.0,0.0,2026-10-10,2026-10-10T15:33:05-04:00,Batter damage by pitch type.
664770,nathan lukes,L,KC,Knuckle Curve,0,0,0,0,0,0,0,0,0,,,,,,,,,,,2026-10-10,2026-10-10T15:33:05-04:00,Batter damage by pitch type.
664770,nathan lukes,L,SI,Sinker,8,16,13,0,0,3,0,0,8,101.1,83.21,18.38,0.0,0.0,0.0,0.375,0.0,0.0,0.5,2026-10-10,2026-10-10T15:33:05-04:00,Batter damage by pitch type.
664770,nathan lukes,L,SL,Slider,8,8,3,0,1,1,0,1,2,99.2,84.04,2.38,0.0,0.125,0.125,0.125,0.0,0.125,0.25,2026-10-10,2026-10-10T15:33:05-04:00,Batter damage by pitch type.
664770,nathan lukes,L,ST,Sweeper,1,1,0,0,0,0,0,0,0,84.2,84.2,7.0,0.0,0.0,0.0,0.0,0.0,0.0,0.0,2026-10-10,2026-10-10T15:33:05-04:00,Batter damage by pitch type.
664774,lamonte wade,L,CH,Changeup,2,1,0,0,0,0,0,0,0,74.5,74.5,-39.0,0.0,0.0,0.0,0.0,0.0,0.0,0.0,2026-10-10,2026-10-10T15:33:05-04:00,Batter damage by pitch type.
664774,lamonte wade,L,CU,Curveball,2,2,1,1,0,1,0,1,1,96.5,92.85,3.5,0.5,0.0,0.0,0.5,0.0,0.5,0.5,2026-10-10,2026-10-10T15:33:05-04:00,Batter damage by pitch type.
664774,lamonte wade,L,FC,Cutter,3,4,2,0,0,1,0,1,0,99.8,85.55,25.5,0.0,0.0,0.0,0.3333,0.0,0.25,0.0,2026-10-10,2026-10-10T15:33:05-04:00,Batter damage by pitch type.
664774,lamonte wade,L,FF,4-Seam Fastball,5,7,6,0,0,0,0,3,3,92.1,80.96,19.0,0.0,0.0,0.0,0.0,0.0,0.4286,0.4286,2026-10-10,2026-10-10T15:33:05-04:00,Batter damage by pitch type.
664774,lamonte wade,L,FS,Split-Finger,3,3,3,0,0,0,0,2,1,83.5,78.47,36.0,0.0,0.0,0.0,0.0,0.0,0.6667,0.3333,2026-10-10,2026-10-10T15:33:05-04:00,Batter damage by pitch type.
664774,lamonte wade,L,SI,Sinker,2,1,1,0,0,0,0,0,0,93.2,93.2,7.0,0.0,0.0,0.0,0.0,0.0,0.0,0.0,2026-10-10,2026-10-10T15:33:05-04:00,Batter damage by pitch type.
664774,lamonte wade,L,SL,Slider,0,0,0,0,0,0,0,0,0,,,,,,,,,,,2026-10-10,2026-10-10T15:33:05-04:00,Batter damage by pitch type.
664774,lamonte wade,L,ST,Sweeper,1,2,0,0,0,0,0,0,0,101.1,82.75,-26.0,0.0,0.0,0.0,0.0,0.0,0.0,0.0,2026-10-10,2026-10-10T15:33:05-04:00,Batter damage by pitch type.
664954,brett sullivan,L,CH,Changeup,3,4,2,0,0,2,0,1,2,97.7,97.25,1.5,0.0,0.0,0.0,0.6667,0.0,0.25,0.5,2026-10-10,2026-10-10T15:33:05-04:00,Batter damage by pitch type.
664954,brett sullivan,L,CU,Curveball,2,2,0,0,0,0,0,0,0,95.0,92.8,-1.0,0.0,0.0,0.0,0.0,0.0,0.0,0.0,2026-10-10,2026-10-10T15:33:05-04:00,Batter damage by pitch type.
664954,brett sullivan,L,FC,Cutter,1,1,0,0,0,0,0,0,0,100.0,100.0,-9.0,0.0,0.0,0.0,0.0,0.0,0.0,0.0,2026-10-10,2026-10-10T15:33:05-04:00,Batter damage by pitch type.
664954,brett sullivan,L,FF,4-Seam Fastball,8,10,7,0,0,0,0,3,0,100.7,80.35,35.2,0.0,0.0,0.0,0.0,0.0,0.3,0.0,2026-10-10,2026-10-10T15:33:05-04:00,Batter damage by pitch type.
664954,brett sullivan,L,KC,Knuckle Curve,1,1,1,0,0,0,0,0,0,72.4,72.4,36.0,0.0,0.0,0.0,0.0,0.0,0.0,0.0,2026-10-10,2026-10-10T15:33:05-04:00,Batter damage by pitch type.
664954,brett sullivan,L,SI,Sinker,6,7,6,0,0,1,0,1,2,95.1,81.09,28.29,0.0,0.0,0.0,0.1667,0.0,0.1429,0.2857,2026-10-10,2026-10-10T15:33:05-04:00,Batter damage by pitch type.
664954,brett sullivan,L,SL,Slider,1,2,1,0,0,0,0,1,0,80.1,72.85,17.0,0.0,0.0,0.0,0.0,0.0,0.5,0.0,2026-10-10,2026-10-10T15:33:05-04:00,Batter damage by pitch type.
664954,brett sullivan,L,ST,Sweeper,2,4,4,0,0,0,0,0,0,84.5,74.2,67.75,0.0,0.0,0.0,0.0,0.0,0.0,0.0,2026-10-10,2026-10-10T15:33:05-04:00,Batter damage by pitch type.
664954,brett sullivan,L,SV,Slurve,0,0,0,0,0,0,0,0,0,,,,,,,,,,,2026-10-10,2026-10-10T15:33:05-04:00,Batter damage by pitch type.
664983,jake mccarthy,L,CH,Changeup,6,7,2,0,0,0,0,0,0,94.9,81.41,-2.43,0.0,0.0,0.0,0.0,0.0,0.0,0.0,2026-10-10,2026-10-10T15:33:05-04:00,Batter damage by pitch type.
664983,jake mccarthy,L,CU,Curveball,5,5,1,0,0,0,0,0,0,82.1,70.0,-10.2,0.0,0.0,0.0,0.0,0.0,0.0,0.0,2026-10-10,2026-10-10T15:33:05-04:00,Batter damage by pitch type.
664983,jake mccarthy,L,FC,Cutter,2,6,3,0,0,0,0,0,0,98.1,74.77,15.67,0.0,0.0,0.0,0.0,0.0,0.0,0.0,2026-10-10,2026-10-10T15:33:05-04:00,Batter damage by pitch type.
664983,jake mccarthy,L,FF,4-Seam Fastball,20,26,20,0,1,7,0,4,9,105.9,81.56,17.42,0.0,0.05,0.0385,0.35,0.0,0.1538,0.3462,2026-10-10,2026-10-10T15:33:05-04:00,Batter damage by pitch type.
664983,jake mccarthy,L,FS,Split-Finger,2,2,0,0,0,0,0,0,0,91.5,76.4,-13.0,0.0,0.0,0.0,0.0,0.0,0.0,0.0,2026-10-10,2026-10-10T15:33:05-04:00,Batter damage by pitch type.
664983,jake mccarthy,L,KC,Knuckle Curve,1,1,0,0,0,0,0,0,0,68.4,68.4,-29.0,0.0,0.0,0.0,0.0,0.0,0.0,0.0,2026-10-10,2026-10-10T15:33:05-04:00,Batter damage by pitch type.
664983,jake mccarthy,L,SI,Sinker,19,26,9,0,1,2,1,2,8,105.1,76.28,0.23,0.0,0.0526,0.0385,0.1053,0.0526,0.0769,0.3077,2026-10-10,2026-10-10T15:33:05-04:00,Batter damage by pitch type.
664983,jake mccarthy,L,SL,Slider,12,14,8,0,0,0,0,0,2,104.7,79.36,26.07,0.0,0.0,0.0,0.0,0.0,0.0,0.1429,2026-10-10,2026-10-10T15:33:05-04:00,Batter damage by pitch type.
664983,jake mccarthy,L,ST,Sweeper,3,5,4,0,2,2,1,2,3,102.7,81.18,27.0,0.0,0.6667,0.4,0.6667,0.3333,0.4,0.6,2026-10-10,2026-10-10T15:33:05-04:00,Batter damage by pitch type.
664983,jake mccarthy,L,SV,Slurve,3,2,2,0,0,1,0,1,2,100.3,94.2,15.0,0.0,0.0,0.0,0.3333,0.0,0.5,1.0,2026-10-10,2026-10-10T15:33:05-04:00,Batter damage by pitch type.
665019,kody clemens,L,CH,Changeup,6,9,5,0,0,1,0,4,4,106.2,85.41,6.67,0.0,0.0,0.0,0.1667,0.0,0.4444,0.4444,2026-10-10,2026-10-10T15:33:05-04:00,Batter damage by pitch type.
665019,kody clemens,L,CU,Curveball,8,9,0,0,0,0,0,0,0,105.5,88.93,-16.0,0.0,0.0,0.0,0.0,0.0,0.0,0.0,2026-10-10,2026-10-10T15:33:05-04:00,Batter damage by pitch type.
665019,kody clemens,L,FC,Cutter,3,8,5,1,1,1,1,0,2,103.9,77.92,24.75,0.3333,0.3333,0.125,0.3333,0.3333,0.0,0.25,2026-10-10,2026-10-10T15:33:05-04:00,Batter damage by pitch type.
665019,kody clemens,L,FF,4-Seam Fastball,15,19,15,0,0,1,0,1,3,99.9,84.72,34.21,0.0,0.0,0.0,0.0667,0.0,0.0526,0.1579,2026-10-10,2026-10-10T15:33:05-04:00,Batter damage by pitch type.
665019,kody clemens,L,FS,Split-Finger,3,5,2,0,0,2,0,1,1,104.8,81.18,-13.0,0.0,0.0,0.0,0.6667,0.0,0.2,0.2,2026-10-10,2026-10-10T15:33:05-04:00,Batter damage by pitch type.
665019,kody clemens,L,SI,Sinker,16,24,11,0,0,0,0,3,5,104.9,82.95,4.67,0.0,0.0,0.0,0.0,0.0,0.125,0.2083,2026-10-10,2026-10-10T15:33:05-04:00,Batter damage by pitch type.
665019,kody clemens,L,SL,Slider,4,5,2,0,1,1,1,1,2,101.3,88.86,4.0,0.0,0.25,0.2,0.25,0.25,0.2,0.4,2026-10-10,2026-10-10T15:33:05-04:00,Batter damage by pitch type.
665019,kody clemens,L,ST,Sweeper,5,7,2,0,0,2,0,2,2,100.8,79.49,1.29,0.0,0.0,0.0,0.4,0.0,0.2857,0.2857,2026-10-10,2026-10-10T15:33:05-04:00,Batter damage by pitch type.
665019,kody clemens,L,SV,Slurve,1,0,0,0,0,0,0,0,0,,,,0.0,0.0,,0.0,0.0,,,2026-10-10,2026-10-10T15:33:05-04:00,Batter damage by pitch type.
665052,griffin conine,L,CH,Changeup,11,11,4,0,1,1,0,1,3,109.3,70.04,-10.91,0.0,0.0909,0.0909,0.0909,0.0,0.0909,0.2727,2026-10-10,2026-10-10T15:33:05-04:00,Batter damage by pitch type.
665052,griffin conine,L,CU,Curveball,6,6,3,0,0,0,0,1,3,93.3,80.35,8.0,0.0,0.0,0.0,0.0,0.0,0.1667,0.5,2026-10-10,2026-10-10T15:33:05-04:00,Batter damage by pitch type.
665052,griffin conine,L,FC,Cutter,5,7,4,0,0,0,0,0,1,106.9,89.99,25.71,0.0,0.0,0.0,0.0,0.0,0.0,0.1429,2026-10-10,2026-10-10T15:33:05-04:00,Batter damage by pitch type.
665052,griffin conine,L,FF,4-Seam Fastball,14,19,19,4,5,7,6,6,9,115.4,90.97,37.11,0.2857,0.3571,0.2632,0.5,0.4286,0.3158,0.4737,2026-10-10,2026-10-10T15:33:05-04:00,Batter damage by pitch type.
665052,griffin conine,L,FS,Split-Finger,4,4,1,0,0,1,0,1,0,96.2,82.2,-6.5,0.0,0.0,0.0,0.25,0.0,0.25,0.0,2026-10-10,2026-10-10T15:33:05-04:00,Batter damage by pitch type.
665052,griffin conine,L,KC,Knuckle Curve,1,1,1,0,1,1,1,0,1,102.4,102.4,29.0,0.0,1.0,1.0,1.0,1.0,0.0,1.0,2026-10-10,2026-10-10T15:33:05-04:00,Batter damage by pitch type.
665052,griffin conine,L,SI,Sinker,5,5,0,0,0,0,0,0,1,99.8,82.22,-9.2,0.0,0.0,0.0,0.0,0.0,0.0,0.2,2026-10-10,2026-10-10T15:33:05-04:00,Batter damage by pitch type.
665052,griffin conine,L,SL,Slider,7,8,5,0,1,1,1,2,3,101.4,79.34,5.62,0.0,0.1429,0.125,0.1429,0.1429,0.25,0.375,2026-10-10,2026-10-10T15:33:05-04:00,Batter damage by pitch type.
665052,griffin conine,L,ST,Sweeper,2,2,2,0,0,0,0,1,0,78.7,71.9,36.0,0.0,0.0,0.0,0.0,0.0,0.5,0.0,2026-10-10,2026-10-10T15:33:05-04:00,Batter damage by pitch type.
665052,griffin conine,L,SV,Slurve,0,2,1,0,0,1,1,0,1,107.3,93.95,4.5,,,0.0,,,0.0,0.5,2026-10-10,2026-10-10T15:33:05-04:00,Batter damage by pitch type.
665161,jeremy peña,R,CH,Changeup,8,12,5,0,0,2,0,3,3,99.4,83.46,2.75,0.0,0.0,0.0,0.25,0.0,0.25,0.25,2026-10-10,2026-10-10T15:33:05-04:00,Batter damage by pitch type.
665161,jeremy peña,R,CU,Curveball,4,2,1,1,0,1,0,1,1,96.7,87.5,12.5,0.25,0.0,0.0,0.25,0.0,0.5,0.5,2026-10-10,2026-10-10T15:33:05-04:00,Batter damage by pitch type.
665161,jeremy peña,R,FC,Cutter,7,10,8,1,1,1,1,3,4,107.3,84.25,32.4,0.1429,0.1429,0.1,0.1429,0.1429,0.3,0.4,2026-10-10,2026-10-10T15:33:05-04:00,Batter damage by pitch type.
665161,jeremy peña,R,FF,4-Seam Fastball,18,25,21,1,1,4,1,5,11,109.0,82.3,30.0,0.0556,0.0556,0.04,0.2222,0.0556,0.2,0.44,2026-10-10,2026-10-10T15:33:05-04:00,Batter damage by pitch type.
665161,jeremy peña,R,FS,Split-Finger,3,5,1,0,0,0,0,0,1,101.2,91.56,-5.6,0.0,0.0,0.0,0.0,0.0,0.0,0.2,2026-10-10,2026-10-10T15:33:05-04:00,Batter damage by pitch type.
665161,jeremy peña,R,KC,Knuckle Curve,1,0,0,0,0,0,0,0,0,,,,0.0,0.0,,0.0,0.0,,,2026-10-10,2026-10-10T15:33:05-04:00,Batter damage by pitch type.
665161,jeremy peña,R,SI,Sinker,10,15,5,1,1,2,1,2,0,106.8,83.13,9.27,0.1,0.1,0.0667,0.2,0.1,0.1333,0.0,2026-10-10,2026-10-10T15:33:05-04:00,Batter damage by pitch type.
665161,jeremy peña,R,SL,Slider,18,20,15,1,2,5,1,5,5,105.7,88.08,30.4,0.0556,0.1111,0.1,0.2778,0.0556,0.25,0.25,2026-10-10,2026-10-10T15:33:05-04:00,Batter damage by pitch type.
665161,jeremy peña,R,ST,Sweeper,6,5,3,1,1,1,1,3,3,102.9,83.18,4.2,0.1667,0.1667,0.2,0.1667,0.1667,0.6,0.6,2026-10-10,2026-10-10T15:33:05-04:00,Batter damage by pitch type.
665161,jeremy peña,R,SV,Slurve,0,0,0,0,0,0,0,0,0,,,,,,,,,,,2026-10-10,2026-10-10T15:33:05-04:00,Batter damage by pitch type.
665487,fernando tatís,R,CH,Changeup,13,11,4,1,1,1,1,2,3,103.4,81.87,-3.0,0.0769,0.0769,0.0909,0.0769,0.0769,0.1818,0.2727,2026-10-10,2026-10-10T15:33:05-04:00,Batter damage by pitch type.
665487,fernando tatís,R,CU,Curveball,3,1,1,0,0,0,0,0,0,66.0,66.0,67.0,0.0,0.0,0.0,0.0,0.0,0.0,0.0,2026-10-10,2026-10-10T15:33:05-04:00,Batter damage by pitch type.
665487,fernando tatís,R,FC,Cutter,6,9,6,1,1,2,1,2,4,114.3,84.8,11.67,0.1667,0.1667,0.1111,0.3333,0.1667,0.2222,0.4444,2026-10-10,2026-10-10T15:33:05-04:00,Batter damage by pitch type.
665487,fernando tatís,R,FF,4-Seam Fastball,23,35,25,4,7,7,5,6,14,112.2,86.83,20.14,0.1739,0.3043,0.2,0.3043,0.2174,0.1714,0.4,2026-10-10,2026-10-10T15:33:05-04:00,Batter damage by pitch type.
665487,fernando tatís,R,FS,Split-Finger,2,2,0,0,0,0,0,0,0,73.2,72.7,-34.5,0.0,0.0,0.0,0.0,0.0,0.0,0.0,2026-10-10,2026-10-10T15:33:05-04:00,Batter damage by pitch type.
665487,fernando tatís,R,KC,Knuckle Curve,1,2,1,0,0,1,0,0,0,99.7,85.25,-4.0,0.0,0.0,0.0,1.0,0.0,0.0,0.0,2026-10-10,2026-10-10T15:33:05-04:00,Batter damage by pitch type.
665487,fernando tatís,R,SI,Sinker,22,30,12,0,1,2,1,2,6,113.9,83.05,-3.43,0.0,0.0455,0.0333,0.0909,0.0455,0.0667,0.2,2026-10-10,2026-10-10T15:33:05-04:00,Batter damage by pitch type.
665487,fernando tatís,R,SL,Slider,14,13,4,1,1,2,1,1,2,111.1,81.98,-15.23,0.0714,0.0714,0.0769,0.1429,0.0714,0.0769,0.1538,2026-10-10,2026-10-10T15:33:05-04:00,Batter damage by pitch type.
665487,fernando tatís,R,ST,Sweeper,10,11,8,0,0,3,0,1,3,111.1,87.81,24.45,0.0,0.0,0.0,0.3,0.0,0.0909,0.2727,2026-10-10,2026-10-10T15:33:05-04:00,Batter damage by pitch type.
665487,fernando tatís,R,SV,Slurve,1,1,1,0,0,0,0,0,0,92.9,92.9,34.0,0.0,0.0,0.0,0.0,0.0,0.0,0.0,2026-10-10,2026-10-10T15:33:05-04:00,Batter damage by pitch type.
665489,vladimir guerrero,R,CH,Changeup,2,2,2,0,0,1,0,0,1,100.5,89.65,24.5,0.0,0.0,0.0,0.5,0.0,0.0,0.5,2026-10-10,2026-10-10T15:33:05-04:00,Batter damage by pitch type.
665489,vladimir guerrero,R,CU,Curveball,4,4,1,0,0,0,0,0,1,77.5,54.27,-1.75,0.0,0.0,0.0,0.0,0.0,0.0,0.25,2026-10-10,2026-10-10T15:33:05-04:00,Batter damage by pitch type.
665489,vladimir guerrero,R,FC,Cutter,5,9,5,0,0,0,0,0,0,112.5,79.52,14.67,0.0,0.0,0.0,0.0,0.0,0.0,0.0,2026-10-10,2026-10-10T15:33:05-04:00,Batter damage by pitch type.
665489,vladimir guerrero,R,FF,4-Seam Fastball,6,9,8,0,1,1,1,0,3,105.3,78.88,32.11,0.0,0.1667,0.1111,0.1667,0.1667,0.0,0.3333,2026-10-10,2026-10-10T15:33:05-04:00,Batter damage by pitch type.
665489,vladimir guerrero,R,FS,Split-Finger,2,2,0,0,0,0,0,0,0,115.5,84.95,-17.0,0.0,0.0,0.0,0.0,0.0,0.0,0.0,2026-10-10,2026-10-10T15:33:05-04:00,Batter damage by pitch type.
665489,vladimir guerrero,R,SI,Sinker,15,19,11,0,0,4,1,1,5,106.4,82.11,4.95,0.0,0.0,0.0,0.2667,0.0667,0.0526,0.2632,2026-10-10,2026-10-10T15:33:05-04:00,Batter damage by pitch type.
665489,vladimir guerrero,R,SL,Slider,10,6,4,0,2,2,1,2,3,104.1,84.3,9.67,0.0,0.2,0.3333,0.2,0.1,0.3333,0.5,2026-10-10,2026-10-10T15:33:05-04:00,Batter damage by pitch type.
665489,vladimir guerrero,R,ST,Sweeper,7,7,5,1,0,1,0,3,3,103.8,80.84,17.86,0.1429,0.0,0.0,0.1429,0.0,0.4286,0.4286,2026-10-10,2026-10-10T15:33:05-04:00,Batter damage by pitch type.
665561,rafael marchán,L,CH,Changeup,1,1,0,0,0,0,0,0,0,55.1,55.1,-24.0,0.0,0.0,0.0,0.0,0.0,0.0,0.0,2026-10-10,2026-10-10T15:33:05-04:00,Batter damage by pitch type.
665561,rafael marchán,L,FF,4-Seam Fastball,1,1,1,0,0,0,0,0,1,84.0,84.0,11.0,0.0,0.0,0.0,0.0,0.0,0.0,1.0,2026-10-10,2026-10-10T15:33:05-04:00,Batter damage by pitch type.
665561,rafael marchán,R,SI,Sinker,1,1,1,0,0,0,0,0,0,86.1,86.1,44.0,0.0,0.0,0.0,0.0,0.0,0.0,0.0,2026-10-10,2026-10-10T15:33:05-04:00,Batter damage by pitch type.
665742,juan soto,L,CH,Changeup,10,11,8,1,2,4,1,4,4,108.9,89.32,16.27,0.1,0.2,0.1818,0.4,0.1,0.3636,0.3636,2026-10-10,2026-10-10T15:33:05-04:00,Batter damage by pitch type.
665742,juan soto,L,CU,Curveball,3,3,1,0,0,1,0,0,1,112.6,84.97,4.33,0.0,0.0,0.0,0.3333,0.0,0.0,0.3333,2026-10-10,2026-10-10T15:33:05-04:00,Batter damage by pitch type.
665742,juan soto,L,FC,Cutter,2,4,4,0,0,0,0,1,3,93.9,88.22,34.75,0.0,0.0,0.0,0.0,0.0,0.25,0.75,2026-10-10,2026-10-10T15:33:05-04:00,Batter damage by pitch type.
665742,juan soto,L,FF,4-Seam Fastball,16,23,19,1,2,5,2,5,7,106.7,89.43,30.61,0.0625,0.125,0.087,0.3125,0.125,0.2174,0.3043,2026-10-10,2026-10-10T15:33:05-04:00,Batter damage by pitch type.
665742,juan soto,L,FS,Split-Finger,5,7,4,0,0,0,0,1,2,105.5,79.6,10.71,0.0,0.0,0.0,0.0,0.0,0.1429,0.2857,2026-10-10,2026-10-10T15:33:05-04:00,Batter damage by pitch type.
665742,juan soto,L,KC,Knuckle Curve,0,2,1,0,0,0,0,0,1,85.9,77.9,-8.5,,,0.0,,,0.0,0.5,2026-10-10,2026-10-10T15:33:05-04:00,Batter damage by pitch type.
665742,juan soto,L,SI,Sinker,20,24,10,0,0,1,0,1,2,107.8,85.51,9.21,0.0,0.0,0.0,0.05,0.0,0.0417,0.0833,2026-10-10,2026-10-10T15:33:05-04:00,Batter damage by pitch type.
665742,juan soto,L,SL,Slider,10,16,11,0,2,6,2,4,5,108.3,90.49,26.62,0.0,0.2,0.125,0.6,0.2,0.25,0.3125,2026-10-10,2026-10-10T15:33:05-04:00,Batter damage by pitch type.
665742,juan soto,L,ST,Sweeper,4,5,3,1,1,1,1,3,2,109.4,92.9,9.6,0.25,0.25,0.2,0.25,0.25,0.6,0.4,2026-10-10,2026-10-10T15:33:05-04:00,Batter damage by pitch type.
665750,leody taveras,L,CH,Changeup,4,4,2,0,0,0,0,2,1,92.0,74.38,1.5,0.0,0.0,0.0,0.0,0.0,0.5,0.25,2026-10-10,2026-10-10T15:33:05-04:00,Batter damage by pitch type.
665750,leody taveras,L,CU,Curveball,0,1,0,0,0,0,0,0,0,69.1,69.1,-3.0,,,0.0,,,0.0,0.0,2026-10-10,2026-10-10T15:33:05-04:00,Batter damage by pitch type.
665750,leody taveras,L,FC,Cutter,3,5,4,0,1,1,1,3,2,104.6,87.4,21.6,0.0,0.3333,0.2,0.3333,0.3333,0.6,0.4,2026-10-10,2026-10-10T15:33:05-04:00,Batter damage by pitch type.
665750,leody taveras,L,FF,4-Seam Fastball,2,6,6,0,0,1,0,0,1,95.2,83.9,40.67,0.0,0.0,0.0,0.5,0.0,0.0,0.1667,2026-10-10,2026-10-10T15:33:05-04:00,Batter damage by pitch type.
665750,leody taveras,L,KC,Knuckle Curve,1,1,0,0,0,0,0,0,0,49.1,49.1,-52.0,0.0,0.0,0.0,0.0,0.0,0.0,0.0,2026-10-10,2026-10-10T15:33:05-04:00,Batter damage by pitch type.
665750,leody taveras,L,SI,Sinker,4,4,1,0,0,0,0,0,0,99.5,93.07,5.25,0.0,0.0,0.0,0.0,0.0,0.0,0.0,2026-10-10,2026-10-10T15:33:05-04:00,Batter damage by pitch type.
665750,leody taveras,L,SL,Slider,2,1,1,0,0,0,0,0,0,85.2,85.2,69.0,0.0,0.0,0.0,0.0,0.0,0.0,0.0,2026-10-10,2026-10-10T15:33:05-04:00,Batter damage by pitch type.
665750,leody taveras,L,ST,Sweeper,1,1,0,0,0,0,0,0,0,45.0,45.0,-49.0,0.0,0.0,0.0,0.0,0.0,0.0,0.0,2026-10-10,2026-10-10T15:33:05-04:00,Batter damage by pitch type.
665750,leody taveras,R,CH,Changeup,1,1,1,0,0,0,0,1,1,74.0,74.0,26.0,0.0,0.0,0.0,0.0,0.0,1.0,1.0,2026-10-10,2026-10-10T15:33:05-04:00,Batter damage by pitch type.
665750,leody taveras,R,FC,Cutter,1,2,2,0,0,0,0,1,1,77.6,71.65,27.5,0.0,0.0,0.0,0.0,0.0,0.5,0.5,2026-10-10,2026-10-10T15:33:05-04:00,Batter damage by pitch type.
665750,leody taveras,R,FF,4-Seam Fastball,4,10,10,0,0,1,0,1,4,104.8,80.87,36.7,0.0,0.0,0.0,0.25,0.0,0.1,0.4,2026-10-10,2026-10-10T15:33:05-04:00,Batter damage by pitch type.
665750,leody taveras,R,FS,Split-Finger,0,0,0,0,0,0,0,0,0,,,,,,,,,,,2026-10-10,2026-10-10T15:33:05-04:00,Batter damage by pitch type.
665750,leody taveras,R,SI,Sinker,3,4,1,0,0,0,0,0,0,97.3,72.88,-25.25,0.0,0.0,0.0,0.0,0.0,0.0,0.0,2026-10-10,2026-10-10T15:33:05-04:00,Batter damage by pitch type.
665750,leody taveras,R,SL,Slider,1,1,0,0,0,0,0,0,0,80.5,80.5,-30.0,0.0,0.0,0.0,0.0,0.0,0.0,0.0,2026-10-10,2026-10-10T15:33:05-04:00,Batter damage by pitch type.
665750,leody taveras,R,ST,Sweeper,3,0,0,0,0,0,0,0,0,,,,0.0,0.0,,0.0,0.0,,,2026-10-10,2026-10-10T15:33:05-04:00,Batter damage by pitch type.
665750,leody taveras,R,SV,Slurve,0,1,1,0,0,0,0,0,0,59.6,59.6,60.0,,,0.0,,,0.0,0.0,2026-10-10,2026-10-10T15:33:05-04:00,Batter damage by pitch type.
665804,miguel amaya,R,CH,Changeup,2,2,2,0,0,0,0,2,2,93.7,81.3,22.5,0.0,0.0,0.0,0.0,0.0,1.0,1.0,2026-10-10,2026-10-10T15:33:05-04:00,Batter damage by pitch type.
665804,miguel amaya,R,CU,Curveball,2,2,0,0,0,0,0,0,0,93.6,70.25,-31.0,0.0,0.0,0.0,0.0,0.0,0.0,0.0,2026-10-10,2026-10-10T15:33:05-04:00,Batter damage by pitch type.
665804,miguel amaya,R,FC,Cutter,1,1,1,0,0,0,0,0,1,91.5,91.5,31.0,0.0,0.0,0.0,0.0,0.0,0.0,1.0,2026-10-10,2026-10-10T15:33:05-04:00,Batter damage by pitch type.
665804,miguel amaya,R,FF,4-Seam Fastball,3,10,8,0,1,1,1,1,4,101.6,80.98,35.1,0.0,0.3333,0.1,0.3333,0.3333,0.1,0.4,2026-10-10,2026-10-10T15:33:05-04:00,Batter damage by pitch type.
665804,miguel amaya,R,SI,Sinker,7,9,7,1,1,1,1,2,2,103.1,81.58,37.67,0.1429,0.1429,0.1111,0.1429,0.1429,0.2222,0.2222,2026-10-10,2026-10-10T15:33:05-04:00,Batter damage by pitch type.
665804,miguel amaya,R,SL,Slider,4,4,3,0,1,1,0,1,1,104.6,83.93,19.5,0.0,0.25,0.25,0.25,0.0,0.25,0.25,2026-10-10,2026-10-10T15:33:05-04:00,Batter damage by pitch type.
665804,miguel amaya,R,ST,Sweeper,2,3,3,0,0,0,0,0,3,80.8,68.93,25.33,0.0,0.0,0.0,0.0,0.0,0.0,1.0,2026-10-10,2026-10-10T15:33:05-04:00,Batter damage by pitch type.
665828,oswaldo cabrera,L,CH,Changeup,2,2,1,0,0,0,0,0,0,62.3,61.7,-2.0,0.0,0.0,0.0,0.0,0.0,0.0,0.0,2026-10-10,2026-10-10T15:33:05-04:00,Batter damage by pitch type.
665828,oswaldo cabrera,L,CU,Curveball,1,0,0,0,0,0,0,0,0,,,,0.0,0.0,,0.0,0.0,,,2026-10-10,2026-10-10T15:33:05-04:00,Batter damage by pitch type.
665828,oswaldo cabrera,L,FC,Cutter,0,0,0,0,0,0,0,0,0,,,,,,,,,,,2026-10-10,2026-10-10T15:33:05-04:00,Batter damage by pitch type.
665828,oswaldo cabrera,L,FF,4-Seam Fastball,2,2,2,0,0,2,0,2,2,104.4,101.0,16.0,0.0,0.0,0.0,1.0,0.0,1.0,1.0,2026-10-10,2026-10-10T15:33:05-04:00,Batter damage by pitch type.
665828,oswaldo cabrera,L,KC,Knuckle Curve,0,0,0,0,0,0,0,0,0,,,,,,,,,,,2026-10-10,2026-10-10T15:33:05-04:00,Batter damage by pitch type.
665828,oswaldo cabrera,L,SI,Sinker,1,1,0,0,0,0,0,0,0,91.2,91.2,1.0,0.0,0.0,0.0,0.0,0.0,0.0,0.0,2026-10-10,2026-10-10T15:33:05-04:00,Batter damage by pitch type.
665828,oswaldo cabrera,L,SL,Slider,1,1,0,0,0,0,0,0,0,88.6,88.6,-15.0,0.0,0.0,0.0,0.0,0.0,0.0,0.0,2026-10-10,2026-10-10T15:33:05-04:00,Batter damage by pitch type.
665828,oswaldo cabrera,L,ST,Sweeper,0,1,1,0,0,1,0,0,1,99.8,99.8,23.0,,,0.0,,,0.0,1.0,2026-10-10,2026-10-10T15:33:05-04:00,Batter damage by pitch type.
665828,oswaldo cabrera,R,CH,Changeup,1,0,0,0,0,0,0,0,0,,,,0.0,0.0,,0.0,0.0,,,2026-10-10,2026-10-10T15:33:05-04:00,Batter damage by pitch type.
665828,oswaldo cabrera,R,CU,Curveball,0,1,0,0,0,0,0,0,0,64.8,64.8,4.0,,,0.0,,,0.0,0.0,2026-10-10,2026-10-10T15:33:05-04:00,Batter damage by pitch type.
665828,oswaldo cabrera,R,FF,4-Seam Fastball,4,6,6,0,0,0,0,0,1,89.2,76.48,43.83,0.0,0.0,0.0,0.0,0.0,0.0,0.1667,2026-10-10,2026-10-10T15:33:05-04:00,Batter damage by pitch type.
665828,oswaldo cabrera,R,SI,Sinker,1,3,2,0,0,0,0,0,1,89.7,83.9,19.67,0.0,0.0,0.0,0.0,0.0,0.0,0.3333,2026-10-10,2026-10-10T15:33:05-04:00,Batter damage by pitch type.
665828,oswaldo cabrera,R,SL,Slider,2,4,1,0,0,0,0,0,0,77.3,65.45,-1.5,0.0,0.0,0.0,0.0,0.0,0.0,0.0,2026-10-10,2026-10-10T15:33:05-04:00,Batter damage by pitch type.
665828,oswaldo cabrera,R,ST,Sweeper,0,1,1,0,0,0,0,0,1,68.3,68.3,17.0,,,0.0,,,0.0,1.0,2026-10-10,2026-10-10T15:33:05-04:00,Batter damage by pitch type.
665833,oneil cruz,L,CH,Changeup,8,5,2,1,1,2,1,1,2,117.4,91.96,4.6,0.125,0.125,0.2,0.25,0.125,0.2,0.4,2026-10-10,2026-10-10T15:33:05-04:00,Batter damage by pitch type.
665833,oneil cruz,L,CU,Curveball,3,4,3,1,1,1,1,0,2,104.5,80.3,25.25,0.3333,0.3333,0.25,0.3333,0.3333,0.0,0.5,2026-10-10,2026-10-10T15:33:05-04:00,Batter damage by pitch type.
665833,oneil cruz,L,FC,Cutter,3,4,4,0,0,1,0,1,0,110.9,74.8,59.25,0.0,0.0,0.0,0.3333,0.0,0.25,0.0,2026-10-10,2026-10-10T15:33:05-04:00,Batter damage by pitch type.
665833,oneil cruz,L,FF,4-Seam Fastball,14,20,12,0,0,2,0,2,4,111.3,81.72,9.95,0.0,0.0,0.0,0.1429,0.0,0.1,0.2,2026-10-10,2026-10-10T15:33:05-04:00,Batter damage by pitch type.
665833,oneil cruz,L,FS,Split-Finger,0,0,0,0,0,0,0,0,0,,,,,,,,,,,2026-10-10,2026-10-10T15:33:05-04:00,Batter damage by pitch type.
665833,oneil cruz,L,KC,Knuckle Curve,1,1,0,0,0,0,0,0,0,66.1,66.1,-69.0,0.0,0.0,0.0,0.0,0.0,0.0,0.0,2026-10-10,2026-10-10T15:33:05-04:00,Batter damage by pitch type.
665833,oneil cruz,L,SI,Sinker,11,13,4,0,0,1,0,1,2,107.4,84.95,-7.38,0.0,0.0,0.0,0.0909,0.0,0.0769,0.1538,2026-10-10,2026-10-10T15:33:05-04:00,Batter damage by pitch type.
665833,oneil cruz,L,SL,Slider,10,7,2,0,0,0,0,1,0,100.0,75.5,-6.71,0.0,0.0,0.0,0.0,0.0,0.1429,0.0,2026-10-10,2026-10-10T15:33:05-04:00,Batter damage by pitch type.
665833,oneil cruz,L,ST,Sweeper,7,5,2,1,1,1,0,2,3,113.1,92.32,0.6,0.1429,0.1429,0.2,0.1429,0.0,0.4,0.6,2026-10-10,2026-10-10T15:33:05-04:00,Batter damage by pitch type.
665833,oneil cruz,L,SV,Slurve,0,2,1,0,0,0,0,0,0,76.4,70.0,0.5,,,0.0,,,0.0,0.0,2026-10-10,2026-10-10T15:33:05-04:00,Batter damage by pitch type.
665862,jazz chisholm,L,CH,Changeup,5,3,2,0,0,0,0,1,0,90.6,81.8,31.33,0.0,0.0,0.0,0.0,0.0,0.3333,0.0,2026-10-10,2026-10-10T15:33:05-04:00,Batter damage by pitch type.
665862,jazz chisholm,L,CS,Slow Curve,1,1,0,0,0,0,0,0,0,97.2,97.2,0.0,0.0,0.0,0.0,0.0,0.0,0.0,0.0,2026-10-10,2026-10-10T15:33:05-04:00,Batter damage by pitch type.
665862,jazz chisholm,L,CU,Curveball,2,2,1,0,0,0,0,1,0,81.5,79.4,21.5,0.0,0.0,0.0,0.0,0.0,0.5,0.0,2026-10-10,2026-10-10T15:33:05-04:00,Batter damage by pitch type.
665862,jazz chisholm,L,FC,Cutter,3,4,1,0,0,1,0,0,2,104.1,88.62,-10.5,0.0,0.0,0.0,0.3333,0.0,0.0,0.5,2026-10-10,2026-10-10T15:33:05-04:00,Batter damage by pitch type.
665862,jazz chisholm,L,FF,4-Seam Fastball,6,12,4,0,0,2,0,1,0,106.2,91.49,8.17,0.0,0.0,0.0,0.3333,0.0,0.0833,0.0,2026-10-10,2026-10-10T15:33:05-04:00,Batter damage by pitch type.
665862,jazz chisholm,L,FS,Split-Finger,0,0,0,0,0,0,0,0,0,,,,,,,,,,,2026-10-10,2026-10-10T15:33:05-04:00,Batter damage by pitch type.
665862,jazz chisholm,L,SI,Sinker,4,7,3,0,0,1,0,0,0,104.1,74.13,17.14,0.0,0.0,0.0,0.25,0.0,0.0,0.0,2026-10-10,2026-10-10T15:33:05-04:00,Batter damage by pitch type.
665862,jazz chisholm,L,SL,Slider,2,2,0,0,0,0,0,0,0,85.7,77.1,-31.5,0.0,0.0,0.0,0.0,0.0,0.0,0.0,2026-10-10,2026-10-10T15:33:05-04:00,Batter damage by pitch type.
665862,jazz chisholm,L,ST,Sweeper,2,2,1,0,0,0,0,1,1,102.1,96.15,10.0,0.0,0.0,0.0,0.0,0.0,0.5,0.5,2026-10-10,2026-10-10T15:33:05-04:00,Batter damage by pitch type.
665877,josé fermín,R,CH,Changeup,3,3,2,0,0,0,0,1,2,84.9,80.63,-1.67,0.0,0.0,0.0,0.0,0.0,0.3333,0.6667,2026-10-10,2026-10-10T15:33:05-04:00,Batter damage by pitch type.
665877,josé fermín,R,CU,Curveball,3,5,3,0,0,0,0,1,2,99.7,71.12,24.6,0.0,0.0,0.0,0.0,0.0,0.2,0.4,2026-10-10,2026-10-10T15:33:05-04:00,Batter damage by pitch type.
665877,josé fermín,R,FC,Cutter,5,5,4,0,0,1,0,0,3,96.8,82.16,26.4,0.0,0.0,0.0,0.2,0.0,0.0,0.6,2026-10-10,2026-10-10T15:33:05-04:00,Batter damage by pitch type.
665877,josé fermín,R,FF,4-Seam Fastball,9,18,15,0,0,1,0,4,6,95.6,79.92,38.0,0.0,0.0,0.0,0.1111,0.0,0.2222,0.3333,2026-10-10,2026-10-10T15:33:05-04:00,Batter damage by pitch type.
665877,josé fermín,R,SI,Sinker,8,11,9,0,0,3,0,1,4,101.3,87.63,25.64,0.0,0.0,0.0,0.375,0.0,0.0909,0.3636,2026-10-10,2026-10-10T15:33:05-04:00,Batter damage by pitch type.
665877,josé fermín,R,SL,Slider,5,2,2,0,0,1,0,2,1,96.5,85.75,39.5,0.0,0.0,0.0,0.2,0.0,1.0,0.5,2026-10-10,2026-10-10T15:33:05-04:00,Batter damage by pitch type.
665877,josé fermín,R,ST,Sweeper,3,3,3,0,0,0,0,1,3,93.6,87.67,25.33,0.0,0.0,0.0,0.0,0.0,0.3333,1.0,2026-10-10,2026-10-10T15:33:05-04:00,Batter damage by pitch type.
665923,esteury ruiz,R,CH,Changeup,4,9,5,0,0,0,0,2,0,94.5,69.38,18.44,0.0,0.0,0.0,0.0,0.0,0.2222,0.0,2026-10-10,2026-10-10T15:33:05-04:00,Batter damage by pitch type.
665923,esteury ruiz,R,CU,Curveball,4,5,3,0,0,0,0,1,1,93.0,76.5,16.4,0.0,0.0,0.0,0.0,0.0,0.2,0.2,2026-10-10,2026-10-10T15:33:05-04:00,Batter damage by pitch type.
665923,esteury ruiz,R,FC,Cutter,2,3,3,0,0,0,0,0,1,94.0,77.1,40.33,0.0,0.0,0.0,0.0,0.0,0.0,0.3333,2026-10-10,2026-10-10T15:33:05-04:00,Batter damage by pitch type.
665923,esteury ruiz,R,FF,4-Seam Fastball,10,14,13,0,0,0,0,1,7,82.8,65.31,30.93,0.0,0.0,0.0,0.0,0.0,0.0714,0.5,2026-10-10,2026-10-10T15:33:05-04:00,Batter damage by pitch type.
665923,esteury ruiz,R,FS,Split-Finger,0,3,2,0,0,0,0,0,0,66.4,63.2,18.67,,,0.0,,,0.0,0.0,2026-10-10,2026-10-10T15:33:05-04:00,Batter damage by pitch type.
665923,esteury ruiz,R,KC,Knuckle Curve,0,1,0,0,0,0,0,0,0,71.6,71.6,-5.0,,,0.0,,,0.0,0.0,2026-10-10,2026-10-10T15:33:05-04:00,Batter damage by pitch type.
665923,esteury ruiz,R,SI,Sinker,12,14,7,0,1,1,1,2,2,101.5,72.44,16.21,0.0,0.0833,0.0714,0.0833,0.0833,0.1429,0.1429,2026-10-10,2026-10-10T15:33:05-04:00,Batter damage by pitch type.
665923,esteury ruiz,R,SL,Slider,7,5,4,0,0,0,0,1,3,85.5,67.82,24.2,0.0,0.0,0.0,0.0,0.0,0.2,0.6,2026-10-10,2026-10-10T15:33:05-04:00,Batter damage by pitch type.
665923,esteury ruiz,R,ST,Sweeper,3,5,4,0,0,0,0,1,2,76.2,69.44,17.8,0.0,0.0,0.0,0.0,0.0,0.2,0.4,2026-10-10,2026-10-10T15:33:05-04:00,Batter damage by pitch type.
665926,andrés giménez,L,CH,Changeup,2,2,1,0,0,0,0,0,0,71.8,67.3,5.5,0.0,0.0,0.0,0.0,0.0,0.0,0.0,2026-10-10,2026-10-10T15:33:05-04:00,Batter damage by pitch type.
665926,andrés giménez,L,CU,Curveball,3,4,2,0,1,1,0,1,1,99.2,85.68,3.75,0.0,0.3333,0.25,0.3333,0.0,0.25,0.25,2026-10-10,2026-10-10T15:33:05-04:00,Batter damage by pitch type.
665926,andrés giménez,L,FC,Cutter,0,9,7,0,0,0,0,0,1,85.8,76.11,27.22,,,0.0,,,0.0,0.1111,2026-10-10,2026-10-10T15:33:05-04:00,Batter damage by pitch type.
665926,andrés giménez,L,FF,4-Seam Fastball,18,28,23,0,0,6,0,7,9,108.4,84.0,28.11,0.0,0.0,0.0,0.3333,0.0,0.25,0.3214,2026-10-10,2026-10-10T15:33:05-04:00,Batter damage by pitch type.
665926,andrés giménez,L,FS,Split-Finger,1,1,0,0,0,0,0,0,0,66.2,66.2,-57.0,0.0,0.0,0.0,0.0,0.0,0.0,0.0,2026-10-10,2026-10-10T15:33:05-04:00,Batter damage by pitch type.
665926,andrés giménez,L,KC,Knuckle Curve,2,2,1,0,0,0,0,0,0,71.3,67.8,-3.0,0.0,0.0,0.0,0.0,0.0,0.0,0.0,2026-10-10,2026-10-10T15:33:05-04:00,Batter damage by pitch type.
665926,andrés giménez,L,SI,Sinker,7,11,8,0,0,2,0,1,4,104.7,78.36,10.09,0.0,0.0,0.0,0.2857,0.0,0.0909,0.3636,2026-10-10,2026-10-10T15:33:05-04:00,Batter damage by pitch type.
665926,andrés giménez,L,SL,Slider,6,3,2,0,0,0,0,1,2,93.3,67.97,30.67,0.0,0.0,0.0,0.0,0.0,0.3333,0.6667,2026-10-10,2026-10-10T15:33:05-04:00,Batter damage by pitch type.
665926,andrés giménez,L,ST,Sweeper,3,5,0,0,0,0,0,0,0,89.9,79.96,-9.2,0.0,0.0,0.0,0.0,0.0,0.0,0.0,2026-10-10,2026-10-10T15:33:05-04:00,Batter damage by pitch type.
665953,andrés chaparro,R,CH,Changeup,4,3,0,0,0,0,0,0,1,87.4,83.33,4.0,0.0,0.0,0.0,0.0,0.0,0.0,0.3333,2026-10-10,2026-10-10T15:33:05-04:00,Batter damage by pitch type.
665953,andrés chaparro,R,CU,Curveball,1,2,2,0,0,0,0,0,0,79.2,71.85,62.5,0.0,0.0,0.0,0.0,0.0,0.0,0.0,2026-10-10,2026-10-10T15:33:05-04:00,Batter damage by pitch type.
665953,andrés chaparro,R,FC,Cutter,4,4,2,1,1,1,0,1,0,109.2,86.88,26.5,0.25,0.25,0.25,0.25,0.0,0.25,0.0,2026-10-10,2026-10-10T15:33:05-04:00,Batter damage by pitch type.
665953,andrés chaparro,R,FF,4-Seam Fastball,11,14,12,0,0,3,1,4,5,102.1,87.49,27.0,0.0,0.0,0.0,0.2727,0.0909,0.2857,0.3571,2026-10-10,2026-10-10T15:33:05-04:00,Batter damage by pitch type.
665953,andrés chaparro,R,FS,Split-Finger,2,0,0,0,0,0,0,0,0,,,,0.0,0.0,,0.0,0.0,,,2026-10-10,2026-10-10T15:33:05-04:00,Batter damage by pitch type.
665953,andrés chaparro,R,SI,Sinker,11,12,7,2,3,3,2,3,4,109.0,89.95,17.67,0.1818,0.2727,0.25,0.2727,0.1818,0.25,0.3333,2026-10-10,2026-10-10T15:33:05-04:00,Batter damage by pitch type.
665953,andrés chaparro,R,SL,Slider,2,1,1,0,0,0,0,1,1,92.5,92.5,31.0,0.0,0.0,0.0,0.0,0.0,1.0,1.0,2026-10-10,2026-10-10T15:33:05-04:00,Batter damage by pitch type.
665953,andrés chaparro,R,ST,Sweeper,2,4,2,0,0,0,0,1,2,89.7,76.72,-8.25,0.0,0.0,0.0,0.0,0.0,0.25,0.5,2026-10-10,2026-10-10T15:33:05-04:00,Batter damage by pitch type.
665966,carlos narváez,R,CU,Curveball,1,0,0,0,0,0,0,0,0,,,,0.0,0.0,,0.0,0.0,,,2026-10-10,2026-10-10T15:33:05-04:00,Batter damage by pitch type.
665966,carlos narváez,R,FC,Cutter,1,1,1,0,0,0,0,1,1,74.1,74.1,21.0,0.0,0.0,0.0,0.0,0.0,1.0,1.0,2026-10-10,2026-10-10T15:33:05-04:00,Batter damage by pitch type.
665966,carlos narváez,R,FF,4-Seam Fastball,7,5,3,0,0,0,0,2,0,107.0,67.64,20.8,0.0,0.0,0.0,0.0,0.0,0.4,0.0,2026-10-10,2026-10-10T15:33:05-04:00,Batter damage by pitch type.
665966,carlos narváez,R,FS,Split-Finger,1,1,1,0,0,0,0,0,1,61.4,61.4,11.0,0.0,0.0,0.0,0.0,0.0,0.0,1.0,2026-10-10,2026-10-10T15:33:05-04:00,Batter damage by pitch type.
665966,carlos narváez,R,SI,Sinker,2,2,1,0,0,0,0,0,0,93.9,75.8,17.5,0.0,0.0,0.0,0.0,0.0,0.0,0.0,2026-10-10,2026-10-10T15:33:05-04:00,Batter damage by pitch type.
665966,carlos narváez,R,SL,Slider,3,3,3,0,1,1,0,3,0,104.1,95.53,43.0,0.0,0.3333,0.3333,0.3333,0.0,1.0,0.0,2026-10-10,2026-10-10T15:33:05-04:00,Batter damage by pitch type.
665966,carlos narváez,R,ST,Sweeper,0,0,0,0,0,0,0,0,0,,,,,,,,,,,2026-10-10,2026-10-10T15:33:05-04:00,Batter damage by pitch type.
666018,jonathan aranda,L,CH,Changeup,10,14,6,2,2,2,2,3,4,107.1,79.25,-0.86,0.2,0.2,0.1429,0.2,0.2,0.2143,0.2857,2026-10-10,2026-10-10T15:33:05-04:00,Batter damage by pitch type.
666018,jonathan aranda,L,CU,Curveball,4,4,3,0,0,1,0,1,0,102.2,87.28,21.0,0.0,0.0,0.0,0.25,0.0,0.25,0.0,2026-10-10,2026-10-10T15:33:05-04:00,Batter damage by pitch type.
666018,jonathan aranda,L,FC,Cutter,7,7,6,0,0,3,0,4,4,104.2,92.56,16.86,0.0,0.0,0.0,0.4286,0.0,0.5714,0.5714,2026-10-10,2026-10-10T15:33:05-04:00,Batter damage by pitch type.
666018,jonathan aranda,L,FF,4-Seam Fastball,24,37,32,2,2,9,0,3,14,109.4,87.14,31.97,0.0833,0.0833,0.0541,0.375,0.0,0.0811,0.3784,2026-10-10,2026-10-10T15:33:05-04:00,Batter damage by pitch type.
666018,jonathan aranda,L,FS,Split-Finger,0,1,1,0,0,0,0,0,1,84.5,84.5,15.0,,,0.0,,,0.0,1.0,2026-10-10,2026-10-10T15:33:05-04:00,Batter damage by pitch type.
666018,jonathan aranda,L,KC,Knuckle Curve,3,3,1,0,0,0,0,0,0,98.4,83.1,-5.0,0.0,0.0,0.0,0.0,0.0,0.0,0.0,2026-10-10,2026-10-10T15:33:05-04:00,Batter damage by pitch type.
666018,jonathan aranda,L,SI,Sinker,8,14,9,0,0,3,0,1,6,98.1,80.26,16.71,0.0,0.0,0.0,0.375,0.0,0.0714,0.4286,2026-10-10,2026-10-10T15:33:05-04:00,Batter damage by pitch type.
666018,jonathan aranda,L,SL,Slider,9,10,6,0,1,2,1,2,5,102.5,77.4,6.7,0.0,0.1111,0.1,0.2222,0.1111,0.2,0.5,2026-10-10,2026-10-10T15:33:05-04:00,Batter damage by pitch type.
666018,jonathan aranda,L,ST,Sweeper,0,1,1,0,0,0,0,0,0,74.0,74.0,72.0,,,0.0,,,0.0,0.0,2026-10-10,2026-10-10T15:33:05-04:00,Batter damage by pitch type.
666018,jonathan aranda,L,SV,Slurve,0,0,0,0,0,0,0,0,0,,,,,,,,,,,2026-10-10,2026-10-10T15:33:05-04:00,Batter damage by pitch type.
666023,freddy fermin,R,CH,Changeup,0,0,0,0,0,0,0,0,0,,,,,,,,,,,2026-10-10,2026-10-10T15:33:05-04:00,Batter damage by pitch type.
666023,freddy fermin,R,FC,Cutter,1,1,1,0,0,0,0,1,1,94.4,94.4,9.0,0.0,0.0,0.0,0.0,0.0,1.0,1.0,2026-10-10,2026-10-10T15:33:05-04:00,Batter damage by pitch type.
666023,freddy fermin,R,FF,4-Seam Fastball,9,12,9,0,0,3,0,3,7,104.9,87.46,27.92,0.0,0.0,0.0,0.3333,0.0,0.25,0.5833,2026-10-10,2026-10-10T15:33:05-04:00,Batter damage by pitch type.
666023,freddy fermin,R,FS,Split-Finger,0,0,0,0,0,0,0,0,0,,,,,,,,,,,2026-10-10,2026-10-10T15:33:05-04:00,Batter damage by pitch type.
666023,freddy fermin,R,SI,Sinker,4,7,2,0,0,0,0,1,0,93.9,85.73,4.86,0.0,0.0,0.0,0.0,0.0,0.1429,0.0,2026-10-10,2026-10-10T15:33:05-04:00,Batter damage by pitch type.
666023,freddy fermin,R,SL,Slider,5,10,6,0,0,0,0,0,1,94.7,72.57,18.3,0.0,0.0,0.0,0.0,0.0,0.0,0.1,2026-10-10,2026-10-10T15:33:05-04:00,Batter damage by pitch type.
666023,freddy fermin,R,ST,Sweeper,1,3,1,0,0,0,0,0,0,71.1,62.5,-7.0,0.0,0.0,0.0,0.0,0.0,0.0,0.0,2026-10-10,2026-10-10T15:33:05-04:00,Batter damage by pitch type.
666023,freddy fermin,R,SV,Slurve,1,0,0,0,0,0,0,0,0,,,,0.0,0.0,,0.0,0.0,,,2026-10-10,2026-10-10T15:33:05-04:00,Batter damage by pitch type.
666126,carlos cortes,L,CH,Changeup,4,7,5,0,0,0,0,2,1,90.4,75.5,38.14,0.0,0.0,0.0,0.0,0.0,0.2857,0.1429,2026-10-10,2026-10-10T15:33:05-04:00,Batter damage by pitch type.
666126,carlos cortes,L,CU,Curveball,1,7,4,0,0,0,0,0,1,94.9,82.63,20.71,0.0,0.0,0.0,0.0,0.0,0.0,0.1429,2026-10-10,2026-10-10T15:33:05-04:00,Batter damage by pitch type.
666126,carlos cortes,L,FC,Cutter,2,3,3,0,0,1,0,1,1,98.6,81.83,39.67,0.0,0.0,0.0,0.5,0.0,0.3333,0.3333,2026-10-10,2026-10-10T15:33:05-04:00,Batter damage by pitch type.
666126,carlos cortes,L,FF,4-Seam Fastball,7,19,18,1,1,1,1,1,6,103.4,79.96,42.16,0.1429,0.1429,0.0526,0.1429,0.1429,0.0526,0.3158,2026-10-10,2026-10-10T15:33:05-04:00,Batter damage by pitch type.
666126,carlos cortes,L,FS,Split-Finger,2,2,1,0,0,0,0,0,1,92.3,77.65,-5.5,0.0,0.0,0.0,0.0,0.0,0.0,0.5,2026-10-10,2026-10-10T15:33:05-04:00,Batter damage by pitch type.
666126,carlos cortes,L,KC,Knuckle Curve,1,2,2,0,0,0,0,0,1,87.9,75.2,31.0,0.0,0.0,0.0,0.0,0.0,0.0,0.5,2026-10-10,2026-10-10T15:33:05-04:00,Batter damage by pitch type.
666126,carlos cortes,L,SI,Sinker,10,14,7,0,0,2,0,2,6,107.1,86.49,6.43,0.0,0.0,0.0,0.2,0.0,0.1429,0.4286,2026-10-10,2026-10-10T15:33:05-04:00,Batter damage by pitch type.
666126,carlos cortes,L,SL,Slider,3,5,5,0,0,1,0,1,1,96.0,82.78,37.8,0.0,0.0,0.0,0.3333,0.0,0.2,0.2,2026-10-10,2026-10-10T15:33:05-04:00,Batter damage by pitch type.
666126,carlos cortes,L,ST,Sweeper,6,2,1,0,0,1,0,1,1,100.5,93.05,-11.5,0.0,0.0,0.0,0.1667,0.0,0.5,0.5,2026-10-10,2026-10-10T15:33:05-04:00,Batter damage by pitch type.
666126,carlos cortes,L,SV,Slurve,1,0,0,0,0,0,0,0,0,,,,0.0,0.0,,0.0,0.0,,,2026-10-10,2026-10-10T15:33:05-04:00,Batter damage by pitch type.
666139,josh lowe,L,CH,Changeup,2,3,2,1,1,1,1,1,1,100.1,81.63,27.33,0.5,0.5,0.3333,0.5,0.5,0.3333,0.3333,2026-10-10,2026-10-10T15:33:05-04:00,Batter damage by pitch type.
666139,josh lowe,L,CU,Curveball,3,4,2,0,0,0,0,1,1,87.8,80.55,7.75,0.0,0.0,0.0,0.0,0.0,0.25,0.25,2026-10-10,2026-10-10T15:33:05-04:00,Batter damage by pitch type.
666139,josh lowe,L,FC,Cutter,5,4,2,0,1,2,0,2,1,99.2,77.7,12.0,0.0,0.2,0.25,0.4,0.0,0.5,0.25,2026-10-10,2026-10-10T15:33:05-04:00,Batter damage by pitch type.
666139,josh lowe,L,FF,4-Seam Fastball,15,19,17,0,0,4,1,0,7,108.2,84.92,30.53,0.0,0.0,0.0,0.2667,0.0667,0.0,0.3684,2026-10-10,2026-10-10T15:33:05-04:00,Batter damage by pitch type.
666139,josh lowe,L,FS,Split-Finger,2,3,1,0,0,0,0,0,0,73.0,59.27,-16.33,0.0,0.0,0.0,0.0,0.0,0.0,0.0,2026-10-10,2026-10-10T15:33:05-04:00,Batter damage by pitch type.
666139,josh lowe,L,KC,Knuckle Curve,1,3,1,0,0,1,0,1,0,97.8,82.13,-11.0,0.0,0.0,0.0,1.0,0.0,0.3333,0.0,2026-10-10,2026-10-10T15:33:05-04:00,Batter damage by pitch type.
666139,josh lowe,L,SI,Sinker,2,3,3,0,1,1,1,1,2,103.2,90.43,31.0,0.0,0.5,0.3333,0.5,0.5,0.3333,0.6667,2026-10-10,2026-10-10T15:33:05-04:00,Batter damage by pitch type.
666139,josh lowe,L,SL,Slider,4,3,2,0,0,0,0,1,1,93.1,86.83,27.33,0.0,0.0,0.0,0.0,0.0,0.3333,0.3333,2026-10-10,2026-10-10T15:33:05-04:00,Batter damage by pitch type.
666139,josh lowe,L,ST,Sweeper,8,4,3,0,0,0,0,1,2,94.2,86.9,25.25,0.0,0.0,0.0,0.0,0.0,0.25,0.5,2026-10-10,2026-10-10T15:33:05-04:00,Batter damage by pitch type.
666152,david hamilton,L,CH,Changeup,2,5,3,0,0,0,0,0,1,68.7,62.96,14.2,0.0,0.0,0.0,0.0,0.0,0.0,0.2,2026-10-10,2026-10-10T15:33:05-04:00,Batter damage by pitch type.
666152,david hamilton,L,CU,Curveball,0,0,0,0,0,0,0,0,0,,,,,,,,,,,2026-10-10,2026-10-10T15:33:05-04:00,Batter damage by pitch type.
666152,david hamilton,L,FC,Cutter,7,7,3,0,0,1,0,2,1,97.5,76.49,5.86,0.0,0.0,0.0,0.1429,0.0,0.2857,0.1429,2026-10-10,2026-10-10T15:33:05-04:00,Batter damage by pitch type.
666152,david hamilton,L,FF,4-Seam Fastball,11,16,13,0,0,2,0,4,3,100.5,81.05,30.81,0.0,0.0,0.0,0.1818,0.0,0.25,0.1875,2026-10-10,2026-10-10T15:33:05-04:00,Batter damage by pitch type.
666152,david hamilton,L,FS,Split-Finger,0,0,0,0,0,0,0,0,0,,,,,,,,,,,2026-10-10,2026-10-10T15:33:05-04:00,Batter damage by pitch type.
666152,david hamilton,L,KC,Knuckle Curve,0,0,0,0,0,0,0,0,0,,,,,,,,,,,2026-10-10,2026-10-10T15:33:05-04:00,Batter damage by pitch type.
666152,david hamilton,L,KN,Knuckleball,1,1,0,0,0,0,0,0,0,93.4,93.4,3.0,0.0,0.0,0.0,0.0,0.0,0.0,0.0,2026-10-10,2026-10-10T15:33:05-04:00,Batter damage by pitch type.
666152,david hamilton,L,SI,Sinker,6,6,4,0,0,0,0,0,0,85.6,71.85,16.67,0.0,0.0,0.0,0.0,0.0,0.0,0.0,2026-10-10,2026-10-10T15:33:05-04:00,Batter damage by pitch type.
666152,david hamilton,L,SL,Slider,8,8,3,0,1,2,2,1,2,107.0,82.56,-7.62,0.0,0.125,0.125,0.25,0.25,0.125,0.25,2026-10-10,2026-10-10T15:33:05-04:00,Batter damage by pitch type.
666152,david hamilton,L,ST,Sweeper,2,3,2,0,0,1,1,0,1,101.5,86.87,5.67,0.0,0.0,0.0,0.5,0.5,0.0,0.3333,2026-10-10,2026-10-10T15:33:05-04:00,Batter damage by pitch type.
666152,david hamilton,L,SV,Slurve,0,0,0,0,0,0,0,0,0,,,,,,,,,,,2026-10-10,2026-10-10T15:33:05-04:00,Batter damage by pitch type.
666160,mickey moniak,L,CH,Changeup,8,13,6,1,1,1,0,3,4,106.8,80.17,2.54,0.125,0.125,0.0769,0.125,0.0,0.2308,0.3077,2026-10-10,2026-10-10T15:33:05-04:00,Batter damage by pitch type.
666160,mickey moniak,L,CU,Curveball,2,2,1,0,0,1,0,1,1,103.9,90.25,-9.5,0.0,0.0,0.0,0.5,0.0,0.5,0.5,2026-10-10,2026-10-10T15:33:05-04:00,Batter damage by pitch type.
666160,mickey moniak,L,FC,Cutter,0,4,3,0,0,0,0,0,1,97.4,76.58,22.75,,,0.0,,,0.0,0.25,2026-10-10,2026-10-10T15:33:05-04:00,Batter damage by pitch type.
666160,mickey moniak,L,FF,4-Seam Fastball,7,11,9,0,0,1,0,0,1,99.8,83.94,39.55,0.0,0.0,0.0,0.1429,0.0,0.0,0.0909,2026-10-10,2026-10-10T15:33:05-04:00,Batter damage by pitch type.
666160,mickey moniak,L,FS,Split-Finger,4,3,1,0,0,0,0,0,0,94.2,74.4,-4.0,0.0,0.0,0.0,0.0,0.0,0.0,0.0,2026-10-10,2026-10-10T15:33:05-04:00,Batter damage by pitch type.
666160,mickey moniak,L,KC,Knuckle Curve,1,1,1,0,0,0,0,0,1,74.3,74.3,21.0,0.0,0.0,0.0,0.0,0.0,0.0,1.0,2026-10-10,2026-10-10T15:33:05-04:00,Batter damage by pitch type.
666160,mickey moniak,L,SI,Sinker,7,8,6,0,1,2,1,1,3,102.3,81.75,21.75,0.0,0.1429,0.125,0.2857,0.1429,0.125,0.375,2026-10-10,2026-10-10T15:33:05-04:00,Batter damage by pitch type.
666160,mickey moniak,L,SL,Slider,7,6,5,0,0,3,0,3,5,107.7,95.13,11.33,0.0,0.0,0.0,0.4286,0.0,0.5,0.8333,2026-10-10,2026-10-10T15:33:05-04:00,Batter damage by pitch type.
666160,mickey moniak,L,ST,Sweeper,1,1,1,0,0,1,0,0,0,99.2,99.2,38.0,0.0,0.0,0.0,1.0,0.0,0.0,0.0,2026-10-10,2026-10-10T15:33:05-04:00,Batter damage by pitch type.
666160,mickey moniak,L,SV,Slurve,2,1,1,0,0,0,0,0,0,83.9,83.9,38.0,0.0,0.0,0.0,0.0,0.0,0.0,0.0,2026-10-10,2026-10-10T15:33:05-04:00,Batter damage by pitch type.
666176,jo adell,R,CH,Changeup,8,8,7,2,2,4,2,3,3,112.0,95.24,34.25,0.25,0.25,0.25,0.5,0.25,0.375,0.375,2026-10-10,2026-10-10T15:33:05-04:00,Batter damage by pitch type.
666176,jo adell,R,CU,Curveball,1,1,0,0,0,0,0,0,0,92.1,92.1,1.0,0.0,0.0,0.0,0.0,0.0,0.0,0.0,2026-10-10,2026-10-10T15:33:05-04:00,Batter damage by pitch type.
666176,jo adell,R,FC,Cutter,6,7,5,0,0,1,0,1,2,102.3,83.77,25.71,0.0,0.0,0.0,0.1667,0.0,0.1429,0.2857,2026-10-10,2026-10-10T15:33:05-04:00,Batter damage by pitch type.
666176,jo adell,R,FF,4-Seam Fastball,26,31,22,0,1,3,1,4,4,108.8,84.76,30.61,0.0,0.0385,0.0323,0.1154,0.0385,0.129,0.129,2026-10-10,2026-10-10T15:33:05-04:00,Batter damage by pitch type.
666176,jo adell,R,FS,Split-Finger,2,1,0,0,0,0,0,0,0,97.9,97.9,-4.0,0.0,0.0,0.0,0.0,0.0,0.0,0.0,2026-10-10,2026-10-10T15:33:05-04:00,Batter damage by pitch type.
666176,jo adell,R,KC,Knuckle Curve,0,0,0,0,0,0,0,0,0,,,,,,,,,,,2026-10-10,2026-10-10T15:33:05-04:00,Batter damage by pitch type.
666176,jo adell,R,SI,Sinker,17,23,10,1,1,1,1,2,7,116.8,87.17,4.17,0.0588,0.0588,0.0435,0.0588,0.0588,0.087,0.3043,2026-10-10,2026-10-10T15:33:05-04:00,Batter damage by pitch type.
666176,jo adell,R,SL,Slider,14,15,10,0,0,3,0,2,5,107.7,78.31,19.53,0.0,0.0,0.0,0.2143,0.0,0.1333,0.3333,2026-10-10,2026-10-10T15:33:05-04:00,Batter damage by pitch type.
666176,jo adell,R,ST,Sweeper,8,5,3,0,2,2,1,1,2,108.3,83.02,10.4,0.0,0.25,0.4,0.25,0.125,0.2,0.4,2026-10-10,2026-10-10T15:33:05-04:00,Batter damage by pitch type.
666176,jo adell,R,SV,Slurve,0,0,0,0,0,0,0,0,0,,,,,,,,,,,2026-10-10,2026-10-10T15:33:05-04:00,Batter damage by pitch type.
666182,bo bichette,R,CH,Changeup,8,15,9,0,0,1,0,2,6,105.3,79.38,18.4,0.0,0.0,0.0,0.125,0.0,0.1333,0.4,2026-10-10,2026-10-10T15:33:05-04:00,Batter damage by pitch type.
666182,bo bichette,R,CU,Curveball,6,6,4,1,1,1,1,1,2,108.2,76.32,15.83,0.1667,0.1667,0.1667,0.1667,0.1667,0.1667,0.3333,2026-10-10,2026-10-10T15:33:05-04:00,Batter damage by pitch type.
666182,bo bichette,R,FC,Cutter,5,7,3,0,0,0,0,1,1,97.4,74.4,7.43,0.0,0.0,0.0,0.0,0.0,0.1429,0.1429,2026-10-10,2026-10-10T15:33:05-04:00,Batter damage by pitch type.
666182,bo bichette,R,FF,4-Seam Fastball,19,33,28,0,0,6,0,1,18,111.5,85.12,20.97,0.0,0.0,0.0,0.3158,0.0,0.0303,0.5455,2026-10-10,2026-10-10T15:33:05-04:00,Batter damage by pitch type.
666182,bo bichette,R,FS,Split-Finger,4,4,3,0,0,1,0,2,3,103.0,84.25,3.5,0.0,0.0,0.0,0.25,0.0,0.5,0.75,2026-10-10,2026-10-10T15:33:05-04:00,Batter damage by pitch type.
666182,bo bichette,R,KC,Knuckle Curve,3,3,1,0,0,1,0,1,0,105.1,96.83,-2.67,0.0,0.0,0.0,0.3333,0.0,0.3333,0.0,2026-10-10,2026-10-10T15:33:05-04:00,Batter damage by pitch type.
666182,bo bichette,R,SI,Sinker,17,25,12,0,0,1,0,0,8,108.3,83.07,3.72,0.0,0.0,0.0,0.0588,0.0,0.0,0.32,2026-10-10,2026-10-10T15:33:05-04:00,Batter damage by pitch type.
666182,bo bichette,R,SL,Slider,9,14,11,1,1,3,1,1,7,105.6,88.29,23.21,0.1111,0.1111,0.0714,0.3333,0.1111,0.0714,0.5,2026-10-10,2026-10-10T15:33:05-04:00,Batter damage by pitch type.
666182,bo bichette,R,ST,Sweeper,3,5,3,0,0,0,0,0,2,83.0,68.1,19.6,0.0,0.0,0.0,0.0,0.0,0.0,0.4,2026-10-10,2026-10-10T15:33:05-04:00,Batter damage by pitch type.
666211,taylor trammell,L,CH,Changeup,8,4,1,0,0,0,0,0,0,110.8,90.38,13.0,0.0,0.0,0.0,0.0,0.0,0.0,0.0,2026-10-10,2026-10-10T15:33:05-04:00,Batter damage by pitch type.
666211,taylor trammell,L,CU,Curveball,3,5,1,0,1,1,0,1,1,107.2,69.38,-25.4,0.0,0.3333,0.2,0.3333,0.0,0.2,0.2,2026-10-10,2026-10-10T15:33:05-04:00,Batter damage by pitch type.
666211,taylor trammell,L,FC,Cutter,4,9,4,1,1,1,1,1,1,106.4,75.49,7.22,0.25,0.25,0.1111,0.25,0.25,0.1111,0.1111,2026-10-10,2026-10-10T15:33:05-04:00,Batter damage by pitch type.
666211,taylor trammell,L,FF,4-Seam Fastball,14,16,16,0,1,4,0,6,4,107.2,82.6,50.06,0.0,0.0714,0.0625,0.2857,0.0,0.375,0.25,2026-10-10,2026-10-10T15:33:05-04:00,Batter damage by pitch type.
666211,taylor trammell,L,FS,Split-Finger,3,2,0,0,0,0,0,0,0,92.5,85.0,-9.0,0.0,0.0,0.0,0.0,0.0,0.0,0.0,2026-10-10,2026-10-10T15:33:05-04:00,Batter damage by pitch type.
666211,taylor trammell,L,KC,Knuckle Curve,1,1,1,0,0,0,0,0,0,82.6,82.6,63.0,0.0,0.0,0.0,0.0,0.0,0.0,0.0,2026-10-10,2026-10-10T15:33:05-04:00,Batter damage by pitch type.
666211,taylor trammell,L,SI,Sinker,5,9,1,0,0,1,0,0,1,110.0,74.28,-28.89,0.0,0.0,0.0,0.2,0.0,0.0,0.1111,2026-10-10,2026-10-10T15:33:05-04:00,Batter damage by pitch type.
666211,taylor trammell,L,SL,Slider,2,2,1,0,0,0,0,0,1,78.6,49.95,1.0,0.0,0.0,0.0,0.0,0.0,0.0,0.5,2026-10-10,2026-10-10T15:33:05-04:00,Batter damage by pitch type.
666211,taylor trammell,L,ST,Sweeper,0,1,1,0,0,1,1,0,1,101.5,101.5,29.0,,,0.0,,,0.0,1.0,2026-10-10,2026-10-10T15:33:05-04:00,Batter damage by pitch type.
666310,bo naylor,L,CH,Changeup,1,1,1,1,0,0,0,1,0,93.6,93.6,37.0,1.0,0.0,0.0,0.0,0.0,1.0,0.0,2026-10-10,2026-10-10T15:33:05-04:00,Batter damage by pitch type.
666310,bo naylor,L,FC,Cutter,0,0,0,0,0,0,0,0,0,,,,,,,,,,,2026-10-10,2026-10-10T15:33:05-04:00,Batter damage by pitch type.
666310,bo naylor,L,FF,4-Seam Fastball,1,2,2,0,0,0,0,0,1,78.2,75.3,35.0,0.0,0.0,0.0,0.0,0.0,0.0,0.5,2026-10-10,2026-10-10T15:33:05-04:00,Batter damage by pitch type.
666310,bo naylor,L,SI,Sinker,1,1,0,0,0,0,0,0,0,64.0,64.0,0.0,0.0,0.0,0.0,0.0,0.0,0.0,0.0,2026-10-10,2026-10-10T15:33:05-04:00,Batter damage by pitch type.
666310,bo naylor,L,SL,Slider,1,4,2,0,0,1,0,0,1,100.4,71.4,-0.5,0.0,0.0,0.0,1.0,0.0,0.0,0.25,2026-10-10,2026-10-10T15:33:05-04:00,Batter damage by pitch type.
666624,christopher morel,R,CH,Changeup,0,0,0,0,0,0,0,0,0,,,,,,,,,,,2026-10-10,2026-10-10T15:33:05-04:00,Batter damage by pitch type.
666624,christopher morel,R,CU,Curveball,0,0,0,0,0,0,0,0,0,,,,,,,,,,,2026-10-10,2026-10-10T15:33:05-04:00,Batter damage by pitch type.
666624,christopher morel,R,FC,Cutter,1,1,0,0,0,0,0,0,0,54.3,54.3,-16.0,0.0,0.0,0.0,0.0,0.0,0.0,0.0,2026-10-10,2026-10-10T15:33:05-04:00,Batter damage by pitch type.
666624,christopher morel,R,FF,4-Seam Fastball,5,4,0,0,0,0,0,0,0,99.6,84.6,-10.75,0.0,0.0,0.0,0.0,0.0,0.0,0.0,2026-10-10,2026-10-10T15:33:05-04:00,Batter damage by pitch type.
666624,christopher morel,R,SI,Sinker,2,2,0,0,0,0,0,0,0,102.8,93.45,-15.0,0.0,0.0,0.0,0.0,0.0,0.0,0.0,2026-10-10,2026-10-10T15:33:05-04:00,Batter damage by pitch type.
666624,christopher morel,R,SL,Slider,2,4,3,0,0,0,0,1,0,94.8,82.27,41.75,0.0,0.0,0.0,0.0,0.0,0.25,0.0,2026-10-10,2026-10-10T15:33:05-04:00,Batter damage by pitch type.
666624,christopher morel,R,ST,Sweeper,0,0,0,0,0,0,0,0,0,,,,,,,,,,,2026-10-10,2026-10-10T15:33:05-04:00,Batter damage by pitch type.
666971,lourdes gurriel,R,CH,Changeup,1,1,1,0,0,0,0,1,1,75.8,75.8,24.0,0.0,0.0,0.0,0.0,0.0,1.0,1.0,2026-10-10,2026-10-10T15:33:05-04:00,Batter damage by pitch type.
666971,lourdes gurriel,R,FC,Cutter,0,0,0,0,0,0,0,0,0,,,,,,,,,,,2026-10-10,2026-10-10T15:33:05-04:00,Batter damage by pitch type.
666971,lourdes gurriel,R,FF,4-Seam Fastball,1,1,1,0,0,0,0,0,1,85.7,85.7,26.0,0.0,0.0,0.0,0.0,0.0,0.0,1.0,2026-10-10,2026-10-10T15:33:05-04:00,Batter damage by pitch type.
667472,dane myers,R,CH,Changeup,4,8,4,0,0,2,0,0,4,106.1,85.49,1.62,0.0,0.0,0.0,0.5,0.0,0.0,0.5,2026-10-10,2026-10-10T15:33:05-04:00,Batter damage by pitch type.
667472,dane myers,R,CU,Curveball,4,4,2,1,1,1,1,0,1,101.8,73.78,7.25,0.25,0.25,0.25,0.25,0.25,0.0,0.25,2026-10-10,2026-10-10T15:33:05-04:00,Batter damage by pitch type.
667472,dane myers,R,FC,Cutter,3,3,3,0,0,0,0,1,1,93.5,76.03,36.33,0.0,0.0,0.0,0.0,0.0,0.3333,0.3333,2026-10-10,2026-10-10T15:33:05-04:00,Batter damage by pitch type.
667472,dane myers,R,FF,4-Seam Fastball,16,11,8,1,1,2,1,0,3,105.1,89.01,24.82,0.0625,0.0625,0.0909,0.125,0.0625,0.0,0.2727,2026-10-10,2026-10-10T15:33:05-04:00,Batter damage by pitch type.
667472,dane myers,R,FS,Split-Finger,1,1,0,0,0,0,0,0,0,97.4,97.4,-14.0,0.0,0.0,0.0,0.0,0.0,0.0,0.0,2026-10-10,2026-10-10T15:33:05-04:00,Batter damage by pitch type.
667472,dane myers,R,KC,Knuckle Curve,0,0,0,0,0,0,0,0,0,,,,,,,,,,,2026-10-10,2026-10-10T15:33:05-04:00,Batter damage by pitch type.
667472,dane myers,R,SI,Sinker,6,7,4,0,0,2,0,1,2,107.3,78.74,6.14,0.0,0.0,0.0,0.3333,0.0,0.1429,0.2857,2026-10-10,2026-10-10T15:33:05-04:00,Batter damage by pitch type.
667472,dane myers,R,SL,Slider,3,5,4,0,0,0,0,0,1,91.6,82.88,31.6,0.0,0.0,0.0,0.0,0.0,0.0,0.2,2026-10-10,2026-10-10T15:33:05-04:00,Batter damage by pitch type.
667472,dane myers,R,ST,Sweeper,0,0,0,0,0,0,0,0,0,,,,,,,,,,,2026-10-10,2026-10-10T15:33:05-04:00,Batter damage by pitch type.
667472,dane myers,R,SV,Slurve,0,0,0,0,0,0,0,0,0,,,,,,,,,,,2026-10-10,2026-10-10T15:33:05-04:00,Batter damage by pitch type.
668227,randy arozarena,R,CH,Changeup,10,12,7,1,1,1,1,1,0,106.8,72.98,15.58,0.1,0.1,0.0833,0.1,0.1,0.0833,0.0,2026-10-10,2026-10-10T15:33:05-04:00,Batter damage by pitch type.
668227,randy arozarena,R,CU,Curveball,7,13,7,1,1,4,2,4,4,104.8,87.04,5.15,0.1429,0.1429,0.0769,0.5714,0.2857,0.3077,0.3077,2026-10-10,2026-10-10T15:33:05-04:00,Batter damage by pitch type.
668227,randy arozarena,R,FC,Cutter,2,6,5,0,0,0,0,0,2,104.1,79.42,26.67,0.0,0.0,0.0,0.0,0.0,0.0,0.3333,2026-10-10,2026-10-10T15:33:05-04:00,Batter damage by pitch type.
668227,randy arozarena,R,FF,4-Seam Fastball,19,29,21,0,0,3,1,2,10,111.1,83.64,23.93,0.0,0.0,0.0,0.1579,0.0526,0.069,0.3448,2026-10-10,2026-10-10T15:33:05-04:00,Batter damage by pitch type.
668227,randy arozarena,R,FS,Split-Finger,0,1,1,0,0,1,0,0,1,98.3,98.3,12.0,,,0.0,,,0.0,1.0,2026-10-10,2026-10-10T15:33:05-04:00,Batter damage by pitch type.
668227,randy arozarena,R,SI,Sinker,5,9,5,0,1,2,1,0,2,110.0,85.81,14.67,0.0,0.2,0.1111,0.4,0.2,0.0,0.2222,2026-10-10,2026-10-10T15:33:05-04:00,Batter damage by pitch type.
668227,randy arozarena,R,SL,Slider,16,34,15,1,0,3,0,1,5,105.4,80.35,7.26,0.0625,0.0,0.0,0.1875,0.0,0.0294,0.1471,2026-10-10,2026-10-10T15:33:05-04:00,Batter damage by pitch type.
668227,randy arozarena,R,ST,Sweeper,11,12,5,0,1,1,0,1,4,106.9,85.88,5.42,0.0,0.0909,0.0833,0.0909,0.0,0.0833,0.3333,2026-10-10,2026-10-10T15:33:05-04:00,Batter damage by pitch type.
668227,randy arozarena,R,SV,Slurve,0,1,0,0,0,0,0,0,0,73.6,73.6,-29.0,,,0.0,,,0.0,0.0,2026-10-10,2026-10-10T15:33:05-04:00,Batter damage by pitch type.
668670,jake rogers,R,CH,Changeup,2,1,0,0,0,0,0,0,0,70.5,70.5,-2.0,0.0,0.0,0.0,0.0,0.0,0.0,0.0,2026-10-10,2026-10-10T15:33:05-04:00,Batter damage by pitch type.
668670,jake rogers,R,CU,Curveball,1,1,0,0,0,0,0,0,0,63.5,63.5,-24.0,0.0,0.0,0.0,0.0,0.0,0.0,0.0,2026-10-10,2026-10-10T15:33:05-04:00,Batter damage by pitch type.
668670,jake rogers,R,FC,Cutter,1,0,0,0,0,0,0,0,0,,,,0.0,0.0,,0.0,0.0,,,2026-10-10,2026-10-10T15:33:05-04:00,Batter damage by pitch type.
668670,jake rogers,R,FF,4-Seam Fastball,1,1,1,0,0,0,0,0,0,74.7,74.7,63.0,0.0,0.0,0.0,0.0,0.0,0.0,0.0,2026-10-10,2026-10-10T15:33:05-04:00,Batter damage by pitch type.
668670,jake rogers,R,SI,Sinker,2,1,1,0,0,0,0,1,0,88.0,88.0,40.0,0.0,0.0,0.0,0.0,0.0,1.0,0.0,2026-10-10,2026-10-10T15:33:05-04:00,Batter damage by pitch type.
668670,jake rogers,R,SL,Slider,3,1,1,0,0,0,0,1,0,76.4,76.4,45.0,0.0,0.0,0.0,0.0,0.0,1.0,0.0,2026-10-10,2026-10-10T15:33:05-04:00,Batter damage by pitch type.
668709,jj bleday,L,CH,Changeup,6,8,5,0,0,2,0,2,4,105.5,74.14,3.25,0.0,0.0,0.0,0.3333,0.0,0.25,0.5,2026-10-10,2026-10-10T15:33:05-04:00,Batter damage by pitch type.
668709,jj bleday,L,CU,Curveball,6,6,1,0,0,0,0,1,1,88.2,72.7,-8.83,0.0,0.0,0.0,0.0,0.0,0.1667,0.1667,2026-10-10,2026-10-10T15:33:05-04:00,Batter damage by pitch type.
668709,jj bleday,L,FC,Cutter,2,3,2,0,0,1,0,1,1,98.9,91.03,22.33,0.0,0.0,0.0,0.5,0.0,0.3333,0.3333,2026-10-10,2026-10-10T15:33:05-04:00,Batter damage by pitch type.
668709,jj bleday,L,FF,4-Seam Fastball,17,19,17,2,2,5,2,5,7,107.2,89.82,38.58,0.1176,0.1176,0.1053,0.2941,0.1176,0.2632,0.3684,2026-10-10,2026-10-10T15:33:05-04:00,Batter damage by pitch type.
668709,jj bleday,L,FS,Split-Finger,5,6,3,0,0,1,0,2,2,101.2,87.13,-4.67,0.0,0.0,0.0,0.2,0.0,0.3333,0.3333,2026-10-10,2026-10-10T15:33:05-04:00,Batter damage by pitch type.
668709,jj bleday,L,SI,Sinker,7,13,8,0,0,2,0,2,5,104.5,81.35,20.92,0.0,0.0,0.0,0.2857,0.0,0.1538,0.3846,2026-10-10,2026-10-10T15:33:05-04:00,Batter damage by pitch type.
668709,jj bleday,L,SL,Slider,6,6,5,0,0,1,0,2,1,101.9,82.83,38.5,0.0,0.0,0.0,0.1667,0.0,0.3333,0.1667,2026-10-10,2026-10-10T15:33:05-04:00,Batter damage by pitch type.
668709,jj bleday,L,ST,Sweeper,5,7,7,0,0,3,0,2,3,97.8,86.46,37.86,0.0,0.0,0.0,0.6,0.0,0.2857,0.4286,2026-10-10,2026-10-10T15:33:05-04:00,Batter damage by pitch type.
668709,jj bleday,L,SV,Slurve,1,1,1,0,0,0,0,1,1,74.6,74.6,25.0,0.0,0.0,0.0,0.0,0.0,1.0,1.0,2026-10-10,2026-10-10T15:33:05-04:00,Batter damage by pitch type.
668723,ryan vilade,R,CH,Changeup,1,1,1,0,0,0,0,0,0,75.8,75.8,60.0,0.0,0.0,0.0,0.0,0.0,0.0,0.0,2026-10-10,2026-10-10T15:33:05-04:00,Batter damage by pitch type.
668723,ryan vilade,R,CU,Curveball,5,4,2,0,0,1,0,2,2,96.3,79.58,-13.5,0.0,0.0,0.0,0.2,0.0,0.5,0.5,2026-10-10,2026-10-10T15:33:05-04:00,Batter damage by pitch type.
668723,ryan vilade,R,FC,Cutter,3,4,3,0,0,0,0,0,0,76.5,74.88,34.0,0.0,0.0,0.0,0.0,0.0,0.0,0.0,2026-10-10,2026-10-10T15:33:05-04:00,Batter damage by pitch type.
668723,ryan vilade,R,FF,4-Seam Fastball,16,15,12,1,0,2,0,2,1,103.3,81.76,36.0,0.0625,0.0,0.0,0.125,0.0,0.1333,0.0667,2026-10-10,2026-10-10T15:33:05-04:00,Batter damage by pitch type.
668723,ryan vilade,R,FS,Split-Finger,1,1,0,0,0,0,0,0,0,108.5,108.5,-14.0,0.0,0.0,0.0,0.0,0.0,0.0,0.0,2026-10-10,2026-10-10T15:33:05-04:00,Batter damage by pitch type.
668723,ryan vilade,R,SI,Sinker,10,12,6,0,0,0,0,1,5,107.6,75.76,2.17,0.0,0.0,0.0,0.0,0.0,0.0833,0.4167,2026-10-10,2026-10-10T15:33:05-04:00,Batter damage by pitch type.
668723,ryan vilade,R,SL,Slider,6,7,4,0,1,1,0,1,2,99.9,80.06,14.71,0.0,0.1667,0.1429,0.1667,0.0,0.1429,0.2857,2026-10-10,2026-10-10T15:33:05-04:00,Batter damage by pitch type.
668723,ryan vilade,R,ST,Sweeper,2,2,1,0,0,1,0,1,1,95.2,72.6,16.0,0.0,0.0,0.0,0.5,0.0,0.5,0.5,2026-10-10,2026-10-10T15:33:05-04:00,Batter damage by pitch type.
668800,andrew knizner,R,CH,Changeup,7,9,5,0,0,1,0,1,1,105.7,86.79,24.89,0.0,0.0,0.0,0.1429,0.0,0.1111,0.1111,2026-10-10,2026-10-10T15:33:05-04:00,Batter damage by pitch type.
668800,andrew knizner,R,CU,Curveball,2,4,4,0,0,1,0,1,3,103.9,67.15,25.25,0.0,0.0,0.0,0.5,0.0,0.25,0.75,2026-10-10,2026-10-10T15:33:05-04:00,Batter damage by pitch type.
668800,andrew knizner,R,FC,Cutter,2,3,2,0,0,1,0,1,2,106.0,94.0,11.67,0.0,0.0,0.0,0.5,0.0,0.3333,0.6667,2026-10-10,2026-10-10T15:33:05-04:00,Batter damage by pitch type.
668800,andrew knizner,R,FF,4-Seam Fastball,9,17,14,0,0,0,0,4,5,96.1,81.58,32.41,0.0,0.0,0.0,0.0,0.0,0.2353,0.2941,2026-10-10,2026-10-10T15:33:05-04:00,Batter damage by pitch type.
668800,andrew knizner,R,FS,Split-Finger,1,1,0,0,0,0,0,0,0,48.2,48.2,-34.0,0.0,0.0,0.0,0.0,0.0,0.0,0.0,2026-10-10,2026-10-10T15:33:05-04:00,Batter damage by pitch type.
668800,andrew knizner,R,KC,Knuckle Curve,0,0,0,0,0,0,0,0,0,,,,,,,,,,,2026-10-10,2026-10-10T15:33:05-04:00,Batter damage by pitch type.
668800,andrew knizner,R,SI,Sinker,4,4,3,0,0,0,0,0,1,107.6,86.88,34.25,0.0,0.0,0.0,0.0,0.0,0.0,0.25,2026-10-10,2026-10-10T15:33:05-04:00,Batter damage by pitch type.
668800,andrew knizner,R,SL,Slider,8,7,6,0,0,2,0,4,2,101.8,86.03,39.43,0.0,0.0,0.0,0.25,0.0,0.5714,0.2857,2026-10-10,2026-10-10T15:33:05-04:00,Batter damage by pitch type.
668800,andrew knizner,R,ST,Sweeper,2,1,1,1,1,1,1,1,1,105.2,105.2,26.0,0.5,0.5,1.0,0.5,0.5,1.0,1.0,2026-10-10,2026-10-10T15:33:05-04:00,Batter damage by pitch type.
668804,bryan reynolds,L,CH,Changeup,10,11,5,0,0,3,0,1,2,106.8,86.04,7.91,0.0,0.0,0.0,0.3,0.0,0.0909,0.1818,2026-10-10,2026-10-10T15:33:05-04:00,Batter damage by pitch type.
668804,bryan reynolds,L,CU,Curveball,5,1,1,0,0,0,0,1,1,78.5,78.5,17.0,0.0,0.0,0.0,0.0,0.0,1.0,1.0,2026-10-10,2026-10-10T15:33:05-04:00,Batter damage by pitch type.
668804,bryan reynolds,L,FC,Cutter,2,4,3,0,0,2,0,1,2,104.7,91.8,12.75,0.0,0.0,0.0,1.0,0.0,0.25,0.5,2026-10-10,2026-10-10T15:33:05-04:00,Batter damage by pitch type.
668804,bryan reynolds,L,FF,4-Seam Fastball,11,21,16,0,0,1,1,1,4,111.1,81.78,28.05,0.0,0.0,0.0,0.0909,0.0909,0.0476,0.1905,2026-10-10,2026-10-10T15:33:05-04:00,Batter damage by pitch type.
668804,bryan reynolds,L,FS,Split-Finger,1,2,2,0,0,0,0,1,0,91.1,81.6,52.0,0.0,0.0,0.0,0.0,0.0,0.5,0.0,2026-10-10,2026-10-10T15:33:05-04:00,Batter damage by pitch type.
668804,bryan reynolds,L,SI,Sinker,4,6,2,0,0,1,0,1,1,101.5,91.38,1.83,0.0,0.0,0.0,0.25,0.0,0.1667,0.1667,2026-10-10,2026-10-10T15:33:05-04:00,Batter damage by pitch type.
668804,bryan reynolds,L,SL,Slider,5,4,4,0,0,1,0,1,0,99.3,86.15,43.75,0.0,0.0,0.0,0.2,0.0,0.25,0.0,2026-10-10,2026-10-10T15:33:05-04:00,Batter damage by pitch type.
668804,bryan reynolds,L,ST,Sweeper,1,1,0,0,0,0,0,0,0,80.5,80.5,-12.0,0.0,0.0,0.0,0.0,0.0,0.0,0.0,2026-10-10,2026-10-10T15:33:05-04:00,Batter damage by pitch type.
668804,bryan reynolds,R,CH,Changeup,5,8,4,0,0,0,0,0,2,99.5,79.65,8.5,0.0,0.0,0.0,0.0,0.0,0.0,0.25,2026-10-10,2026-10-10T15:33:05-04:00,Batter damage by pitch type.
668804,bryan reynolds,R,CU,Curveball,4,5,2,0,1,1,1,1,2,101.3,80.82,-15.8,0.0,0.25,0.2,0.25,0.25,0.2,0.4,2026-10-10,2026-10-10T15:33:05-04:00,Batter damage by pitch type.
668804,bryan reynolds,R,FC,Cutter,1,4,2,0,0,0,0,0,0,87.3,73.15,5.0,0.0,0.0,0.0,0.0,0.0,0.0,0.0,2026-10-10,2026-10-10T15:33:05-04:00,Batter damage by pitch type.
668804,bryan reynolds,R,FF,4-Seam Fastball,7,11,9,1,1,3,0,1,3,101.2,85.51,30.09,0.1429,0.1429,0.0909,0.4286,0.0,0.0909,0.2727,2026-10-10,2026-10-10T15:33:05-04:00,Batter damage by pitch type.
668804,bryan reynolds,R,FS,Split-Finger,2,5,4,0,1,1,0,0,3,97.7,80.22,20.6,0.0,0.5,0.2,0.5,0.0,0.0,0.6,2026-10-10,2026-10-10T15:33:05-04:00,Batter damage by pitch type.
668804,bryan reynolds,R,SI,Sinker,1,2,2,0,0,1,0,0,2,100.4,89.75,16.0,0.0,0.0,0.0,1.0,0.0,0.0,1.0,2026-10-10,2026-10-10T15:33:05-04:00,Batter damage by pitch type.
668804,bryan reynolds,R,SL,Slider,5,3,1,0,0,1,0,0,1,99.8,89.13,-10.67,0.0,0.0,0.0,0.2,0.0,0.0,0.3333,2026-10-10,2026-10-10T15:33:05-04:00,Batter damage by pitch type.
668804,bryan reynolds,R,ST,Sweeper,0,1,1,0,0,0,0,0,1,85.3,85.3,16.0,,,0.0,,,0.0,1.0,2026-10-10,2026-10-10T15:33:05-04:00,Batter damage by pitch type.
668804,bryan reynolds,R,SV,Slurve,0,0,0,0,0,0,0,0,0,,,,,,,,,,,2026-10-10,2026-10-10T15:33:05-04:00,Batter damage by pitch type.
668885,austin martin,R,CH,Changeup,5,6,1,0,0,0,0,0,0,77.2,60.55,-7.33,0.0,0.0,0.0,0.0,0.0,0.0,0.0,2026-10-10,2026-10-10T15:33:05-04:00,Batter damage by pitch type.
668885,austin martin,R,CU,Curveball,2,1,0,0,0,0,0,0,0,74.7,74.7,-17.0,0.0,0.0,0.0,0.0,0.0,0.0,0.0,2026-10-10,2026-10-10T15:33:05-04:00,Batter damage by pitch type.
668885,austin martin,R,FC,Cutter,3,1,1,0,0,0,0,0,0,72.1,72.1,37.0,0.0,0.0,0.0,0.0,0.0,0.0,0.0,2026-10-10,2026-10-10T15:33:05-04:00,Batter damage by pitch type.
668885,austin martin,R,FF,4-Seam Fastball,7,10,9,0,0,1,1,2,3,100.9,77.98,28.5,0.0,0.0,0.0,0.1429,0.1429,0.2,0.3,2026-10-10,2026-10-10T15:33:05-04:00,Batter damage by pitch type.
668885,austin martin,R,SI,Sinker,2,3,2,0,0,0,0,0,2,93.8,91.9,8.0,0.0,0.0,0.0,0.0,0.0,0.0,0.6667,2026-10-10,2026-10-10T15:33:05-04:00,Batter damage by pitch type.
668885,austin martin,R,SL,Slider,3,5,1,0,0,0,0,0,0,88.3,70.3,-2.4,0.0,0.0,0.0,0.0,0.0,0.0,0.0,2026-10-10,2026-10-10T15:33:05-04:00,Batter damage by pitch type.
668885,austin martin,R,ST,Sweeper,1,0,0,0,0,0,0,0,0,,,,0.0,0.0,,0.0,0.0,,,2026-10-10,2026-10-10T15:33:05-04:00,Batter damage by pitch type.
668901,mark vientos,R,CH,Changeup,5,5,3,0,0,1,1,1,3,102.4,73.9,0.6,0.0,0.0,0.0,0.2,0.2,0.2,0.6,2026-10-10,2026-10-10T15:33:05-04:00,Batter damage by pitch type.
668901,mark vientos,R,CU,Curveball,5,7,5,0,0,1,0,1,3,103.7,86.59,11.57,0.0,0.0,0.0,0.2,0.0,0.1429,0.4286,2026-10-10,2026-10-10T15:33:05-04:00,Batter damage by pitch type.
668901,mark vientos,R,FC,Cutter,1,1,0,0,0,0,0,0,0,91.3,91.3,-20.0,0.0,0.0,0.0,0.0,0.0,0.0,0.0,2026-10-10,2026-10-10T15:33:05-04:00,Batter damage by pitch type.
668901,mark vientos,R,FF,4-Seam Fastball,8,9,8,0,0,0,0,0,2,91.7,78.17,43.0,0.0,0.0,0.0,0.0,0.0,0.0,0.2222,2026-10-10,2026-10-10T15:33:05-04:00,Batter damage by pitch type.
668901,mark vientos,R,FS,Split-Finger,0,1,1,0,0,0,0,0,0,75.9,75.9,59.0,,,0.0,,,0.0,0.0,2026-10-10,2026-10-10T15:33:05-04:00,Batter damage by pitch type.
668901,mark vientos,R,KC,Knuckle Curve,0,0,0,0,0,0,0,0,0,,,,,,,,,,,2026-10-10,2026-10-10T15:33:05-04:00,Batter damage by pitch type.
668901,mark vientos,R,SI,Sinker,6,11,6,0,0,2,1,0,2,106.5,83.62,9.45,0.0,0.0,0.0,0.3333,0.1667,0.0,0.1818,2026-10-10,2026-10-10T15:33:05-04:00,Batter damage by pitch type.
668901,mark vientos,R,SL,Slider,2,1,1,0,0,0,0,0,0,69.5,69.5,72.0,0.0,0.0,0.0,0.0,0.0,0.0,0.0,2026-10-10,2026-10-10T15:33:05-04:00,Batter damage by pitch type.
668901,mark vientos,R,ST,Sweeper,2,3,1,0,0,0,0,0,0,92.3,81.8,16.33,0.0,0.0,0.0,0.0,0.0,0.0,0.0,2026-10-10,2026-10-10T15:33:05-04:00,Batter damage by pitch type.
668904,royce lewis,R,CH,Changeup,10,9,5,1,1,2,1,3,3,105.2,89.33,13.67,0.1,0.1,0.1111,0.2,0.1,0.3333,0.3333,2026-10-10,2026-10-10T15:33:05-04:00,Batter damage by pitch type.
668904,royce lewis,R,CU,Curveball,6,2,1,0,0,0,0,1,1,100.6,93.1,7.0,0.0,0.0,0.0,0.0,0.0,0.5,0.5,2026-10-10,2026-10-10T15:33:05-04:00,Batter damage by pitch type.
668904,royce lewis,R,FC,Cutter,5,4,3,0,0,1,0,1,2,95.0,81.7,18.0,0.0,0.0,0.0,0.2,0.0,0.25,0.5,2026-10-10,2026-10-10T15:33:05-04:00,Batter damage by pitch type.
668904,royce lewis,R,FF,4-Seam Fastball,14,21,19,0,0,5,0,2,7,105.1,84.98,35.9,0.0,0.0,0.0,0.3571,0.0,0.0952,0.3333,2026-10-10,2026-10-10T15:33:05-04:00,Batter damage by pitch type.
668904,royce lewis,R,FS,Split-Finger,2,3,2,0,1,1,0,1,0,103.8,81.5,32.67,0.0,0.5,0.3333,0.5,0.0,0.3333,0.0,2026-10-10,2026-10-10T15:33:05-04:00,Batter damage by pitch type.
668904,royce lewis,R,SI,Sinker,5,6,6,0,0,1,0,0,2,112.6,78.1,54.33,0.0,0.0,0.0,0.2,0.0,0.0,0.3333,2026-10-10,2026-10-10T15:33:05-04:00,Batter damage by pitch type.
668904,royce lewis,R,SL,Slider,10,16,8,0,0,2,0,4,5,107.6,85.46,10.06,0.0,0.0,0.0,0.2,0.0,0.25,0.3125,2026-10-10,2026-10-10T15:33:05-04:00,Batter damage by pitch type.
668904,royce lewis,R,ST,Sweeper,5,9,6,0,0,1,0,0,3,97.0,78.79,19.56,0.0,0.0,0.0,0.2,0.0,0.0,0.3333,2026-10-10,2026-10-10T15:33:05-04:00,Batter damage by pitch type.
668930,brice turang,L,CH,Changeup,11,11,7,1,1,2,1,3,4,107.3,82.27,10.82,0.0909,0.0909,0.0909,0.1818,0.0909,0.2727,0.3636,2026-10-10,2026-10-10T15:33:05-04:00,Batter damage by pitch type.
668930,brice turang,L,CU,Curveball,5,3,1,0,0,0,0,1,1,102.7,77.57,-7.67,0.0,0.0,0.0,0.0,0.0,0.3333,0.3333,2026-10-10,2026-10-10T15:33:05-04:00,Batter damage by pitch type.
668930,brice turang,L,FC,Cutter,5,10,7,0,0,2,1,0,4,102.5,84.08,17.3,0.0,0.0,0.0,0.4,0.2,0.0,0.4,2026-10-10,2026-10-10T15:33:05-04:00,Batter damage by pitch type.
668930,brice turang,L,FF,4-Seam Fastball,25,43,36,0,0,4,0,0,7,105.8,84.08,35.84,0.0,0.0,0.0,0.16,0.0,0.0,0.1628,2026-10-10,2026-10-10T15:33:05-04:00,Batter damage by pitch type.
668930,brice turang,L,FS,Split-Finger,4,2,1,0,0,1,0,0,1,95.2,85.45,7.5,0.0,0.0,0.0,0.25,0.0,0.0,0.5,2026-10-10,2026-10-10T15:33:05-04:00,Batter damage by pitch type.
668930,brice turang,L,KC,Knuckle Curve,0,0,0,0,0,0,0,0,0,,,,,,,,,,,2026-10-10,2026-10-10T15:33:05-04:00,Batter damage by pitch type.
668930,brice turang,L,SI,Sinker,15,24,18,2,2,3,2,3,10,108.4,83.45,20.62,0.1333,0.1333,0.0833,0.2,0.1333,0.125,0.4167,2026-10-10,2026-10-10T15:33:05-04:00,Batter damage by pitch type.
668930,brice turang,L,SL,Slider,16,15,10,1,2,4,2,1,4,106.2,83.57,18.0,0.0625,0.125,0.1333,0.25,0.125,0.0667,0.2667,2026-10-10,2026-10-10T15:33:05-04:00,Batter damage by pitch type.
668930,brice turang,L,ST,Sweeper,2,1,0,0,0,0,0,0,0,59.9,59.9,-49.0,0.0,0.0,0.0,0.0,0.0,0.0,0.0,2026-10-10,2026-10-10T15:33:05-04:00,Batter damage by pitch type.
668930,brice turang,L,SV,Slurve,0,0,0,0,0,0,0,0,0,,,,,,,,,,,2026-10-10,2026-10-10T15:33:05-04:00,Batter damage by pitch type.
668939,adley rutschman,L,CH,Changeup,4,5,5,0,0,0,0,2,2,84.2,78.72,32.8,0.0,0.0,0.0,0.0,0.0,0.4,0.4,2026-10-10,2026-10-10T15:33:05-04:00,Batter damage by pitch type.
668939,adley rutschman,L,CU,Curveball,4,4,1,0,0,0,0,1,1,96.9,86.45,0.5,0.0,0.0,0.0,0.0,0.0,0.25,0.25,2026-10-10,2026-10-10T15:33:05-04:00,Batter damage by pitch type.
668939,adley rutschman,L,FC,Cutter,2,4,2,0,0,0,0,0,0,93.4,66.1,9.0,0.0,0.0,0.0,0.0,0.0,0.0,0.0,2026-10-10,2026-10-10T15:33:05-04:00,Batter damage by pitch type.
668939,adley rutschman,L,FF,4-Seam Fastball,8,17,12,0,1,2,1,1,5,104.7,86.14,27.88,0.0,0.125,0.0588,0.25,0.125,0.0588,0.2941,2026-10-10,2026-10-10T15:33:05-04:00,Batter damage by pitch type.
668939,adley rutschman,L,FS,Split-Finger,2,3,2,0,0,0,0,0,1,89.2,86.03,21.0,0.0,0.0,0.0,0.0,0.0,0.0,0.3333,2026-10-10,2026-10-10T15:33:05-04:00,Batter damage by pitch type.
668939,adley rutschman,L,SI,Sinker,8,7,4,0,0,1,0,1,2,104.9,90.2,22.29,0.0,0.0,0.0,0.125,0.0,0.1429,0.2857,2026-10-10,2026-10-10T15:33:05-04:00,Batter damage by pitch type.
668939,adley rutschman,L,SL,Slider,3,2,0,0,0,0,0,0,0,94.7,89.9,-2.5,0.0,0.0,0.0,0.0,0.0,0.0,0.0,2026-10-10,2026-10-10T15:33:05-04:00,Batter damage by pitch type.
668939,adley rutschman,L,ST,Sweeper,0,1,0,0,0,0,0,0,0,63.6,63.6,-22.0,,,0.0,,,0.0,0.0,2026-10-10,2026-10-10T15:33:05-04:00,Batter damage by pitch type.
668939,adley rutschman,R,CH,Changeup,8,8,4,0,0,0,0,2,3,93.1,78.58,10.25,0.0,0.0,0.0,0.0,0.0,0.25,0.375,2026-10-10,2026-10-10T15:33:05-04:00,Batter damage by pitch type.
668939,adley rutschman,R,CU,Curveball,1,3,2,0,0,0,0,0,2,91.1,82.43,7.67,0.0,0.0,0.0,0.0,0.0,0.0,0.6667,2026-10-10,2026-10-10T15:33:05-04:00,Batter damage by pitch type.
668939,adley rutschman,R,FC,Cutter,1,4,1,0,0,0,0,0,0,105.9,85.35,-3.75,0.0,0.0,0.0,0.0,0.0,0.0,0.0,2026-10-10,2026-10-10T15:33:05-04:00,Batter damage by pitch type.
668939,adley rutschman,R,FF,4-Seam Fastball,14,21,19,1,1,4,1,3,9,103.2,86.32,32.0,0.0714,0.0714,0.0476,0.2857,0.0714,0.1429,0.4286,2026-10-10,2026-10-10T15:33:05-04:00,Batter damage by pitch type.
668939,adley rutschman,R,FS,Split-Finger,0,0,0,0,0,0,0,0,0,,,,,,,,,,,2026-10-10,2026-10-10T15:33:05-04:00,Batter damage by pitch type.
668939,adley rutschman,R,SI,Sinker,1,1,0,0,0,0,0,0,1,68.9,68.9,9.0,0.0,0.0,0.0,0.0,0.0,0.0,1.0,2026-10-10,2026-10-10T15:33:05-04:00,Batter damage by pitch type.
668939,adley rutschman,R,SL,Slider,1,2,1,0,0,0,0,0,1,70.6,68.75,2.5,0.0,0.0,0.0,0.0,0.0,0.0,0.5,2026-10-10,2026-10-10T15:33:05-04:00,Batter damage by pitch type.
668939,adley rutschman,R,ST,Sweeper,2,4,3,0,0,0,0,1,2,90.9,86.43,22.75,0.0,0.0,0.0,0.0,0.0,0.25,0.5,2026-10-10,2026-10-10T15:33:05-04:00,Batter damage by pitch type.
668942,josh rojas,L,CH,Changeup,1,4,1,0,0,0,0,1,1,65.2,51.18,-25.75,0.0,0.0,0.0,0.0,0.0,0.25,0.25,2026-10-10,2026-10-10T15:33:05-04:00,Batter damage by pitch type.
668942,josh rojas,L,CU,Curveball,0,0,0,0,0,0,0,0,0,,,,,,,,,,,2026-10-10,2026-10-10T15:33:05-04:00,Batter damage by pitch type.
668942,josh rojas,L,FF,4-Seam Fastball,5,7,7,0,0,2,1,3,1,106.3,87.59,39.86,0.0,0.0,0.0,0.4,0.2,0.4286,0.1429,2026-10-10,2026-10-10T15:33:05-04:00,Batter damage by pitch type.
668942,josh rojas,L,SI,Sinker,4,5,1,0,0,0,0,0,0,98.8,82.56,-6.2,0.0,0.0,0.0,0.0,0.0,0.0,0.0,2026-10-10,2026-10-10T15:33:05-04:00,Batter damage by pitch type.
668942,josh rojas,L,SL,Slider,0,0,0,0,0,0,0,0,0,,,,,,,,,,,2026-10-10,2026-10-10T15:33:05-04:00,Batter damage by pitch type.
668942,josh rojas,L,ST,Sweeper,2,2,2,0,0,1,0,0,2,99.3,93.1,17.0,0.0,0.0,0.0,0.5,0.0,0.0,1.0,2026-10-10,2026-10-10T15:33:05-04:00,Batter damage by pitch type.
668952,ryan kreidler,R,CH,Changeup,1,2,1,0,0,0,0,0,0,79.7,74.0,5.5,0.0,0.0,0.0,0.0,0.0,0.0,0.0,2026-10-10,2026-10-10T15:33:05-04:00,Batter damage by pitch type.
668952,ryan kreidler,R,CU,Curveball,0,0,0,0,0,0,0,0,0,,,,,,,,,,,2026-10-10,2026-10-10T15:33:05-04:00,Batter damage by pitch type.
668952,ryan kreidler,R,FC,Cutter,2,2,1,0,0,0,0,0,0,70.3,66.4,0.0,0.0,0.0,0.0,0.0,0.0,0.0,0.0,2026-10-10,2026-10-10T15:33:05-04:00,Batter damage by pitch type.
668952,ryan kreidler,R,FF,4-Seam Fastball,11,16,12,2,2,4,2,3,5,113.1,89.46,26.06,0.1818,0.1818,0.125,0.3636,0.1818,0.1875,0.3125,2026-10-10,2026-10-10T15:33:05-04:00,Batter damage by pitch type.
668952,ryan kreidler,R,FS,Split-Finger,1,1,0,0,0,0,0,0,0,87.3,87.3,-27.0,0.0,0.0,0.0,0.0,0.0,0.0,0.0,2026-10-10,2026-10-10T15:33:05-04:00,Batter damage by pitch type.
668952,ryan kreidler,R,KC,Knuckle Curve,0,0,0,0,0,0,0,0,0,,,,,,,,,,,2026-10-10,2026-10-10T15:33:05-04:00,Batter damage by pitch type.
668952,ryan kreidler,R,SI,Sinker,7,7,0,0,0,0,0,0,0,98.0,78.91,-16.14,0.0,0.0,0.0,0.0,0.0,0.0,0.0,2026-10-10,2026-10-10T15:33:05-04:00,Batter damage by pitch type.
668952,ryan kreidler,R,SL,Slider,3,3,2,0,0,0,0,1,1,66.5,59.7,14.0,0.0,0.0,0.0,0.0,0.0,0.3333,0.3333,2026-10-10,2026-10-10T15:33:05-04:00,Batter damage by pitch type.
668952,ryan kreidler,R,ST,Sweeper,6,7,5,0,0,1,0,1,2,96.6,79.73,25.57,0.0,0.0,0.0,0.1667,0.0,0.1429,0.2857,2026-10-10,2026-10-10T15:33:05-04:00,Batter damage by pitch type.
668952,ryan kreidler,R,SV,Slurve,0,1,0,0,0,0,0,0,0,78.6,78.6,-34.0,,,0.0,,,0.0,0.0,2026-10-10,2026-10-10T15:33:05-04:00,Batter damage by pitch type.
669003,garrett mitchell,L,CH,Changeup,14,10,5,0,1,2,0,1,4,110.3,81.63,-4.3,0.0,0.0714,0.1,0.1429,0.0,0.1,0.4,2026-10-10,2026-10-10T15:33:05-04:00,Batter damage by pitch type.
669003,garrett mitchell,L,CU,Curveball,1,1,0,0,0,0,0,0,0,60.0,60.0,-52.0,0.0,0.0,0.0,0.0,0.0,0.0,0.0,2026-10-10,2026-10-10T15:33:05-04:00,Batter damage by pitch type.
669003,garrett mitchell,L,EP,Eephus,1,1,0,0,0,0,0,0,0,88.8,88.8,-6.0,0.0,0.0,0.0,0.0,0.0,0.0,0.0,2026-10-10,2026-10-10T15:33:05-04:00,Batter damage by pitch type.
669003,garrett mitchell,L,FC,Cutter,0,2,2,0,0,0,0,0,1,75.8,71.7,29.5,,,0.0,,,0.0,0.5,2026-10-10,2026-10-10T15:33:05-04:00,Batter damage by pitch type.
669003,garrett mitchell,L,FF,4-Seam Fastball,23,32,25,1,1,5,1,3,9,110.5,86.38,31.03,0.0435,0.0435,0.0312,0.2174,0.0435,0.0938,0.2812,2026-10-10,2026-10-10T15:33:05-04:00,Batter damage by pitch type.
669003,garrett mitchell,L,FS,Split-Finger,4,2,2,0,0,0,0,0,1,82.1,70.85,50.0,0.0,0.0,0.0,0.0,0.0,0.0,0.5,2026-10-10,2026-10-10T15:33:05-04:00,Batter damage by pitch type.
669003,garrett mitchell,L,KC,Knuckle Curve,2,2,1,0,0,0,0,1,1,101.8,91.45,12.5,0.0,0.0,0.0,0.0,0.0,0.5,0.5,2026-10-10,2026-10-10T15:33:05-04:00,Batter damage by pitch type.
669003,garrett mitchell,L,SI,Sinker,11,10,4,0,0,0,0,0,2,104.9,73.8,-0.8,0.0,0.0,0.0,0.0,0.0,0.0,0.2,2026-10-10,2026-10-10T15:33:05-04:00,Batter damage by pitch type.
669003,garrett mitchell,L,SL,Slider,13,9,2,0,0,1,1,2,2,105.1,87.58,-12.33,0.0,0.0,0.0,0.0769,0.0769,0.2222,0.2222,2026-10-10,2026-10-10T15:33:05-04:00,Batter damage by pitch type.
669003,garrett mitchell,L,ST,Sweeper,3,3,2,1,2,2,1,1,1,108.1,80.37,9.0,0.3333,0.6667,0.6667,0.6667,0.3333,0.3333,0.3333,2026-10-10,2026-10-10T15:33:05-04:00,Batter damage by pitch type.
669016,brandon marsh,L,CH,Changeup,7,7,4,0,0,1,0,1,1,98.1,66.23,18.14,0.0,0.0,0.0,0.1429,0.0,0.1429,0.1429,2026-10-10,2026-10-10T15:33:05-04:00,Batter damage by pitch type.
669016,brandon marsh,L,CU,Curveball,3,5,2,0,0,0,0,0,1,92.4,79.72,2.2,0.0,0.0,0.0,0.0,0.0,0.0,0.2,2026-10-10,2026-10-10T15:33:05-04:00,Batter damage by pitch type.
669016,brandon marsh,L,FC,Cutter,6,10,6,0,0,1,0,1,2,95.3,67.12,17.8,0.0,0.0,0.0,0.1667,0.0,0.1,0.2,2026-10-10,2026-10-10T15:33:05-04:00,Batter damage by pitch type.
669016,brandon marsh,L,FF,4-Seam Fastball,15,22,15,0,0,2,0,2,4,105.8,81.42,16.41,0.0,0.0,0.0,0.1333,0.0,0.0909,0.1818,2026-10-10,2026-10-10T15:33:05-04:00,Batter damage by pitch type.
669016,brandon marsh,L,FO,Forkball,0,0,0,0,0,0,0,0,0,,,,,,,,,,,2026-10-10,2026-10-10T15:33:05-04:00,Batter damage by pitch type.
669016,brandon marsh,L,FS,Split-Finger,7,8,2,0,0,0,0,1,2,99.0,80.19,-3.38,0.0,0.0,0.0,0.0,0.0,0.125,0.25,2026-10-10,2026-10-10T15:33:05-04:00,Batter damage by pitch type.
669016,brandon marsh,L,SI,Sinker,5,7,5,1,1,2,2,2,4,104.4,90.77,16.71,0.2,0.2,0.1429,0.4,0.4,0.2857,0.5714,2026-10-10,2026-10-10T15:33:05-04:00,Batter damage by pitch type.
669016,brandon marsh,L,SL,Slider,3,5,4,0,0,1,0,2,2,99.6,78.46,21.6,0.0,0.0,0.0,0.3333,0.0,0.4,0.4,2026-10-10,2026-10-10T15:33:05-04:00,Batter damage by pitch type.
669016,brandon marsh,L,ST,Sweeper,1,1,1,0,0,0,0,0,0,75.0,75.0,66.0,0.0,0.0,0.0,0.0,0.0,0.0,0.0,2026-10-10,2026-10-10T15:33:05-04:00,Batter damage by pitch type.
669065,kyle stowers,L,CH,Changeup,4,8,3,0,0,0,0,0,0,106.6,87.49,10.12,0.0,0.0,0.0,0.0,0.0,0.0,0.0,2026-10-10,2026-10-10T15:33:05-04:00,Batter damage by pitch type.
669065,kyle stowers,L,CU,Curveball,5,6,2,0,0,1,0,1,0,100.7,90.68,14.33,0.0,0.0,0.0,0.2,0.0,0.1667,0.0,2026-10-10,2026-10-10T15:33:05-04:00,Batter damage by pitch type.
669065,kyle stowers,L,FC,Cutter,5,9,6,1,1,2,0,3,0,106.1,87.96,24.44,0.2,0.2,0.1111,0.4,0.0,0.3333,0.0,2026-10-10,2026-10-10T15:33:05-04:00,Batter damage by pitch type.
669065,kyle stowers,L,FF,4-Seam Fastball,23,32,26,1,3,6,2,1,7,108.6,83.27,34.81,0.0435,0.1304,0.0938,0.2609,0.087,0.0312,0.2188,2026-10-10,2026-10-10T15:33:05-04:00,Batter damage by pitch type.
669065,kyle stowers,L,FS,Split-Finger,3,2,1,0,0,1,0,1,1,98.6,92.25,-2.5,0.0,0.0,0.0,0.3333,0.0,0.5,0.5,2026-10-10,2026-10-10T15:33:05-04:00,Batter damage by pitch type.
669065,kyle stowers,L,KC,Knuckle Curve,2,2,1,0,0,1,1,0,1,110.2,97.2,6.0,0.0,0.0,0.0,0.5,0.5,0.0,0.5,2026-10-10,2026-10-10T15:33:05-04:00,Batter damage by pitch type.
669065,kyle stowers,L,SI,Sinker,3,2,2,0,0,0,0,0,0,87.4,81.35,49.0,0.0,0.0,0.0,0.0,0.0,0.0,0.0,2026-10-10,2026-10-10T15:33:05-04:00,Batter damage by pitch type.
669065,kyle stowers,L,SL,Slider,5,5,3,0,1,1,1,1,1,100.4,84.7,24.4,0.0,0.2,0.2,0.2,0.2,0.2,0.2,2026-10-10,2026-10-10T15:33:05-04:00,Batter damage by pitch type.
669065,kyle stowers,L,ST,Sweeper,0,3,1,0,0,0,0,0,1,91.5,81.03,-3.67,,,0.0,,,0.0,0.3333,2026-10-10,2026-10-10T15:33:05-04:00,Batter damage by pitch type.
669065,kyle stowers,L,SV,Slurve,1,1,1,0,0,0,0,0,0,83.0,83.0,35.0,0.0,0.0,0.0,0.0,0.0,0.0,0.0,2026-10-10,2026-10-10T15:33:05-04:00,Batter damage by pitch type.
669127,shea langeliers,R,CH,Changeup,5,11,4,0,0,2,0,1,3,105.8,74.6,-3.36,0.0,0.0,0.0,0.4,0.0,0.0909,0.2727,2026-10-10,2026-10-10T15:33:05-04:00,Batter damage by pitch type.
669127,shea langeliers,R,CU,Curveball,1,3,2,0,0,1,0,0,1,103.9,93.03,24.0,0.0,0.0,0.0,1.0,0.0,0.0,0.3333,2026-10-10,2026-10-10T15:33:05-04:00,Batter damage by pitch type.
669127,shea langeliers,R,FC,Cutter,6,6,4,0,0,0,0,0,1,90.5,78.25,33.17,0.0,0.0,0.0,0.0,0.0,0.0,0.1667,2026-10-10,2026-10-10T15:33:05-04:00,Batter damage by pitch type.
669127,shea langeliers,R,FF,4-Seam Fastball,12,18,15,0,0,2,0,2,7,110.7,82.06,31.5,0.0,0.0,0.0,0.1667,0.0,0.1111,0.3889,2026-10-10,2026-10-10T15:33:05-04:00,Batter damage by pitch type.
669127,shea langeliers,R,FS,Split-Finger,1,1,1,0,0,0,0,0,0,92.3,92.3,61.0,0.0,0.0,0.0,0.0,0.0,0.0,0.0,2026-10-10,2026-10-10T15:33:05-04:00,Batter damage by pitch type.
669127,shea langeliers,R,KC,Knuckle Curve,1,2,0,0,0,0,0,0,0,76.9,61.15,-20.5,0.0,0.0,0.0,0.0,0.0,0.0,0.0,2026-10-10,2026-10-10T15:33:05-04:00,Batter damage by pitch type.
669127,shea langeliers,R,SI,Sinker,12,15,10,0,0,3,0,2,6,103.2,84.54,8.07,0.0,0.0,0.0,0.25,0.0,0.1333,0.4,2026-10-10,2026-10-10T15:33:05-04:00,Batter damage by pitch type.
669127,shea langeliers,R,SL,Slider,9,10,4,0,0,0,0,1,3,102.8,82.89,10.9,0.0,0.0,0.0,0.0,0.0,0.1,0.3,2026-10-10,2026-10-10T15:33:05-04:00,Batter damage by pitch type.
669127,shea langeliers,R,ST,Sweeper,4,8,7,0,0,1,0,1,3,96.2,78.16,30.62,0.0,0.0,0.0,0.25,0.0,0.125,0.375,2026-10-10,2026-10-10T15:33:05-04:00,Batter damage by pitch type.
669127,shea langeliers,R,SV,Slurve,0,0,0,0,0,0,0,0,0,,,,,,,,,,,2026-10-10,2026-10-10T15:33:05-04:00,Batter damage by pitch type.
669134,luis campusano,R,CH,Changeup,6,5,1,0,0,0,0,0,0,102.3,88.86,3.8,0.0,0.0,0.0,0.0,0.0,0.0,0.0,2026-10-10,2026-10-10T15:33:05-04:00,Batter damage by pitch type.
669134,luis campusano,R,CU,Curveball,4,3,1,0,0,0,0,0,0,85.9,76.3,10.67,0.0,0.0,0.0,0.0,0.0,0.0,0.0,2026-10-10,2026-10-10T15:33:05-04:00,Batter damage by pitch type.
669134,luis campusano,R,FC,Cutter,3,8,6,1,0,1,0,1,1,98.5,81.51,29.88,0.3333,0.0,0.0,0.3333,0.0,0.125,0.125,2026-10-10,2026-10-10T15:33:05-04:00,Batter damage by pitch type.
669134,luis campusano,R,FF,4-Seam Fastball,20,26,16,0,0,3,0,2,6,104.0,88.26,17.23,0.0,0.0,0.0,0.15,0.0,0.0769,0.2308,2026-10-10,2026-10-10T15:33:05-04:00,Batter damage by pitch type.
669134,luis campusano,R,FS,Split-Finger,0,0,0,0,0,0,0,0,0,,,,,,,,,,,2026-10-10,2026-10-10T15:33:05-04:00,Batter damage by pitch type.
669134,luis campusano,R,KC,Knuckle Curve,0,0,0,0,0,0,0,0,0,,,,,,,,,,,2026-10-10,2026-10-10T15:33:05-04:00,Batter damage by pitch type.
669134,luis campusano,R,SI,Sinker,9,13,8,0,0,0,0,2,5,97.5,76.65,19.0,0.0,0.0,0.0,0.0,0.0,0.1538,0.3846,2026-10-10,2026-10-10T15:33:05-04:00,Batter damage by pitch type.
669134,luis campusano,R,SL,Slider,7,11,8,0,0,0,0,2,4,105.4,87.25,25.55,0.0,0.0,0.0,0.0,0.0,0.1818,0.3636,2026-10-10,2026-10-10T15:33:05-04:00,Batter damage by pitch type.
669134,luis campusano,R,ST,Sweeper,8,10,7,0,0,2,1,2,4,103.7,77.07,24.6,0.0,0.0,0.0,0.25,0.125,0.2,0.4,2026-10-10,2026-10-10T15:33:05-04:00,Batter damage by pitch type.
669221,sean murphy,R,CH,Changeup,6,2,0,0,0,0,0,0,0,79.7,78.5,-4.0,0.0,0.0,0.0,0.0,0.0,0.0,0.0,2026-10-10,2026-10-10T15:33:05-04:00,Batter damage by pitch type.
669221,sean murphy,R,CU,Curveball,3,2,0,0,0,0,0,0,0,87.1,82.95,-12.0,0.0,0.0,0.0,0.0,0.0,0.0,0.0,2026-10-10,2026-10-10T15:33:05-04:00,Batter damage by pitch type.
669221,sean murphy,R,EP,Eephus,1,1,1,0,1,1,1,1,1,105.0,105.0,25.0,0.0,1.0,1.0,1.0,1.0,1.0,1.0,2026-10-10,2026-10-10T15:33:05-04:00,Batter damage by pitch type.
669221,sean murphy,R,FC,Cutter,2,5,2,0,0,0,0,0,2,93.5,81.38,8.8,0.0,0.0,0.0,0.0,0.0,0.0,0.4,2026-10-10,2026-10-10T15:33:05-04:00,Batter damage by pitch type.
669221,sean murphy,R,FF,4-Seam Fastball,14,25,20,0,0,6,1,4,8,108.3,87.32,29.68,0.0,0.0,0.0,0.4286,0.0714,0.16,0.32,2026-10-10,2026-10-10T15:33:05-04:00,Batter damage by pitch type.
669221,sean murphy,R,FS,Split-Finger,2,1,1,0,0,0,0,0,0,94.1,94.1,50.0,0.0,0.0,0.0,0.0,0.0,0.0,0.0,2026-10-10,2026-10-10T15:33:05-04:00,Batter damage by pitch type.
669221,sean murphy,R,KC,Knuckle Curve,2,1,1,0,1,1,1,0,1,101.3,101.3,24.0,0.0,0.5,1.0,0.5,0.5,0.0,1.0,2026-10-10,2026-10-10T15:33:05-04:00,Batter damage by pitch type.
669221,sean murphy,R,SI,Sinker,20,25,11,1,3,3,1,2,4,111.3,82.98,7.84,0.05,0.15,0.12,0.15,0.05,0.08,0.16,2026-10-10,2026-10-10T15:33:05-04:00,Batter damage by pitch type.
669221,sean murphy,R,SL,Slider,1,4,1,0,0,0,0,0,1,100.8,75.25,3.75,0.0,0.0,0.0,0.0,0.0,0.0,0.25,2026-10-10,2026-10-10T15:33:05-04:00,Batter damage by pitch type.
669221,sean murphy,R,ST,Sweeper,2,2,1,0,0,0,0,0,1,68.8,63.5,7.5,0.0,0.0,0.0,0.0,0.0,0.0,0.5,2026-10-10,2026-10-10T15:33:05-04:00,Batter damage by pitch type.
669224,austin wells,L,CH,Changeup,13,11,8,0,0,3,0,5,6,106.7,90.95,15.45,0.0,0.0,0.0,0.2308,0.0,0.4545,0.5455,2026-10-10,2026-10-10T15:33:05-04:00,Batter damage by pitch type.
669224,austin wells,L,CU,Curveball,2,6,3,1,0,2,1,1,2,103.5,78.73,-9.67,0.5,0.0,0.0,1.0,0.5,0.1667,0.3333,2026-10-10,2026-10-10T15:33:05-04:00,Batter damage by pitch type.
669224,austin wells,L,FC,Cutter,7,13,11,1,1,4,2,3,5,110.8,82.58,26.08,0.1429,0.1429,0.0769,0.5714,0.2857,0.2308,0.3846,2026-10-10,2026-10-10T15:33:05-04:00,Batter damage by pitch type.
669224,austin wells,L,FF,4-Seam Fastball,15,17,17,2,3,4,1,4,5,108.6,82.32,42.47,0.1333,0.2,0.1765,0.2667,0.0667,0.2353,0.2941,2026-10-10,2026-10-10T15:33:05-04:00,Batter damage by pitch type.
669224,austin wells,L,FS,Split-Finger,1,0,0,0,0,0,0,0,0,,,,0.0,0.0,,0.0,0.0,,,2026-10-10,2026-10-10T15:33:05-04:00,Batter damage by pitch type.
669224,austin wells,L,KC,Knuckle Curve,1,1,1,0,0,0,0,0,0,78.7,78.7,50.0,0.0,0.0,0.0,0.0,0.0,0.0,0.0,2026-10-10,2026-10-10T15:33:05-04:00,Batter damage by pitch type.
669224,austin wells,L,SI,Sinker,11,11,7,0,1,2,1,3,5,107.8,89.12,22.27,0.0,0.0909,0.0909,0.1818,0.0909,0.2727,0.4545,2026-10-10,2026-10-10T15:33:05-04:00,Batter damage by pitch type.
669224,austin wells,L,SL,Slider,6,6,5,0,0,1,0,1,1,98.4,86.15,35.5,0.0,0.0,0.0,0.1667,0.0,0.1667,0.1667,2026-10-10,2026-10-10T15:33:05-04:00,Batter damage by pitch type.
669224,austin wells,L,ST,Sweeper,2,1,1,0,0,1,0,0,1,101.7,101.7,13.0,0.0,0.0,0.0,0.5,0.0,0.0,1.0,2026-10-10,2026-10-10T15:33:05-04:00,Batter damage by pitch type.
669236,jeremiah jackson,R,CH,Changeup,4,2,0,0,0,0,0,0,0,95.8,80.05,-9.0,0.0,0.0,0.0,0.0,0.0,0.0,0.0,2026-10-10,2026-10-10T15:33:05-04:00,Batter damage by pitch type.
669236,jeremiah jackson,R,CU,Curveball,3,2,0,0,0,0,0,0,0,88.0,74.95,-21.0,0.0,0.0,0.0,0.0,0.0,0.0,0.0,2026-10-10,2026-10-10T15:33:05-04:00,Batter damage by pitch type.
669236,jeremiah jackson,R,FC,Cutter,7,8,5,0,0,1,0,0,1,106.7,77.01,21.0,0.0,0.0,0.0,0.1429,0.0,0.0,0.125,2026-10-10,2026-10-10T15:33:05-04:00,Batter damage by pitch type.
669236,jeremiah jackson,R,FF,4-Seam Fastball,14,24,22,1,1,2,1,3,6,108.4,84.5,40.54,0.0714,0.0714,0.0417,0.1429,0.0714,0.125,0.25,2026-10-10,2026-10-10T15:33:05-04:00,Batter damage by pitch type.
669236,jeremiah jackson,R,FS,Split-Finger,0,0,0,0,0,0,0,0,0,,,,,,,,,,,2026-10-10,2026-10-10T15:33:05-04:00,Batter damage by pitch type.
669236,jeremiah jackson,R,KC,Knuckle Curve,0,0,0,0,0,0,0,0,0,,,,,,,,,,,2026-10-10,2026-10-10T15:33:05-04:00,Batter damage by pitch type.
669236,jeremiah jackson,R,SI,Sinker,6,13,7,1,1,1,1,1,3,105.2,75.78,4.62,0.1667,0.1667,0.0769,0.1667,0.1667,0.0769,0.2308,2026-10-10,2026-10-10T15:33:05-04:00,Batter damage by pitch type.
669236,jeremiah jackson,R,SL,Slider,5,5,4,1,1,1,1,1,3,104.8,74.48,25.6,0.2,0.2,0.2,0.2,0.2,0.2,0.6,2026-10-10,2026-10-10T15:33:05-04:00,Batter damage by pitch type.
669236,jeremiah jackson,R,ST,Sweeper,2,4,3,0,0,1,0,1,1,101.0,81.5,32.0,0.0,0.0,0.0,0.5,0.0,0.25,0.25,2026-10-10,2026-10-10T15:33:05-04:00,Batter damage by pitch type.
669242,tommy edman,L,CH,Changeup,3,4,2,0,0,0,0,1,0,96.4,82.6,27.5,0.0,0.0,0.0,0.0,0.0,0.25,0.0,2026-10-10,2026-10-10T15:33:05-04:00,Batter damage by pitch type.
669242,tommy edman,L,CU,Curveball,6,6,1,0,0,0,0,0,1,93.7,81.52,-10.33,0.0,0.0,0.0,0.0,0.0,0.0,0.1667,2026-10-10,2026-10-10T15:33:05-04:00,Batter damage by pitch type.
669242,tommy edman,L,FC,Cutter,3,2,1,1,1,1,1,1,1,102.8,95.3,-6.0,0.3333,0.3333,0.5,0.3333,0.3333,0.5,0.5,2026-10-10,2026-10-10T15:33:05-04:00,Batter damage by pitch type.
669242,tommy edman,L,FF,4-Seam Fastball,13,17,14,0,0,1,0,0,6,99.1,81.52,28.71,0.0,0.0,0.0,0.0769,0.0,0.0,0.3529,2026-10-10,2026-10-10T15:33:05-04:00,Batter damage by pitch type.
669242,tommy edman,L,FS,Split-Finger,2,0,0,0,0,0,0,0,0,,,,0.0,0.0,,0.0,0.0,,,2026-10-10,2026-10-10T15:33:05-04:00,Batter damage by pitch type.
669242,tommy edman,L,SI,Sinker,5,4,2,0,0,1,0,1,2,103.5,93.22,5.25,0.0,0.0,0.0,0.2,0.0,0.25,0.5,2026-10-10,2026-10-10T15:33:05-04:00,Batter damage by pitch type.
669242,tommy edman,L,SL,Slider,9,11,4,0,0,0,0,0,1,95.5,76.99,7.09,0.0,0.0,0.0,0.0,0.0,0.0,0.0909,2026-10-10,2026-10-10T15:33:05-04:00,Batter damage by pitch type.
669242,tommy edman,L,ST,Sweeper,3,6,2,0,0,0,0,0,1,94.0,78.52,3.83,0.0,0.0,0.0,0.0,0.0,0.0,0.1667,2026-10-10,2026-10-10T15:33:05-04:00,Batter damage by pitch type.
669242,tommy edman,L,SV,Slurve,0,0,0,0,0,0,0,0,0,,,,,,,,,,,2026-10-10,2026-10-10T15:33:05-04:00,Batter damage by pitch type.
669242,tommy edman,R,CH,Changeup,1,2,1,0,0,0,0,0,0,77.3,74.1,-6.0,0.0,0.0,0.0,0.0,0.0,0.0,0.0,2026-10-10,2026-10-10T15:33:05-04:00,Batter damage by pitch type.
669242,tommy edman,R,CU,Curveball,0,1,0,0,0,0,0,0,0,79.9,79.9,-44.0,,,0.0,,,0.0,0.0,2026-10-10,2026-10-10T15:33:05-04:00,Batter damage by pitch type.
669242,tommy edman,R,FC,Cutter,2,3,2,0,0,0,0,1,0,77.5,55.7,10.33,0.0,0.0,0.0,0.0,0.0,0.3333,0.0,2026-10-10,2026-10-10T15:33:05-04:00,Batter damage by pitch type.
669242,tommy edman,R,FF,4-Seam Fastball,11,9,9,0,0,0,0,3,2,94.9,83.66,49.78,0.0,0.0,0.0,0.0,0.0,0.3333,0.2222,2026-10-10,2026-10-10T15:33:05-04:00,Batter damage by pitch type.
669242,tommy edman,R,KC,Knuckle Curve,0,0,0,0,0,0,0,0,0,,,,,,,,,,,2026-10-10,2026-10-10T15:33:05-04:00,Batter damage by pitch type.
669242,tommy edman,R,SI,Sinker,6,5,4,1,1,1,0,3,2,106.8,91.48,20.8,0.1667,0.1667,0.2,0.1667,0.0,0.6,0.4,2026-10-10,2026-10-10T15:33:05-04:00,Batter damage by pitch type.
669242,tommy edman,R,SL,Slider,2,1,0,0,0,0,0,0,0,66.5,66.5,1.0,0.0,0.0,0.0,0.0,0.0,0.0,0.0,2026-10-10,2026-10-10T15:33:05-04:00,Batter damage by pitch type.
669242,tommy edman,R,ST,Sweeper,1,1,1,0,0,0,0,1,0,74.2,74.2,52.0,0.0,0.0,0.0,0.0,0.0,1.0,0.0,2026-10-10,2026-10-10T15:33:05-04:00,Batter damage by pitch type.
669257,will smith,R,CH,Changeup,5,8,5,1,1,3,1,2,3,101.6,77.14,2.5,0.2,0.2,0.125,0.6,0.2,0.25,0.375,2026-10-10,2026-10-10T15:33:05-04:00,Batter damage by pitch type.
669257,will smith,R,CS,Slow Curve,0,0,0,0,0,0,0,0,0,,,,,,,,,,,2026-10-10,2026-10-10T15:33:05-04:00,Batter damage by pitch type.
669257,will smith,R,CU,Curveball,3,1,0,0,0,0,0,0,0,32.5,32.5,-45.0,0.0,0.0,0.0,0.0,0.0,0.0,0.0,2026-10-10,2026-10-10T15:33:05-04:00,Batter damage by pitch type.
669257,will smith,R,FC,Cutter,3,4,4,0,0,1,0,3,1,102.0,88.02,42.0,0.0,0.0,0.0,0.3333,0.0,0.75,0.25,2026-10-10,2026-10-10T15:33:05-04:00,Batter damage by pitch type.
669257,will smith,R,FF,4-Seam Fastball,17,26,23,0,0,2,1,1,10,104.7,82.78,34.31,0.0,0.0,0.0,0.1176,0.0588,0.0385,0.3846,2026-10-10,2026-10-10T15:33:05-04:00,Batter damage by pitch type.
669257,will smith,R,FS,Split-Finger,4,4,1,0,0,1,0,0,0,96.1,74.25,1.75,0.0,0.0,0.0,0.25,0.0,0.0,0.0,2026-10-10,2026-10-10T15:33:05-04:00,Batter damage by pitch type.
669257,will smith,R,KC,Knuckle Curve,1,1,1,1,1,1,1,1,1,101.9,101.9,30.0,1.0,1.0,1.0,1.0,1.0,1.0,1.0,2026-10-10,2026-10-10T15:33:05-04:00,Batter damage by pitch type.
669257,will smith,R,SI,Sinker,9,16,13,0,0,2,0,2,5,105.7,81.99,32.25,0.0,0.0,0.0,0.2222,0.0,0.125,0.3125,2026-10-10,2026-10-10T15:33:05-04:00,Batter damage by pitch type.
669257,will smith,R,SL,Slider,12,16,13,1,1,4,1,5,7,105.4,85.4,29.38,0.0833,0.0833,0.0625,0.3333,0.0833,0.3125,0.4375,2026-10-10,2026-10-10T15:33:05-04:00,Batter damage by pitch type.
669257,will smith,R,ST,Sweeper,8,8,6,0,0,2,0,0,1,96.6,81.82,29.5,0.0,0.0,0.0,0.25,0.0,0.0,0.125,2026-10-10,2026-10-10T15:33:05-04:00,Batter damage by pitch type.
669326,bryce teodosio,R,CH,Changeup,2,2,2,0,0,0,0,0,1,90.2,81.45,35.5,0.0,0.0,0.0,0.0,0.0,0.0,0.5,2026-10-10,2026-10-10T15:33:05-04:00,Batter damage by pitch type.
669326,bryce teodosio,R,CU,Curveball,2,2,0,0,0,0,0,0,0,87.9,70.45,-25.5,0.0,0.0,0.0,0.0,0.0,0.0,0.0,2026-10-10,2026-10-10T15:33:05-04:00,Batter damage by pitch type.
669326,bryce teodosio,R,FC,Cutter,1,1,1,0,0,0,0,0,1,68.8,68.8,21.0,0.0,0.0,0.0,0.0,0.0,0.0,1.0,2026-10-10,2026-10-10T15:33:05-04:00,Batter damage by pitch type.
669326,bryce teodosio,R,FF,4-Seam Fastball,5,8,7,0,0,0,0,0,3,85.5,73.0,33.12,0.0,0.0,0.0,0.0,0.0,0.0,0.375,2026-10-10,2026-10-10T15:33:05-04:00,Batter damage by pitch type.
669326,bryce teodosio,R,FS,Split-Finger,1,0,0,0,0,0,0,0,0,,,,0.0,0.0,,0.0,0.0,,,2026-10-10,2026-10-10T15:33:05-04:00,Batter damage by pitch type.
669326,bryce teodosio,R,SI,Sinker,5,7,4,0,0,1,0,0,4,95.4,83.33,-2.57,0.0,0.0,0.0,0.2,0.0,0.0,0.5714,2026-10-10,2026-10-10T15:33:05-04:00,Batter damage by pitch type.
669326,bryce teodosio,R,SL,Slider,2,0,0,0,0,0,0,0,0,,,,0.0,0.0,,0.0,0.0,,,2026-10-10,2026-10-10T15:33:05-04:00,Batter damage by pitch type.
669326,bryce teodosio,R,ST,Sweeper,4,2,1,0,0,0,0,1,0,71.5,70.7,25.5,0.0,0.0,0.0,0.0,0.0,0.5,0.0,2026-10-10,2026-10-10T15:33:05-04:00,Batter damage by pitch type.
669357,nolan gorman,L,CH,Changeup,4,5,3,0,0,0,0,2,2,92.5,82.48,11.8,0.0,0.0,0.0,0.0,0.0,0.4,0.4,2026-10-10,2026-10-10T15:33:05-04:00,Batter damage by pitch type.
669357,nolan gorman,L,CU,Curveball,2,4,1,0,0,0,0,0,1,93.2,82.6,-0.75,0.0,0.0,0.0,0.0,0.0,0.0,0.25,2026-10-10,2026-10-10T15:33:05-04:00,Batter damage by pitch type.
669357,nolan gorman,L,FC,Cutter,0,2,1,0,0,0,0,0,1,92.9,80.4,6.0,,,0.0,,,0.0,0.5,2026-10-10,2026-10-10T15:33:05-04:00,Batter damage by pitch type.
669357,nolan gorman,L,FF,4-Seam Fastball,12,10,8,0,0,0,0,1,2,104.9,80.5,44.0,0.0,0.0,0.0,0.0,0.0,0.1,0.2,2026-10-10,2026-10-10T15:33:05-04:00,Batter damage by pitch type.
669357,nolan gorman,L,FS,Split-Finger,0,0,0,0,0,0,0,0,0,,,,,,,,,,,2026-10-10,2026-10-10T15:33:05-04:00,Batter damage by pitch type.
669357,nolan gorman,L,SI,Sinker,4,2,1,0,0,1,0,0,1,99.7,88.75,-2.5,0.0,0.0,0.0,0.25,0.0,0.0,0.5,2026-10-10,2026-10-10T15:33:05-04:00,Batter damage by pitch type.
669357,nolan gorman,L,SL,Slider,2,1,0,0,0,0,0,0,0,89.4,89.4,-13.0,0.0,0.0,0.0,0.0,0.0,0.0,0.0,2026-10-10,2026-10-10T15:33:05-04:00,Batter damage by pitch type.
669357,nolan gorman,L,ST,Sweeper,1,1,1,0,0,0,0,0,0,69.9,69.9,57.0,0.0,0.0,0.0,0.0,0.0,0.0,0.0,2026-10-10,2026-10-10T15:33:05-04:00,Batter damage by pitch type.
669357,nolan gorman,L,SV,Slurve,1,0,0,0,0,0,0,0,0,,,,0.0,0.0,,0.0,0.0,,,2026-10-10,2026-10-10T15:33:05-04:00,Batter damage by pitch type.
669364,xavier edwards,L,CH,Changeup,3,2,2,0,0,0,0,1,1,81.4,75.5,28.5,0.0,0.0,0.0,0.0,0.0,0.5,0.5,2026-10-10,2026-10-10T15:33:05-04:00,Batter damage by pitch type.
669364,xavier edwards,L,CU,Curveball,3,2,0,0,0,0,0,0,0,87.5,78.25,-20.5,0.0,0.0,0.0,0.0,0.0,0.0,0.0,2026-10-10,2026-10-10T15:33:05-04:00,Batter damage by pitch type.
669364,xavier edwards,L,FC,Cutter,3,5,4,0,0,0,0,0,1,92.5,83.48,42.2,0.0,0.0,0.0,0.0,0.0,0.0,0.2,2026-10-10,2026-10-10T15:33:05-04:00,Batter damage by pitch type.
669364,xavier edwards,L,FF,4-Seam Fastball,5,6,5,0,0,0,0,1,1,95.5,82.72,27.67,0.0,0.0,0.0,0.0,0.0,0.1667,0.1667,2026-10-10,2026-10-10T15:33:05-04:00,Batter damage by pitch type.
669364,xavier edwards,L,FS,Split-Finger,1,2,1,0,0,0,0,0,0,68.7,67.8,6.5,0.0,0.0,0.0,0.0,0.0,0.0,0.0,2026-10-10,2026-10-10T15:33:05-04:00,Batter damage by pitch type.
669364,xavier edwards,L,SI,Sinker,1,1,1,0,0,0,0,0,1,68.3,68.3,32.0,0.0,0.0,0.0,0.0,0.0,0.0,1.0,2026-10-10,2026-10-10T15:33:05-04:00,Batter damage by pitch type.
669364,xavier edwards,L,SL,Slider,1,1,0,0,0,0,0,0,0,84.7,84.7,4.0,0.0,0.0,0.0,0.0,0.0,0.0,0.0,2026-10-10,2026-10-10T15:33:05-04:00,Batter damage by pitch type.
669364,xavier edwards,R,CH,Changeup,0,0,0,0,0,0,0,0,0,,,,,,,,,,,2026-10-10,2026-10-10T15:33:05-04:00,Batter damage by pitch type.
669364,xavier edwards,R,FF,4-Seam Fastball,1,4,4,0,0,1,0,1,2,99.8,77.4,32.5,0.0,0.0,0.0,1.0,0.0,0.25,0.5,2026-10-10,2026-10-10T15:33:05-04:00,Batter damage by pitch type.
669364,xavier edwards,R,FS,Split-Finger,1,1,1,0,0,0,0,0,0,70.3,70.3,63.0,0.0,0.0,0.0,0.0,0.0,0.0,0.0,2026-10-10,2026-10-10T15:33:05-04:00,Batter damage by pitch type.
669364,xavier edwards,R,SI,Sinker,1,1,0,0,0,0,0,0,0,93.8,93.8,4.0,0.0,0.0,0.0,0.0,0.0,0.0,0.0,2026-10-10,2026-10-10T15:33:05-04:00,Batter damage by pitch type.
669364,xavier edwards,R,SL,Slider,1,1,0,0,0,0,0,0,0,88.5,88.5,-16.0,0.0,0.0,0.0,0.0,0.0,0.0,0.0,2026-10-10,2026-10-10T15:33:05-04:00,Batter damage by pitch type.
669392,samad taylor,R,CH,Changeup,6,4,3,0,0,1,0,0,2,98.5,87.2,22.0,0.0,0.0,0.0,0.1667,0.0,0.0,0.5,2026-10-10,2026-10-10T15:33:05-04:00,Batter damage by pitch type.
669392,samad taylor,R,CU,Curveball,3,5,3,0,0,1,1,1,2,100.0,83.0,15.2,0.0,0.0,0.0,0.3333,0.3333,0.2,0.4,2026-10-10,2026-10-10T15:33:05-04:00,Batter damage by pitch type.
669392,samad taylor,R,FC,Cutter,1,2,1,0,0,0,0,0,0,100.4,87.85,39.5,0.0,0.0,0.0,0.0,0.0,0.0,0.0,2026-10-10,2026-10-10T15:33:05-04:00,Batter damage by pitch type.
669392,samad taylor,R,FF,4-Seam Fastball,19,19,15,1,1,4,0,3,4,104.2,81.58,35.47,0.0526,0.0526,0.0526,0.2105,0.0,0.1579,0.2105,2026-10-10,2026-10-10T15:33:05-04:00,Batter damage by pitch type.
669392,samad taylor,R,FS,Split-Finger,0,2,1,0,0,0,0,0,1,71.0,58.65,-8.5,,,0.0,,,0.0,0.5,2026-10-10,2026-10-10T15:33:05-04:00,Batter damage by pitch type.
669392,samad taylor,R,KC,Knuckle Curve,1,1,1,0,0,0,0,0,0,71.5,71.5,59.0,0.0,0.0,0.0,0.0,0.0,0.0,0.0,2026-10-10,2026-10-10T15:33:05-04:00,Batter damage by pitch type.
669392,samad taylor,R,SI,Sinker,18,19,5,0,1,2,1,1,5,102.7,76.64,-15.79,0.0,0.0556,0.0526,0.1111,0.0556,0.0526,0.2632,2026-10-10,2026-10-10T15:33:05-04:00,Batter damage by pitch type.
669392,samad taylor,R,SL,Slider,9,6,4,0,0,1,0,3,3,97.3,82.9,17.67,0.0,0.0,0.0,0.1111,0.0,0.5,0.5,2026-10-10,2026-10-10T15:33:05-04:00,Batter damage by pitch type.
669392,samad taylor,R,ST,Sweeper,3,2,2,0,0,0,0,1,0,81.4,77.2,62.0,0.0,0.0,0.0,0.0,0.0,0.5,0.0,2026-10-10,2026-10-10T15:33:05-04:00,Batter damage by pitch type.
669394,jake burger,R,CH,Changeup,8,13,6,0,0,0,0,2,2,101.9,79.94,9.85,0.0,0.0,0.0,0.0,0.0,0.1538,0.1538,2026-10-10,2026-10-10T15:33:05-04:00,Batter damage by pitch type.
669394,jake burger,R,CU,Curveball,0,0,0,0,0,0,0,0,0,,,,,,,,,,,2026-10-10,2026-10-10T15:33:05-04:00,Batter damage by pitch type.
669394,jake burger,R,FC,Cutter,7,13,5,1,1,1,0,1,0,109.6,81.63,10.92,0.1429,0.1429,0.0769,0.1429,0.0,0.0769,0.0,2026-10-10,2026-10-10T15:33:05-04:00,Batter damage by pitch type.
669394,jake burger,R,FF,4-Seam Fastball,20,24,21,1,1,2,1,1,6,107.6,83.24,41.71,0.05,0.05,0.0417,0.1,0.05,0.0417,0.25,2026-10-10,2026-10-10T15:33:05-04:00,Batter damage by pitch type.
669394,jake burger,R,FS,Split-Finger,1,1,0,0,0,0,0,0,0,76.0,76.0,-33.0,0.0,0.0,0.0,0.0,0.0,0.0,0.0,2026-10-10,2026-10-10T15:33:05-04:00,Batter damage by pitch type.
669394,jake burger,R,KC,Knuckle Curve,0,1,1,0,0,0,0,0,0,87.3,87.3,51.0,,,0.0,,,0.0,0.0,2026-10-10,2026-10-10T15:33:05-04:00,Batter damage by pitch type.
669394,jake burger,R,SI,Sinker,10,11,4,0,2,2,1,0,2,110.2,88.62,-1.27,0.0,0.2,0.1818,0.2,0.1,0.0,0.1818,2026-10-10,2026-10-10T15:33:05-04:00,Batter damage by pitch type.
669394,jake burger,R,SL,Slider,14,8,7,0,0,3,0,2,4,99.9,89.34,28.0,0.0,0.0,0.0,0.2143,0.0,0.25,0.5,2026-10-10,2026-10-10T15:33:05-04:00,Batter damage by pitch type.
669394,jake burger,R,ST,Sweeper,6,9,6,0,0,1,0,1,1,105.4,82.18,30.44,0.0,0.0,0.0,0.1667,0.0,0.1111,0.1111,2026-10-10,2026-10-10T15:33:05-04:00,Batter damage by pitch type.
669397,nick allen,R,CH,Changeup,2,3,1,0,0,0,0,0,0,79.9,66.07,8.0,0.0,0.0,0.0,0.0,0.0,0.0,0.0,2026-10-10,2026-10-10T15:33:05-04:00,Batter damage by pitch type.
669397,nick allen,R,CU,Curveball,1,1,0,0,0,0,0,0,0,67.5,67.5,-27.0,0.0,0.0,0.0,0.0,0.0,0.0,0.0,2026-10-10,2026-10-10T15:33:05-04:00,Batter damage by pitch type.
669397,nick allen,R,FC,Cutter,1,1,0,0,0,0,0,0,0,91.9,91.9,-2.0,0.0,0.0,0.0,0.0,0.0,0.0,0.0,2026-10-10,2026-10-10T15:33:05-04:00,Batter damage by pitch type.
669397,nick allen,R,FF,4-Seam Fastball,5,4,4,1,0,1,0,1,1,96.3,80.05,42.75,0.2,0.0,0.0,0.2,0.0,0.25,0.25,2026-10-10,2026-10-10T15:33:05-04:00,Batter damage by pitch type.
669397,nick allen,R,SI,Sinker,8,9,5,0,0,0,0,2,2,99.7,81.27,13.56,0.0,0.0,0.0,0.0,0.0,0.2222,0.2222,2026-10-10,2026-10-10T15:33:05-04:00,Batter damage by pitch type.
669397,nick allen,R,ST,Sweeper,1,1,0,0,0,0,0,0,0,79.4,79.4,-49.0,0.0,0.0,0.0,0.0,0.0,0.0,0.0,2026-10-10,2026-10-10T15:33:05-04:00,Batter damage by pitch type.
669701,josh smith,L,CH,Changeup,8,12,9,0,0,2,0,4,4,99.6,81.69,24.5,0.0,0.0,0.0,0.25,0.0,0.3333,0.3333,2026-10-10,2026-10-10T15:33:05-04:00,Batter damage by pitch type.
669701,josh smith,L,CU,Curveball,3,5,1,0,0,0,0,0,0,91.1,75.48,-14.0,0.0,0.0,0.0,0.0,0.0,0.0,0.0,2026-10-10,2026-10-10T15:33:05-04:00,Batter damage by pitch type.
669701,josh smith,L,FC,Cutter,4,5,2,0,0,1,0,0,2,108.9,88.82,0.0,0.0,0.0,0.0,0.25,0.0,0.0,0.4,2026-10-10,2026-10-10T15:33:05-04:00,Batter damage by pitch type.
669701,josh smith,L,FF,4-Seam Fastball,10,16,14,0,0,1,0,1,6,96.2,77.11,31.06,0.0,0.0,0.0,0.1,0.0,0.0625,0.375,2026-10-10,2026-10-10T15:33:05-04:00,Batter damage by pitch type.
669701,josh smith,L,KC,Knuckle Curve,1,3,1,0,0,0,0,0,1,97.0,80.9,-3.0,0.0,0.0,0.0,0.0,0.0,0.0,0.3333,2026-10-10,2026-10-10T15:33:05-04:00,Batter damage by pitch type.
669701,josh smith,L,SI,Sinker,6,12,9,0,0,2,0,0,6,100.1,80.88,18.92,0.0,0.0,0.0,0.3333,0.0,0.0,0.5,2026-10-10,2026-10-10T15:33:05-04:00,Batter damage by pitch type.
669701,josh smith,L,SL,Slider,5,4,3,0,0,1,0,1,0,100.2,86.25,35.25,0.0,0.0,0.0,0.2,0.0,0.25,0.0,2026-10-10,2026-10-10T15:33:05-04:00,Batter damage by pitch type.
669701,josh smith,L,ST,Sweeper,1,4,0,0,0,0,0,0,0,86.0,83.7,-12.5,0.0,0.0,0.0,0.0,0.0,0.0,0.0,2026-10-10,2026-10-10T15:33:05-04:00,Batter damage by pitch type.
669707,jared triolo,R,CH,Changeup,5,3,2,0,0,0,0,2,2,86.3,71.87,8.0,0.0,0.0,0.0,0.0,0.0,0.6667,0.6667,2026-10-10,2026-10-10T15:33:05-04:00,Batter damage by pitch type.
669707,jared triolo,R,CU,Curveball,0,0,0,0,0,0,0,0,0,,,,,,,,,,,2026-10-10,2026-10-10T15:33:05-04:00,Batter damage by pitch type.
669707,jared triolo,R,FC,Cutter,2,2,1,0,0,0,0,0,0,84.2,81.65,8.0,0.0,0.0,0.0,0.0,0.0,0.0,0.0,2026-10-10,2026-10-10T15:33:05-04:00,Batter damage by pitch type.
669707,jared triolo,R,FF,4-Seam Fastball,3,6,6,0,0,0,0,0,3,89.2,80.4,32.0,0.0,0.0,0.0,0.0,0.0,0.0,0.5,2026-10-10,2026-10-10T15:33:05-04:00,Batter damage by pitch type.
669707,jared triolo,R,FS,Split-Finger,1,1,1,0,0,0,0,1,1,41.2,41.2,22.0,0.0,0.0,0.0,0.0,0.0,1.0,1.0,2026-10-10,2026-10-10T15:33:05-04:00,Batter damage by pitch type.
669707,jared triolo,R,SI,Sinker,8,9,5,0,0,0,0,0,2,92.0,83.37,12.67,0.0,0.0,0.0,0.0,0.0,0.0,0.2222,2026-10-10,2026-10-10T15:33:05-04:00,Batter damage by pitch type.
669707,jared triolo,R,SL,Slider,3,2,2,0,0,1,0,1,1,104.4,85.2,41.0,0.0,0.0,0.0,0.3333,0.0,0.5,0.5,2026-10-10,2026-10-10T15:33:05-04:00,Batter damage by pitch type.
669707,jared triolo,R,ST,Sweeper,2,1,1,0,0,1,0,0,1,95.8,95.8,28.0,0.0,0.0,0.0,0.5,0.0,0.0,1.0,2026-10-10,2026-10-10T15:33:05-04:00,Batter damage by pitch type.
669707,jared triolo,R,SV,Slurve,1,1,0,0,0,0,0,0,0,95.7,95.7,-3.0,0.0,0.0,0.0,0.0,0.0,0.0,0.0,2026-10-10,2026-10-10T15:33:05-04:00,Batter damage by pitch type.
669720,austin hays,R,CH,Changeup,8,4,1,0,0,1,0,1,2,101.8,92.25,4.25,0.0,0.0,0.0,0.125,0.0,0.25,0.5,2026-10-10,2026-10-10T15:33:05-04:00,Batter damage by pitch type.
669720,austin hays,R,CU,Curveball,2,2,1,0,0,0,0,1,1,84.7,82.2,-2.0,0.0,0.0,0.0,0.0,0.0,0.5,0.5,2026-10-10,2026-10-10T15:33:05-04:00,Batter damage by pitch type.
669720,austin hays,R,FC,Cutter,0,0,0,0,0,0,0,0,0,,,,,,,,,,,2026-10-10,2026-10-10T15:33:05-04:00,Batter damage by pitch type.
669720,austin hays,R,FF,4-Seam Fastball,6,10,7,0,0,1,0,0,4,104.6,84.78,20.4,0.0,0.0,0.0,0.1667,0.0,0.0,0.4,2026-10-10,2026-10-10T15:33:05-04:00,Batter damage by pitch type.
669720,austin hays,R,FS,Split-Finger,1,0,0,0,0,0,0,0,0,,,,0.0,0.0,,0.0,0.0,,,2026-10-10,2026-10-10T15:33:05-04:00,Batter damage by pitch type.
669720,austin hays,R,KC,Knuckle Curve,2,2,1,1,1,1,1,1,1,103.1,96.9,7.0,0.5,0.5,0.5,0.5,0.5,0.5,0.5,2026-10-10,2026-10-10T15:33:05-04:00,Batter damage by pitch type.
669720,austin hays,R,SI,Sinker,4,4,3,0,0,0,0,0,1,93.1,88.6,23.5,0.0,0.0,0.0,0.0,0.0,0.0,0.25,2026-10-10,2026-10-10T15:33:05-04:00,Batter damage by pitch type.
669720,austin hays,R,SL,Slider,2,4,1,0,0,0,0,0,0,97.4,85.53,7.0,0.0,0.0,0.0,0.0,0.0,0.0,0.0,2026-10-10,2026-10-10T15:33:05-04:00,Batter damage by pitch type.
669720,austin hays,R,ST,Sweeper,1,1,1,0,0,0,0,0,0,64.7,64.7,53.0,0.0,0.0,0.0,0.0,0.0,0.0,0.0,2026-10-10,2026-10-10T15:33:05-04:00,Batter damage by pitch type.
669720,austin hays,R,SV,Slurve,2,1,1,0,0,0,0,1,1,90.3,90.3,24.0,0.0,0.0,0.0,0.0,0.0,1.0,1.0,2026-10-10,2026-10-10T15:33:05-04:00,Batter damage by pitch type.
669743,alex call,R,CH,Changeup,0,0,0,0,0,0,0,0,0,,,,,,,,,,,2026-10-10,2026-10-10T15:33:05-04:00,Batter damage by pitch type.
669743,alex call,R,FC,Cutter,0,1,1,0,0,0,0,0,1,62.5,62.5,32.0,,,0.0,,,0.0,1.0,2026-10-10,2026-10-10T15:33:05-04:00,Batter damage by pitch type.
669743,alex call,R,FF,4-Seam Fastball,2,2,2,0,0,0,0,1,0,83.2,75.95,52.0,0.0,0.0,0.0,0.0,0.0,0.5,0.0,2026-10-10,2026-10-10T15:33:05-04:00,Batter damage by pitch type.
669743,alex call,R,FS,Split-Finger,1,1,1,0,0,0,0,1,1,40.1,40.1,16.0,0.0,0.0,0.0,0.0,0.0,1.0,1.0,2026-10-10,2026-10-10T15:33:05-04:00,Batter damage by pitch type.
669743,alex call,R,SI,Sinker,2,3,3,0,0,0,0,0,1,83.1,72.97,55.33,0.0,0.0,0.0,0.0,0.0,0.0,0.3333,2026-10-10,2026-10-10T15:33:05-04:00,Batter damage by pitch type.
669743,alex call,R,SL,Slider,3,5,3,0,0,0,0,0,1,85.0,78.66,5.0,0.0,0.0,0.0,0.0,0.0,0.0,0.2,2026-10-10,2026-10-10T15:33:05-04:00,Batter damage by pitch type.
669743,alex call,R,ST,Sweeper,4,5,4,0,1,2,1,2,1,104.2,83.42,24.8,0.0,0.25,0.2,0.5,0.25,0.4,0.2,2026-10-10,2026-10-10T15:33:05-04:00,Batter damage by pitch type.
669743,alex call,R,SV,Slurve,0,0,0,0,0,0,0,0,0,,,,,,,,,,,2026-10-10,2026-10-10T15:33:05-04:00,Batter damage by pitch type.
670032,nicky lopez,L,CH,Changeup,7,8,3,0,0,0,0,2,1,97.3,69.34,-10.75,0.0,0.0,0.0,0.0,0.0,0.25,0.125,2026-10-10,2026-10-10T15:33:05-04:00,Batter damage by pitch type.
670032,nicky lopez,L,CU,Curveball,1,3,1,0,0,0,0,0,0,78.8,73.3,-5.33,0.0,0.0,0.0,0.0,0.0,0.0,0.0,2026-10-10,2026-10-10T15:33:05-04:00,Batter damage by pitch type.
670032,nicky lopez,L,FC,Cutter,3,3,3,0,0,0,0,0,3,89.9,84.03,24.0,0.0,0.0,0.0,0.0,0.0,0.0,1.0,2026-10-10,2026-10-10T15:33:05-04:00,Batter damage by pitch type.
670032,nicky lopez,L,FF,4-Seam Fastball,6,11,6,0,0,2,0,1,3,100.1,78.85,4.82,0.0,0.0,0.0,0.3333,0.0,0.0909,0.2727,2026-10-10,2026-10-10T15:33:05-04:00,Batter damage by pitch type.
670032,nicky lopez,L,FO,Forkball,1,0,0,0,0,0,0,0,0,,,,0.0,0.0,,0.0,0.0,,,2026-10-10,2026-10-10T15:33:05-04:00,Batter damage by pitch type.
670032,nicky lopez,L,FS,Split-Finger,3,2,1,0,0,0,0,1,0,76.4,56.65,8.0,0.0,0.0,0.0,0.0,0.0,0.5,0.0,2026-10-10,2026-10-10T15:33:05-04:00,Batter damage by pitch type.
670032,nicky lopez,L,KC,Knuckle Curve,1,1,0,0,0,0,0,0,0,64.8,64.8,-31.0,0.0,0.0,0.0,0.0,0.0,0.0,0.0,2026-10-10,2026-10-10T15:33:05-04:00,Batter damage by pitch type.
670032,nicky lopez,L,SI,Sinker,8,10,4,0,0,0,0,0,3,96.1,79.47,-4.9,0.0,0.0,0.0,0.0,0.0,0.0,0.3,2026-10-10,2026-10-10T15:33:05-04:00,Batter damage by pitch type.
670032,nicky lopez,L,SL,Slider,2,7,4,0,0,1,0,1,3,98.8,72.89,-3.57,0.0,0.0,0.0,0.5,0.0,0.1429,0.4286,2026-10-10,2026-10-10T15:33:05-04:00,Batter damage by pitch type.
670032,nicky lopez,L,ST,Sweeper,3,2,0,0,0,0,0,0,0,73.4,60.55,-19.5,0.0,0.0,0.0,0.0,0.0,0.0,0.0,2026-10-10,2026-10-10T15:33:05-04:00,Batter damage by pitch type.
670231,john rave,L,CH,Changeup,4,4,1,0,0,1,0,1,1,96.6,74.15,-24.75,0.0,0.0,0.0,0.25,0.0,0.25,0.25,2026-10-10,2026-10-10T15:33:05-04:00,Batter damage by pitch type.
670231,john rave,L,CU,Curveball,4,3,3,0,0,1,0,1,3,101.0,90.9,18.67,0.0,0.0,0.0,0.25,0.0,0.3333,1.0,2026-10-10,2026-10-10T15:33:05-04:00,Batter damage by pitch type.
670231,john rave,L,FC,Cutter,3,6,4,1,1,2,1,1,2,107.4,87.97,18.83,0.3333,0.3333,0.1667,0.6667,0.3333,0.1667,0.3333,2026-10-10,2026-10-10T15:33:05-04:00,Batter damage by pitch type.
670231,john rave,L,FF,4-Seam Fastball,18,23,18,0,1,3,1,3,7,105.2,77.87,28.13,0.0,0.0556,0.0435,0.1667,0.0556,0.1304,0.3043,2026-10-10,2026-10-10T15:33:05-04:00,Batter damage by pitch type.
670231,john rave,L,FS,Split-Finger,1,1,1,0,0,0,0,0,0,93.0,93.0,40.0,0.0,0.0,0.0,0.0,0.0,0.0,0.0,2026-10-10,2026-10-10T15:33:05-04:00,Batter damage by pitch type.
670231,john rave,L,KC,Knuckle Curve,1,0,0,0,0,0,0,0,0,,,,0.0,0.0,,0.0,0.0,,,2026-10-10,2026-10-10T15:33:05-04:00,Batter damage by pitch type.
670231,john rave,L,SI,Sinker,7,5,2,0,0,0,0,0,1,97.7,82.36,5.6,0.0,0.0,0.0,0.0,0.0,0.0,0.2,2026-10-10,2026-10-10T15:33:05-04:00,Batter damage by pitch type.
670231,john rave,L,SL,Slider,3,4,2,0,0,0,0,0,1,84.0,77.1,15.5,0.0,0.0,0.0,0.0,0.0,0.0,0.25,2026-10-10,2026-10-10T15:33:05-04:00,Batter damage by pitch type.
670231,john rave,L,ST,Sweeper,4,9,5,0,1,3,1,2,4,100.2,92.36,12.44,0.0,0.25,0.1111,0.75,0.25,0.2222,0.4444,2026-10-10,2026-10-10T15:33:05-04:00,Batter damage by pitch type.
670541,yordan álvarez,L,CH,Changeup,8,12,6,1,2,2,2,3,4,107.5,85.07,2.08,0.125,0.25,0.1667,0.25,0.25,0.25,0.3333,2026-10-10,2026-10-10T15:33:05-04:00,Batter damage by pitch type.
670541,yordan álvarez,L,CU,Curveball,2,2,0,0,0,0,0,0,0,82.2,80.3,-8.0,0.0,0.0,0.0,0.0,0.0,0.0,0.0,2026-10-10,2026-10-10T15:33:05-04:00,Batter damage by pitch type.
670541,yordan álvarez,L,FC,Cutter,3,7,5,0,0,2,0,2,4,105.1,90.8,17.57,0.0,0.0,0.0,0.6667,0.0,0.2857,0.5714,2026-10-10,2026-10-10T15:33:05-04:00,Batter damage by pitch type.
670541,yordan álvarez,L,FF,4-Seam Fastball,18,32,29,1,2,6,0,4,9,111.5,86.48,35.19,0.0556,0.1111,0.0625,0.3333,0.0,0.125,0.2812,2026-10-10,2026-10-10T15:33:05-04:00,Batter damage by pitch type.
670541,yordan álvarez,L,FS,Split-Finger,6,6,3,0,0,0,0,0,1,103.1,78.17,18.0,0.0,0.0,0.0,0.0,0.0,0.0,0.1667,2026-10-10,2026-10-10T15:33:05-04:00,Batter damage by pitch type.
670541,yordan álvarez,L,KC,Knuckle Curve,1,0,0,0,0,0,0,0,0,,,,0.0,0.0,,0.0,0.0,,,2026-10-10,2026-10-10T15:33:05-04:00,Batter damage by pitch type.
670541,yordan álvarez,L,SI,Sinker,10,10,3,0,0,2,0,0,1,110.8,98.92,-1.6,0.0,0.0,0.0,0.2,0.0,0.0,0.1,2026-10-10,2026-10-10T15:33:05-04:00,Batter damage by pitch type.
670541,yordan álvarez,L,SL,Slider,9,9,6,1,1,2,1,2,2,109.5,88.01,26.56,0.1111,0.1111,0.1111,0.2222,0.1111,0.2222,0.2222,2026-10-10,2026-10-10T15:33:05-04:00,Batter damage by pitch type.
670541,yordan álvarez,L,ST,Sweeper,8,8,7,1,1,3,1,3,3,106.7,88.97,33.0,0.125,0.125,0.125,0.375,0.125,0.375,0.375,2026-10-10,2026-10-10T15:33:05-04:00,Batter damage by pitch type.
670541,yordan álvarez,L,SV,Slurve,0,1,1,0,0,0,0,0,0,73.0,73.0,60.0,,,0.0,,,0.0,0.0,2026-10-10,2026-10-10T15:33:05-04:00,Batter damage by pitch type.
670623,isaac paredes,R,CH,Changeup,7,10,5,0,0,0,0,0,4,98.2,75.27,3.8,0.0,0.0,0.0,0.0,0.0,0.0,0.4,2026-10-10,2026-10-10T15:33:05-04:00,Batter damage by pitch type.
670623,isaac paredes,R,CU,Curveball,1,5,3,0,0,1,0,0,2,95.7,77.78,12.2,0.0,0.0,0.0,1.0,0.0,0.0,0.4,2026-10-10,2026-10-10T15:33:05-04:00,Batter damage by pitch type.
670623,isaac paredes,R,FC,Cutter,9,15,11,1,0,3,1,2,7,101.2,79.46,18.2,0.1111,0.0,0.0,0.3333,0.1111,0.1333,0.4667,2026-10-10,2026-10-10T15:33:05-04:00,Batter damage by pitch type.
670623,isaac paredes,R,FF,4-Seam Fastball,18,32,30,3,1,5,1,7,12,103.6,84.22,41.34,0.1667,0.0556,0.0312,0.2778,0.0556,0.2188,0.375,2026-10-10,2026-10-10T15:33:05-04:00,Batter damage by pitch type.
670623,isaac paredes,R,FS,Split-Finger,6,10,5,0,0,2,1,1,4,101.4,77.01,9.0,0.0,0.0,0.0,0.3333,0.1667,0.1,0.4,2026-10-10,2026-10-10T15:33:05-04:00,Batter damage by pitch type.
670623,isaac paredes,R,KC,Knuckle Curve,2,3,2,0,0,1,0,1,2,97.4,81.6,4.33,0.0,0.0,0.0,0.5,0.0,0.3333,0.6667,2026-10-10,2026-10-10T15:33:05-04:00,Batter damage by pitch type.
670623,isaac paredes,R,SI,Sinker,16,21,11,0,0,6,0,6,3,105.3,87.32,19.19,0.0,0.0,0.0,0.375,0.0,0.2857,0.1429,2026-10-10,2026-10-10T15:33:05-04:00,Batter damage by pitch type.
670623,isaac paredes,R,SL,Slider,9,11,5,1,1,1,1,3,5,104.7,79.6,5.09,0.1111,0.1111,0.0909,0.1111,0.1111,0.2727,0.4545,2026-10-10,2026-10-10T15:33:05-04:00,Batter damage by pitch type.
670623,isaac paredes,R,ST,Sweeper,8,12,8,1,0,4,0,3,8,97.6,84.57,18.58,0.125,0.0,0.0,0.5,0.0,0.25,0.6667,2026-10-10,2026-10-10T15:33:05-04:00,Batter damage by pitch type.
670764,taylor walls,L,CH,Changeup,1,3,0,0,0,0,0,0,0,85.2,73.03,-30.33,0.0,0.0,0.0,0.0,0.0,0.0,0.0,2026-10-10,2026-10-10T15:33:05-04:00,Batter damage by pitch type.
670764,taylor walls,L,CU,Curveball,1,1,0,0,0,0,0,0,0,68.0,68.0,-36.0,0.0,0.0,0.0,0.0,0.0,0.0,0.0,2026-10-10,2026-10-10T15:33:05-04:00,Batter damage by pitch type.
670764,taylor walls,L,FC,Cutter,3,4,4,0,0,0,0,2,2,85.2,72.15,44.5,0.0,0.0,0.0,0.0,0.0,0.5,0.5,2026-10-10,2026-10-10T15:33:05-04:00,Batter damage by pitch type.
670764,taylor walls,L,FF,4-Seam Fastball,9,13,9,0,1,2,1,4,4,104.6,85.83,18.38,0.0,0.1111,0.0769,0.2222,0.1111,0.3077,0.3077,2026-10-10,2026-10-10T15:33:05-04:00,Batter damage by pitch type.
670764,taylor walls,L,FS,Split-Finger,0,0,0,0,0,0,0,0,0,,,,,,,,,,,2026-10-10,2026-10-10T15:33:05-04:00,Batter damage by pitch type.
670764,taylor walls,L,KC,Knuckle Curve,1,0,0,0,0,0,0,0,0,,,,0.0,0.0,,0.0,0.0,,,2026-10-10,2026-10-10T15:33:05-04:00,Batter damage by pitch type.
670764,taylor walls,L,SI,Sinker,3,3,2,0,0,0,0,0,0,92.2,83.97,42.0,0.0,0.0,0.0,0.0,0.0,0.0,0.0,2026-10-10,2026-10-10T15:33:05-04:00,Batter damage by pitch type.
670764,taylor walls,L,SL,Slider,0,0,0,0,0,0,0,0,0,,,,,,,,,,,2026-10-10,2026-10-10T15:33:05-04:00,Batter damage by pitch type.
670764,taylor walls,L,ST,Sweeper,0,0,0,0,0,0,0,0,0,,,,,,,,,,,2026-10-10,2026-10-10T15:33:05-04:00,Batter damage by pitch type.
670764,taylor walls,R,CH,Changeup,6,4,3,0,0,0,0,3,1,92.2,60.08,18.25,0.0,0.0,0.0,0.0,0.0,0.75,0.25,2026-10-10,2026-10-10T15:33:05-04:00,Batter damage by pitch type.
670764,taylor walls,R,CU,Curveball,1,3,1,0,0,0,0,0,0,68.1,63.6,-2.67,0.0,0.0,0.0,0.0,0.0,0.0,0.0,2026-10-10,2026-10-10T15:33:05-04:00,Batter damage by pitch type.
670764,taylor walls,R,FC,Cutter,3,2,2,0,0,2,0,1,1,101.4,98.35,26.0,0.0,0.0,0.0,0.6667,0.0,0.5,0.5,2026-10-10,2026-10-10T15:33:05-04:00,Batter damage by pitch type.
670764,taylor walls,R,FF,4-Seam Fastball,3,8,7,0,0,0,0,0,1,92.4,70.72,41.5,0.0,0.0,0.0,0.0,0.0,0.0,0.125,2026-10-10,2026-10-10T15:33:05-04:00,Batter damage by pitch type.
670764,taylor walls,R,SI,Sinker,2,2,1,0,0,1,0,0,0,100.3,88.8,-26.0,0.0,0.0,0.0,0.5,0.0,0.0,0.0,2026-10-10,2026-10-10T15:33:05-04:00,Batter damage by pitch type.
670764,taylor walls,R,SL,Slider,0,1,0,0,0,0,0,0,0,74.8,74.8,-31.0,,,0.0,,,0.0,0.0,2026-10-10,2026-10-10T15:33:05-04:00,Batter damage by pitch type.
670764,taylor walls,R,ST,Sweeper,0,1,0,0,0,0,0,0,0,60.6,60.6,-33.0,,,0.0,,,0.0,0.0,2026-10-10,2026-10-10T15:33:05-04:00,Batter damage by pitch type.
670770,tj friedl,L,CH,Changeup,1,1,1,0,0,0,0,1,0,76.0,76.0,35.0,0.0,0.0,0.0,0.0,0.0,1.0,0.0,2026-10-10,2026-10-10T15:33:05-04:00,Batter damage by pitch type.
670770,tj friedl,L,CU,Curveball,0,0,0,0,0,0,0,0,0,,,,,,,,,,,2026-10-10,2026-10-10T15:33:05-04:00,Batter damage by pitch type.
670770,tj friedl,L,FF,4-Seam Fastball,2,3,3,0,0,0,0,1,1,81.4,79.1,44.67,0.0,0.0,0.0,0.0,0.0,0.3333,0.3333,2026-10-10,2026-10-10T15:33:05-04:00,Batter damage by pitch type.
670770,tj friedl,L,KC,Knuckle Curve,1,1,0,0,0,0,0,0,0,76.3,76.3,5.0,0.0,0.0,0.0,0.0,0.0,0.0,0.0,2026-10-10,2026-10-10T15:33:05-04:00,Batter damage by pitch type.
670770,tj friedl,L,SI,Sinker,1,1,1,0,0,0,0,0,0,70.9,70.9,79.0,0.0,0.0,0.0,0.0,0.0,0.0,0.0,2026-10-10,2026-10-10T15:33:05-04:00,Batter damage by pitch type.
670770,tj friedl,L,SL,Slider,1,1,1,0,0,0,0,0,1,81.5,81.5,20.0,0.0,0.0,0.0,0.0,0.0,0.0,1.0,2026-10-10,2026-10-10T15:33:05-04:00,Batter damage by pitch type.
671056,iván herrera,R,CH,Changeup,5,3,2,0,0,1,0,0,2,106.9,86.2,10.67,0.0,0.0,0.0,0.2,0.0,0.0,0.6667,2026-10-10,2026-10-10T15:33:05-04:00,Batter damage by pitch type.
671056,iván herrera,R,CU,Curveball,7,7,4,0,0,2,1,2,4,103.4,78.59,-0.57,0.0,0.0,0.0,0.2857,0.1429,0.2857,0.5714,2026-10-10,2026-10-10T15:33:05-04:00,Batter damage by pitch type.
671056,iván herrera,R,FC,Cutter,2,7,4,0,0,1,1,0,1,111.9,82.77,17.14,0.0,0.0,0.0,0.5,0.5,0.0,0.1429,2026-10-10,2026-10-10T15:33:05-04:00,Batter damage by pitch type.
671056,iván herrera,R,FF,4-Seam Fastball,22,26,21,2,2,5,2,3,9,111.1,84.76,27.92,0.0909,0.0909,0.0769,0.2273,0.0909,0.1154,0.3462,2026-10-10,2026-10-10T15:33:05-04:00,Batter damage by pitch type.
671056,iván herrera,R,FS,Split-Finger,1,1,0,0,0,0,0,0,0,92.7,92.7,-19.0,0.0,0.0,0.0,0.0,0.0,0.0,0.0,2026-10-10,2026-10-10T15:33:05-04:00,Batter damage by pitch type.
671056,iván herrera,R,KC,Knuckle Curve,0,1,0,0,0,0,0,0,0,94.3,94.3,-31.0,,,0.0,,,0.0,0.0,2026-10-10,2026-10-10T15:33:05-04:00,Batter damage by pitch type.
671056,iván herrera,R,SI,Sinker,16,17,10,1,2,2,2,4,7,103.5,88.85,17.24,0.0625,0.125,0.1176,0.125,0.125,0.2353,0.4118,2026-10-10,2026-10-10T15:33:05-04:00,Batter damage by pitch type.
671056,iván herrera,R,SL,Slider,4,6,2,0,1,1,1,1,0,104.8,82.12,-5.67,0.0,0.25,0.1667,0.25,0.25,0.1667,0.0,2026-10-10,2026-10-10T15:33:05-04:00,Batter damage by pitch type.
671056,iván herrera,R,ST,Sweeper,4,8,5,0,0,0,0,0,2,98.7,87.01,15.5,0.0,0.0,0.0,0.0,0.0,0.0,0.25,2026-10-10,2026-10-10T15:33:05-04:00,Batter damage by pitch type.
671056,iván herrera,R,SV,Slurve,0,1,0,0,0,0,0,0,0,63.8,63.8,-30.0,,,0.0,,,0.0,0.0,2026-10-10,2026-10-10T15:33:05-04:00,Batter damage by pitch type.
671218,heliot ramos,R,CH,Changeup,3,3,1,0,0,0,0,1,1,108.3,87.9,-3.33,0.0,0.0,0.0,0.0,0.0,0.3333,0.3333,2026-10-10,2026-10-10T15:33:05-04:00,Batter damage by pitch type.
671218,heliot ramos,R,CU,Curveball,3,3,1,0,0,1,0,0,0,103.5,80.8,-3.33,0.0,0.0,0.0,0.3333,0.0,0.0,0.0,2026-10-10,2026-10-10T15:33:05-04:00,Batter damage by pitch type.
671218,heliot ramos,R,FC,Cutter,5,10,6,0,0,0,0,1,4,92.8,80.21,7.1,0.0,0.0,0.0,0.0,0.0,0.1,0.4,2026-10-10,2026-10-10T15:33:05-04:00,Batter damage by pitch type.
671218,heliot ramos,R,FF,4-Seam Fastball,23,21,16,1,2,3,2,2,8,109.1,87.12,22.57,0.0435,0.087,0.0952,0.1304,0.087,0.0952,0.381,2026-10-10,2026-10-10T15:33:05-04:00,Batter damage by pitch type.
671218,heliot ramos,R,KC,Knuckle Curve,0,0,0,0,0,0,0,0,0,,,,,,,,,,,2026-10-10,2026-10-10T15:33:05-04:00,Batter damage by pitch type.
671218,heliot ramos,R,SI,Sinker,13,20,12,1,2,4,1,3,6,110.5,83.22,5.05,0.0769,0.1538,0.1,0.3077,0.0769,0.15,0.3,2026-10-10,2026-10-10T15:33:05-04:00,Batter damage by pitch type.
671218,heliot ramos,R,SL,Slider,3,4,3,0,0,0,0,0,0,94.9,71.55,20.25,0.0,0.0,0.0,0.0,0.0,0.0,0.0,2026-10-10,2026-10-10T15:33:05-04:00,Batter damage by pitch type.
671218,heliot ramos,R,ST,Sweeper,5,5,4,0,0,1,0,3,2,107.8,83.8,25.0,0.0,0.0,0.0,0.2,0.0,0.6,0.4,2026-10-10,2026-10-10T15:33:05-04:00,Batter damage by pitch type.
671277,luis garcía,L,CH,Changeup,17,20,13,1,1,5,1,3,6,108.5,82.12,17.8,0.0588,0.0588,0.05,0.2941,0.0588,0.15,0.3,2026-10-10,2026-10-10T15:33:05-04:00,Batter damage by pitch type.
671277,luis garcía,L,CU,Curveball,3,3,1,0,1,1,0,1,1,108.6,85.23,-6.67,0.0,0.3333,0.3333,0.3333,0.0,0.3333,0.3333,2026-10-10,2026-10-10T15:33:05-04:00,Batter damage by pitch type.
671277,luis garcía,L,FC,Cutter,5,11,10,0,0,0,0,0,3,95.4,76.05,45.64,0.0,0.0,0.0,0.0,0.0,0.0,0.2727,2026-10-10,2026-10-10T15:33:05-04:00,Batter damage by pitch type.
671277,luis garcía,L,FF,4-Seam Fastball,13,20,17,0,1,4,0,3,6,109.6,84.22,29.3,0.0,0.0769,0.05,0.3077,0.0,0.15,0.3,2026-10-10,2026-10-10T15:33:05-04:00,Batter damage by pitch type.
671277,luis garcía,L,FS,Split-Finger,4,6,2,0,0,0,0,1,1,98.1,86.18,5.83,0.0,0.0,0.0,0.0,0.0,0.1667,0.1667,2026-10-10,2026-10-10T15:33:05-04:00,Batter damage by pitch type.
671277,luis garcía,L,SI,Sinker,12,19,14,0,0,3,0,3,6,107.9,85.73,24.16,0.0,0.0,0.0,0.25,0.0,0.1579,0.3158,2026-10-10,2026-10-10T15:33:05-04:00,Batter damage by pitch type.
671277,luis garcía,L,SL,Slider,8,8,2,0,1,1,0,1,1,103.2,84.17,-2.0,0.0,0.125,0.125,0.125,0.0,0.125,0.125,2026-10-10,2026-10-10T15:33:05-04:00,Batter damage by pitch type.
671277,luis garcía,L,ST,Sweeper,3,2,2,1,1,1,1,1,1,107.0,84.6,35.5,0.3333,0.3333,0.5,0.3333,0.3333,0.5,0.5,2026-10-10,2026-10-10T15:33:05-04:00,Batter damage by pitch type.
671732,lawrence butler,L,CH,Changeup,12,12,6,0,0,0,0,3,5,98.0,79.86,16.17,0.0,0.0,0.0,0.0,0.0,0.25,0.4167,2026-10-10,2026-10-10T15:33:05-04:00,Batter damage by pitch type.
671732,lawrence butler,L,CU,Curveball,1,2,2,0,1,1,0,1,0,102.6,83.3,53.5,0.0,1.0,0.5,1.0,0.0,0.5,0.0,2026-10-10,2026-10-10T15:33:05-04:00,Batter damage by pitch type.
671732,lawrence butler,L,FC,Cutter,9,13,5,1,1,1,1,1,3,106.0,86.05,2.31,0.1111,0.1111,0.0769,0.1111,0.1111,0.0769,0.2308,2026-10-10,2026-10-10T15:33:05-04:00,Batter damage by pitch type.
671732,lawrence butler,L,FF,4-Seam Fastball,23,29,23,2,3,5,1,4,7,109.3,84.62,34.21,0.087,0.1304,0.1034,0.2174,0.0435,0.1379,0.2414,2026-10-10,2026-10-10T15:33:05-04:00,Batter damage by pitch type.
671732,lawrence butler,L,FS,Split-Finger,3,2,1,1,1,1,1,1,1,106.9,86.95,2.5,0.3333,0.3333,0.5,0.3333,0.3333,0.5,0.5,2026-10-10,2026-10-10T15:33:05-04:00,Batter damage by pitch type.
671732,lawrence butler,L,KC,Knuckle Curve,0,1,0,0,0,0,0,0,0,71.2,71.2,-24.0,,,0.0,,,0.0,0.0,2026-10-10,2026-10-10T15:33:05-04:00,Batter damage by pitch type.
671732,lawrence butler,L,SI,Sinker,11,16,5,0,0,1,0,1,5,105.0,82.27,-6.75,0.0,0.0,0.0,0.0909,0.0,0.0625,0.3125,2026-10-10,2026-10-10T15:33:05-04:00,Batter damage by pitch type.
671732,lawrence butler,L,SL,Slider,4,6,5,0,1,3,0,2,4,110.8,90.7,17.17,0.0,0.25,0.1667,0.75,0.0,0.3333,0.6667,2026-10-10,2026-10-10T15:33:05-04:00,Batter damage by pitch type.
671732,lawrence butler,L,ST,Sweeper,3,1,0,0,0,0,0,0,0,95.3,95.3,-7.0,0.0,0.0,0.0,0.0,0.0,0.0,0.0,2026-10-10,2026-10-10T15:33:05-04:00,Batter damage by pitch type.
671732,lawrence butler,L,SV,Slurve,0,0,0,0,0,0,0,0,0,,,,,,,,,,,2026-10-10,2026-10-10T15:33:05-04:00,Batter damage by pitch type.
671739,michael harris,L,CH,Changeup,13,10,4,0,0,0,0,2,2,105.5,87.45,1.5,0.0,0.0,0.0,0.0,0.0,0.2,0.2,2026-10-10,2026-10-10T15:33:05-04:00,Batter damage by pitch type.
671739,michael harris,L,CU,Curveball,2,4,1,0,0,0,0,0,1,106.3,76.95,-0.75,0.0,0.0,0.0,0.0,0.0,0.0,0.25,2026-10-10,2026-10-10T15:33:05-04:00,Batter damage by pitch type.
671739,michael harris,L,EP,Eephus,1,1,1,1,1,1,1,1,1,101.5,101.5,30.0,1.0,1.0,1.0,1.0,1.0,1.0,1.0,2026-10-10,2026-10-10T15:33:05-04:00,Batter damage by pitch type.
671739,michael harris,L,FC,Cutter,10,13,8,0,1,1,0,4,3,106.7,83.02,16.08,0.0,0.1,0.0769,0.1,0.0,0.3077,0.2308,2026-10-10,2026-10-10T15:33:05-04:00,Batter damage by pitch type.
671739,michael harris,L,FF,4-Seam Fastball,21,46,35,0,2,8,2,3,13,110.8,86.4,26.11,0.0,0.0952,0.0435,0.381,0.0952,0.0652,0.2826,2026-10-10,2026-10-10T15:33:05-04:00,Batter damage by pitch type.
671739,michael harris,L,FS,Split-Finger,8,13,6,0,1,3,1,2,4,103.5,76.48,-5.54,0.0,0.125,0.0769,0.375,0.125,0.1538,0.3077,2026-10-10,2026-10-10T15:33:05-04:00,Batter damage by pitch type.
671739,michael harris,L,KC,Knuckle Curve,1,3,1,0,0,0,0,0,0,81.8,73.03,-0.67,0.0,0.0,0.0,0.0,0.0,0.0,0.0,2026-10-10,2026-10-10T15:33:05-04:00,Batter damage by pitch type.
671739,michael harris,L,SI,Sinker,19,25,14,1,1,3,1,3,6,110.3,84.44,10.24,0.0526,0.0526,0.04,0.1579,0.0526,0.12,0.24,2026-10-10,2026-10-10T15:33:05-04:00,Batter damage by pitch type.
671739,michael harris,L,SL,Slider,11,12,7,0,0,1,0,3,3,111.6,84.09,19.5,0.0,0.0,0.0,0.0909,0.0,0.25,0.25,2026-10-10,2026-10-10T15:33:05-04:00,Batter damage by pitch type.
671739,michael harris,L,ST,Sweeper,7,8,5,0,0,2,0,0,2,99.3,83.11,13.88,0.0,0.0,0.0,0.2857,0.0,0.0,0.25,2026-10-10,2026-10-10T15:33:05-04:00,Batter damage by pitch type.
671739,michael harris,L,SV,Slurve,1,1,1,1,1,1,1,0,1,101.8,101.8,28.0,1.0,1.0,1.0,1.0,1.0,0.0,1.0,2026-10-10,2026-10-10T15:33:05-04:00,Batter damage by pitch type.
671976,tristan peters,L,CH,Changeup,8,12,6,0,0,1,0,2,1,101.5,81.73,14.5,0.0,0.0,0.0,0.125,0.0,0.1667,0.0833,2026-10-10,2026-10-10T15:33:05-04:00,Batter damage by pitch type.
671976,tristan peters,L,CU,Curveball,9,6,3,0,0,2,0,2,1,100.8,84.4,6.83,0.0,0.0,0.0,0.2222,0.0,0.3333,0.1667,2026-10-10,2026-10-10T15:33:05-04:00,Batter damage by pitch type.
671976,tristan peters,L,FC,Cutter,5,7,6,0,0,0,0,2,2,94.6,75.81,28.0,0.0,0.0,0.0,0.0,0.0,0.2857,0.2857,2026-10-10,2026-10-10T15:33:05-04:00,Batter damage by pitch type.
671976,tristan peters,L,FF,4-Seam Fastball,19,33,29,0,0,2,0,4,5,104.7,79.67,40.73,0.0,0.0,0.0,0.1053,0.0,0.1212,0.1515,2026-10-10,2026-10-10T15:33:05-04:00,Batter damage by pitch type.
671976,tristan peters,L,FS,Split-Finger,0,0,0,0,0,0,0,0,0,,,,,,,,,,,2026-10-10,2026-10-10T15:33:05-04:00,Batter damage by pitch type.
671976,tristan peters,L,KC,Knuckle Curve,1,3,0,0,0,0,0,0,0,93.3,81.3,-17.33,0.0,0.0,0.0,0.0,0.0,0.0,0.0,2026-10-10,2026-10-10T15:33:05-04:00,Batter damage by pitch type.
671976,tristan peters,L,SI,Sinker,13,17,7,0,0,2,0,2,3,103.6,72.36,-0.35,0.0,0.0,0.0,0.1538,0.0,0.1176,0.1765,2026-10-10,2026-10-10T15:33:05-04:00,Batter damage by pitch type.
671976,tristan peters,L,SL,Slider,9,16,8,0,0,2,0,1,3,106.6,76.07,9.5,0.0,0.0,0.0,0.2222,0.0,0.0625,0.1875,2026-10-10,2026-10-10T15:33:05-04:00,Batter damage by pitch type.
671976,tristan peters,L,ST,Sweeper,4,9,4,0,0,0,0,0,3,92.6,69.5,0.44,0.0,0.0,0.0,0.0,0.0,0.0,0.3333,2026-10-10,2026-10-10T15:33:05-04:00,Batter damage by pitch type.
671976,tristan peters,L,SV,Slurve,1,2,0,0,0,0,0,0,0,76.6,69.45,-32.5,0.0,0.0,0.0,0.0,0.0,0.0,0.0,2026-10-10,2026-10-10T15:33:05-04:00,Batter damage by pitch type.
672016,denzel clarke,R,CH,Changeup,1,1,0,0,0,0,0,0,0,67.1,67.1,-14.0,0.0,0.0,0.0,0.0,0.0,0.0,0.0,2026-10-10,2026-10-10T15:33:05-04:00,Batter damage by pitch type.
672016,denzel clarke,R,CU,Curveball,1,1,0,0,0,0,0,0,0,58.8,58.8,-62.0,0.0,0.0,0.0,0.0,0.0,0.0,0.0,2026-10-10,2026-10-10T15:33:05-04:00,Batter damage by pitch type.
672016,denzel clarke,R,FC,Cutter,0,0,0,0,0,0,0,0,0,,,,,,,,,,,2026-10-10,2026-10-10T15:33:05-04:00,Batter damage by pitch type.
672016,denzel clarke,R,FF,4-Seam Fastball,6,7,3,0,0,1,0,0,2,102.2,84.73,-1.71,0.0,0.0,0.0,0.1667,0.0,0.0,0.2857,2026-10-10,2026-10-10T15:33:05-04:00,Batter damage by pitch type.
672016,denzel clarke,R,KC,Knuckle Curve,0,0,0,0,0,0,0,0,0,,,,,,,,,,,2026-10-10,2026-10-10T15:33:05-04:00,Batter damage by pitch type.
672016,denzel clarke,R,SI,Sinker,3,2,1,0,0,0,0,1,1,92.1,87.1,-17.0,0.0,0.0,0.0,0.0,0.0,0.5,0.5,2026-10-10,2026-10-10T15:33:05-04:00,Batter damage by pitch type.
672016,denzel clarke,R,SL,Slider,3,2,1,0,0,0,0,0,0,86.1,75.4,31.0,0.0,0.0,0.0,0.0,0.0,0.0,0.0,2026-10-10,2026-10-10T15:33:05-04:00,Batter damage by pitch type.
672016,denzel clarke,R,ST,Sweeper,0,1,0,0,0,0,0,0,0,31.5,31.5,-70.0,,,0.0,,,0.0,0.0,2026-10-10,2026-10-10T15:33:05-04:00,Batter damage by pitch type.
672275,patrick bailey,L,CH,Changeup,7,4,1,1,1,1,1,1,1,100.3,82.17,-19.25,0.1429,0.1429,0.25,0.1429,0.1429,0.25,0.25,2026-10-10,2026-10-10T15:33:05-04:00,Batter damage by pitch type.
672275,patrick bailey,L,CU,Curveball,9,9,4,1,1,3,1,2,3,103.5,88.24,-1.67,0.1111,0.1111,0.1111,0.3333,0.1111,0.2222,0.3333,2026-10-10,2026-10-10T15:33:05-04:00,Batter damage by pitch type.
672275,patrick bailey,L,FC,Cutter,2,8,7,0,0,4,0,0,2,109.2,88.58,32.38,0.0,0.0,0.0,2.0,0.0,0.0,0.25,2026-10-10,2026-10-10T15:33:05-04:00,Batter damage by pitch type.
672275,patrick bailey,L,FF,4-Seam Fastball,7,4,3,0,1,1,1,0,2,104.5,93.43,21.0,0.0,0.1429,0.25,0.1429,0.1429,0.0,0.5,2026-10-10,2026-10-10T15:33:05-04:00,Batter damage by pitch type.
672275,patrick bailey,L,FS,Split-Finger,0,0,0,0,0,0,0,0,0,,,,,,,,,,,2026-10-10,2026-10-10T15:33:05-04:00,Batter damage by pitch type.
672275,patrick bailey,L,KC,Knuckle Curve,3,2,1,0,0,1,0,1,1,101.5,90.25,0.5,0.0,0.0,0.0,0.3333,0.0,0.5,0.5,2026-10-10,2026-10-10T15:33:05-04:00,Batter damage by pitch type.
672275,patrick bailey,L,SI,Sinker,5,7,6,1,1,1,1,1,4,110.0,83.2,30.71,0.2,0.2,0.1429,0.2,0.2,0.1429,0.5714,2026-10-10,2026-10-10T15:33:05-04:00,Batter damage by pitch type.
672275,patrick bailey,L,SL,Slider,2,6,4,0,1,1,0,1,1,109.5,79.88,21.83,0.0,0.5,0.1667,0.5,0.0,0.1667,0.1667,2026-10-10,2026-10-10T15:33:05-04:00,Batter damage by pitch type.
672275,patrick bailey,L,ST,Sweeper,2,2,2,0,0,1,0,1,2,101.7,87.05,13.5,0.0,0.0,0.0,0.5,0.0,0.5,1.0,2026-10-10,2026-10-10T15:33:05-04:00,Batter damage by pitch type.
672275,patrick bailey,R,CU,Curveball,1,1,0,0,0,0,0,0,0,73.2,73.2,-4.0,0.0,0.0,0.0,0.0,0.0,0.0,0.0,2026-10-10,2026-10-10T15:33:05-04:00,Batter damage by pitch type.
672275,patrick bailey,R,FC,Cutter,3,0,0,0,0,0,0,0,0,,,,0.0,0.0,,0.0,0.0,,,2026-10-10,2026-10-10T15:33:05-04:00,Batter damage by pitch type.
672275,patrick bailey,R,FF,4-Seam Fastball,3,6,5,0,0,3,0,2,5,103.0,86.78,20.0,0.0,0.0,0.0,1.0,0.0,0.3333,0.8333,2026-10-10,2026-10-10T15:33:05-04:00,Batter damage by pitch type.
672275,patrick bailey,R,SI,Sinker,1,2,1,0,0,1,0,0,2,107.7,102.1,11.5,0.0,0.0,0.0,1.0,0.0,0.0,1.0,2026-10-10,2026-10-10T15:33:05-04:00,Batter damage by pitch type.
672275,patrick bailey,R,SL,Slider,0,0,0,0,0,0,0,0,0,,,,,,,,,,,2026-10-10,2026-10-10T15:33:05-04:00,Batter damage by pitch type.
672275,patrick bailey,R,ST,Sweeper,1,2,0,0,0,0,0,0,0,77.0,76.2,-11.0,0.0,0.0,0.0,0.0,0.0,0.0,0.0,2026-10-10,2026-10-10T15:33:05-04:00,Batter damage by pitch type.
672275,patrick bailey,R,SV,Slurve,1,0,0,0,0,0,0,0,0,,,,0.0,0.0,,0.0,0.0,,,2026-10-10,2026-10-10T15:33:05-04:00,Batter damage by pitch type.
672356,gabriel arias,R,CH,Changeup,2,3,2,0,0,0,0,1,0,93.6,77.2,22.67,0.0,0.0,0.0,0.0,0.0,0.3333,0.0,2026-10-10,2026-10-10T15:33:05-04:00,Batter damage by pitch type.
672356,gabriel arias,R,FF,4-Seam Fastball,0,1,1,0,0,0,0,0,1,78.3,78.3,11.0,,,0.0,,,0.0,1.0,2026-10-10,2026-10-10T15:33:05-04:00,Batter damage by pitch type.
672386,alejandro kirk,R,CH,Changeup,4,5,1,0,0,0,0,0,0,94.9,81.46,-6.2,0.0,0.0,0.0,0.0,0.0,0.0,0.0,2026-10-10,2026-10-10T15:33:05-04:00,Batter damage by pitch type.
672386,alejandro kirk,R,CU,Curveball,5,8,3,0,0,1,0,2,2,105.9,80.01,-4.0,0.0,0.0,0.0,0.2,0.0,0.25,0.25,2026-10-10,2026-10-10T15:33:05-04:00,Batter damage by pitch type.
672386,alejandro kirk,R,FC,Cutter,6,9,5,0,0,0,0,0,3,103.3,77.38,11.44,0.0,0.0,0.0,0.0,0.0,0.0,0.3333,2026-10-10,2026-10-10T15:33:05-04:00,Batter damage by pitch type.
672386,alejandro kirk,R,FF,4-Seam Fastball,4,13,12,0,0,0,0,0,5,106.2,80.35,34.23,0.0,0.0,0.0,0.0,0.0,0.0,0.3846,2026-10-10,2026-10-10T15:33:05-04:00,Batter damage by pitch type.
672386,alejandro kirk,R,FS,Split-Finger,1,4,3,0,0,1,0,0,2,107.3,85.73,10.75,0.0,0.0,0.0,1.0,0.0,0.0,0.5,2026-10-10,2026-10-10T15:33:05-04:00,Batter damage by pitch type.
672386,alejandro kirk,R,KC,Knuckle Curve,2,1,0,0,0,0,0,0,0,84.1,84.1,-18.0,0.0,0.0,0.0,0.0,0.0,0.0,0.0,2026-10-10,2026-10-10T15:33:05-04:00,Batter damage by pitch type.
672386,alejandro kirk,R,SI,Sinker,11,17,16,0,0,2,0,0,8,102.2,76.62,30.24,0.0,0.0,0.0,0.1818,0.0,0.0,0.4706,2026-10-10,2026-10-10T15:33:05-04:00,Batter damage by pitch type.
672386,alejandro kirk,R,SL,Slider,9,15,4,1,1,2,1,1,2,106.8,78.72,-8.4,0.1111,0.1111,0.0667,0.2222,0.1111,0.0667,0.1333,2026-10-10,2026-10-10T15:33:05-04:00,Batter damage by pitch type.
672386,alejandro kirk,R,ST,Sweeper,2,2,1,0,0,0,0,0,0,80.7,77.6,34.0,0.0,0.0,0.0,0.0,0.0,0.0,0.0,2026-10-10,2026-10-10T15:33:05-04:00,Batter damage by pitch type.
672515,gabriel moreno,R,CH,Changeup,5,7,3,0,0,0,0,1,0,96.0,79.71,12.43,0.0,0.0,0.0,0.0,0.0,0.1429,0.0,2026-10-10,2026-10-10T15:33:05-04:00,Batter damage by pitch type.
672515,gabriel moreno,R,CU,Curveball,2,3,1,0,0,0,0,0,1,98.0,82.67,-2.67,0.0,0.0,0.0,0.0,0.0,0.0,0.3333,2026-10-10,2026-10-10T15:33:05-04:00,Batter damage by pitch type.
672515,gabriel moreno,R,FC,Cutter,3,6,5,0,0,1,0,0,3,106.8,88.13,22.33,0.0,0.0,0.0,0.3333,0.0,0.0,0.5,2026-10-10,2026-10-10T15:33:05-04:00,Batter damage by pitch type.
672515,gabriel moreno,R,FF,4-Seam Fastball,21,24,21,1,1,5,1,1,4,105.6,84.3,35.08,0.0476,0.0476,0.0417,0.2381,0.0476,0.0417,0.1667,2026-10-10,2026-10-10T15:33:05-04:00,Batter damage by pitch type.
672515,gabriel moreno,R,FS,Split-Finger,4,3,2,1,0,1,0,1,1,102.7,97.6,18.33,0.25,0.0,0.0,0.25,0.0,0.3333,0.3333,2026-10-10,2026-10-10T15:33:05-04:00,Batter damage by pitch type.
672515,gabriel moreno,R,KC,Knuckle Curve,1,1,0,0,0,0,0,0,0,81.0,81.0,-11.0,0.0,0.0,0.0,0.0,0.0,0.0,0.0,2026-10-10,2026-10-10T15:33:05-04:00,Batter damage by pitch type.
672515,gabriel moreno,R,SI,Sinker,13,20,12,0,0,2,0,0,7,108.8,84.46,13.65,0.0,0.0,0.0,0.1538,0.0,0.0,0.35,2026-10-10,2026-10-10T15:33:05-04:00,Batter damage by pitch type.
672515,gabriel moreno,R,SL,Slider,4,8,4,1,1,1,1,1,2,101.1,83.05,8.12,0.25,0.25,0.125,0.25,0.25,0.125,0.25,2026-10-10,2026-10-10T15:33:05-04:00,Batter damage by pitch type.
672515,gabriel moreno,R,ST,Sweeper,11,10,7,1,1,3,2,1,4,107.1,94.7,22.3,0.0909,0.0909,0.1,0.2727,0.1818,0.1,0.4,2026-10-10,2026-10-10T15:33:05-04:00,Batter damage by pitch type.
672515,gabriel moreno,R,SV,Slurve,0,0,0,0,0,0,0,0,0,,,,,,,,,,,2026-10-10,2026-10-10T15:33:05-04:00,Batter damage by pitch type.
672580,maikel garcía,R,CH,Changeup,0,0,0,0,0,0,0,0,0,,,,,,,,,,,2026-10-10,2026-10-10T15:33:05-04:00,Batter damage by pitch type.
672580,maikel garcía,R,CU,Curveball,0,1,0,0,0,0,0,0,0,79.4,79.4,-39.0,,,0.0,,,0.0,0.0,2026-10-10,2026-10-10T15:33:05-04:00,Batter damage by pitch type.
672580,maikel garcía,R,FC,Cutter,2,2,1,0,0,0,0,1,1,96.8,94.2,8.0,0.0,0.0,0.0,0.0,0.0,0.5,0.5,2026-10-10,2026-10-10T15:33:05-04:00,Batter damage by pitch type.
672580,maikel garcía,R,FF,4-Seam Fastball,8,9,7,0,0,0,0,0,4,95.4,80.92,27.44,0.0,0.0,0.0,0.0,0.0,0.0,0.4444,2026-10-10,2026-10-10T15:33:05-04:00,Batter damage by pitch type.
672580,maikel garcía,R,KC,Knuckle Curve,0,0,0,0,0,0,0,0,0,,,,,,,,,,,2026-10-10,2026-10-10T15:33:05-04:00,Batter damage by pitch type.
672580,maikel garcía,R,SI,Sinker,11,11,6,0,0,0,0,0,1,99.6,84.47,18.64,0.0,0.0,0.0,0.0,0.0,0.0,0.0909,2026-10-10,2026-10-10T15:33:05-04:00,Batter damage by pitch type.
672580,maikel garcía,R,SL,Slider,5,5,2,0,0,2,0,2,1,96.3,81.22,-7.8,0.0,0.0,0.0,0.4,0.0,0.4,0.2,2026-10-10,2026-10-10T15:33:05-04:00,Batter damage by pitch type.
672580,maikel garcía,R,ST,Sweeper,9,7,2,0,0,0,0,0,2,101.3,88.9,8.57,0.0,0.0,0.0,0.0,0.0,0.0,0.2857,2026-10-10,2026-10-10T15:33:05-04:00,Batter damage by pitch type.
672580,maikel garcía,R,SV,Slurve,0,0,0,0,0,0,0,0,0,,,,,,,,,,,2026-10-10,2026-10-10T15:33:05-04:00,Batter damage by pitch type.
672640,otto lopez,R,CH,Changeup,7,8,1,0,0,0,0,0,2,94.9,74.84,-14.5,0.0,0.0,0.0,0.0,0.0,0.0,0.25,2026-10-10,2026-10-10T15:33:05-04:00,Batter damage by pitch type.
672640,otto lopez,R,CU,Curveball,1,3,1,0,0,0,0,1,1,100.1,84.0,-21.67,0.0,0.0,0.0,0.0,0.0,0.3333,0.3333,2026-10-10,2026-10-10T15:33:05-04:00,Batter damage by pitch type.
672640,otto lopez,R,FC,Cutter,3,6,5,0,0,2,0,1,2,100.3,85.0,31.0,0.0,0.0,0.0,0.6667,0.0,0.1667,0.3333,2026-10-10,2026-10-10T15:33:05-04:00,Batter damage by pitch type.
672640,otto lopez,R,FF,4-Seam Fastball,19,30,21,0,2,2,2,2,5,110.8,84.35,29.67,0.0,0.1053,0.0667,0.1053,0.1053,0.0667,0.1667,2026-10-10,2026-10-10T15:33:05-04:00,Batter damage by pitch type.
672640,otto lopez,R,FS,Split-Finger,3,3,2,1,0,1,0,2,2,99.4,84.7,3.67,0.3333,0.0,0.0,0.3333,0.0,0.6667,0.6667,2026-10-10,2026-10-10T15:33:05-04:00,Batter damage by pitch type.
672640,otto lopez,R,KC,Knuckle Curve,2,0,0,0,0,0,0,0,0,,,,0.0,0.0,,0.0,0.0,,,2026-10-10,2026-10-10T15:33:05-04:00,Batter damage by pitch type.
672640,otto lopez,R,SI,Sinker,19,22,10,0,0,4,0,1,4,110.0,88.4,1.0,0.0,0.0,0.0,0.2105,0.0,0.0455,0.1818,2026-10-10,2026-10-10T15:33:05-04:00,Batter damage by pitch type.
672640,otto lopez,R,SL,Slider,7,11,5,0,0,0,0,3,2,103.9,83.16,-0.36,0.0,0.0,0.0,0.0,0.0,0.2727,0.1818,2026-10-10,2026-10-10T15:33:05-04:00,Batter damage by pitch type.
672640,otto lopez,R,ST,Sweeper,3,3,1,0,0,0,0,0,1,92.6,72.5,-11.0,0.0,0.0,0.0,0.0,0.0,0.0,0.3333,2026-10-10,2026-10-10T15:33:05-04:00,Batter damage by pitch type.
672640,otto lopez,R,SV,Slurve,0,0,0,0,0,0,0,0,0,,,,,,,,,,,2026-10-10,2026-10-10T15:33:05-04:00,Batter damage by pitch type.
672695,geraldo perdomo,L,CH,Changeup,6,8,5,0,0,1,0,0,2,97.9,81.25,12.62,0.0,0.0,0.0,0.1667,0.0,0.0,0.25,2026-10-10,2026-10-10T15:33:05-04:00,Batter damage by pitch type.
672695,geraldo perdomo,L,CU,Curveball,1,0,0,0,0,0,0,0,0,,,,0.0,0.0,,0.0,0.0,,,2026-10-10,2026-10-10T15:33:05-04:00,Batter damage by pitch type.
672695,geraldo perdomo,L,FC,Cutter,8,8,8,0,0,3,0,3,5,104.3,84.83,29.62,0.0,0.0,0.0,0.375,0.0,0.375,0.625,2026-10-10,2026-10-10T15:33:05-04:00,Batter damage by pitch type.
672695,geraldo perdomo,L,FF,4-Seam Fastball,22,32,29,0,1,5,1,9,14,101.6,79.27,28.56,0.0,0.0455,0.0312,0.2273,0.0455,0.2812,0.4375,2026-10-10,2026-10-10T15:33:05-04:00,Batter damage by pitch type.
672695,geraldo perdomo,L,FS,Split-Finger,4,3,3,0,0,1,0,1,2,99.8,68.2,28.67,0.0,0.0,0.0,0.25,0.0,0.3333,0.6667,2026-10-10,2026-10-10T15:33:05-04:00,Batter damage by pitch type.
672695,geraldo perdomo,L,KC,Knuckle Curve,0,1,0,0,0,0,0,0,0,69.2,69.2,-24.0,,,0.0,,,0.0,0.0,2026-10-10,2026-10-10T15:33:05-04:00,Batter damage by pitch type.
672695,geraldo perdomo,L,SI,Sinker,9,7,4,0,0,3,0,2,3,103.8,94.69,12.43,0.0,0.0,0.0,0.3333,0.0,0.2857,0.4286,2026-10-10,2026-10-10T15:33:05-04:00,Batter damage by pitch type.
672695,geraldo perdomo,L,SL,Slider,5,5,3,0,0,1,0,1,1,102.3,87.24,15.8,0.0,0.0,0.0,0.2,0.0,0.2,0.2,2026-10-10,2026-10-10T15:33:05-04:00,Batter damage by pitch type.
672695,geraldo perdomo,L,ST,Sweeper,4,4,3,0,0,2,0,2,2,103.5,91.92,10.5,0.0,0.0,0.0,0.5,0.0,0.5,0.5,2026-10-10,2026-10-10T15:33:05-04:00,Batter damage by pitch type.
672695,geraldo perdomo,L,SV,Slurve,0,0,0,0,0,0,0,0,0,,,,,,,,,,,2026-10-10,2026-10-10T15:33:05-04:00,Batter damage by pitch type.
672695,geraldo perdomo,R,CH,Changeup,1,1,0,0,0,0,0,0,0,76.0,76.0,1.0,0.0,0.0,0.0,0.0,0.0,0.0,0.0,2026-10-10,2026-10-10T15:33:05-04:00,Batter damage by pitch type.
672695,geraldo perdomo,R,CU,Curveball,0,0,0,0,0,0,0,0,0,,,,,,,,,,,2026-10-10,2026-10-10T15:33:05-04:00,Batter damage by pitch type.
672695,geraldo perdomo,R,FC,Cutter,0,1,1,0,0,0,0,0,0,73.4,73.4,59.0,,,0.0,,,0.0,0.0,2026-10-10,2026-10-10T15:33:05-04:00,Batter damage by pitch type.
672695,geraldo perdomo,R,FF,4-Seam Fastball,6,9,5,0,0,0,0,0,1,101.1,81.41,10.44,0.0,0.0,0.0,0.0,0.0,0.0,0.1111,2026-10-10,2026-10-10T15:33:05-04:00,Batter damage by pitch type.
672695,geraldo perdomo,R,FS,Split-Finger,0,0,0,0,0,0,0,0,0,,,,,,,,,,,2026-10-10,2026-10-10T15:33:05-04:00,Batter damage by pitch type.
672695,geraldo perdomo,R,KC,Knuckle Curve,0,0,0,0,0,0,0,0,0,,,,,,,,,,,2026-10-10,2026-10-10T15:33:05-04:00,Batter damage by pitch type.
672695,geraldo perdomo,R,SI,Sinker,2,4,3,0,1,1,0,0,1,99.9,84.08,20.0,0.0,0.5,0.25,0.5,0.0,0.0,0.25,2026-10-10,2026-10-10T15:33:05-04:00,Batter damage by pitch type.
672695,geraldo perdomo,R,SL,Slider,1,1,1,0,1,1,1,1,1,102.8,102.8,23.0,0.0,1.0,1.0,1.0,1.0,1.0,1.0,2026-10-10,2026-10-10T15:33:05-04:00,Batter damage by pitch type.
672724,oswald peraza,R,CH,Changeup,1,5,1,0,0,0,0,0,1,99.2,75.7,1.0,0.0,0.0,0.0,0.0,0.0,0.0,0.2,2026-10-10,2026-10-10T15:33:05-04:00,Batter damage by pitch type.
672724,oswald peraza,R,CU,Curveball,3,2,0,0,0,0,0,0,0,98.6,90.3,-26.5,0.0,0.0,0.0,0.0,0.0,0.0,0.0,2026-10-10,2026-10-10T15:33:05-04:00,Batter damage by pitch type.
672724,oswald peraza,R,FC,Cutter,2,2,1,0,0,0,0,0,1,85.9,69.85,11.0,0.0,0.0,0.0,0.0,0.0,0.0,0.5,2026-10-10,2026-10-10T15:33:05-04:00,Batter damage by pitch type.
672724,oswald peraza,R,FF,4-Seam Fastball,8,12,11,0,0,1,0,0,6,107.7,81.99,30.67,0.0,0.0,0.0,0.125,0.0,0.0,0.5,2026-10-10,2026-10-10T15:33:05-04:00,Batter damage by pitch type.
672724,oswald peraza,R,FS,Split-Finger,1,0,0,0,0,0,0,0,0,,,,0.0,0.0,,0.0,0.0,,,2026-10-10,2026-10-10T15:33:05-04:00,Batter damage by pitch type.
672724,oswald peraza,R,SI,Sinker,1,1,0,0,0,0,0,0,0,94.7,94.7,-17.0,0.0,0.0,0.0,0.0,0.0,0.0,0.0,2026-10-10,2026-10-10T15:33:05-04:00,Batter damage by pitch type.
672724,oswald peraza,R,SL,Slider,2,3,0,0,0,0,0,0,0,104.2,85.63,-21.0,0.0,0.0,0.0,0.0,0.0,0.0,0.0,2026-10-10,2026-10-10T15:33:05-04:00,Batter damage by pitch type.
672724,oswald peraza,R,ST,Sweeper,1,3,0,0,0,0,0,0,0,108.3,78.83,-38.33,0.0,0.0,0.0,0.0,0.0,0.0,0.0,2026-10-10,2026-10-10T15:33:05-04:00,Batter damage by pitch type.
672960,kazuma okamoto,R,CH,Changeup,7,9,3,0,0,0,0,0,3,106.1,83.66,7.56,0.0,0.0,0.0,0.0,0.0,0.0,0.3333,2026-10-10,2026-10-10T15:33:05-04:00,Batter damage by pitch type.
672960,kazuma okamoto,R,CU,Curveball,2,4,3,0,1,2,1,2,2,107.6,99.03,17.25,0.0,0.5,0.25,1.0,0.5,0.5,0.5,2026-10-10,2026-10-10T15:33:05-04:00,Batter damage by pitch type.
672960,kazuma okamoto,R,FC,Cutter,8,10,8,0,0,1,0,2,3,95.5,82.57,23.2,0.0,0.0,0.0,0.125,0.0,0.2,0.3,2026-10-10,2026-10-10T15:33:05-04:00,Batter damage by pitch type.
672960,kazuma okamoto,R,FF,4-Seam Fastball,15,16,13,2,2,4,2,3,7,107.9,83.93,30.19,0.1333,0.1333,0.125,0.2667,0.1333,0.1875,0.4375,2026-10-10,2026-10-10T15:33:05-04:00,Batter damage by pitch type.
672960,kazuma okamoto,R,FS,Split-Finger,2,0,0,0,0,0,0,0,0,,,,0.0,0.0,,0.0,0.0,,,2026-10-10,2026-10-10T15:33:05-04:00,Batter damage by pitch type.
672960,kazuma okamoto,R,KC,Knuckle Curve,1,1,0,0,0,0,0,0,0,99.5,99.5,-7.0,0.0,0.0,0.0,0.0,0.0,0.0,0.0,2026-10-10,2026-10-10T15:33:05-04:00,Batter damage by pitch type.
672960,kazuma okamoto,R,SI,Sinker,10,11,8,1,1,2,1,0,4,107.0,82.09,24.0,0.1,0.1,0.0909,0.2,0.1,0.0,0.3636,2026-10-10,2026-10-10T15:33:05-04:00,Batter damage by pitch type.
672960,kazuma okamoto,R,SL,Slider,10,14,8,0,0,1,0,1,1,102.7,88.24,23.57,0.0,0.0,0.0,0.1,0.0,0.0714,0.0714,2026-10-10,2026-10-10T15:33:05-04:00,Batter damage by pitch type.
672960,kazuma okamoto,R,ST,Sweeper,5,4,4,0,0,1,1,3,3,103.2,83.68,29.75,0.0,0.0,0.0,0.2,0.2,0.75,0.75,2026-10-10,2026-10-10T15:33:05-04:00,Batter damage by pitch type.
673237,yainer diaz,R,CH,Changeup,10,12,4,0,0,1,0,1,3,108.0,84.42,1.08,0.0,0.0,0.0,0.1,0.0,0.0833,0.25,2026-10-10,2026-10-10T15:33:05-04:00,Batter damage by pitch type.
673237,yainer diaz,R,CU,Curveball,4,3,1,0,0,0,0,0,1,88.0,76.13,-1.0,0.0,0.0,0.0,0.0,0.0,0.0,0.3333,2026-10-10,2026-10-10T15:33:05-04:00,Batter damage by pitch type.
673237,yainer diaz,R,FC,Cutter,5,6,3,0,0,2,1,2,2,104.3,96.48,14.83,0.0,0.0,0.0,0.4,0.2,0.3333,0.3333,2026-10-10,2026-10-10T15:33:05-04:00,Batter damage by pitch type.
673237,yainer diaz,R,FF,4-Seam Fastball,15,20,18,1,1,1,1,1,4,102.5,82.41,37.7,0.0667,0.0667,0.05,0.0667,0.0667,0.05,0.2,2026-10-10,2026-10-10T15:33:05-04:00,Batter damage by pitch type.
673237,yainer diaz,R,FS,Split-Finger,2,4,2,1,1,1,0,1,1,99.5,84.38,15.0,0.5,0.5,0.25,0.5,0.0,0.25,0.25,2026-10-10,2026-10-10T15:33:05-04:00,Batter damage by pitch type.
673237,yainer diaz,R,KC,Knuckle Curve,0,0,0,0,0,0,0,0,0,,,,,,,,,,,2026-10-10,2026-10-10T15:33:05-04:00,Batter damage by pitch type.
673237,yainer diaz,R,SI,Sinker,11,19,13,0,0,2,0,2,6,102.4,85.09,18.68,0.0,0.0,0.0,0.1818,0.0,0.1053,0.3158,2026-10-10,2026-10-10T15:33:05-04:00,Batter damage by pitch type.
673237,yainer diaz,R,SL,Slider,10,14,7,1,1,3,1,3,6,106.8,85.64,1.71,0.1,0.1,0.0714,0.3,0.1,0.2143,0.4286,2026-10-10,2026-10-10T15:33:05-04:00,Batter damage by pitch type.
673237,yainer diaz,R,ST,Sweeper,13,12,10,0,2,4,2,5,5,105.8,86.23,22.92,0.0,0.1538,0.1667,0.3077,0.1538,0.4167,0.4167,2026-10-10,2026-10-10T15:33:05-04:00,Batter damage by pitch type.
673490,ha-seong kim,R,CH,Changeup,3,4,3,0,0,2,0,1,2,106.3,82.67,12.5,0.0,0.0,0.0,0.6667,0.0,0.25,0.5,2026-10-10,2026-10-10T15:33:05-04:00,Batter damage by pitch type.
673490,ha-seong kim,R,CU,Curveball,0,0,0,0,0,0,0,0,0,,,,,,,,,,,2026-10-10,2026-10-10T15:33:05-04:00,Batter damage by pitch type.
673490,ha-seong kim,R,EP,Eephus,1,1,1,0,0,0,0,1,1,88.3,88.3,31.0,0.0,0.0,0.0,0.0,0.0,1.0,1.0,2026-10-10,2026-10-10T15:33:05-04:00,Batter damage by pitch type.
673490,ha-seong kim,R,FC,Cutter,4,5,4,0,0,1,0,1,1,95.5,72.22,35.2,0.0,0.0,0.0,0.25,0.0,0.2,0.2,2026-10-10,2026-10-10T15:33:05-04:00,Batter damage by pitch type.
673490,ha-seong kim,R,FF,4-Seam Fastball,16,23,20,0,0,1,0,3,6,95.1,76.65,40.52,0.0,0.0,0.0,0.0625,0.0,0.1304,0.2609,2026-10-10,2026-10-10T15:33:05-04:00,Batter damage by pitch type.
673490,ha-seong kim,R,FS,Split-Finger,2,2,1,0,0,0,0,0,0,90.0,85.25,30.5,0.0,0.0,0.0,0.0,0.0,0.0,0.0,2026-10-10,2026-10-10T15:33:05-04:00,Batter damage by pitch type.
673490,ha-seong kim,R,SI,Sinker,13,15,10,0,0,1,0,2,5,103.0,68.99,21.8,0.0,0.0,0.0,0.0769,0.0,0.1333,0.3333,2026-10-10,2026-10-10T15:33:05-04:00,Batter damage by pitch type.
673490,ha-seong kim,R,SL,Slider,2,1,1,0,0,0,0,0,0,54.9,54.9,87.0,0.0,0.0,0.0,0.0,0.0,0.0,0.0,2026-10-10,2026-10-10T15:33:05-04:00,Batter damage by pitch type.
673490,ha-seong kim,R,ST,Sweeper,3,3,1,0,0,0,0,0,0,100.5,78.77,-12.33,0.0,0.0,0.0,0.0,0.0,0.0,0.0,2026-10-10,2026-10-10T15:33:05-04:00,Batter damage by pitch type.
673548,seiya suzuki,R,CH,Changeup,5,5,2,0,0,1,0,1,2,106.1,62.78,-16.8,0.0,0.0,0.0,0.2,0.0,0.2,0.4,2026-10-10,2026-10-10T15:33:05-04:00,Batter damage by pitch type.
673548,seiya suzuki,R,CU,Curveball,5,2,0,0,0,0,0,0,0,99.7,97.1,-4.0,0.0,0.0,0.0,0.0,0.0,0.0,0.0,2026-10-10,2026-10-10T15:33:05-04:00,Batter damage by pitch type.
673548,seiya suzuki,R,FC,Cutter,4,5,3,0,0,0,0,0,3,95.3,77.64,1.6,0.0,0.0,0.0,0.0,0.0,0.0,0.6,2026-10-10,2026-10-10T15:33:05-04:00,Batter damage by pitch type.
673548,seiya suzuki,R,FF,4-Seam Fastball,14,30,28,0,3,8,1,1,9,106.6,82.78,36.07,0.0,0.2143,0.1,0.5714,0.0714,0.0333,0.3,2026-10-10,2026-10-10T15:33:05-04:00,Batter damage by pitch type.
673548,seiya suzuki,R,FS,Split-Finger,2,2,2,1,1,2,2,1,2,107.3,106.7,29.5,0.5,0.5,0.5,1.0,1.0,0.5,1.0,2026-10-10,2026-10-10T15:33:05-04:00,Batter damage by pitch type.
673548,seiya suzuki,R,SI,Sinker,18,19,7,1,1,2,1,1,3,110.6,85.11,2.42,0.0556,0.0556,0.0526,0.1111,0.0556,0.0526,0.1579,2026-10-10,2026-10-10T15:33:05-04:00,Batter damage by pitch type.
673548,seiya suzuki,R,SL,Slider,12,8,4,0,0,0,0,1,0,97.9,80.1,15.62,0.0,0.0,0.0,0.0,0.0,0.125,0.0,2026-10-10,2026-10-10T15:33:05-04:00,Batter damage by pitch type.
673548,seiya suzuki,R,ST,Sweeper,9,12,10,0,0,0,0,1,2,94.1,71.85,37.83,0.0,0.0,0.0,0.0,0.0,0.0833,0.1667,2026-10-10,2026-10-10T15:33:05-04:00,Batter damage by pitch type.
673962,josh jung,R,CH,Changeup,6,4,2,0,0,0,0,2,2,93.7,80.45,11.0,0.0,0.0,0.0,0.0,0.0,0.5,0.5,2026-10-10,2026-10-10T15:33:05-04:00,Batter damage by pitch type.
673962,josh jung,R,CU,Curveball,2,1,1,0,0,0,0,0,0,92.5,92.5,41.0,0.0,0.0,0.0,0.0,0.0,0.0,0.0,2026-10-10,2026-10-10T15:33:05-04:00,Batter damage by pitch type.
673962,josh jung,R,FC,Cutter,5,6,5,0,0,2,0,2,2,96.5,83.08,23.33,0.0,0.0,0.0,0.4,0.0,0.3333,0.3333,2026-10-10,2026-10-10T15:33:05-04:00,Batter damage by pitch type.
673962,josh jung,R,FF,4-Seam Fastball,10,22,21,0,1,5,1,0,8,102.3,81.27,33.32,0.0,0.1,0.0455,0.5,0.1,0.0,0.3636,2026-10-10,2026-10-10T15:33:05-04:00,Batter damage by pitch type.
673962,josh jung,R,FS,Split-Finger,0,0,0,0,0,0,0,0,0,,,,,,,,,,,2026-10-10,2026-10-10T15:33:05-04:00,Batter damage by pitch type.
673962,josh jung,R,KC,Knuckle Curve,3,2,0,0,0,0,0,0,0,98.6,95.0,-31.0,0.0,0.0,0.0,0.0,0.0,0.0,0.0,2026-10-10,2026-10-10T15:33:05-04:00,Batter damage by pitch type.
673962,josh jung,R,SI,Sinker,10,20,12,2,3,4,2,0,6,104.8,89.33,13.7,0.2,0.3,0.15,0.4,0.2,0.0,0.3,2026-10-10,2026-10-10T15:33:05-04:00,Batter damage by pitch type.
673962,josh jung,R,SL,Slider,7,6,2,0,0,0,0,0,0,101.4,88.22,10.67,0.0,0.0,0.0,0.0,0.0,0.0,0.0,2026-10-10,2026-10-10T15:33:05-04:00,Batter damage by pitch type.
673962,josh jung,R,ST,Sweeper,5,7,5,1,1,2,1,4,4,104.3,86.4,17.71,0.2,0.2,0.1429,0.4,0.2,0.5714,0.5714,2026-10-10,2026-10-10T15:33:05-04:00,Batter damage by pitch type.
673962,josh jung,R,SV,Slurve,0,1,1,0,0,0,0,0,0,66.6,66.6,53.0,,,0.0,,,0.0,0.0,2026-10-10,2026-10-10T15:33:05-04:00,Batter damage by pitch type.
675961,alika williams,R,CH,Changeup,4,3,1,0,0,0,0,1,1,94.4,87.77,6.67,0.0,0.0,0.0,0.0,0.0,0.3333,0.3333,2026-10-10,2026-10-10T15:33:05-04:00,Batter damage by pitch type.
675961,alika williams,R,CU,Curveball,1,1,0,0,0,0,0,0,0,54.9,54.9,-54.0,0.0,0.0,0.0,0.0,0.0,0.0,0.0,2026-10-10,2026-10-10T15:33:05-04:00,Batter damage by pitch type.
675961,alika williams,R,FC,Cutter,3,2,2,0,0,1,0,2,1,102.1,92.7,40.5,0.0,0.0,0.0,0.3333,0.0,1.0,0.5,2026-10-10,2026-10-10T15:33:05-04:00,Batter damage by pitch type.
675961,alika williams,R,FF,4-Seam Fastball,7,11,7,0,0,1,0,2,2,99.2,82.71,21.09,0.0,0.0,0.0,0.1429,0.0,0.1818,0.1818,2026-10-10,2026-10-10T15:33:05-04:00,Batter damage by pitch type.
675961,alika williams,R,FS,Split-Finger,1,1,1,0,0,1,1,1,1,103.3,103.3,20.0,0.0,0.0,0.0,1.0,1.0,1.0,1.0,2026-10-10,2026-10-10T15:33:05-04:00,Batter damage by pitch type.
675961,alika williams,R,KC,Knuckle Curve,0,0,0,0,0,0,0,0,0,,,,,,,,,,,2026-10-10,2026-10-10T15:33:05-04:00,Batter damage by pitch type.
675961,alika williams,R,SI,Sinker,6,7,2,0,1,1,1,1,2,103.4,89.09,-15.57,0.0,0.1667,0.1429,0.1667,0.1667,0.1429,0.2857,2026-10-10,2026-10-10T15:33:05-04:00,Batter damage by pitch type.
675961,alika williams,R,SL,Slider,4,5,4,0,0,0,0,1,3,95.1,79.68,29.4,0.0,0.0,0.0,0.0,0.0,0.2,0.6,2026-10-10,2026-10-10T15:33:05-04:00,Batter damage by pitch type.
675961,alika williams,R,ST,Sweeper,5,6,2,0,0,0,0,1,0,94.5,77.92,2.17,0.0,0.0,0.0,0.0,0.0,0.1667,0.0,2026-10-10,2026-10-10T15:33:05-04:00,Batter damage by pitch type.
676356,jonny deluca,R,CH,Changeup,11,13,6,0,0,1,0,2,3,106.3,82.28,6.54,0.0,0.0,0.0,0.0909,0.0,0.1538,0.2308,2026-10-10,2026-10-10T15:33:05-04:00,Batter damage by pitch type.
676356,jonny deluca,R,CU,Curveball,3,5,2,0,0,1,0,2,2,95.8,86.1,-10.8,0.0,0.0,0.0,0.3333,0.0,0.4,0.4,2026-10-10,2026-10-10T15:33:05-04:00,Batter damage by pitch type.
676356,jonny deluca,R,FC,Cutter,4,7,4,0,0,1,0,1,2,106.0,81.71,10.71,0.0,0.0,0.0,0.25,0.0,0.1429,0.2857,2026-10-10,2026-10-10T15:33:05-04:00,Batter damage by pitch type.
676356,jonny deluca,R,FF,4-Seam Fastball,14,32,26,0,0,1,0,1,6,108.6,83.32,37.84,0.0,0.0,0.0,0.0714,0.0,0.0312,0.1875,2026-10-10,2026-10-10T15:33:05-04:00,Batter damage by pitch type.
676356,jonny deluca,R,FS,Split-Finger,1,1,0,0,0,0,0,0,0,76.7,76.7,-27.0,0.0,0.0,0.0,0.0,0.0,0.0,0.0,2026-10-10,2026-10-10T15:33:05-04:00,Batter damage by pitch type.
676356,jonny deluca,R,KC,Knuckle Curve,2,2,1,0,0,0,0,1,0,95.4,86.65,19.5,0.0,0.0,0.0,0.0,0.0,0.5,0.0,2026-10-10,2026-10-10T15:33:05-04:00,Batter damage by pitch type.
676356,jonny deluca,R,SI,Sinker,15,23,14,1,1,2,0,2,3,108.5,82.06,19.39,0.0667,0.0667,0.0435,0.1333,0.0,0.087,0.1304,2026-10-10,2026-10-10T15:33:05-04:00,Batter damage by pitch type.
676356,jonny deluca,R,SL,Slider,4,6,5,0,0,0,0,0,2,91.8,73.13,30.33,0.0,0.0,0.0,0.0,0.0,0.0,0.3333,2026-10-10,2026-10-10T15:33:05-04:00,Batter damage by pitch type.
676356,jonny deluca,R,ST,Sweeper,10,7,3,1,1,1,1,1,1,102.4,71.0,1.57,0.1,0.1,0.1429,0.1,0.1,0.1429,0.1429,2026-10-10,2026-10-10T15:33:05-04:00,Batter damage by pitch type.
676369,nelson velázquez,R,CH,Changeup,0,1,0,0,0,0,0,0,0,79.5,79.5,-44.0,,,0.0,,,0.0,0.0,2026-10-10,2026-10-10T15:33:05-04:00,Batter damage by pitch type.
676369,nelson velázquez,R,CU,Curveball,1,1,0,0,0,0,0,0,0,64.3,64.3,-57.0,0.0,0.0,0.0,0.0,0.0,0.0,0.0,2026-10-10,2026-10-10T15:33:05-04:00,Batter damage by pitch type.
676369,nelson velázquez,R,FC,Cutter,1,1,1,0,0,0,0,0,0,87.6,87.6,77.0,0.0,0.0,0.0,0.0,0.0,0.0,0.0,2026-10-10,2026-10-10T15:33:05-04:00,Batter damage by pitch type.
676369,nelson velázquez,R,FF,4-Seam Fastball,3,7,6,1,1,2,1,1,1,105.5,90.16,42.14,0.3333,0.3333,0.1429,0.6667,0.3333,0.1429,0.1429,2026-10-10,2026-10-10T15:33:05-04:00,Batter damage by pitch type.
676369,nelson velázquez,R,FS,Split-Finger,1,1,1,0,0,0,0,1,1,92.7,92.7,24.0,0.0,0.0,0.0,0.0,0.0,1.0,1.0,2026-10-10,2026-10-10T15:33:05-04:00,Batter damage by pitch type.
676369,nelson velázquez,R,SI,Sinker,2,5,5,1,1,1,1,1,2,110.1,83.08,44.4,0.5,0.5,0.2,0.5,0.5,0.2,0.4,2026-10-10,2026-10-10T15:33:05-04:00,Batter damage by pitch type.
676369,nelson velázquez,R,SL,Slider,3,3,1,0,0,0,0,0,0,90.0,72.2,-16.33,0.0,0.0,0.0,0.0,0.0,0.0,0.0,2026-10-10,2026-10-10T15:33:05-04:00,Batter damage by pitch type.
676369,nelson velázquez,R,ST,Sweeper,0,0,0,0,0,0,0,0,0,,,,,,,,,,,2026-10-10,2026-10-10T15:33:05-04:00,Batter damage by pitch type.
676391,ernie clement,R,CH,Changeup,5,6,2,0,0,1,0,2,1,98.9,86.45,1.0,0.0,0.0,0.0,0.2,0.0,0.3333,0.1667,2026-10-10,2026-10-10T15:33:05-04:00,Batter damage by pitch type.
676391,ernie clement,R,CU,Curveball,0,2,1,0,0,0,0,0,1,65.5,44.6,9.0,,,0.0,,,0.0,0.5,2026-10-10,2026-10-10T15:33:05-04:00,Batter damage by pitch type.
676391,ernie clement,R,FC,Cutter,5,7,4,0,0,1,0,0,1,98.9,78.19,13.71,0.0,0.0,0.0,0.2,0.0,0.0,0.1429,2026-10-10,2026-10-10T15:33:05-04:00,Batter damage by pitch type.
676391,ernie clement,R,FF,4-Seam Fastball,21,22,15,0,1,4,0,8,5,100.1,85.72,25.18,0.0,0.0476,0.0455,0.1905,0.0,0.3636,0.2273,2026-10-10,2026-10-10T15:33:05-04:00,Batter damage by pitch type.
676391,ernie clement,R,FS,Split-Finger,0,0,0,0,0,0,0,0,0,,,,,,,,,,,2026-10-10,2026-10-10T15:33:05-04:00,Batter damage by pitch type.
676391,ernie clement,R,KC,Knuckle Curve,3,4,2,0,0,0,0,1,0,91.3,72.67,-3.5,0.0,0.0,0.0,0.0,0.0,0.25,0.0,2026-10-10,2026-10-10T15:33:05-04:00,Batter damage by pitch type.
676391,ernie clement,R,SI,Sinker,6,8,3,0,0,0,0,0,0,95.7,83.78,2.88,0.0,0.0,0.0,0.0,0.0,0.0,0.0,2026-10-10,2026-10-10T15:33:05-04:00,Batter damage by pitch type.
676391,ernie clement,R,SL,Slider,10,10,7,0,0,2,0,2,2,97.8,84.25,23.8,0.0,0.0,0.0,0.2,0.0,0.2,0.2,2026-10-10,2026-10-10T15:33:05-04:00,Batter damage by pitch type.
676391,ernie clement,R,ST,Sweeper,1,1,1,0,0,0,0,1,1,84.8,84.8,31.0,0.0,0.0,0.0,0.0,0.0,1.0,1.0,2026-10-10,2026-10-10T15:33:05-04:00,Batter damage by pitch type.
676439,hunter feduccia,L,CH,Changeup,1,1,0,0,0,0,0,0,0,67.5,67.5,-47.0,0.0,0.0,0.0,0.0,0.0,0.0,0.0,2026-10-10,2026-10-10T15:33:05-04:00,Batter damage by pitch type.
676439,hunter feduccia,L,CU,Curveball,2,2,0,0,0,0,0,0,0,101.1,93.2,-1.5,0.0,0.0,0.0,0.0,0.0,0.0,0.0,2026-10-10,2026-10-10T15:33:05-04:00,Batter damage by pitch type.
676439,hunter feduccia,L,FC,Cutter,3,3,2,0,0,1,0,1,1,97.2,89.57,21.0,0.0,0.0,0.0,0.3333,0.0,0.3333,0.3333,2026-10-10,2026-10-10T15:33:05-04:00,Batter damage by pitch type.
676439,hunter feduccia,L,FF,4-Seam Fastball,6,5,4,0,0,1,0,1,3,96.3,82.48,19.4,0.0,0.0,0.0,0.1667,0.0,0.2,0.6,2026-10-10,2026-10-10T15:33:05-04:00,Batter damage by pitch type.
676439,hunter feduccia,L,SI,Sinker,7,6,3,0,0,0,0,0,0,91.2,84.1,24.83,0.0,0.0,0.0,0.0,0.0,0.0,0.0,2026-10-10,2026-10-10T15:33:05-04:00,Batter damage by pitch type.
676439,hunter feduccia,L,SL,Slider,4,3,1,0,0,1,0,1,0,98.3,92.37,-1.67,0.0,0.0,0.0,0.25,0.0,0.3333,0.0,2026-10-10,2026-10-10T15:33:05-04:00,Batter damage by pitch type.
676439,hunter feduccia,L,ST,Sweeper,2,2,1,0,0,0,0,0,1,73.6,69.0,1.5,0.0,0.0,0.0,0.0,0.0,0.0,0.5,2026-10-10,2026-10-10T15:33:05-04:00,Batter damage by pitch type.
676475,alec burleson,L,CH,Changeup,8,13,5,0,1,1,1,1,1,102.8,85.8,5.23,0.0,0.125,0.0769,0.125,0.125,0.0769,0.0769,2026-10-10,2026-10-10T15:33:05-04:00,Batter damage by pitch type.
676475,alec burleson,L,CU,Curveball,8,9,5,0,0,3,0,1,3,97.4,86.29,4.67,0.0,0.0,0.0,0.375,0.0,0.1111,0.3333,2026-10-10,2026-10-10T15:33:05-04:00,Batter damage by pitch type.
676475,alec burleson,L,FC,Cutter,4,6,3,0,0,1,0,1,2,106.8,90.45,19.17,0.0,0.0,0.0,0.25,0.0,0.1667,0.3333,2026-10-10,2026-10-10T15:33:05-04:00,Batter damage by pitch type.
676475,alec burleson,L,FF,4-Seam Fastball,14,27,25,3,3,9,4,6,10,111.6,83.39,37.11,0.2143,0.2143,0.1111,0.6429,0.2857,0.2222,0.3704,2026-10-10,2026-10-10T15:33:05-04:00,Batter damage by pitch type.
676475,alec burleson,L,FS,Split-Finger,0,1,0,0,0,0,0,0,0,70.4,70.4,-34.0,,,0.0,,,0.0,0.0,2026-10-10,2026-10-10T15:33:05-04:00,Batter damage by pitch type.
676475,alec burleson,L,SI,Sinker,8,9,5,1,1,3,1,2,3,112.0,97.03,12.33,0.125,0.125,0.1111,0.375,0.125,0.2222,0.3333,2026-10-10,2026-10-10T15:33:05-04:00,Batter damage by pitch type.
676475,alec burleson,L,SL,Slider,8,9,7,0,0,2,0,2,4,101.9,82.4,18.11,0.0,0.0,0.0,0.25,0.0,0.2222,0.4444,2026-10-10,2026-10-10T15:33:05-04:00,Batter damage by pitch type.
676475,alec burleson,L,ST,Sweeper,2,4,2,0,0,0,0,0,1,94.4,81.65,14.75,0.0,0.0,0.0,0.0,0.0,0.0,0.25,2026-10-10,2026-10-10T15:33:05-04:00,Batter damage by pitch type.
676475,alec burleson,L,SV,Slurve,0,0,0,0,0,0,0,0,0,,,,,,,,,,,2026-10-10,2026-10-10T15:33:05-04:00,Batter damage by pitch type.
676480,josé barrero,R,CH,Changeup,1,1,1,0,0,0,0,0,1,54.9,54.9,22.0,0.0,0.0,0.0,0.0,0.0,0.0,1.0,2026-10-10,2026-10-10T15:33:05-04:00,Batter damage by pitch type.
676480,josé barrero,R,FC,Cutter,0,1,1,0,0,0,0,0,1,71.6,71.6,29.0,,,0.0,,,0.0,1.0,2026-10-10,2026-10-10T15:33:05-04:00,Batter damage by pitch type.
676480,josé barrero,R,FF,4-Seam Fastball,1,1,1,0,0,0,0,1,0,92.6,92.6,38.0,0.0,0.0,0.0,0.0,0.0,1.0,0.0,2026-10-10,2026-10-10T15:33:05-04:00,Batter damage by pitch type.
676480,josé barrero,R,SI,Sinker,1,1,0,0,0,0,0,0,0,92.6,92.6,0.0,0.0,0.0,0.0,0.0,0.0,0.0,0.0,2026-10-10,2026-10-10T15:33:05-04:00,Batter damage by pitch type.
676480,josé barrero,R,ST,Sweeper,3,2,2,0,0,0,0,1,1,86.5,77.05,49.5,0.0,0.0,0.0,0.0,0.0,0.5,0.5,2026-10-10,2026-10-10T15:33:05-04:00,Batter damage by pitch type.
676551,brewer hicklen,R,CH,Changeup,2,1,1,0,0,0,0,0,0,91.2,91.2,45.0,0.0,0.0,0.0,0.0,0.0,0.0,0.0,2026-10-10,2026-10-10T15:33:05-04:00,Batter damage by pitch type.
676551,brewer hicklen,R,CU,Curveball,0,0,0,0,0,0,0,0,0,,,,,,,,,,,2026-10-10,2026-10-10T15:33:05-04:00,Batter damage by pitch type.
676551,brewer hicklen,R,FC,Cutter,3,4,4,0,0,1,0,3,0,97.4,90.55,53.0,0.0,0.0,0.0,0.3333,0.0,0.75,0.0,2026-10-10,2026-10-10T15:33:05-04:00,Batter damage by pitch type.
676551,brewer hicklen,R,FF,4-Seam Fastball,7,9,6,0,1,1,0,1,4,110.7,80.89,18.89,0.0,0.1429,0.1111,0.1429,0.0,0.1111,0.4444,2026-10-10,2026-10-10T15:33:05-04:00,Batter damage by pitch type.
676551,brewer hicklen,R,FS,Split-Finger,1,0,0,0,0,0,0,0,0,,,,0.0,0.0,,0.0,0.0,,,2026-10-10,2026-10-10T15:33:05-04:00,Batter damage by pitch type.
676551,brewer hicklen,R,KC,Knuckle Curve,0,0,0,0,0,0,0,0,0,,,,,,,,,,,2026-10-10,2026-10-10T15:33:05-04:00,Batter damage by pitch type.
676551,brewer hicklen,R,SI,Sinker,4,5,2,0,0,0,0,0,0,102.2,78.04,3.0,0.0,0.0,0.0,0.0,0.0,0.0,0.0,2026-10-10,2026-10-10T15:33:05-04:00,Batter damage by pitch type.
676551,brewer hicklen,R,SL,Slider,2,1,0,0,0,0,0,0,0,96.4,96.4,-26.0,0.0,0.0,0.0,0.0,0.0,0.0,0.0,2026-10-10,2026-10-10T15:33:05-04:00,Batter damage by pitch type.
676551,brewer hicklen,R,ST,Sweeper,1,1,0,0,0,0,0,0,0,97.2,97.2,-4.0,0.0,0.0,0.0,0.0,0.0,0.0,0.0,2026-10-10,2026-10-10T15:33:05-04:00,Batter damage by pitch type.
676609,josé caballero,R,CH,Changeup,1,2,1,0,0,0,0,0,1,52.2,34.4,5.5,0.0,0.0,0.0,0.0,0.0,0.0,0.5,2026-10-10,2026-10-10T15:33:05-04:00,Batter damage by pitch type.
676609,josé caballero,R,CU,Curveball,5,5,2,1,1,1,1,1,1,103.7,88.26,5.0,0.2,0.2,0.2,0.2,0.2,0.2,0.2,2026-10-10,2026-10-10T15:33:05-04:00,Batter damage by pitch type.
676609,josé caballero,R,FC,Cutter,5,7,3,0,0,1,0,0,1,99.6,73.86,10.29,0.0,0.0,0.0,0.2,0.0,0.0,0.1429,2026-10-10,2026-10-10T15:33:05-04:00,Batter damage by pitch type.
676609,josé caballero,R,FF,4-Seam Fastball,11,17,15,0,0,0,0,0,5,90.1,74.11,39.35,0.0,0.0,0.0,0.0,0.0,0.0,0.2941,2026-10-10,2026-10-10T15:33:05-04:00,Batter damage by pitch type.
676609,josé caballero,R,SI,Sinker,6,17,11,0,0,1,0,0,4,103.9,72.55,23.88,0.0,0.0,0.0,0.1667,0.0,0.0,0.2353,2026-10-10,2026-10-10T15:33:05-04:00,Batter damage by pitch type.
676609,josé caballero,R,SL,Slider,4,8,8,0,0,1,0,2,1,97.0,77.41,42.88,0.0,0.0,0.0,0.25,0.0,0.25,0.125,2026-10-10,2026-10-10T15:33:05-04:00,Batter damage by pitch type.
676609,josé caballero,R,ST,Sweeper,4,4,4,0,0,0,0,1,0,79.3,69.75,52.75,0.0,0.0,0.0,0.0,0.0,0.25,0.0,2026-10-10,2026-10-10T15:33:05-04:00,Batter damage by pitch type.
676724,jared young,L,CH,Changeup,2,4,0,0,0,0,0,0,0,104.9,92.2,-22.75,0.0,0.0,0.0,0.0,0.0,0.0,0.0,2026-10-10,2026-10-10T15:33:05-04:00,Batter damage by pitch type.
676724,jared young,L,CU,Curveball,1,0,0,0,0,0,0,0,0,,,,0.0,0.0,,0.0,0.0,,,2026-10-10,2026-10-10T15:33:05-04:00,Batter damage by pitch type.
676724,jared young,L,FC,Cutter,3,2,1,1,1,1,0,1,1,98.9,92.1,16.5,0.3333,0.3333,0.5,0.3333,0.0,0.5,0.5,2026-10-10,2026-10-10T15:33:05-04:00,Batter damage by pitch type.
676724,jared young,L,FF,4-Seam Fastball,7,11,9,0,1,2,1,3,3,111.9,84.74,30.36,0.0,0.1429,0.0909,0.2857,0.1429,0.2727,0.2727,2026-10-10,2026-10-10T15:33:05-04:00,Batter damage by pitch type.
676724,jared young,L,FS,Split-Finger,3,7,3,0,0,0,0,1,2,89.1,70.03,-5.57,0.0,0.0,0.0,0.0,0.0,0.1429,0.2857,2026-10-10,2026-10-10T15:33:05-04:00,Batter damage by pitch type.
676724,jared young,L,KC,Knuckle Curve,0,1,0,0,0,0,0,0,0,100.5,100.5,-3.0,,,0.0,,,0.0,0.0,2026-10-10,2026-10-10T15:33:05-04:00,Batter damage by pitch type.
676724,jared young,L,SI,Sinker,8,8,6,0,1,5,1,3,4,111.9,100.29,18.0,0.0,0.125,0.125,0.625,0.125,0.375,0.5,2026-10-10,2026-10-10T15:33:05-04:00,Batter damage by pitch type.
676724,jared young,L,SL,Slider,1,0,0,0,0,0,0,0,0,,,,0.0,0.0,,0.0,0.0,,,2026-10-10,2026-10-10T15:33:05-04:00,Batter damage by pitch type.
676724,jared young,L,ST,Sweeper,0,0,0,0,0,0,0,0,0,,,,,,,,,,,2026-10-10,2026-10-10T15:33:05-04:00,Batter damage by pitch type.
676914,davis schneider,R,CH,Changeup,1,1,0,0,0,0,0,0,0,88.9,88.9,-26.0,0.0,0.0,0.0,0.0,0.0,0.0,0.0,2026-10-10,2026-10-10T15:33:05-04:00,Batter damage by pitch type.
676914,davis schneider,R,CU,Curveball,2,1,0,0,0,0,0,0,0,68.5,68.5,-33.0,0.0,0.0,0.0,0.0,0.0,0.0,0.0,2026-10-10,2026-10-10T15:33:05-04:00,Batter damage by pitch type.
676914,davis schneider,R,FC,Cutter,2,3,2,0,0,0,0,0,0,102.4,63.27,40.67,0.0,0.0,0.0,0.0,0.0,0.0,0.0,2026-10-10,2026-10-10T15:33:05-04:00,Batter damage by pitch type.
676914,davis schneider,R,FF,4-Seam Fastball,5,7,7,1,1,2,1,2,0,101.8,87.67,47.71,0.2,0.2,0.1429,0.4,0.2,0.2857,0.0,2026-10-10,2026-10-10T15:33:05-04:00,Batter damage by pitch type.
676914,davis schneider,R,FS,Split-Finger,0,0,0,0,0,0,0,0,0,,,,,,,,,,,2026-10-10,2026-10-10T15:33:05-04:00,Batter damage by pitch type.
676914,davis schneider,R,SI,Sinker,3,6,4,1,0,2,0,1,1,98.0,83.88,29.17,0.3333,0.0,0.0,0.6667,0.0,0.1667,0.1667,2026-10-10,2026-10-10T15:33:05-04:00,Batter damage by pitch type.
676914,davis schneider,R,SL,Slider,1,0,0,0,0,0,0,0,0,,,,0.0,0.0,,0.0,0.0,,,2026-10-10,2026-10-10T15:33:05-04:00,Batter damage by pitch type.
676914,davis schneider,R,ST,Sweeper,2,2,1,0,0,0,0,1,1,96.9,85.9,6.5,0.0,0.0,0.0,0.0,0.0,0.5,0.5,2026-10-10,2026-10-10T15:33:05-04:00,Batter damage by pitch type.
677008,heston kjerstad,L,CH,Changeup,0,0,0,0,0,0,0,0,0,,,,,,,,,,,2026-10-10,2026-10-10T15:33:05-04:00,Batter damage by pitch type.
677008,heston kjerstad,L,CU,Curveball,3,1,1,0,0,1,0,1,1,97.2,97.2,13.0,0.0,0.0,0.0,0.3333,0.0,1.0,1.0,2026-10-10,2026-10-10T15:33:05-04:00,Batter damage by pitch type.
677008,heston kjerstad,L,FC,Cutter,1,2,1,0,0,1,1,0,1,108.5,96.05,14.5,0.0,0.0,0.0,1.0,1.0,0.0,0.5,2026-10-10,2026-10-10T15:33:05-04:00,Batter damage by pitch type.
677008,heston kjerstad,L,FF,4-Seam Fastball,3,3,3,0,0,0,0,0,1,87.2,82.53,44.0,0.0,0.0,0.0,0.0,0.0,0.0,0.3333,2026-10-10,2026-10-10T15:33:05-04:00,Batter damage by pitch type.
677008,heston kjerstad,L,FO,Forkball,1,2,2,0,0,0,0,1,2,70.6,66.7,19.5,0.0,0.0,0.0,0.0,0.0,0.5,1.0,2026-10-10,2026-10-10T15:33:05-04:00,Batter damage by pitch type.
677008,heston kjerstad,L,KC,Knuckle Curve,1,0,0,0,0,0,0,0,0,,,,0.0,0.0,,0.0,0.0,,,2026-10-10,2026-10-10T15:33:05-04:00,Batter damage by pitch type.
677008,heston kjerstad,L,SI,Sinker,2,2,1,0,0,0,0,0,0,92.9,79.8,5.0,0.0,0.0,0.0,0.0,0.0,0.0,0.0,2026-10-10,2026-10-10T15:33:05-04:00,Batter damage by pitch type.
677008,heston kjerstad,L,ST,Sweeper,1,0,0,0,0,0,0,0,0,,,,0.0,0.0,,0.0,0.0,,,2026-10-10,2026-10-10T15:33:05-04:00,Batter damage by pitch type.
677347,kyren paris,R,CH,Changeup,1,2,2,0,0,0,0,1,0,85.2,85.2,46.5,0.0,0.0,0.0,0.0,0.0,0.5,0.0,2026-10-10,2026-10-10T15:33:05-04:00,Batter damage by pitch type.
677347,kyren paris,R,CU,Curveball,0,0,0,0,0,0,0,0,0,,,,,,,,,,,2026-10-10,2026-10-10T15:33:05-04:00,Batter damage by pitch type.
677347,kyren paris,R,FF,4-Seam Fastball,6,7,5,0,0,0,0,0,2,76.9,68.24,24.14,0.0,0.0,0.0,0.0,0.0,0.0,0.2857,2026-10-10,2026-10-10T15:33:05-04:00,Batter damage by pitch type.
677347,kyren paris,R,SI,Sinker,0,0,0,0,0,0,0,0,0,,,,,,,,,,,2026-10-10,2026-10-10T15:33:05-04:00,Batter damage by pitch type.
677347,kyren paris,R,SL,Slider,0,1,0,0,0,0,0,0,0,92.4,92.4,-27.0,,,0.0,,,0.0,0.0,2026-10-10,2026-10-10T15:33:05-04:00,Batter damage by pitch type.
677587,brayan rocchio,L,CH,Changeup,3,4,3,0,0,2,0,2,4,101.9,87.53,15.0,0.0,0.0,0.0,0.6667,0.0,0.5,1.0,2026-10-10,2026-10-10T15:33:05-04:00,Batter damage by pitch type.
677587,brayan rocchio,L,CU,Curveball,4,3,1,0,0,0,0,0,0,90.3,80.8,1.0,0.0,0.0,0.0,0.0,0.0,0.0,0.0,2026-10-10,2026-10-10T15:33:05-04:00,Batter damage by pitch type.
677587,brayan rocchio,L,FC,Cutter,1,1,0,0,0,0,0,0,0,25.5,25.5,-8.0,0.0,0.0,0.0,0.0,0.0,0.0,0.0,2026-10-10,2026-10-10T15:33:05-04:00,Batter damage by pitch type.
677587,brayan rocchio,L,FF,4-Seam Fastball,11,14,13,0,0,0,0,4,6,93.0,81.14,38.0,0.0,0.0,0.0,0.0,0.0,0.2857,0.4286,2026-10-10,2026-10-10T15:33:05-04:00,Batter damage by pitch type.
677587,brayan rocchio,L,FS,Split-Finger,0,0,0,0,0,0,0,0,0,,,,,,,,,,,2026-10-10,2026-10-10T15:33:05-04:00,Batter damage by pitch type.
677587,brayan rocchio,L,KC,Knuckle Curve,1,2,0,0,0,0,0,0,1,93.1,91.05,-1.0,0.0,0.0,0.0,0.0,0.0,0.0,0.5,2026-10-10,2026-10-10T15:33:05-04:00,Batter damage by pitch type.
677587,brayan rocchio,L,SI,Sinker,12,17,9,1,0,3,1,2,4,106.4,86.76,11.71,0.0833,0.0,0.0,0.25,0.0833,0.1176,0.2353,2026-10-10,2026-10-10T15:33:05-04:00,Batter damage by pitch type.
677587,brayan rocchio,L,SL,Slider,1,3,1,0,0,0,0,0,0,98.5,87.7,11.0,0.0,0.0,0.0,0.0,0.0,0.0,0.0,2026-10-10,2026-10-10T15:33:05-04:00,Batter damage by pitch type.
677587,brayan rocchio,L,ST,Sweeper,1,1,0,0,0,0,0,0,0,72.9,72.9,-25.0,0.0,0.0,0.0,0.0,0.0,0.0,0.0,2026-10-10,2026-10-10T15:33:05-04:00,Batter damage by pitch type.
677587,brayan rocchio,R,CH,Changeup,1,0,0,0,0,0,0,0,0,,,,0.0,0.0,,0.0,0.0,,,2026-10-10,2026-10-10T15:33:05-04:00,Batter damage by pitch type.
677587,brayan rocchio,R,CU,Curveball,2,3,1,0,0,0,0,0,1,93.3,82.83,-3.33,0.0,0.0,0.0,0.0,0.0,0.0,0.3333,2026-10-10,2026-10-10T15:33:05-04:00,Batter damage by pitch type.
677587,brayan rocchio,R,FC,Cutter,3,8,6,0,0,1,0,2,4,102.2,84.4,19.62,0.0,0.0,0.0,0.3333,0.0,0.25,0.5,2026-10-10,2026-10-10T15:33:05-04:00,Batter damage by pitch type.
677587,brayan rocchio,R,FF,4-Seam Fastball,14,16,11,1,0,1,0,3,4,98.0,78.95,23.12,0.0714,0.0,0.0,0.0714,0.0,0.1875,0.25,2026-10-10,2026-10-10T15:33:05-04:00,Batter damage by pitch type.
677587,brayan rocchio,R,SI,Sinker,6,9,6,0,0,1,0,1,1,98.9,88.73,25.22,0.0,0.0,0.0,0.1667,0.0,0.1111,0.1111,2026-10-10,2026-10-10T15:33:05-04:00,Batter damage by pitch type.
677587,brayan rocchio,R,SL,Slider,2,3,1,0,0,0,0,1,1,80.5,72.83,2.0,0.0,0.0,0.0,0.0,0.0,0.3333,0.3333,2026-10-10,2026-10-10T15:33:05-04:00,Batter damage by pitch type.
677587,brayan rocchio,R,ST,Sweeper,3,6,3,0,0,0,0,0,1,93.1,82.43,13.67,0.0,0.0,0.0,0.0,0.0,0.0,0.1667,2026-10-10,2026-10-10T15:33:05-04:00,Batter damage by pitch type.
677587,brayan rocchio,R,SV,Slurve,0,0,0,0,0,0,0,0,0,,,,,,,,,,,2026-10-10,2026-10-10T15:33:05-04:00,Batter damage by pitch type.
677588,josé tena,L,CH,Changeup,0,3,1,0,0,0,0,0,0,84.2,67.7,-10.0,,,0.0,,,0.0,0.0,2026-10-10,2026-10-10T15:33:05-04:00,Batter damage by pitch type.
677588,josé tena,L,CU,Curveball,2,1,0,0,0,0,0,0,0,77.1,77.1,-1.0,0.0,0.0,0.0,0.0,0.0,0.0,0.0,2026-10-10,2026-10-10T15:33:05-04:00,Batter damage by pitch type.
677588,josé tena,L,FC,Cutter,1,1,0,0,0,0,0,0,0,81.2,81.2,-30.0,0.0,0.0,0.0,0.0,0.0,0.0,0.0,2026-10-10,2026-10-10T15:33:05-04:00,Batter damage by pitch type.
677588,josé tena,L,FF,4-Seam Fastball,4,5,3,0,0,0,0,0,2,99.3,84.38,24.2,0.0,0.0,0.0,0.0,0.0,0.0,0.4,2026-10-10,2026-10-10T15:33:05-04:00,Batter damage by pitch type.
677588,josé tena,L,FS,Split-Finger,2,2,1,0,0,0,0,0,1,74.1,69.75,-27.0,0.0,0.0,0.0,0.0,0.0,0.0,0.5,2026-10-10,2026-10-10T15:33:05-04:00,Batter damage by pitch type.
677588,josé tena,L,KC,Knuckle Curve,0,0,0,0,0,0,0,0,0,,,,,,,,,,,2026-10-10,2026-10-10T15:33:05-04:00,Batter damage by pitch type.
677588,josé tena,L,SI,Sinker,1,0,0,0,0,0,0,0,0,,,,0.0,0.0,,0.0,0.0,,,2026-10-10,2026-10-10T15:33:05-04:00,Batter damage by pitch type.
677588,josé tena,L,SL,Slider,1,1,1,0,0,1,0,0,1,97.3,97.3,20.0,0.0,0.0,0.0,1.0,0.0,0.0,1.0,2026-10-10,2026-10-10T15:33:05-04:00,Batter damage by pitch type.
677588,josé tena,L,ST,Sweeper,0,0,0,0,0,0,0,0,0,,,,,,,,,,,2026-10-10,2026-10-10T15:33:05-04:00,Batter damage by pitch type.
677594,julio rodríguez,R,CH,Changeup,4,8,3,0,0,0,0,0,3,94.9,65.01,-3.75,0.0,0.0,0.0,0.0,0.0,0.0,0.375,2026-10-10,2026-10-10T15:33:05-04:00,Batter damage by pitch type.
677594,julio rodríguez,R,CU,Curveball,6,6,6,0,0,1,0,4,2,103.4,74.75,34.67,0.0,0.0,0.0,0.1667,0.0,0.6667,0.3333,2026-10-10,2026-10-10T15:33:05-04:00,Batter damage by pitch type.
677594,julio rodríguez,R,FA,Other,1,2,0,0,0,0,0,0,0,80.0,66.2,-41.5,0.0,0.0,0.0,0.0,0.0,0.0,0.0,2026-10-10,2026-10-10T15:33:05-04:00,Batter damage by pitch type.
677594,julio rodríguez,R,FC,Cutter,5,8,5,0,0,0,0,0,2,100.0,78.83,22.12,0.0,0.0,0.0,0.0,0.0,0.0,0.25,2026-10-10,2026-10-10T15:33:05-04:00,Batter damage by pitch type.
677594,julio rodríguez,R,FF,4-Seam Fastball,17,28,19,1,2,3,2,2,8,109.2,85.66,22.32,0.0588,0.1176,0.0714,0.1765,0.1176,0.0714,0.2857,2026-10-10,2026-10-10T15:33:05-04:00,Batter damage by pitch type.
677594,julio rodríguez,R,FS,Split-Finger,3,3,3,0,0,0,0,0,0,93.0,79.7,55.0,0.0,0.0,0.0,0.0,0.0,0.0,0.0,2026-10-10,2026-10-10T15:33:05-04:00,Batter damage by pitch type.
677594,julio rodríguez,R,SI,Sinker,15,18,10,1,1,5,0,5,5,112.4,86.98,3.06,0.0667,0.0667,0.0556,0.3333,0.0,0.2778,0.2778,2026-10-10,2026-10-10T15:33:05-04:00,Batter damage by pitch type.
677594,julio rodríguez,R,SL,Slider,10,14,8,0,0,0,0,1,2,106.3,80.59,19.64,0.0,0.0,0.0,0.0,0.0,0.0714,0.1429,2026-10-10,2026-10-10T15:33:05-04:00,Batter damage by pitch type.
677594,julio rodríguez,R,ST,Sweeper,5,10,7,0,1,2,1,2,4,106.9,82.45,11.0,0.0,0.2,0.1,0.4,0.2,0.2,0.4,2026-10-10,2026-10-10T15:33:05-04:00,Batter damage by pitch type.
677595,ronny mauricio,L,CH,Changeup,1,2,0,0,0,0,0,0,0,93.9,83.35,-36.0,0.0,0.0,0.0,0.0,0.0,0.0,0.0,2026-10-10,2026-10-10T15:33:05-04:00,Batter damage by pitch type.
677595,ronny mauricio,L,CU,Curveball,0,1,0,0,0,0,0,0,0,98.4,98.4,0.0,,,0.0,,,0.0,0.0,2026-10-10,2026-10-10T15:33:05-04:00,Batter damage by pitch type.
677595,ronny mauricio,L,FC,Cutter,3,4,3,0,0,0,0,1,2,105.8,82.38,26.75,0.0,0.0,0.0,0.0,0.0,0.25,0.5,2026-10-10,2026-10-10T15:33:05-04:00,Batter damage by pitch type.
677595,ronny mauricio,L,FF,4-Seam Fastball,3,4,2,1,1,1,1,1,3,106.6,83.05,13.75,0.3333,0.3333,0.25,0.3333,0.3333,0.25,0.75,2026-10-10,2026-10-10T15:33:05-04:00,Batter damage by pitch type.
677595,ronny mauricio,L,SL,Slider,0,0,0,0,0,0,0,0,0,,,,,,,,,,,2026-10-10,2026-10-10T15:33:05-04:00,Batter damage by pitch type.
677595,ronny mauricio,L,ST,Sweeper,0,0,0,0,0,0,0,0,0,,,,,,,,,,,2026-10-10,2026-10-10T15:33:05-04:00,Batter damage by pitch type.
677595,ronny mauricio,R,CH,Changeup,2,1,1,0,0,0,0,0,1,65.5,65.5,11.0,0.0,0.0,0.0,0.0,0.0,0.0,1.0,2026-10-10,2026-10-10T15:33:05-04:00,Batter damage by pitch type.
677595,ronny mauricio,R,CU,Curveball,0,1,0,0,0,0,0,0,0,66.3,66.3,-42.0,,,0.0,,,0.0,0.0,2026-10-10,2026-10-10T15:33:05-04:00,Batter damage by pitch type.
677595,ronny mauricio,R,FC,Cutter,0,1,0,0,0,0,0,0,0,99.0,99.0,-25.0,,,0.0,,,0.0,0.0,2026-10-10,2026-10-10T15:33:05-04:00,Batter damage by pitch type.
677595,ronny mauricio,R,FF,4-Seam Fastball,3,4,4,2,2,2,1,0,2,107.5,90.83,41.75,0.6667,0.6667,0.5,0.6667,0.3333,0.0,0.5,2026-10-10,2026-10-10T15:33:05-04:00,Batter damage by pitch type.
677595,ronny mauricio,R,ST,Sweeper,0,0,0,0,0,0,0,0,0,,,,,,,,,,,2026-10-10,2026-10-10T15:33:05-04:00,Batter damage by pitch type.
677649,ezequiel duran,R,CH,Changeup,2,2,1,0,0,0,0,0,0,77.9,66.85,17.0,0.0,0.0,0.0,0.0,0.0,0.0,0.0,2026-10-10,2026-10-10T15:33:05-04:00,Batter damage by pitch type.
677649,ezequiel duran,R,CU,Curveball,3,2,2,0,0,1,0,1,1,105.5,86.25,26.5,0.0,0.0,0.0,0.3333,0.0,0.5,0.5,2026-10-10,2026-10-10T15:33:05-04:00,Batter damage by pitch type.
677649,ezequiel duran,R,FC,Cutter,2,8,6,0,0,0,0,0,1,96.3,81.0,36.0,0.0,0.0,0.0,0.0,0.0,0.0,0.125,2026-10-10,2026-10-10T15:33:05-04:00,Batter damage by pitch type.
677649,ezequiel duran,R,FF,4-Seam Fastball,15,27,23,0,0,4,0,1,7,108.2,84.57,31.33,0.0,0.0,0.0,0.2667,0.0,0.037,0.2593,2026-10-10,2026-10-10T15:33:05-04:00,Batter damage by pitch type.
677649,ezequiel duran,R,FS,Split-Finger,0,0,0,0,0,0,0,0,0,,,,,,,,,,,2026-10-10,2026-10-10T15:33:05-04:00,Batter damage by pitch type.
677649,ezequiel duran,R,KC,Knuckle Curve,2,2,0,0,0,0,0,0,0,87.7,84.2,-18.5,0.0,0.0,0.0,0.0,0.0,0.0,0.0,2026-10-10,2026-10-10T15:33:05-04:00,Batter damage by pitch type.
677649,ezequiel duran,R,SI,Sinker,15,25,12,0,0,2,0,0,5,104.4,83.37,9.92,0.0,0.0,0.0,0.1333,0.0,0.0,0.2,2026-10-10,2026-10-10T15:33:05-04:00,Batter damage by pitch type.
677649,ezequiel duran,R,SL,Slider,11,17,11,0,1,3,0,2,6,108.2,83.62,12.76,0.0,0.0909,0.0588,0.2727,0.0,0.1176,0.3529,2026-10-10,2026-10-10T15:33:05-04:00,Batter damage by pitch type.
677649,ezequiel duran,R,ST,Sweeper,15,14,8,0,0,2,0,4,2,100.9,79.61,19.93,0.0,0.0,0.0,0.1333,0.0,0.2857,0.1429,2026-10-10,2026-10-10T15:33:05-04:00,Batter damage by pitch type.
677800,wilyer abreu,L,CH,Changeup,6,6,4,0,0,0,0,1,3,105.0,84.58,12.5,0.0,0.0,0.0,0.0,0.0,0.1667,0.5,2026-10-10,2026-10-10T15:33:05-04:00,Batter damage by pitch type.
677800,wilyer abreu,L,CU,Curveball,4,5,2,0,0,0,0,2,2,93.5,82.66,-1.0,0.0,0.0,0.0,0.0,0.0,0.4,0.4,2026-10-10,2026-10-10T15:33:05-04:00,Batter damage by pitch type.
677800,wilyer abreu,L,FC,Cutter,7,10,10,0,1,3,0,0,3,101.0,84.57,43.6,0.0,0.1429,0.1,0.4286,0.0,0.0,0.3,2026-10-10,2026-10-10T15:33:05-04:00,Batter damage by pitch type.
677800,wilyer abreu,L,FF,4-Seam Fastball,26,33,28,0,3,5,2,2,12,104.9,84.25,36.94,0.0,0.1154,0.0909,0.1923,0.0769,0.0606,0.3636,2026-10-10,2026-10-10T15:33:05-04:00,Batter damage by pitch type.
677800,wilyer abreu,L,FS,Split-Finger,2,3,3,0,1,1,1,1,2,103.1,91.6,40.33,0.0,0.5,0.3333,0.5,0.5,0.3333,0.6667,2026-10-10,2026-10-10T15:33:05-04:00,Batter damage by pitch type.
677800,wilyer abreu,L,SI,Sinker,9,14,8,0,0,1,0,2,6,108.8,76.47,8.36,0.0,0.0,0.0,0.1111,0.0,0.1429,0.4286,2026-10-10,2026-10-10T15:33:05-04:00,Batter damage by pitch type.
677800,wilyer abreu,L,SL,Slider,4,7,5,0,0,0,0,2,2,98.3,82.19,21.43,0.0,0.0,0.0,0.0,0.0,0.2857,0.2857,2026-10-10,2026-10-10T15:33:05-04:00,Batter damage by pitch type.
677800,wilyer abreu,L,ST,Sweeper,6,6,5,0,0,0,0,3,1,94.4,75.85,34.17,0.0,0.0,0.0,0.0,0.0,0.5,0.1667,2026-10-10,2026-10-10T15:33:05-04:00,Batter damage by pitch type.
677943,will banfield,R,CH,Changeup,2,1,1,0,0,0,0,1,0,75.4,75.4,33.0,0.0,0.0,0.0,0.0,0.0,1.0,0.0,2026-10-10,2026-10-10T15:33:05-04:00,Batter damage by pitch type.
677943,will banfield,R,CU,Curveball,0,0,0,0,0,0,0,0,0,,,,,,,,,,,2026-10-10,2026-10-10T15:33:05-04:00,Batter damage by pitch type.
677943,will banfield,R,FC,Cutter,2,2,1,0,0,0,0,0,0,85.3,76.8,38.0,0.0,0.0,0.0,0.0,0.0,0.0,0.0,2026-10-10,2026-10-10T15:33:05-04:00,Batter damage by pitch type.
677943,will banfield,R,FF,4-Seam Fastball,6,6,6,0,0,0,0,1,0,91.2,77.4,59.33,0.0,0.0,0.0,0.0,0.0,0.1667,0.0,2026-10-10,2026-10-10T15:33:05-04:00,Batter damage by pitch type.
677943,will banfield,R,FS,Split-Finger,1,1,0,0,0,0,0,0,0,87.8,87.8,-33.0,0.0,0.0,0.0,0.0,0.0,0.0,0.0,2026-10-10,2026-10-10T15:33:05-04:00,Batter damage by pitch type.
677943,will banfield,R,SI,Sinker,1,2,1,0,0,0,0,0,1,100.6,92.35,-3.5,0.0,0.0,0.0,0.0,0.0,0.0,0.5,2026-10-10,2026-10-10T15:33:05-04:00,Batter damage by pitch type.
677943,will banfield,R,SL,Slider,2,3,2,0,0,1,1,1,2,102.3,88.93,29.33,0.0,0.0,0.0,0.5,0.5,0.3333,0.6667,2026-10-10,2026-10-10T15:33:05-04:00,Batter damage by pitch type.
677951,bobby witt,R,CH,Changeup,4,6,1,0,0,0,0,1,2,99.4,83.83,-13.0,0.0,0.0,0.0,0.0,0.0,0.1667,0.3333,2026-10-10,2026-10-10T15:33:05-04:00,Batter damage by pitch type.
677951,bobby witt,R,CU,Curveball,5,9,5,0,0,0,0,1,1,109.4,81.11,19.22,0.0,0.0,0.0,0.0,0.0,0.1111,0.1111,2026-10-10,2026-10-10T15:33:05-04:00,Batter damage by pitch type.
677951,bobby witt,R,FC,Cutter,6,10,7,0,0,2,0,0,4,103.3,81.89,21.2,0.0,0.0,0.0,0.3333,0.0,0.0,0.4,2026-10-10,2026-10-10T15:33:05-04:00,Batter damage by pitch type.
677951,bobby witt,R,FF,4-Seam Fastball,15,25,20,0,2,3,3,4,11,109.9,84.18,25.24,0.0,0.1333,0.08,0.2,0.2,0.16,0.44,2026-10-10,2026-10-10T15:33:05-04:00,Batter damage by pitch type.
677951,bobby witt,R,FS,Split-Finger,0,1,1,0,0,1,1,0,1,105.2,105.2,22.0,,,0.0,,,0.0,1.0,2026-10-10,2026-10-10T15:33:05-04:00,Batter damage by pitch type.
677951,bobby witt,R,KC,Knuckle Curve,1,1,1,0,0,1,0,0,1,111.4,111.4,12.0,0.0,0.0,0.0,1.0,0.0,0.0,1.0,2026-10-10,2026-10-10T15:33:05-04:00,Batter damage by pitch type.
677951,bobby witt,R,SI,Sinker,10,13,9,0,0,3,0,2,6,107.5,85.98,9.23,0.0,0.0,0.0,0.3,0.0,0.1538,0.4615,2026-10-10,2026-10-10T15:33:05-04:00,Batter damage by pitch type.
677951,bobby witt,R,SL,Slider,9,9,7,0,0,1,0,1,3,98.7,79.07,21.44,0.0,0.0,0.0,0.1111,0.0,0.1111,0.3333,2026-10-10,2026-10-10T15:33:05-04:00,Batter damage by pitch type.
677951,bobby witt,R,ST,Sweeper,11,17,13,0,0,3,0,5,1,111.9,85.81,32.53,0.0,0.0,0.0,0.2727,0.0,0.2941,0.0588,2026-10-10,2026-10-10T15:33:05-04:00,Batter damage by pitch type.
677951,bobby witt,R,SV,Slurve,1,2,1,0,0,0,0,0,0,72.6,71.5,28.5,0.0,0.0,0.0,0.0,0.0,0.0,0.0,2026-10-10,2026-10-10T15:33:05-04:00,Batter damage by pitch type.
677956,rece hinds,R,CH,Changeup,5,4,3,0,0,2,0,0,2,109.4,85.75,14.75,0.0,0.0,0.0,0.4,0.0,0.0,0.5,2026-10-10,2026-10-10T15:33:05-04:00,Batter damage by pitch type.
677956,rece hinds,R,CU,Curveball,2,1,0,0,0,0,0,0,0,100.5,100.5,-40.0,0.0,0.0,0.0,0.0,0.0,0.0,0.0,2026-10-10,2026-10-10T15:33:05-04:00,Batter damage by pitch type.
677956,rece hinds,R,FC,Cutter,1,1,0,0,0,0,0,0,0,77.2,77.2,0.0,0.0,0.0,0.0,0.0,0.0,0.0,0.0,2026-10-10,2026-10-10T15:33:05-04:00,Batter damage by pitch type.
677956,rece hinds,R,FF,4-Seam Fastball,7,10,6,0,0,1,0,1,5,99.8,78.46,26.5,0.0,0.0,0.0,0.1429,0.0,0.1,0.5,2026-10-10,2026-10-10T15:33:05-04:00,Batter damage by pitch type.
677956,rece hinds,R,FS,Split-Finger,0,1,0,0,0,0,0,0,0,69.6,69.6,-1.0,,,0.0,,,0.0,0.0,2026-10-10,2026-10-10T15:33:05-04:00,Batter damage by pitch type.
677956,rece hinds,R,SI,Sinker,2,1,1,0,0,1,0,1,1,109.3,109.3,9.0,0.0,0.0,0.0,0.5,0.0,1.0,1.0,2026-10-10,2026-10-10T15:33:05-04:00,Batter damage by pitch type.
677956,rece hinds,R,SL,Slider,2,1,0,0,0,0,0,0,0,78.3,78.3,6.0,0.0,0.0,0.0,0.0,0.0,0.0,0.0,2026-10-10,2026-10-10T15:33:05-04:00,Batter damage by pitch type.
677956,rece hinds,R,ST,Sweeper,4,5,4,0,0,1,0,0,1,110.8,84.82,36.8,0.0,0.0,0.0,0.25,0.0,0.0,0.2,2026-10-10,2026-10-10T15:33:05-04:00,Batter damage by pitch type.
678011,anthony seigler,L,CH,Changeup,2,2,1,0,0,0,0,0,0,71.1,70.1,13.5,0.0,0.0,0.0,0.0,0.0,0.0,0.0,2026-10-10,2026-10-10T15:33:05-04:00,Batter damage by pitch type.
678011,anthony seigler,L,SI,Sinker,0,2,1,0,0,0,0,0,0,90.5,84.55,4.0,,,0.0,,,0.0,0.0,2026-10-10,2026-10-10T15:33:05-04:00,Batter damage by pitch type.
678011,anthony seigler,L,SL,Slider,1,1,1,0,0,1,0,0,0,95.2,95.2,46.0,0.0,0.0,0.0,1.0,0.0,0.0,0.0,2026-10-10,2026-10-10T15:33:05-04:00,Batter damage by pitch type.
678011,anthony seigler,L,ST,Sweeper,0,0,0,0,0,0,0,0,0,,,,,,,,,,,2026-10-10,2026-10-10T15:33:05-04:00,Batter damage by pitch type.
678218,brandon valenzuela,L,CH,Changeup,0,0,0,0,0,0,0,0,0,,,,,,,,,,,2026-10-10,2026-10-10T15:33:05-04:00,Batter damage by pitch type.
678218,brandon valenzuela,L,CU,Curveball,1,1,1,0,0,0,0,1,0,70.7,70.7,57.0,0.0,0.0,0.0,0.0,0.0,1.0,0.0,2026-10-10,2026-10-10T15:33:05-04:00,Batter damage by pitch type.
678218,brandon valenzuela,L,FC,Cutter,0,1,0,0,0,0,0,0,0,85.3,85.3,-8.0,,,0.0,,,0.0,0.0,2026-10-10,2026-10-10T15:33:05-04:00,Batter damage by pitch type.
678218,brandon valenzuela,L,FF,4-Seam Fastball,4,4,4,0,0,0,0,1,1,90.9,83.1,43.75,0.0,0.0,0.0,0.0,0.0,0.25,0.25,2026-10-10,2026-10-10T15:33:05-04:00,Batter damage by pitch type.
678218,brandon valenzuela,L,FS,Split-Finger,1,2,0,0,0,0,0,0,1,98.8,84.6,-7.0,0.0,0.0,0.0,0.0,0.0,0.0,0.5,2026-10-10,2026-10-10T15:33:05-04:00,Batter damage by pitch type.
678218,brandon valenzuela,L,KC,Knuckle Curve,0,0,0,0,0,0,0,0,0,,,,,,,,,,,2026-10-10,2026-10-10T15:33:05-04:00,Batter damage by pitch type.
678218,brandon valenzuela,L,SI,Sinker,1,2,1,0,0,0,0,0,0,100.0,93.35,18.5,0.0,0.0,0.0,0.0,0.0,0.0,0.0,2026-10-10,2026-10-10T15:33:05-04:00,Batter damage by pitch type.
678218,brandon valenzuela,L,SL,Slider,3,2,0,0,0,0,0,0,0,102.1,99.35,-2.0,0.0,0.0,0.0,0.0,0.0,0.0,0.0,2026-10-10,2026-10-10T15:33:05-04:00,Batter damage by pitch type.
678218,brandon valenzuela,R,CH,Changeup,1,1,1,0,0,0,0,1,1,70.0,70.0,18.0,0.0,0.0,0.0,0.0,0.0,1.0,1.0,2026-10-10,2026-10-10T15:33:05-04:00,Batter damage by pitch type.
678218,brandon valenzuela,R,FC,Cutter,1,1,1,1,1,1,1,1,1,101.7,101.7,26.0,1.0,1.0,1.0,1.0,1.0,1.0,1.0,2026-10-10,2026-10-10T15:33:05-04:00,Batter damage by pitch type.
678218,brandon valenzuela,R,FF,4-Seam Fastball,6,5,3,0,0,0,0,1,1,105.4,85.66,23.2,0.0,0.0,0.0,0.0,0.0,0.2,0.2,2026-10-10,2026-10-10T15:33:05-04:00,Batter damage by pitch type.
678218,brandon valenzuela,R,SI,Sinker,1,1,0,0,0,0,0,0,0,105.3,105.3,-30.0,0.0,0.0,0.0,0.0,0.0,0.0,0.0,2026-10-10,2026-10-10T15:33:05-04:00,Batter damage by pitch type.
678218,brandon valenzuela,R,SL,Slider,0,1,1,0,0,0,0,0,0,80.7,80.7,53.0,,,0.0,,,0.0,0.0,2026-10-10,2026-10-10T15:33:05-04:00,Batter damage by pitch type.
678246,miguel vargas,R,CH,Changeup,7,4,2,0,0,0,0,0,0,93.9,84.58,18.25,0.0,0.0,0.0,0.0,0.0,0.0,0.0,2026-10-10,2026-10-10T15:33:05-04:00,Batter damage by pitch type.
678246,miguel vargas,R,CU,Curveball,4,5,3,0,0,0,0,0,1,82.3,75.64,21.6,0.0,0.0,0.0,0.0,0.0,0.0,0.2,2026-10-10,2026-10-10T15:33:05-04:00,Batter damage by pitch type.
678246,miguel vargas,R,FC,Cutter,10,15,9,1,1,1,1,3,6,102.2,72.47,9.0,0.1,0.1,0.0667,0.1,0.1,0.2,0.4,2026-10-10,2026-10-10T15:33:05-04:00,Batter damage by pitch type.
678246,miguel vargas,R,FF,4-Seam Fastball,43,57,49,2,2,13,2,17,11,109.7,85.87,38.53,0.0465,0.0465,0.0351,0.3023,0.0465,0.2982,0.193,2026-10-10,2026-10-10T15:33:05-04:00,Batter damage by pitch type.
678246,miguel vargas,R,FS,Split-Finger,1,0,0,0,0,0,0,0,0,,,,0.0,0.0,,0.0,0.0,,,2026-10-10,2026-10-10T15:33:05-04:00,Batter damage by pitch type.
678246,miguel vargas,R,KC,Knuckle Curve,1,1,0,0,0,0,0,0,0,95.2,95.2,-6.0,0.0,0.0,0.0,0.0,0.0,0.0,0.0,2026-10-10,2026-10-10T15:33:05-04:00,Batter damage by pitch type.
678246,miguel vargas,R,SI,Sinker,21,23,16,1,1,4,1,6,8,110.4,86.76,20.04,0.0476,0.0476,0.0435,0.1905,0.0476,0.2609,0.3478,2026-10-10,2026-10-10T15:33:05-04:00,Batter damage by pitch type.
678246,miguel vargas,R,SL,Slider,12,11,8,0,0,2,1,4,4,102.0,79.5,22.82,0.0,0.0,0.0,0.1667,0.0833,0.3636,0.3636,2026-10-10,2026-10-10T15:33:05-04:00,Batter damage by pitch type.
678246,miguel vargas,R,ST,Sweeper,2,5,3,0,1,1,1,1,0,104.3,74.72,13.0,0.0,0.5,0.2,0.5,0.5,0.2,0.0,2026-10-10,2026-10-10T15:33:05-04:00,Batter damage by pitch type.
678246,miguel vargas,R,SV,Slurve,1,1,1,0,0,0,0,1,1,85.9,85.9,11.0,0.0,0.0,0.0,0.0,0.0,1.0,1.0,2026-10-10,2026-10-10T15:33:05-04:00,Batter damage by pitch type.
678391,jorbit vivas,L,CH,Changeup,6,9,5,0,0,1,0,1,4,100.6,72.9,11.67,0.0,0.0,0.0,0.1667,0.0,0.1111,0.4444,2026-10-10,2026-10-10T15:33:05-04:00,Batter damage by pitch type.
678391,jorbit vivas,L,CU,Curveball,2,1,1,0,0,1,0,1,1,99.8,99.8,15.0,0.0,0.0,0.0,0.5,0.0,1.0,1.0,2026-10-10,2026-10-10T15:33:05-04:00,Batter damage by pitch type.
678391,jorbit vivas,L,FC,Cutter,1,4,4,0,0,0,0,0,2,78.0,67.58,28.0,0.0,0.0,0.0,0.0,0.0,0.0,0.5,2026-10-10,2026-10-10T15:33:05-04:00,Batter damage by pitch type.
678391,jorbit vivas,L,FF,4-Seam Fastball,14,28,24,0,0,1,0,3,12,96.1,79.84,28.79,0.0,0.0,0.0,0.0714,0.0,0.1071,0.4286,2026-10-10,2026-10-10T15:33:05-04:00,Batter damage by pitch type.
678391,jorbit vivas,L,FS,Split-Finger,0,0,0,0,0,0,0,0,0,,,,,,,,,,,2026-10-10,2026-10-10T15:33:05-04:00,Batter damage by pitch type.
678391,jorbit vivas,L,KC,Knuckle Curve,0,0,0,0,0,0,0,0,0,,,,,,,,,,,2026-10-10,2026-10-10T15:33:05-04:00,Batter damage by pitch type.
678391,jorbit vivas,L,SI,Sinker,9,11,5,0,0,0,0,0,1,102.0,74.81,4.45,0.0,0.0,0.0,0.0,0.0,0.0,0.0909,2026-10-10,2026-10-10T15:33:05-04:00,Batter damage by pitch type.
678391,jorbit vivas,L,SL,Slider,6,6,3,0,0,0,0,1,2,96.6,80.35,-0.33,0.0,0.0,0.0,0.0,0.0,0.1667,0.3333,2026-10-10,2026-10-10T15:33:05-04:00,Batter damage by pitch type.
678391,jorbit vivas,L,ST,Sweeper,2,4,2,0,0,0,0,0,1,95.3,72.42,7.75,0.0,0.0,0.0,0.0,0.0,0.0,0.25,2026-10-10,2026-10-10T15:33:05-04:00,Batter damage by pitch type.
678489,jorge barrosa,L,CU,Curveball,0,0,0,0,0,0,0,0,0,,,,,,,,,,,2026-10-10,2026-10-10T15:33:05-04:00,Batter damage by pitch type.
678489,jorge barrosa,L,FC,Cutter,0,1,0,0,0,0,0,0,0,90.7,90.7,-15.0,,,0.0,,,0.0,0.0,2026-10-10,2026-10-10T15:33:05-04:00,Batter damage by pitch type.
678489,jorge barrosa,L,FF,4-Seam Fastball,5,4,3,0,0,2,0,0,2,103.8,88.9,16.25,0.0,0.0,0.0,0.4,0.0,0.0,0.5,2026-10-10,2026-10-10T15:33:05-04:00,Batter damage by pitch type.
678489,jorge barrosa,L,FS,Split-Finger,1,1,1,0,0,0,0,1,1,90.7,90.7,29.0,0.0,0.0,0.0,0.0,0.0,1.0,1.0,2026-10-10,2026-10-10T15:33:05-04:00,Batter damage by pitch type.
678489,jorge barrosa,L,KC,Knuckle Curve,0,0,0,0,0,0,0,0,0,,,,,,,,,,,2026-10-10,2026-10-10T15:33:05-04:00,Batter damage by pitch type.
678489,jorge barrosa,L,SI,Sinker,0,1,1,0,0,0,0,0,0,74.3,74.3,50.0,,,0.0,,,0.0,0.0,2026-10-10,2026-10-10T15:33:05-04:00,Batter damage by pitch type.
678489,jorge barrosa,L,SL,Slider,1,0,0,0,0,0,0,0,0,,,,0.0,0.0,,0.0,0.0,,,2026-10-10,2026-10-10T15:33:05-04:00,Batter damage by pitch type.
678489,jorge barrosa,R,CH,Changeup,1,1,1,0,0,0,0,0,1,80.7,80.7,17.0,0.0,0.0,0.0,0.0,0.0,0.0,1.0,2026-10-10,2026-10-10T15:33:05-04:00,Batter damage by pitch type.
678489,jorge barrosa,R,FC,Cutter,0,2,1,0,0,0,0,0,0,93.2,72.55,31.0,,,0.0,,,0.0,0.0,2026-10-10,2026-10-10T15:33:05-04:00,Batter damage by pitch type.
678489,jorge barrosa,R,FF,4-Seam Fastball,2,3,3,0,0,0,0,1,0,79.6,71.63,68.0,0.0,0.0,0.0,0.0,0.0,0.3333,0.0,2026-10-10,2026-10-10T15:33:05-04:00,Batter damage by pitch type.
678489,jorge barrosa,R,FS,Split-Finger,0,0,0,0,0,0,0,0,0,,,,,,,,,,,2026-10-10,2026-10-10T15:33:05-04:00,Batter damage by pitch type.
678489,jorge barrosa,R,SI,Sinker,0,0,0,0,0,0,0,0,0,,,,,,,,,,,2026-10-10,2026-10-10T15:33:05-04:00,Batter damage by pitch type.
678489,jorge barrosa,R,SL,Slider,2,2,1,0,0,0,0,0,0,88.1,85.25,27.5,0.0,0.0,0.0,0.0,0.0,0.0,0.0,2026-10-10,2026-10-10T15:33:05-04:00,Batter damage by pitch type.
678545,osleivis basabe,R,CH,Changeup,4,3,2,0,0,1,0,0,2,99.9,87.2,7.67,0.0,0.0,0.0,0.25,0.0,0.0,0.6667,2026-10-10,2026-10-10T15:33:05-04:00,Batter damage by pitch type.
678545,osleivis basabe,R,CU,Curveball,0,0,0,0,0,0,0,0,0,,,,,,,,,,,2026-10-10,2026-10-10T15:33:05-04:00,Batter damage by pitch type.
678545,osleivis basabe,R,FC,Cutter,1,2,1,0,0,1,0,1,1,95.6,88.2,11.0,0.0,0.0,0.0,1.0,0.0,0.5,0.5,2026-10-10,2026-10-10T15:33:05-04:00,Batter damage by pitch type.
678545,osleivis basabe,R,FF,4-Seam Fastball,7,11,10,0,0,2,0,1,6,105.6,82.65,32.91,0.0,0.0,0.0,0.2857,0.0,0.0909,0.5455,2026-10-10,2026-10-10T15:33:05-04:00,Batter damage by pitch type.
678545,osleivis basabe,R,FS,Split-Finger,0,0,0,0,0,0,0,0,0,,,,,,,,,,,2026-10-10,2026-10-10T15:33:05-04:00,Batter damage by pitch type.
678545,osleivis basabe,R,SI,Sinker,4,4,2,0,0,0,0,0,2,93.0,83.25,-2.5,0.0,0.0,0.0,0.0,0.0,0.0,0.5,2026-10-10,2026-10-10T15:33:05-04:00,Batter damage by pitch type.
678545,osleivis basabe,R,SL,Slider,5,5,2,0,0,0,0,1,0,105.3,90.68,6.0,0.0,0.0,0.0,0.0,0.0,0.2,0.0,2026-10-10,2026-10-10T15:33:05-04:00,Batter damage by pitch type.
678545,osleivis basabe,R,ST,Sweeper,1,1,0,0,0,0,0,0,0,84.9,84.9,-31.0,0.0,0.0,0.0,0.0,0.0,0.0,0.0,2026-10-10,2026-10-10T15:33:05-04:00,Batter damage by pitch type.
678662,ezequiel tovar,R,CH,Changeup,6,6,2,0,0,0,0,0,0,99.5,76.47,-0.5,0.0,0.0,0.0,0.0,0.0,0.0,0.0,2026-10-10,2026-10-10T15:33:05-04:00,Batter damage by pitch type.
678662,ezequiel tovar,R,CU,Curveball,3,2,1,0,0,0,0,0,0,67.1,47.95,7.5,0.0,0.0,0.0,0.0,0.0,0.0,0.0,2026-10-10,2026-10-10T15:33:05-04:00,Batter damage by pitch type.
678662,ezequiel tovar,R,FC,Cutter,3,8,5,1,1,1,1,1,3,105.7,80.11,14.25,0.3333,0.3333,0.125,0.3333,0.3333,0.125,0.375,2026-10-10,2026-10-10T15:33:05-04:00,Batter damage by pitch type.
678662,ezequiel tovar,R,FF,4-Seam Fastball,13,20,17,0,1,2,1,1,6,106.6,85.09,39.45,0.0,0.0769,0.05,0.1538,0.0769,0.05,0.3,2026-10-10,2026-10-10T15:33:05-04:00,Batter damage by pitch type.
678662,ezequiel tovar,R,FS,Split-Finger,1,0,0,0,0,0,0,0,0,,,,0.0,0.0,,0.0,0.0,,,2026-10-10,2026-10-10T15:33:05-04:00,Batter damage by pitch type.
678662,ezequiel tovar,R,KC,Knuckle Curve,1,1,1,0,0,0,0,0,0,72.2,72.2,60.0,0.0,0.0,0.0,0.0,0.0,0.0,0.0,2026-10-10,2026-10-10T15:33:05-04:00,Batter damage by pitch type.
678662,ezequiel tovar,R,SI,Sinker,5,12,8,1,1,2,1,0,6,109.0,89.77,12.67,0.2,0.2,0.0833,0.4,0.2,0.0,0.5,2026-10-10,2026-10-10T15:33:05-04:00,Batter damage by pitch type.
678662,ezequiel tovar,R,SL,Slider,11,9,6,1,1,1,1,3,3,107.3,68.57,17.33,0.0909,0.0909,0.1111,0.0909,0.0909,0.3333,0.3333,2026-10-10,2026-10-10T15:33:05-04:00,Batter damage by pitch type.
678662,ezequiel tovar,R,ST,Sweeper,2,2,2,0,0,0,0,1,1,76.9,75.3,33.5,0.0,0.0,0.0,0.0,0.0,0.5,0.5,2026-10-10,2026-10-10T15:33:05-04:00,Batter damage by pitch type.
678662,ezequiel tovar,R,SV,Slurve,0,0,0,0,0,0,0,0,0,,,,,,,,,,,2026-10-10,2026-10-10T15:33:05-04:00,Batter damage by pitch type.
678882,ceddanne rafaela,R,CH,Changeup,1,2,1,0,0,0,0,1,1,94.2,87.15,9.0,0.0,0.0,0.0,0.0,0.0,0.5,0.5,2026-10-10,2026-10-10T15:33:05-04:00,Batter damage by pitch type.
678882,ceddanne rafaela,R,CU,Curveball,1,3,1,0,0,0,0,1,1,76.6,72.63,-17.33,0.0,0.0,0.0,0.0,0.0,0.3333,0.3333,2026-10-10,2026-10-10T15:33:05-04:00,Batter damage by pitch type.
678882,ceddanne rafaela,R,FC,Cutter,3,3,2,0,1,1,1,2,1,106.5,89.2,8.0,0.0,0.3333,0.3333,0.3333,0.3333,0.6667,0.3333,2026-10-10,2026-10-10T15:33:05-04:00,Batter damage by pitch type.
678882,ceddanne rafaela,R,FF,4-Seam Fastball,4,8,4,0,0,0,0,0,1,100.7,80.5,12.38,0.0,0.0,0.0,0.0,0.0,0.0,0.125,2026-10-10,2026-10-10T15:33:05-04:00,Batter damage by pitch type.
678882,ceddanne rafaela,R,FS,Split-Finger,2,1,1,0,0,0,0,0,0,60.9,60.9,40.0,0.0,0.0,0.0,0.0,0.0,0.0,0.0,2026-10-10,2026-10-10T15:33:05-04:00,Batter damage by pitch type.
678882,ceddanne rafaela,R,SI,Sinker,1,1,0,0,0,0,0,0,0,90.6,90.6,-10.0,0.0,0.0,0.0,0.0,0.0,0.0,0.0,2026-10-10,2026-10-10T15:33:05-04:00,Batter damage by pitch type.
678882,ceddanne rafaela,R,SL,Slider,1,1,1,0,0,0,0,0,0,82.7,82.7,47.0,0.0,0.0,0.0,0.0,0.0,0.0,0.0,2026-10-10,2026-10-10T15:33:05-04:00,Batter damage by pitch type.
678882,ceddanne rafaela,R,ST,Sweeper,1,2,2,0,0,0,0,0,0,79.7,72.75,54.5,0.0,0.0,0.0,0.0,0.0,0.0,0.0,2026-10-10,2026-10-10T15:33:05-04:00,Batter damage by pitch type.
679529,spencer torkelson,R,CH,Changeup,5,3,1,0,0,1,0,1,0,95.4,83.1,5.67,0.0,0.0,0.0,0.2,0.0,0.3333,0.0,2026-10-10,2026-10-10T15:33:05-04:00,Batter damage by pitch type.
679529,spencer torkelson,R,CU,Curveball,0,0,0,0,0,0,0,0,0,,,,,,,,,,,2026-10-10,2026-10-10T15:33:05-04:00,Batter damage by pitch type.
679529,spencer torkelson,R,FC,Cutter,3,2,2,0,0,1,0,0,0,103.9,92.4,45.0,0.0,0.0,0.0,0.3333,0.0,0.0,0.0,2026-10-10,2026-10-10T15:33:05-04:00,Batter damage by pitch type.
679529,spencer torkelson,R,FF,4-Seam Fastball,24,19,16,3,2,7,1,7,7,106.0,88.65,27.11,0.125,0.0833,0.1053,0.2917,0.0417,0.3684,0.3684,2026-10-10,2026-10-10T15:33:05-04:00,Batter damage by pitch type.
679529,spencer torkelson,R,FS,Split-Finger,0,0,0,0,0,0,0,0,0,,,,,,,,,,,2026-10-10,2026-10-10T15:33:05-04:00,Batter damage by pitch type.
679529,spencer torkelson,R,KC,Knuckle Curve,1,1,0,0,0,0,0,0,0,97.3,97.3,2.0,0.0,0.0,0.0,0.0,0.0,0.0,0.0,2026-10-10,2026-10-10T15:33:05-04:00,Batter damage by pitch type.
679529,spencer torkelson,R,SI,Sinker,12,11,9,0,1,3,1,1,4,103.9,87.75,33.82,0.0,0.0833,0.0909,0.25,0.0833,0.0909,0.3636,2026-10-10,2026-10-10T15:33:05-04:00,Batter damage by pitch type.
679529,spencer torkelson,R,SL,Slider,11,8,4,0,0,2,0,2,0,101.7,88.5,20.0,0.0,0.0,0.0,0.1818,0.0,0.25,0.0,2026-10-10,2026-10-10T15:33:05-04:00,Batter damage by pitch type.
679529,spencer torkelson,R,ST,Sweeper,5,9,7,1,0,1,0,3,2,102.7,77.1,19.33,0.2,0.0,0.0,0.2,0.0,0.3333,0.2222,2026-10-10,2026-10-10T15:33:05-04:00,Batter damage by pitch type.
679822,justin foscue,R,CH,Changeup,3,8,3,0,0,0,0,0,0,103.5,79.46,11.88,0.0,0.0,0.0,0.0,0.0,0.0,0.0,2026-10-10,2026-10-10T15:33:05-04:00,Batter damage by pitch type.
679822,justin foscue,R,CU,Curveball,1,1,0,0,0,0,0,0,0,91.4,91.4,-6.0,0.0,0.0,0.0,0.0,0.0,0.0,0.0,2026-10-10,2026-10-10T15:33:05-04:00,Batter damage by pitch type.
679822,justin foscue,R,FC,Cutter,3,6,2,0,0,0,0,1,1,86.6,77.22,4.67,0.0,0.0,0.0,0.0,0.0,0.1667,0.1667,2026-10-10,2026-10-10T15:33:05-04:00,Batter damage by pitch type.
679822,justin foscue,R,FF,4-Seam Fastball,4,5,4,0,0,0,0,0,0,81.3,73.18,35.2,0.0,0.0,0.0,0.0,0.0,0.0,0.0,2026-10-10,2026-10-10T15:33:05-04:00,Batter damage by pitch type.
679822,justin foscue,R,SI,Sinker,8,10,6,0,0,1,0,1,6,104.1,82.91,9.8,0.0,0.0,0.0,0.125,0.0,0.1,0.6,2026-10-10,2026-10-10T15:33:05-04:00,Batter damage by pitch type.
679822,justin foscue,R,SL,Slider,1,1,1,0,0,0,0,0,1,57.1,57.1,30.0,0.0,0.0,0.0,0.0,0.0,0.0,1.0,2026-10-10,2026-10-10T15:33:05-04:00,Batter damage by pitch type.
679822,justin foscue,R,ST,Sweeper,5,5,3,0,0,2,1,0,2,101.0,85.72,7.0,0.0,0.0,0.0,0.4,0.2,0.0,0.4,2026-10-10,2026-10-10T15:33:05-04:00,Batter damage by pitch type.
679845,nick loftin,R,CH,Changeup,2,3,0,0,0,0,0,0,0,99.5,87.27,-17.0,0.0,0.0,0.0,0.0,0.0,0.0,0.0,2026-10-10,2026-10-10T15:33:05-04:00,Batter damage by pitch type.
679845,nick loftin,R,CU,Curveball,2,0,0,0,0,0,0,0,0,,,,0.0,0.0,,0.0,0.0,,,2026-10-10,2026-10-10T15:33:05-04:00,Batter damage by pitch type.
679845,nick loftin,R,FC,Cutter,5,5,3,0,0,0,0,1,2,96.5,79.74,16.4,0.0,0.0,0.0,0.0,0.0,0.2,0.4,2026-10-10,2026-10-10T15:33:05-04:00,Batter damage by pitch type.
679845,nick loftin,R,FF,4-Seam Fastball,7,14,13,0,0,2,0,3,9,97.3,72.18,23.71,0.0,0.0,0.0,0.2857,0.0,0.2143,0.6429,2026-10-10,2026-10-10T15:33:05-04:00,Batter damage by pitch type.
679845,nick loftin,R,FS,Split-Finger,1,1,0,0,0,0,0,0,0,89.0,89.0,-18.0,0.0,0.0,0.0,0.0,0.0,0.0,0.0,2026-10-10,2026-10-10T15:33:05-04:00,Batter damage by pitch type.
679845,nick loftin,R,SI,Sinker,11,16,11,0,0,3,0,4,4,106.5,85.97,27.0,0.0,0.0,0.0,0.2727,0.0,0.25,0.25,2026-10-10,2026-10-10T15:33:05-04:00,Batter damage by pitch type.
679845,nick loftin,R,SL,Slider,4,4,2,1,1,1,1,2,1,102.1,94.35,17.5,0.25,0.25,0.25,0.25,0.25,0.5,0.25,2026-10-10,2026-10-10T15:33:05-04:00,Batter damage by pitch type.
679845,nick loftin,R,ST,Sweeper,5,3,2,0,0,0,0,1,0,91.2,77.5,19.0,0.0,0.0,0.0,0.0,0.0,0.3333,0.0,2026-10-10,2026-10-10T15:33:05-04:00,Batter damage by pitch type.
680574,matt mclain,R,CH,Changeup,6,3,0,0,0,0,0,0,0,92.1,71.33,-24.67,0.0,0.0,0.0,0.0,0.0,0.0,0.0,2026-10-10,2026-10-10T15:33:05-04:00,Batter damage by pitch type.
680574,matt mclain,R,CU,Curveball,3,5,5,0,0,1,0,1,2,98.9,83.24,37.8,0.0,0.0,0.0,0.3333,0.0,0.2,0.4,2026-10-10,2026-10-10T15:33:05-04:00,Batter damage by pitch type.
680574,matt mclain,R,FC,Cutter,1,3,2,0,0,0,0,1,1,92.7,73.2,10.0,0.0,0.0,0.0,0.0,0.0,0.3333,0.3333,2026-10-10,2026-10-10T15:33:05-04:00,Batter damage by pitch type.
680574,matt mclain,R,FF,4-Seam Fastball,10,26,23,0,1,2,1,2,10,107.2,81.83,38.19,0.0,0.1,0.0385,0.2,0.1,0.0769,0.3846,2026-10-10,2026-10-10T15:33:05-04:00,Batter damage by pitch type.
680574,matt mclain,R,FS,Split-Finger,4,4,1,0,0,0,0,0,2,89.9,81.08,1.25,0.0,0.0,0.0,0.0,0.0,0.0,0.5,2026-10-10,2026-10-10T15:33:05-04:00,Batter damage by pitch type.
680574,matt mclain,R,SI,Sinker,7,10,8,0,0,1,0,0,4,105.3,83.34,25.8,0.0,0.0,0.0,0.1429,0.0,0.0,0.4,2026-10-10,2026-10-10T15:33:05-04:00,Batter damage by pitch type.
680574,matt mclain,R,SL,Slider,7,3,3,0,0,1,0,0,1,96.6,78.13,50.33,0.0,0.0,0.0,0.1429,0.0,0.0,0.3333,2026-10-10,2026-10-10T15:33:05-04:00,Batter damage by pitch type.
680574,matt mclain,R,ST,Sweeper,5,4,1,0,0,0,0,1,0,80.6,67.7,3.5,0.0,0.0,0.0,0.0,0.0,0.25,0.0,2026-10-10,2026-10-10T15:33:05-04:00,Batter damage by pitch type.
680577,dashawn keirsey,L,CH,Changeup,1,1,1,0,0,0,0,0,0,86.1,86.1,37.0,0.0,0.0,0.0,0.0,0.0,0.0,0.0,2026-10-10,2026-10-10T15:33:05-04:00,Batter damage by pitch type.
680577,dashawn keirsey,L,EP,Eephus,1,1,1,0,0,0,0,1,1,87.8,87.8,15.0,0.0,0.0,0.0,0.0,0.0,1.0,1.0,2026-10-10,2026-10-10T15:33:05-04:00,Batter damage by pitch type.
680577,dashawn keirsey,L,FF,4-Seam Fastball,2,2,2,0,0,0,0,1,2,86.8,79.1,29.5,0.0,0.0,0.0,0.0,0.0,0.5,1.0,2026-10-10,2026-10-10T15:33:05-04:00,Batter damage by pitch type.
680577,dashawn keirsey,L,SI,Sinker,0,1,1,0,0,0,0,0,1,77.6,77.6,17.0,,,0.0,,,0.0,1.0,2026-10-10,2026-10-10T15:33:05-04:00,Batter damage by pitch type.
680577,dashawn keirsey,L,ST,Sweeper,1,1,0,0,0,0,0,0,0,79.9,79.9,-47.0,0.0,0.0,0.0,0.0,0.0,0.0,0.0,2026-10-10,2026-10-10T15:33:05-04:00,Batter damage by pitch type.
680664,eduardo valencia,R,CH,Changeup,4,5,4,1,2,2,2,3,4,109.8,93.82,27.0,0.25,0.5,0.4,0.5,0.5,0.6,0.8,2026-10-10,2026-10-10T15:33:05-04:00,Batter damage by pitch type.
680664,eduardo valencia,R,CU,Curveball,6,9,6,1,0,4,1,3,5,106.9,93.49,16.89,0.1667,0.0,0.0,0.6667,0.1667,0.3333,0.5556,2026-10-10,2026-10-10T15:33:05-04:00,Batter damage by pitch type.
680664,eduardo valencia,R,FC,Cutter,4,5,3,0,0,2,0,1,2,101.2,87.82,9.4,0.0,0.0,0.0,0.5,0.0,0.2,0.4,2026-10-10,2026-10-10T15:33:05-04:00,Batter damage by pitch type.
680664,eduardo valencia,R,FF,4-Seam Fastball,9,15,15,0,0,4,0,3,6,106.3,85.08,35.8,0.0,0.0,0.0,0.4444,0.0,0.2,0.4,2026-10-10,2026-10-10T15:33:05-04:00,Batter damage by pitch type.
680664,eduardo valencia,R,FS,Split-Finger,1,1,0,0,0,0,0,0,0,103.4,103.4,-3.0,0.0,0.0,0.0,0.0,0.0,0.0,0.0,2026-10-10,2026-10-10T15:33:05-04:00,Batter damage by pitch type.
680664,eduardo valencia,R,KC,Knuckle Curve,1,1,0,0,0,0,0,0,1,82.7,82.7,8.0,0.0,0.0,0.0,0.0,0.0,0.0,1.0,2026-10-10,2026-10-10T15:33:05-04:00,Batter damage by pitch type.
680664,eduardo valencia,R,SI,Sinker,12,12,7,0,0,1,0,2,4,101.9,80.68,17.0,0.0,0.0,0.0,0.0833,0.0,0.1667,0.3333,2026-10-10,2026-10-10T15:33:05-04:00,Batter damage by pitch type.
680664,eduardo valencia,R,SL,Slider,4,9,6,0,1,1,1,1,2,104.8,79.93,21.89,0.0,0.25,0.1111,0.25,0.25,0.1111,0.2222,2026-10-10,2026-10-10T15:33:05-04:00,Batter damage by pitch type.
680664,eduardo valencia,R,ST,Sweeper,1,1,0,0,0,0,0,0,0,86.0,86.0,-35.0,0.0,0.0,0.0,0.0,0.0,0.0,0.0,2026-10-10,2026-10-10T15:33:05-04:00,Batter damage by pitch type.
680664,eduardo valencia,R,SV,Slurve,1,0,0,0,0,0,0,0,0,,,,0.0,0.0,,0.0,0.0,,,2026-10-10,2026-10-10T15:33:05-04:00,Batter damage by pitch type.
680700,richie palacios,L,CH,Changeup,5,6,2,0,0,1,0,1,3,104.6,88.75,6.67,0.0,0.0,0.0,0.2,0.0,0.1667,0.5,2026-10-10,2026-10-10T15:33:05-04:00,Batter damage by pitch type.
680700,richie palacios,L,CU,Curveball,5,10,7,0,0,1,1,1,4,107.3,80.57,21.3,0.0,0.0,0.0,0.2,0.2,0.1,0.4,2026-10-10,2026-10-10T15:33:05-04:00,Batter damage by pitch type.
680700,richie palacios,L,FC,Cutter,6,10,6,1,0,1,0,2,2,106.0,85.95,18.4,0.1667,0.0,0.0,0.1667,0.0,0.2,0.2,2026-10-10,2026-10-10T15:33:05-04:00,Batter damage by pitch type.
680700,richie palacios,L,FF,4-Seam Fastball,17,29,23,0,0,6,1,6,8,101.5,84.37,33.45,0.0,0.0,0.0,0.3529,0.0588,0.2069,0.2759,2026-10-10,2026-10-10T15:33:05-04:00,Batter damage by pitch type.
680700,richie palacios,L,FS,Split-Finger,0,1,0,0,0,0,0,0,0,88.2,88.2,-44.0,,,0.0,,,0.0,0.0,2026-10-10,2026-10-10T15:33:05-04:00,Batter damage by pitch type.
680700,richie palacios,L,KC,Knuckle Curve,0,0,0,0,0,0,0,0,0,,,,,,,,,,,2026-10-10,2026-10-10T15:33:05-04:00,Batter damage by pitch type.
680700,richie palacios,L,SI,Sinker,11,10,3,0,0,0,0,1,2,94.9,78.51,-7.4,0.0,0.0,0.0,0.0,0.0,0.1,0.2,2026-10-10,2026-10-10T15:33:05-04:00,Batter damage by pitch type.
680700,richie palacios,L,SL,Slider,3,2,2,0,0,1,0,1,1,95.8,80.75,27.5,0.0,0.0,0.0,0.3333,0.0,0.5,0.5,2026-10-10,2026-10-10T15:33:05-04:00,Batter damage by pitch type.
680700,richie palacios,L,ST,Sweeper,2,5,4,0,0,4,1,0,4,103.1,97.7,11.0,0.0,0.0,0.0,2.0,0.5,0.0,0.8,2026-10-10,2026-10-10T15:33:05-04:00,Batter damage by pitch type.
680700,richie palacios,L,SV,Slurve,0,0,0,0,0,0,0,0,0,,,,,,,,,,,2026-10-10,2026-10-10T15:33:05-04:00,Batter damage by pitch type.
680728,adrian del castillo,L,CH,Changeup,0,2,1,0,0,0,0,0,1,86.7,81.15,0.0,,,0.0,,,0.0,0.5,2026-10-10,2026-10-10T15:33:05-04:00,Batter damage by pitch type.
680728,adrian del castillo,L,FF,4-Seam Fastball,0,1,1,0,0,0,0,0,1,76.8,76.8,23.0,,,0.0,,,0.0,1.0,2026-10-10,2026-10-10T15:33:05-04:00,Batter damage by pitch type.
680728,adrian del castillo,L,SL,Slider,2,1,0,0,0,0,0,0,0,105.3,105.3,1.0,0.0,0.0,0.0,0.0,0.0,0.0,0.0,2026-10-10,2026-10-10T15:33:05-04:00,Batter damage by pitch type.
680757,steven kwan,L,CH,Changeup,5,6,5,0,0,2,0,1,3,96.1,87.78,11.83,0.0,0.0,0.0,0.4,0.0,0.1667,0.5,2026-10-10,2026-10-10T15:33:05-04:00,Batter damage by pitch type.
680757,steven kwan,L,CU,Curveball,3,4,2,0,0,0,0,0,1,93.6,77.97,7.0,0.0,0.0,0.0,0.0,0.0,0.0,0.25,2026-10-10,2026-10-10T15:33:05-04:00,Batter damage by pitch type.
680757,steven kwan,L,FC,Cutter,7,6,4,0,0,1,0,2,4,97.0,85.18,15.0,0.0,0.0,0.0,0.1429,0.0,0.3333,0.6667,2026-10-10,2026-10-10T15:33:05-04:00,Batter damage by pitch type.
680757,steven kwan,L,FF,4-Seam Fastball,31,32,24,1,0,3,0,3,13,100.6,80.23,19.69,0.0323,0.0,0.0,0.0968,0.0,0.0938,0.4062,2026-10-10,2026-10-10T15:33:05-04:00,Batter damage by pitch type.
680757,steven kwan,L,FS,Split-Finger,1,1,0,0,0,0,0,0,0,90.8,90.8,-7.0,0.0,0.0,0.0,0.0,0.0,0.0,0.0,2026-10-10,2026-10-10T15:33:05-04:00,Batter damage by pitch type.
680757,steven kwan,L,KC,Knuckle Curve,1,1,0,0,0,0,0,0,0,79.9,79.9,-12.0,0.0,0.0,0.0,0.0,0.0,0.0,0.0,2026-10-10,2026-10-10T15:33:05-04:00,Batter damage by pitch type.
680757,steven kwan,L,SI,Sinker,19,23,12,0,0,0,0,0,8,97.1,76.76,1.74,0.0,0.0,0.0,0.0,0.0,0.0,0.3478,2026-10-10,2026-10-10T15:33:05-04:00,Batter damage by pitch type.
680757,steven kwan,L,SL,Slider,9,13,8,0,0,1,0,2,4,99.2,81.11,11.85,0.0,0.0,0.0,0.1111,0.0,0.1538,0.3077,2026-10-10,2026-10-10T15:33:05-04:00,Batter damage by pitch type.
680757,steven kwan,L,ST,Sweeper,8,7,2,0,0,0,0,0,0,95.5,73.7,6.86,0.0,0.0,0.0,0.0,0.0,0.0,0.0,2026-10-10,2026-10-10T15:33:05-04:00,Batter damage by pitch type.
680757,steven kwan,L,SV,Slurve,0,0,0,0,0,0,0,0,0,,,,,,,,,,,2026-10-10,2026-10-10T15:33:05-04:00,Batter damage by pitch type.
680776,jarren duran,L,CH,Changeup,10,9,4,0,0,0,0,1,1,90.1,74.01,4.0,0.0,0.0,0.0,0.0,0.0,0.1111,0.1111,2026-10-10,2026-10-10T15:33:05-04:00,Batter damage by pitch type.
680776,jarren duran,L,CU,Curveball,3,4,1,0,0,0,0,0,0,97.7,79.15,-13.75,0.0,0.0,0.0,0.0,0.0,0.0,0.0,2026-10-10,2026-10-10T15:33:05-04:00,Batter damage by pitch type.
680776,jarren duran,L,FC,Cutter,3,3,2,0,0,0,0,0,1,83.8,74.77,6.67,0.0,0.0,0.0,0.0,0.0,0.0,0.3333,2026-10-10,2026-10-10T15:33:05-04:00,Batter damage by pitch type.
680776,jarren duran,L,FF,4-Seam Fastball,11,19,16,0,0,1,0,1,4,107.9,74.58,39.84,0.0,0.0,0.0,0.0909,0.0,0.0526,0.2105,2026-10-10,2026-10-10T15:33:05-04:00,Batter damage by pitch type.
680776,jarren duran,L,FS,Split-Finger,2,0,0,0,0,0,0,0,0,,,,0.0,0.0,,0.0,0.0,,,2026-10-10,2026-10-10T15:33:05-04:00,Batter damage by pitch type.
680776,jarren duran,L,SI,Sinker,5,6,4,0,0,1,0,1,1,99.2,86.9,14.67,0.0,0.0,0.0,0.2,0.0,0.1667,0.1667,2026-10-10,2026-10-10T15:33:05-04:00,Batter damage by pitch type.
680776,jarren duran,L,SL,Slider,5,6,2,0,0,1,0,1,1,108.2,83.17,-6.17,0.0,0.0,0.0,0.2,0.0,0.1667,0.1667,2026-10-10,2026-10-10T15:33:05-04:00,Batter damage by pitch type.
680776,jarren duran,L,ST,Sweeper,4,2,1,0,0,0,0,1,1,105.3,100.1,8.0,0.0,0.0,0.0,0.0,0.0,0.5,0.5,2026-10-10,2026-10-10T15:33:05-04:00,Batter damage by pitch type.
680777,ryan jeffers,R,CH,Changeup,4,4,2,0,0,1,0,2,1,102.0,96.45,13.5,0.0,0.0,0.0,0.25,0.0,0.5,0.25,2026-10-10,2026-10-10T15:33:05-04:00,Batter damage by pitch type.
680777,ryan jeffers,R,CU,Curveball,3,2,1,0,0,1,0,1,0,95.1,81.95,20.5,0.0,0.0,0.0,0.3333,0.0,0.5,0.0,2026-10-10,2026-10-10T15:33:05-04:00,Batter damage by pitch type.
680777,ryan jeffers,R,FC,Cutter,1,1,0,0,0,0,0,0,0,101.0,101.0,-21.0,0.0,0.0,0.0,0.0,0.0,0.0,0.0,2026-10-10,2026-10-10T15:33:05-04:00,Batter damage by pitch type.
680777,ryan jeffers,R,FF,4-Seam Fastball,19,23,19,0,0,0,0,2,8,97.1,77.79,34.87,0.0,0.0,0.0,0.0,0.0,0.087,0.3478,2026-10-10,2026-10-10T15:33:05-04:00,Batter damage by pitch type.
680777,ryan jeffers,R,FS,Split-Finger,1,0,0,0,0,0,0,0,0,,,,0.0,0.0,,0.0,0.0,,,2026-10-10,2026-10-10T15:33:05-04:00,Batter damage by pitch type.
680777,ryan jeffers,R,SI,Sinker,9,9,8,0,0,4,0,4,5,108.9,89.04,27.22,0.0,0.0,0.0,0.4444,0.0,0.4444,0.5556,2026-10-10,2026-10-10T15:33:05-04:00,Batter damage by pitch type.
680777,ryan jeffers,R,SL,Slider,4,5,3,0,0,1,0,2,2,104.3,88.76,14.0,0.0,0.0,0.0,0.25,0.0,0.4,0.4,2026-10-10,2026-10-10T15:33:05-04:00,Batter damage by pitch type.
680777,ryan jeffers,R,ST,Sweeper,1,2,1,0,0,0,0,0,1,84.3,59.1,-17.0,0.0,0.0,0.0,0.0,0.0,0.0,0.5,2026-10-10,2026-10-10T15:33:05-04:00,Batter damage by pitch type.
680779,henry davis,R,CH,Changeup,4,4,4,0,0,2,2,0,2,107.2,91.55,31.5,0.0,0.0,0.0,0.5,0.5,0.0,0.5,2026-10-10,2026-10-10T15:33:05-04:00,Batter damage by pitch type.
680779,henry davis,R,CU,Curveball,0,0,0,0,0,0,0,0,0,,,,,,,,,,,2026-10-10,2026-10-10T15:33:05-04:00,Batter damage by pitch type.
680779,henry davis,R,FC,Cutter,1,2,2,0,0,1,0,1,1,97.0,90.7,35.0,0.0,0.0,0.0,1.0,0.0,0.5,0.5,2026-10-10,2026-10-10T15:33:05-04:00,Batter damage by pitch type.
680779,henry davis,R,FF,4-Seam Fastball,7,6,5,0,0,1,0,2,2,102.6,86.17,39.17,0.0,0.0,0.0,0.1429,0.0,0.3333,0.3333,2026-10-10,2026-10-10T15:33:05-04:00,Batter damage by pitch type.
680779,henry davis,R,FS,Split-Finger,1,2,2,0,0,0,0,1,1,90.3,87.85,29.0,0.0,0.0,0.0,0.0,0.0,0.5,0.5,2026-10-10,2026-10-10T15:33:05-04:00,Batter damage by pitch type.
680779,henry davis,R,SI,Sinker,6,6,3,1,1,2,1,1,3,110.2,99.55,2.5,0.1667,0.1667,0.1667,0.3333,0.1667,0.1667,0.5,2026-10-10,2026-10-10T15:33:05-04:00,Batter damage by pitch type.
680779,henry davis,R,SL,Slider,4,5,3,0,0,0,0,0,2,94.3,77.04,19.4,0.0,0.0,0.0,0.0,0.0,0.0,0.4,2026-10-10,2026-10-10T15:33:05-04:00,Batter damage by pitch type.
680779,henry davis,R,ST,Sweeper,1,2,1,0,0,0,0,0,0,82.9,78.9,32.0,0.0,0.0,0.0,0.0,0.0,0.0,0.0,2026-10-10,2026-10-10T15:33:05-04:00,Batter damage by pitch type.
680869,zack gelof,R,CH,Changeup,5,6,2,1,1,1,1,2,3,101.8,81.0,-6.0,0.2,0.2,0.1667,0.2,0.2,0.3333,0.5,2026-10-10,2026-10-10T15:33:05-04:00,Batter damage by pitch type.
680869,zack gelof,R,CU,Curveball,2,3,1,0,0,0,0,1,0,99.5,87.07,16.33,0.0,0.0,0.0,0.0,0.0,0.3333,0.0,2026-10-10,2026-10-10T15:33:05-04:00,Batter damage by pitch type.
680869,zack gelof,R,FC,Cutter,3,7,4,0,0,1,0,0,1,98.2,81.59,20.86,0.0,0.0,0.0,0.3333,0.0,0.0,0.1429,2026-10-10,2026-10-10T15:33:05-04:00,Batter damage by pitch type.
680869,zack gelof,R,FF,4-Seam Fastball,6,15,15,1,3,3,2,1,7,106.4,83.55,40.8,0.1667,0.5,0.2,0.5,0.3333,0.0667,0.4667,2026-10-10,2026-10-10T15:33:05-04:00,Batter damage by pitch type.
680869,zack gelof,R,FS,Split-Finger,2,2,1,0,0,0,0,0,1,84.7,76.85,9.5,0.0,0.0,0.0,0.0,0.0,0.0,0.5,2026-10-10,2026-10-10T15:33:05-04:00,Batter damage by pitch type.
680869,zack gelof,R,KC,Knuckle Curve,1,1,1,0,0,1,0,1,1,102.9,102.9,13.0,0.0,0.0,0.0,1.0,0.0,1.0,1.0,2026-10-10,2026-10-10T15:33:05-04:00,Batter damage by pitch type.
680869,zack gelof,R,SI,Sinker,24,23,9,0,0,1,0,2,5,109.0,89.57,4.13,0.0,0.0,0.0,0.0417,0.0,0.087,0.2174,2026-10-10,2026-10-10T15:33:05-04:00,Batter damage by pitch type.
680869,zack gelof,R,SL,Slider,10,9,7,2,2,2,2,3,4,103.8,82.57,35.0,0.2,0.2,0.2222,0.2,0.2,0.3333,0.4444,2026-10-10,2026-10-10T15:33:05-04:00,Batter damage by pitch type.
680869,zack gelof,R,ST,Sweeper,8,8,5,1,2,2,2,2,4,104.8,77.84,4.88,0.125,0.25,0.25,0.25,0.25,0.25,0.5,2026-10-10,2026-10-10T15:33:05-04:00,Batter damage by pitch type.
680869,zack gelof,R,SV,Slurve,1,1,0,0,0,0,0,0,0,97.1,97.1,-4.0,0.0,0.0,0.0,0.0,0.0,0.0,0.0,2026-10-10,2026-10-10T15:33:05-04:00,Batter damage by pitch type.
681047,christian franklin,R,CH,Changeup,2,2,1,0,0,0,0,0,1,85.2,73.5,-9.5,0.0,0.0,0.0,0.0,0.0,0.0,0.5,2026-10-10,2026-10-10T15:33:05-04:00,Batter damage by pitch type.
681047,christian franklin,R,CU,Curveball,1,2,1,0,0,0,0,0,1,100.0,69.05,13.0,0.0,0.0,0.0,0.0,0.0,0.0,0.5,2026-10-10,2026-10-10T15:33:05-04:00,Batter damage by pitch type.
681047,christian franklin,R,FC,Cutter,2,2,0,0,0,0,0,0,0,75.1,68.05,-31.0,0.0,0.0,0.0,0.0,0.0,0.0,0.0,2026-10-10,2026-10-10T15:33:05-04:00,Batter damage by pitch type.
681047,christian franklin,R,FF,4-Seam Fastball,1,1,1,0,0,0,0,0,0,73.2,73.2,45.0,0.0,0.0,0.0,0.0,0.0,0.0,0.0,2026-10-10,2026-10-10T15:33:05-04:00,Batter damage by pitch type.
681047,christian franklin,R,FS,Split-Finger,1,0,0,0,0,0,0,0,0,,,,0.0,0.0,,0.0,0.0,,,2026-10-10,2026-10-10T15:33:05-04:00,Batter damage by pitch type.
681047,christian franklin,R,SI,Sinker,6,8,4,0,0,0,0,0,1,108.7,85.47,10.75,0.0,0.0,0.0,0.0,0.0,0.0,0.125,2026-10-10,2026-10-10T15:33:05-04:00,Batter damage by pitch type.
681047,christian franklin,R,SL,Slider,0,1,1,0,0,0,0,0,0,90.9,90.9,60.0,,,0.0,,,0.0,0.0,2026-10-10,2026-10-10T15:33:05-04:00,Batter damage by pitch type.
681047,christian franklin,R,ST,Sweeper,4,5,2,0,0,0,0,1,1,100.8,82.46,14.8,0.0,0.0,0.0,0.0,0.0,0.2,0.2,2026-10-10,2026-10-10T15:33:05-04:00,Batter damage by pitch type.
681082,bryson stott,L,CH,Changeup,7,9,5,0,0,0,0,2,1,95.3,77.29,21.0,0.0,0.0,0.0,0.0,0.0,0.2222,0.1111,2026-10-10,2026-10-10T15:33:05-04:00,Batter damage by pitch type.
681082,bryson stott,L,CU,Curveball,2,2,1,0,0,0,0,0,0,75.9,72.8,16.5,0.0,0.0,0.0,0.0,0.0,0.0,0.0,2026-10-10,2026-10-10T15:33:05-04:00,Batter damage by pitch type.
681082,bryson stott,L,FC,Cutter,7,6,4,0,1,2,1,1,1,100.9,88.78,17.83,0.0,0.1429,0.1667,0.2857,0.1429,0.1667,0.1667,2026-10-10,2026-10-10T15:33:05-04:00,Batter damage by pitch type.
681082,bryson stott,L,FF,4-Seam Fastball,22,41,37,0,1,7,2,6,12,107.4,84.97,35.98,0.0,0.0455,0.0244,0.3182,0.0909,0.1463,0.2927,2026-10-10,2026-10-10T15:33:05-04:00,Batter damage by pitch type.
681082,bryson stott,L,FS,Split-Finger,10,12,6,0,0,0,0,0,4,89.7,78.78,1.17,0.0,0.0,0.0,0.0,0.0,0.0,0.3333,2026-10-10,2026-10-10T15:33:05-04:00,Batter damage by pitch type.
681082,bryson stott,L,SI,Sinker,14,19,11,0,0,1,1,3,5,101.5,78.68,13.95,0.0,0.0,0.0,0.0714,0.0714,0.1579,0.2632,2026-10-10,2026-10-10T15:33:05-04:00,Batter damage by pitch type.
681082,bryson stott,L,SL,Slider,11,13,6,0,0,1,0,1,2,103.0,80.03,2.31,0.0,0.0,0.0,0.0909,0.0,0.0769,0.1538,2026-10-10,2026-10-10T15:33:05-04:00,Batter damage by pitch type.
681082,bryson stott,L,ST,Sweeper,2,3,3,0,0,0,0,2,2,88.7,81.17,31.67,0.0,0.0,0.0,0.0,0.0,0.6667,0.6667,2026-10-10,2026-10-10T15:33:05-04:00,Batter damage by pitch type.
681082,bryson stott,L,SV,Slurve,1,1,0,0,0,0,0,0,0,102.3,102.3,-21.0,0.0,0.0,0.0,0.0,0.0,0.0,0.0,2026-10-10,2026-10-10T15:33:05-04:00,Batter damage by pitch type.
681198,tj rumfield,L,CH,Changeup,5,9,6,0,0,2,0,2,4,97.7,83.61,21.44,0.0,0.0,0.0,0.4,0.0,0.2222,0.4444,2026-10-10,2026-10-10T15:33:05-04:00,Batter damage by pitch type.
681198,tj rumfield,L,CU,Curveball,1,1,0,0,0,0,0,0,0,79.1,79.1,-7.0,0.0,0.0,0.0,0.0,0.0,0.0,0.0,2026-10-10,2026-10-10T15:33:05-04:00,Batter damage by pitch type.
681198,tj rumfield,L,FC,Cutter,6,10,5,0,0,1,0,2,1,102.5,82.27,12.6,0.0,0.0,0.0,0.1667,0.0,0.2,0.1,2026-10-10,2026-10-10T15:33:05-04:00,Batter damage by pitch type.
681198,tj rumfield,L,FF,4-Seam Fastball,23,35,29,0,0,5,0,6,9,106.2,82.43,30.54,0.0,0.0,0.0,0.2174,0.0,0.1714,0.2571,2026-10-10,2026-10-10T15:33:05-04:00,Batter damage by pitch type.
681198,tj rumfield,L,FS,Split-Finger,3,6,4,0,0,0,0,1,3,86.9,74.23,16.17,0.0,0.0,0.0,0.0,0.0,0.1667,0.5,2026-10-10,2026-10-10T15:33:05-04:00,Batter damage by pitch type.
681198,tj rumfield,L,KC,Knuckle Curve,0,1,0,0,0,0,0,0,0,60.6,60.6,-25.0,,,0.0,,,0.0,0.0,2026-10-10,2026-10-10T15:33:05-04:00,Batter damage by pitch type.
681198,tj rumfield,L,SI,Sinker,14,17,11,0,1,2,1,3,5,105.1,81.42,9.94,0.0,0.0714,0.0588,0.1429,0.0714,0.1765,0.2941,2026-10-10,2026-10-10T15:33:05-04:00,Batter damage by pitch type.
681198,tj rumfield,L,SL,Slider,6,7,4,1,1,1,1,3,2,108.4,93.07,7.29,0.1667,0.1667,0.1429,0.1667,0.1667,0.4286,0.2857,2026-10-10,2026-10-10T15:33:05-04:00,Batter damage by pitch type.
681198,tj rumfield,L,ST,Sweeper,1,1,1,0,0,0,0,0,1,72.9,72.9,29.0,0.0,0.0,0.0,0.0,0.0,0.0,1.0,2026-10-10,2026-10-10T15:33:05-04:00,Batter damage by pitch type.
681198,tj rumfield,L,SV,Slurve,0,1,0,0,0,0,0,0,0,77.1,77.1,3.0,,,0.0,,,0.0,0.0,2026-10-10,2026-10-10T15:33:05-04:00,Batter damage by pitch type.
681230,b. j. murray,L,CH,Changeup,0,1,1,0,0,0,0,0,1,74.0,74.0,24.0,,,0.0,,,0.0,1.0,2026-10-10,2026-10-10T15:33:05-04:00,Batter damage by pitch type.
681230,b. j. murray,L,FF,4-Seam Fastball,1,1,1,0,0,0,0,0,0,81.0,81.0,36.0,0.0,0.0,0.0,0.0,0.0,0.0,0.0,2026-10-10,2026-10-10T15:33:05-04:00,Batter damage by pitch type.
681230,b. j. murray,L,ST,Sweeper,0,2,1,0,0,0,0,0,1,78.2,74.4,-5.0,,,0.0,,,0.0,0.5,2026-10-10,2026-10-10T15:33:05-04:00,Batter damage by pitch type.
681297,colton cowser,L,CH,Changeup,5,5,3,0,0,1,0,1,1,101.3,67.02,14.6,0.0,0.0,0.0,0.2,0.0,0.2,0.2,2026-10-10,2026-10-10T15:33:05-04:00,Batter damage by pitch type.
681297,colton cowser,L,CU,Curveball,3,3,1,0,0,1,0,0,2,100.0,94.27,9.0,0.0,0.0,0.0,0.3333,0.0,0.0,0.6667,2026-10-10,2026-10-10T15:33:05-04:00,Batter damage by pitch type.
681297,colton cowser,L,FC,Cutter,2,2,1,0,0,1,0,0,1,109.6,108.25,7.0,0.0,0.0,0.0,0.5,0.0,0.0,0.5,2026-10-10,2026-10-10T15:33:05-04:00,Batter damage by pitch type.
681297,colton cowser,L,FF,4-Seam Fastball,14,17,13,0,0,3,1,3,7,112.3,84.09,22.59,0.0,0.0,0.0,0.2143,0.0714,0.1765,0.4118,2026-10-10,2026-10-10T15:33:05-04:00,Batter damage by pitch type.
681297,colton cowser,L,FS,Split-Finger,1,1,0,0,0,0,0,0,0,101.5,101.5,-20.0,0.0,0.0,0.0,0.0,0.0,0.0,0.0,2026-10-10,2026-10-10T15:33:05-04:00,Batter damage by pitch type.
681297,colton cowser,L,KC,Knuckle Curve,0,0,0,0,0,0,0,0,0,,,,,,,,,,,2026-10-10,2026-10-10T15:33:05-04:00,Batter damage by pitch type.
681297,colton cowser,L,SI,Sinker,5,6,4,0,0,0,0,2,3,86.4,75.13,11.0,0.0,0.0,0.0,0.0,0.0,0.3333,0.5,2026-10-10,2026-10-10T15:33:05-04:00,Batter damage by pitch type.
681297,colton cowser,L,SL,Slider,4,2,1,0,0,1,0,1,1,96.1,74.45,-21.5,0.0,0.0,0.0,0.25,0.0,0.5,0.5,2026-10-10,2026-10-10T15:33:05-04:00,Batter damage by pitch type.
681297,colton cowser,L,ST,Sweeper,6,4,3,0,0,0,0,1,1,81.4,70.62,25.5,0.0,0.0,0.0,0.0,0.0,0.25,0.25,2026-10-10,2026-10-10T15:33:05-04:00,Batter damage by pitch type.
681297,colton cowser,L,SV,Slurve,1,1,1,0,0,1,0,1,1,98.6,98.6,9.0,0.0,0.0,0.0,1.0,0.0,1.0,1.0,2026-10-10,2026-10-10T15:33:05-04:00,Batter damage by pitch type.
681351,logan o'hoppe,R,FC,Cutter,0,1,1,0,0,0,0,0,0,71.9,71.9,52.0,,,0.0,,,0.0,0.0,2026-10-10,2026-10-10T15:33:05-04:00,Batter damage by pitch type.
681351,logan o'hoppe,R,SI,Sinker,1,1,1,0,0,0,0,1,1,76.8,76.8,11.0,0.0,0.0,0.0,0.0,0.0,1.0,1.0,2026-10-10,2026-10-10T15:33:05-04:00,Batter damage by pitch type.
681393,connor norby,R,CH,Changeup,5,7,3,0,0,2,1,3,1,102.6,85.11,5.71,0.0,0.0,0.0,0.4,0.2,0.4286,0.1429,2026-10-10,2026-10-10T15:33:05-04:00,Batter damage by pitch type.
681393,connor norby,R,CU,Curveball,4,2,1,0,0,0,0,1,0,90.6,74.7,25.0,0.0,0.0,0.0,0.0,0.0,0.5,0.0,2026-10-10,2026-10-10T15:33:05-04:00,Batter damage by pitch type.
681393,connor norby,R,FC,Cutter,2,6,5,0,0,0,0,0,1,91.8,74.82,30.5,0.0,0.0,0.0,0.0,0.0,0.0,0.1667,2026-10-10,2026-10-10T15:33:05-04:00,Batter damage by pitch type.
681393,connor norby,R,FF,4-Seam Fastball,21,39,34,0,3,6,3,7,18,106.8,84.56,31.64,0.0,0.1429,0.0769,0.2857,0.1429,0.1795,0.4615,2026-10-10,2026-10-10T15:33:05-04:00,Batter damage by pitch type.
681393,connor norby,R,FS,Split-Finger,0,1,0,0,0,0,0,0,0,76.3,76.3,-27.0,,,0.0,,,0.0,0.0,2026-10-10,2026-10-10T15:33:05-04:00,Batter damage by pitch type.
681393,connor norby,R,KC,Knuckle Curve,1,0,0,0,0,0,0,0,0,,,,0.0,0.0,,0.0,0.0,,,2026-10-10,2026-10-10T15:33:05-04:00,Batter damage by pitch type.
681393,connor norby,R,SI,Sinker,9,12,8,0,0,3,0,2,6,101.0,88.84,9.5,0.0,0.0,0.0,0.3333,0.0,0.1667,0.5,2026-10-10,2026-10-10T15:33:05-04:00,Batter damage by pitch type.
681393,connor norby,R,SL,Slider,7,9,5,0,0,1,0,1,1,101.5,83.5,20.56,0.0,0.0,0.0,0.1429,0.0,0.1111,0.1111,2026-10-10,2026-10-10T15:33:05-04:00,Batter damage by pitch type.
681393,connor norby,R,ST,Sweeper,6,5,3,0,0,1,0,3,2,101.0,79.66,8.0,0.0,0.0,0.0,0.1667,0.0,0.6,0.4,2026-10-10,2026-10-10T15:33:05-04:00,Batter damage by pitch type.
681393,connor norby,R,SV,Slurve,1,0,0,0,0,0,0,0,0,,,,0.0,0.0,,0.0,0.0,,,2026-10-10,2026-10-10T15:33:05-04:00,Batter damage by pitch type.
681508,mickey gasper,L,CH,Changeup,10,9,4,1,1,1,1,1,2,104.8,83.63,1.44,0.1,0.1,0.1111,0.1,0.1,0.1111,0.2222,2026-10-10,2026-10-10T15:33:05-04:00,Batter damage by pitch type.
681508,mickey gasper,L,CU,Curveball,0,0,0,0,0,0,0,0,0,,,,,,,,,,,2026-10-10,2026-10-10T15:33:05-04:00,Batter damage by pitch type.
681508,mickey gasper,L,FC,Cutter,1,2,2,0,0,0,0,1,1,87.2,76.0,46.0,0.0,0.0,0.0,0.0,0.0,0.5,0.5,2026-10-10,2026-10-10T15:33:05-04:00,Batter damage by pitch type.
681508,mickey gasper,L,FF,4-Seam Fastball,5,6,5,0,0,1,0,2,1,101.2,87.98,43.5,0.0,0.0,0.0,0.2,0.0,0.3333,0.1667,2026-10-10,2026-10-10T15:33:05-04:00,Batter damage by pitch type.
681508,mickey gasper,L,SI,Sinker,5,6,3,0,0,1,0,0,3,98.4,90.28,-10.0,0.0,0.0,0.0,0.2,0.0,0.0,0.5,2026-10-10,2026-10-10T15:33:05-04:00,Batter damage by pitch type.
681508,mickey gasper,L,SL,Slider,4,3,3,1,2,3,1,2,3,105.5,102.6,23.67,0.25,0.5,0.6667,0.75,0.25,0.6667,1.0,2026-10-10,2026-10-10T15:33:05-04:00,Batter damage by pitch type.
681508,mickey gasper,L,ST,Sweeper,2,1,0,0,0,0,0,0,0,56.7,56.7,-39.0,0.0,0.0,0.0,0.0,0.0,0.0,0.0,2026-10-10,2026-10-10T15:33:05-04:00,Batter damage by pitch type.
681508,mickey gasper,R,CH,Changeup,2,1,0,0,0,0,0,0,0,50.8,50.8,-36.0,0.0,0.0,0.0,0.0,0.0,0.0,0.0,2026-10-10,2026-10-10T15:33:05-04:00,Batter damage by pitch type.
681508,mickey gasper,R,CU,Curveball,0,2,0,0,0,0,0,0,0,92.4,87.1,-24.0,,,0.0,,,0.0,0.0,2026-10-10,2026-10-10T15:33:05-04:00,Batter damage by pitch type.
681508,mickey gasper,R,FF,4-Seam Fastball,0,0,0,0,0,0,0,0,0,,,,,,,,,,,2026-10-10,2026-10-10T15:33:05-04:00,Batter damage by pitch type.
681508,mickey gasper,R,SI,Sinker,1,3,2,0,0,0,0,0,1,81.9,71.33,28.67,0.0,0.0,0.0,0.0,0.0,0.0,0.3333,2026-10-10,2026-10-10T15:33:05-04:00,Batter damage by pitch type.
681624,andy pages,R,CH,Changeup,2,3,3,0,0,0,0,1,1,81.3,77.63,59.67,0.0,0.0,0.0,0.0,0.0,0.3333,0.3333,2026-10-10,2026-10-10T15:33:05-04:00,Batter damage by pitch type.
681624,andy pages,R,CU,Curveball,1,0,0,0,0,0,0,0,0,,,,0.0,0.0,,0.0,0.0,,,2026-10-10,2026-10-10T15:33:05-04:00,Batter damage by pitch type.
681624,andy pages,R,FC,Cutter,2,1,1,0,0,0,0,1,1,81.8,81.8,20.0,0.0,0.0,0.0,0.0,0.0,1.0,1.0,2026-10-10,2026-10-10T15:33:05-04:00,Batter damage by pitch type.
681624,andy pages,R,FF,4-Seam Fastball,13,21,13,0,0,2,0,1,9,102.8,84.72,16.81,0.0,0.0,0.0,0.1538,0.0,0.0476,0.4286,2026-10-10,2026-10-10T15:33:05-04:00,Batter damage by pitch type.
681624,andy pages,R,FS,Split-Finger,3,3,1,0,0,1,0,1,1,107.9,93.2,1.0,0.0,0.0,0.0,0.3333,0.0,0.3333,0.3333,2026-10-10,2026-10-10T15:33:05-04:00,Batter damage by pitch type.
681624,andy pages,R,SI,Sinker,7,8,6,0,0,0,0,1,1,92.8,77.53,28.62,0.0,0.0,0.0,0.0,0.0,0.125,0.125,2026-10-10,2026-10-10T15:33:05-04:00,Batter damage by pitch type.
681624,andy pages,R,SL,Slider,6,5,5,1,1,2,1,1,3,101.6,85.24,29.8,0.1667,0.1667,0.2,0.3333,0.1667,0.2,0.6,2026-10-10,2026-10-10T15:33:05-04:00,Batter damage by pitch type.
681624,andy pages,R,ST,Sweeper,5,2,1,1,1,1,1,1,1,102.8,99.75,13.5,0.2,0.2,0.5,0.2,0.2,0.5,0.5,2026-10-10,2026-10-10T15:33:05-04:00,Batter damage by pitch type.
681715,heriberto hernandez,R,CH,Changeup,9,9,4,1,1,2,1,3,3,107.3,84.33,-5.78,0.1111,0.1111,0.1111,0.2222,0.1111,0.3333,0.3333,2026-10-10,2026-10-10T15:33:05-04:00,Batter damage by pitch type.
681715,heriberto hernandez,R,CU,Curveball,3,4,2,0,0,0,0,1,2,94.2,87.92,1.0,0.0,0.0,0.0,0.0,0.0,0.25,0.5,2026-10-10,2026-10-10T15:33:05-04:00,Batter damage by pitch type.
681715,heriberto hernandez,R,FC,Cutter,5,5,4,0,0,2,0,1,2,106.7,88.46,23.8,0.0,0.0,0.0,0.4,0.0,0.2,0.4,2026-10-10,2026-10-10T15:33:05-04:00,Batter damage by pitch type.
681715,heriberto hernandez,R,FF,4-Seam Fastball,20,39,31,0,0,9,0,6,7,108.9,89.56,32.67,0.0,0.0,0.0,0.45,0.0,0.1538,0.1795,2026-10-10,2026-10-10T15:33:05-04:00,Batter damage by pitch type.
681715,heriberto hernandez,R,FS,Split-Finger,3,1,0,0,0,0,0,0,0,63.5,63.5,-43.0,0.0,0.0,0.0,0.0,0.0,0.0,0.0,2026-10-10,2026-10-10T15:33:05-04:00,Batter damage by pitch type.
681715,heriberto hernandez,R,KC,Knuckle Curve,3,1,1,0,0,0,0,1,1,94.8,94.8,14.0,0.0,0.0,0.0,0.0,0.0,1.0,1.0,2026-10-10,2026-10-10T15:33:05-04:00,Batter damage by pitch type.
681715,heriberto hernandez,R,SI,Sinker,15,17,7,0,1,3,1,2,5,103.1,87.64,-5.29,0.0,0.0667,0.0588,0.2,0.0667,0.1176,0.2941,2026-10-10,2026-10-10T15:33:05-04:00,Batter damage by pitch type.
681715,heriberto hernandez,R,SL,Slider,7,8,5,0,0,2,0,1,2,104.4,78.19,7.5,0.0,0.0,0.0,0.2857,0.0,0.125,0.25,2026-10-10,2026-10-10T15:33:05-04:00,Batter damage by pitch type.
681715,heriberto hernandez,R,ST,Sweeper,2,2,1,0,0,0,0,1,1,94.7,91.2,10.0,0.0,0.0,0.0,0.0,0.0,0.5,0.5,2026-10-10,2026-10-10T15:33:05-04:00,Batter damage by pitch type.
681715,heriberto hernandez,R,SV,Slurve,2,3,0,0,0,0,0,0,0,83.3,78.1,-23.67,0.0,0.0,0.0,0.0,0.0,0.0,0.0,2026-10-10,2026-10-10T15:33:05-04:00,Batter damage by pitch type.
681807,david fry,R,CH,Changeup,1,1,1,0,0,0,0,0,0,67.5,67.5,44.0,0.0,0.0,0.0,0.0,0.0,0.0,0.0,2026-10-10,2026-10-10T15:33:05-04:00,Batter damage by pitch type.
681807,david fry,R,CU,Curveball,1,1,1,0,0,0,0,0,0,93.3,93.3,50.0,0.0,0.0,0.0,0.0,0.0,0.0,0.0,2026-10-10,2026-10-10T15:33:05-04:00,Batter damage by pitch type.
681807,david fry,R,FC,Cutter,5,3,3,0,0,0,0,1,0,91.8,75.07,64.0,0.0,0.0,0.0,0.0,0.0,0.3333,0.0,2026-10-10,2026-10-10T15:33:05-04:00,Batter damage by pitch type.
681807,david fry,R,FF,4-Seam Fastball,10,10,10,1,1,4,1,6,4,108.0,84.75,41.8,0.1,0.1,0.1,0.4,0.1,0.6,0.4,2026-10-10,2026-10-10T15:33:05-04:00,Batter damage by pitch type.
681807,david fry,R,SI,Sinker,9,9,4,0,0,3,0,1,3,103.9,91.92,10.44,0.0,0.0,0.0,0.3333,0.0,0.1111,0.3333,2026-10-10,2026-10-10T15:33:05-04:00,Batter damage by pitch type.
681807,david fry,R,SL,Slider,4,3,2,1,1,2,1,1,1,105.0,92.03,11.67,0.25,0.25,0.3333,0.5,0.25,0.3333,0.3333,2026-10-10,2026-10-10T15:33:05-04:00,Batter damage by pitch type.
681807,david fry,R,ST,Sweeper,1,0,0,0,0,0,0,0,0,,,,0.0,0.0,,0.0,0.0,,,2026-10-10,2026-10-10T15:33:05-04:00,Batter damage by pitch type.
681987,nate eaton,R,CH,Changeup,6,6,6,0,0,0,0,3,3,79.2,68.37,36.83,0.0,0.0,0.0,0.0,0.0,0.5,0.5,2026-10-10,2026-10-10T15:33:05-04:00,Batter damage by pitch type.
681987,nate eaton,R,CU,Curveball,0,3,2,0,0,1,0,0,1,95.6,69.7,3.67,,,0.0,,,0.0,0.3333,2026-10-10,2026-10-10T15:33:05-04:00,Batter damage by pitch type.
681987,nate eaton,R,FC,Cutter,0,1,1,0,0,0,0,0,0,76.1,76.1,69.0,,,0.0,,,0.0,0.0,2026-10-10,2026-10-10T15:33:05-04:00,Batter damage by pitch type.
681987,nate eaton,R,FF,4-Seam Fastball,6,9,9,0,0,1,1,1,4,107.7,74.09,47.33,0.0,0.0,0.0,0.1667,0.1667,0.1111,0.4444,2026-10-10,2026-10-10T15:33:05-04:00,Batter damage by pitch type.
681987,nate eaton,R,SI,Sinker,4,7,3,0,0,0,0,1,2,106.0,86.09,4.29,0.0,0.0,0.0,0.0,0.0,0.1429,0.2857,2026-10-10,2026-10-10T15:33:05-04:00,Batter damage by pitch type.
681987,nate eaton,R,SL,Slider,2,2,2,0,0,1,0,2,1,100.0,93.45,33.0,0.0,0.0,0.0,0.5,0.0,1.0,0.5,2026-10-10,2026-10-10T15:33:05-04:00,Batter damage by pitch type.
681987,nate eaton,R,ST,Sweeper,1,2,1,0,0,0,0,0,0,73.5,61.4,8.5,0.0,0.0,0.0,0.0,0.0,0.0,0.0,2026-10-10,2026-10-10T15:33:05-04:00,Batter damage by pitch type.
682177,daniel schneemann,L,FC,Cutter,2,2,1,0,1,1,0,0,1,101.4,100.3,14.0,0.0,0.5,0.5,0.5,0.0,0.0,0.5,2026-10-10,2026-10-10T15:33:05-04:00,Batter damage by pitch type.
682177,daniel schneemann,L,FF,4-Seam Fastball,1,2,1,0,0,0,0,0,0,103.2,84.85,27.0,0.0,0.0,0.0,0.0,0.0,0.0,0.0,2026-10-10,2026-10-10T15:33:05-04:00,Batter damage by pitch type.
682177,daniel schneemann,L,KC,Knuckle Curve,1,1,1,1,1,1,1,1,1,103.2,103.2,27.0,1.0,1.0,1.0,1.0,1.0,1.0,1.0,2026-10-10,2026-10-10T15:33:05-04:00,Batter damage by pitch type.
682177,daniel schneemann,L,SI,Sinker,0,0,0,0,0,0,0,0,0,,,,,,,,,,,2026-10-10,2026-10-10T15:33:05-04:00,Batter damage by pitch type.
682177,daniel schneemann,L,SL,Slider,1,1,1,0,0,0,0,1,0,78.1,78.1,38.0,0.0,0.0,0.0,0.0,0.0,1.0,0.0,2026-10-10,2026-10-10T15:33:05-04:00,Batter damage by pitch type.
682626,francisco álvarez,R,CH,Changeup,6,9,5,0,0,3,0,2,3,108.0,94.03,13.22,0.0,0.0,0.0,0.5,0.0,0.2222,0.3333,2026-10-10,2026-10-10T15:33:05-04:00,Batter damage by pitch type.
682626,francisco álvarez,R,CU,Curveball,3,3,2,0,0,0,0,1,1,96.2,88.47,28.0,0.0,0.0,0.0,0.0,0.0,0.3333,0.3333,2026-10-10,2026-10-10T15:33:05-04:00,Batter damage by pitch type.
682626,francisco álvarez,R,FC,Cutter,4,3,2,0,0,0,0,0,0,96.7,91.07,42.67,0.0,0.0,0.0,0.0,0.0,0.0,0.0,2026-10-10,2026-10-10T15:33:05-04:00,Batter damage by pitch type.
682626,francisco álvarez,R,FF,4-Seam Fastball,9,16,11,1,2,2,2,1,3,113.7,88.36,27.25,0.1111,0.2222,0.125,0.2222,0.2222,0.0625,0.1875,2026-10-10,2026-10-10T15:33:05-04:00,Batter damage by pitch type.
682626,francisco álvarez,R,FS,Split-Finger,3,4,3,0,2,2,1,1,1,104.6,89.6,20.75,0.0,0.6667,0.5,0.6667,0.3333,0.25,0.25,2026-10-10,2026-10-10T15:33:05-04:00,Batter damage by pitch type.
682626,francisco álvarez,R,KC,Knuckle Curve,2,3,1,0,0,0,0,0,1,75.2,68.3,-24.67,0.0,0.0,0.0,0.0,0.0,0.0,0.3333,2026-10-10,2026-10-10T15:33:05-04:00,Batter damage by pitch type.
682626,francisco álvarez,R,SI,Sinker,10,10,6,0,0,3,0,1,4,108.6,87.46,0.7,0.0,0.0,0.0,0.3,0.0,0.1,0.4,2026-10-10,2026-10-10T15:33:05-04:00,Batter damage by pitch type.
682626,francisco álvarez,R,SL,Slider,5,3,1,0,0,1,0,1,0,101.2,93.27,11.0,0.0,0.0,0.0,0.2,0.0,0.3333,0.0,2026-10-10,2026-10-10T15:33:05-04:00,Batter damage by pitch type.
682626,francisco álvarez,R,ST,Sweeper,2,3,1,0,0,0,0,0,0,101.8,91.63,25.33,0.0,0.0,0.0,0.0,0.0,0.0,0.0,2026-10-10,2026-10-10T15:33:05-04:00,Batter damage by pitch type.
682657,angel martínez,L,CH,Changeup,6,4,3,0,0,0,0,1,0,89.4,76.85,34.25,0.0,0.0,0.0,0.0,0.0,0.25,0.0,2026-10-10,2026-10-10T15:33:05-04:00,Batter damage by pitch type.
682657,angel martínez,L,CU,Curveball,1,0,0,0,0,0,0,0,0,,,,0.0,0.0,,0.0,0.0,,,2026-10-10,2026-10-10T15:33:05-04:00,Batter damage by pitch type.
682657,angel martínez,L,FC,Cutter,2,3,1,0,0,0,0,0,2,101.6,93.7,9.33,0.0,0.0,0.0,0.0,0.0,0.0,0.6667,2026-10-10,2026-10-10T15:33:05-04:00,Batter damage by pitch type.
682657,angel martínez,L,FF,4-Seam Fastball,10,18,16,1,0,1,0,3,2,97.2,84.14,42.22,0.1,0.0,0.0,0.1,0.0,0.1667,0.1111,2026-10-10,2026-10-10T15:33:05-04:00,Batter damage by pitch type.
682657,angel martínez,L,FS,Split-Finger,1,1,0,0,0,0,0,0,0,80.4,80.4,-27.0,0.0,0.0,0.0,0.0,0.0,0.0,0.0,2026-10-10,2026-10-10T15:33:05-04:00,Batter damage by pitch type.
682657,angel martínez,L,KC,Knuckle Curve,0,1,0,0,0,0,0,0,0,72.9,72.9,-35.0,,,0.0,,,0.0,0.0,2026-10-10,2026-10-10T15:33:05-04:00,Batter damage by pitch type.
682657,angel martínez,L,SI,Sinker,6,7,5,0,0,0,0,2,5,94.1,84.93,6.0,0.0,0.0,0.0,0.0,0.0,0.2857,0.7143,2026-10-10,2026-10-10T15:33:05-04:00,Batter damage by pitch type.
682657,angel martínez,L,SL,Slider,4,3,2,0,1,2,1,2,2,106.0,90.37,-4.0,0.0,0.25,0.3333,0.5,0.25,0.6667,0.6667,2026-10-10,2026-10-10T15:33:05-04:00,Batter damage by pitch type.
682657,angel martínez,L,ST,Sweeper,2,4,2,0,0,0,0,0,0,88.6,69.75,25.75,0.0,0.0,0.0,0.0,0.0,0.0,0.0,2026-10-10,2026-10-10T15:33:05-04:00,Batter damage by pitch type.
682657,angel martínez,R,CH,Changeup,6,10,4,1,0,1,0,0,1,98.4,74.36,4.4,0.1667,0.0,0.0,0.1667,0.0,0.0,0.1,2026-10-10,2026-10-10T15:33:05-04:00,Batter damage by pitch type.
682657,angel martínez,R,CU,Curveball,0,0,0,0,0,0,0,0,0,,,,,,,,,,,2026-10-10,2026-10-10T15:33:05-04:00,Batter damage by pitch type.
682657,angel martínez,R,FC,Cutter,2,3,2,0,0,0,0,0,0,99.5,84.7,42.67,0.0,0.0,0.0,0.0,0.0,0.0,0.0,2026-10-10,2026-10-10T15:33:05-04:00,Batter damage by pitch type.
682657,angel martínez,R,FF,4-Seam Fastball,10,17,14,2,2,3,3,2,4,106.2,79.2,36.94,0.2,0.2,0.1176,0.3,0.3,0.1176,0.2353,2026-10-10,2026-10-10T15:33:05-04:00,Batter damage by pitch type.
682657,angel martínez,R,FS,Split-Finger,1,0,0,0,0,0,0,0,0,,,,0.0,0.0,,0.0,0.0,,,2026-10-10,2026-10-10T15:33:05-04:00,Batter damage by pitch type.
682657,angel martínez,R,SI,Sinker,6,8,5,0,0,2,0,0,1,105.1,92.42,21.88,0.0,0.0,0.0,0.3333,0.0,0.0,0.125,2026-10-10,2026-10-10T15:33:05-04:00,Batter damage by pitch type.
682657,angel martínez,R,SL,Slider,4,4,4,0,0,0,0,1,3,91.2,75.15,37.75,0.0,0.0,0.0,0.0,0.0,0.25,0.75,2026-10-10,2026-10-10T15:33:05-04:00,Batter damage by pitch type.
682657,angel martínez,R,ST,Sweeper,2,3,1,0,0,1,0,0,1,99.5,76.5,-22.33,0.0,0.0,0.0,0.5,0.0,0.0,0.3333,2026-10-10,2026-10-10T15:33:05-04:00,Batter damage by pitch type.
682657,angel martínez,R,SV,Slurve,0,0,0,0,0,0,0,0,0,,,,,,,,,,,2026-10-10,2026-10-10T15:33:05-04:00,Batter damage by pitch type.
682663,agustín ramírez,R,CH,Changeup,3,4,0,0,0,0,0,0,0,96.9,81.85,-23.25,0.0,0.0,0.0,0.0,0.0,0.0,0.0,2026-10-10,2026-10-10T15:33:05-04:00,Batter damage by pitch type.
682663,agustín ramírez,R,CU,Curveball,3,5,5,0,0,3,0,2,1,115.8,94.32,43.4,0.0,0.0,0.0,1.0,0.0,0.4,0.2,2026-10-10,2026-10-10T15:33:05-04:00,Batter damage by pitch type.
682663,agustín ramírez,R,FC,Cutter,4,4,2,0,0,0,0,1,2,94.0,80.42,5.75,0.0,0.0,0.0,0.0,0.0,0.25,0.5,2026-10-10,2026-10-10T15:33:05-04:00,Batter damage by pitch type.
682663,agustín ramírez,R,FF,4-Seam Fastball,18,20,17,2,2,8,1,6,12,112.5,90.66,20.3,0.1111,0.1111,0.1,0.4444,0.0556,0.3,0.6,2026-10-10,2026-10-10T15:33:05-04:00,Batter damage by pitch type.
682663,agustín ramírez,R,FS,Split-Finger,4,4,2,0,0,1,0,1,2,107.9,88.93,-6.25,0.0,0.0,0.0,0.25,0.0,0.25,0.5,2026-10-10,2026-10-10T15:33:05-04:00,Batter damage by pitch type.
682663,agustín ramírez,R,SI,Sinker,9,14,5,0,0,1,0,1,1,109.7,87.18,1.21,0.0,0.0,0.0,0.1111,0.0,0.0714,0.0714,2026-10-10,2026-10-10T15:33:05-04:00,Batter damage by pitch type.
682663,agustín ramírez,R,SL,Slider,5,6,3,0,0,0,0,0,1,109.9,79.93,15.5,0.0,0.0,0.0,0.0,0.0,0.0,0.1667,2026-10-10,2026-10-10T15:33:05-04:00,Batter damage by pitch type.
682663,agustín ramírez,R,ST,Sweeper,1,5,4,0,0,0,0,0,1,80.3,72.12,34.2,0.0,0.0,0.0,0.0,0.0,0.0,0.2,2026-10-10,2026-10-10T15:33:05-04:00,Batter damage by pitch type.
682663,agustín ramírez,R,SV,Slurve,1,2,2,0,0,0,0,0,1,65.9,58.15,31.5,0.0,0.0,0.0,0.0,0.0,0.0,0.5,2026-10-10,2026-10-10T15:33:05-04:00,Batter damage by pitch type.
682668,luisangel acuña,R,CH,Changeup,6,5,1,0,0,0,0,1,1,95.4,81.7,-13.4,0.0,0.0,0.0,0.0,0.0,0.2,0.2,2026-10-10,2026-10-10T15:33:05-04:00,Batter damage by pitch type.
682668,luisangel acuña,R,CU,Curveball,0,0,0,0,0,0,0,0,0,,,,,,,,,,,2026-10-10,2026-10-10T15:33:05-04:00,Batter damage by pitch type.
682668,luisangel acuña,R,FC,Cutter,1,0,0,0,0,0,0,0,0,,,,0.0,0.0,,0.0,0.0,,,2026-10-10,2026-10-10T15:33:05-04:00,Batter damage by pitch type.
682668,luisangel acuña,R,FF,4-Seam Fastball,4,3,1,0,0,0,0,0,0,101.2,97.37,5.33,0.0,0.0,0.0,0.0,0.0,0.0,0.0,2026-10-10,2026-10-10T15:33:05-04:00,Batter damage by pitch type.
682668,luisangel acuña,R,KC,Knuckle Curve,1,3,1,0,0,0,0,0,1,90.2,79.07,-6.33,0.0,0.0,0.0,0.0,0.0,0.0,0.3333,2026-10-10,2026-10-10T15:33:05-04:00,Batter damage by pitch type.
682668,luisangel acuña,R,SI,Sinker,2,5,4,1,1,1,1,1,2,107.8,84.42,20.4,0.5,0.5,0.2,0.5,0.5,0.2,0.4,2026-10-10,2026-10-10T15:33:05-04:00,Batter damage by pitch type.
682668,luisangel acuña,R,SL,Slider,3,2,1,0,0,0,0,0,0,98.8,81.85,31.0,0.0,0.0,0.0,0.0,0.0,0.0,0.0,2026-10-10,2026-10-10T15:33:05-04:00,Batter damage by pitch type.
682668,luisangel acuña,R,ST,Sweeper,1,1,1,0,0,0,0,0,0,65.3,65.3,43.0,0.0,0.0,0.0,0.0,0.0,0.0,0.0,2026-10-10,2026-10-10T15:33:05-04:00,Batter damage by pitch type.
682674,victor bericoto,R,CH,Changeup,2,6,1,0,0,0,0,0,0,103.0,79.18,-17.0,0.0,0.0,0.0,0.0,0.0,0.0,0.0,2026-10-10,2026-10-10T15:33:05-04:00,Batter damage by pitch type.
682674,victor bericoto,R,CU,Curveball,4,1,1,0,1,1,1,1,1,105.1,105.1,20.0,0.0,0.25,1.0,0.25,0.25,1.0,1.0,2026-10-10,2026-10-10T15:33:05-04:00,Batter damage by pitch type.
682674,victor bericoto,R,FC,Cutter,3,2,0,0,0,0,0,0,0,97.6,94.25,-21.0,0.0,0.0,0.0,0.0,0.0,0.0,0.0,2026-10-10,2026-10-10T15:33:05-04:00,Batter damage by pitch type.
682674,victor bericoto,R,FF,4-Seam Fastball,11,20,17,1,1,4,2,0,9,107.0,83.53,25.8,0.0909,0.0909,0.05,0.3636,0.1818,0.0,0.45,2026-10-10,2026-10-10T15:33:05-04:00,Batter damage by pitch type.
682674,victor bericoto,R,SI,Sinker,1,2,1,0,0,0,0,0,0,76.6,64.25,-12.0,0.0,0.0,0.0,0.0,0.0,0.0,0.0,2026-10-10,2026-10-10T15:33:05-04:00,Batter damage by pitch type.
682674,victor bericoto,R,SL,Slider,8,7,5,0,1,2,0,1,3,104.9,95.33,23.0,0.0,0.125,0.1429,0.25,0.0,0.1429,0.4286,2026-10-10,2026-10-10T15:33:05-04:00,Batter damage by pitch type.
682674,victor bericoto,R,ST,Sweeper,0,1,1,0,0,0,0,0,0,70.4,70.4,41.0,,,0.0,,,0.0,0.0,2026-10-10,2026-10-10T15:33:05-04:00,Batter damage by pitch type.
682829,elly de la cruz,L,CH,Changeup,1,3,1,0,0,0,0,0,1,104.8,83.33,24.67,0.0,0.0,0.0,0.0,0.0,0.0,0.3333,2026-10-10,2026-10-10T15:33:05-04:00,Batter damage by pitch type.
682829,elly de la cruz,L,CU,Curveball,6,6,4,1,1,2,2,2,3,110.9,92.28,14.17,0.1667,0.1667,0.1667,0.3333,0.3333,0.3333,0.5,2026-10-10,2026-10-10T15:33:05-04:00,Batter damage by pitch type.
682829,elly de la cruz,L,FC,Cutter,5,3,2,0,0,2,0,0,1,99.0,90.03,10.0,0.0,0.0,0.0,0.4,0.0,0.0,0.3333,2026-10-10,2026-10-10T15:33:05-04:00,Batter damage by pitch type.
682829,elly de la cruz,L,FF,4-Seam Fastball,14,11,8,1,2,4,1,3,5,117.4,91.24,24.45,0.0714,0.1429,0.1818,0.2857,0.0714,0.2727,0.4545,2026-10-10,2026-10-10T15:33:05-04:00,Batter damage by pitch type.
682829,elly de la cruz,L,FS,Split-Finger,6,4,2,2,2,2,2,2,2,108.0,88.78,2.0,0.3333,0.3333,0.5,0.3333,0.3333,0.5,0.5,2026-10-10,2026-10-10T15:33:05-04:00,Batter damage by pitch type.
682829,elly de la cruz,L,KC,Knuckle Curve,1,1,0,0,0,0,0,0,0,105.9,105.9,0.0,0.0,0.0,0.0,0.0,0.0,0.0,0.0,2026-10-10,2026-10-10T15:33:05-04:00,Batter damage by pitch type.
682829,elly de la cruz,L,SI,Sinker,6,5,3,0,1,1,1,0,2,101.8,88.84,15.0,0.0,0.1667,0.2,0.1667,0.1667,0.0,0.4,2026-10-10,2026-10-10T15:33:05-04:00,Batter damage by pitch type.
682829,elly de la cruz,L,SL,Slider,3,3,1,0,0,0,0,0,0,99.7,89.77,-0.33,0.0,0.0,0.0,0.0,0.0,0.0,0.0,2026-10-10,2026-10-10T15:33:05-04:00,Batter damage by pitch type.
682829,elly de la cruz,L,ST,Sweeper,2,1,0,0,0,0,0,0,0,75.2,75.2,-17.0,0.0,0.0,0.0,0.0,0.0,0.0,0.0,2026-10-10,2026-10-10T15:33:05-04:00,Batter damage by pitch type.
682829,elly de la cruz,R,CH,Changeup,3,4,1,0,0,0,0,1,1,101.7,70.7,-7.25,0.0,0.0,0.0,0.0,0.0,0.25,0.25,2026-10-10,2026-10-10T15:33:05-04:00,Batter damage by pitch type.
682829,elly de la cruz,R,CU,Curveball,5,4,2,0,0,2,0,2,1,104.3,90.85,2.75,0.0,0.0,0.0,0.4,0.0,0.5,0.25,2026-10-10,2026-10-10T15:33:05-04:00,Batter damage by pitch type.
682829,elly de la cruz,R,FC,Cutter,1,1,1,0,1,1,0,1,1,114.7,114.7,16.0,0.0,1.0,1.0,1.0,0.0,1.0,1.0,2026-10-10,2026-10-10T15:33:05-04:00,Batter damage by pitch type.
682829,elly de la cruz,R,FF,4-Seam Fastball,6,8,7,0,0,1,0,0,2,96.6,80.66,31.25,0.0,0.0,0.0,0.1667,0.0,0.0,0.25,2026-10-10,2026-10-10T15:33:05-04:00,Batter damage by pitch type.
682829,elly de la cruz,R,SI,Sinker,1,1,0,0,0,0,0,0,0,90.6,90.6,-7.0,0.0,0.0,0.0,0.0,0.0,0.0,0.0,2026-10-10,2026-10-10T15:33:05-04:00,Batter damage by pitch type.
682829,elly de la cruz,R,SL,Slider,6,5,1,0,0,0,0,0,0,104.8,90.0,-9.2,0.0,0.0,0.0,0.0,0.0,0.0,0.0,2026-10-10,2026-10-10T15:33:05-04:00,Batter damage by pitch type.
682829,elly de la cruz,R,ST,Sweeper,2,2,0,0,0,0,0,0,0,96.4,88.2,-23.5,0.0,0.0,0.0,0.0,0.0,0.0,0.0,2026-10-10,2026-10-10T15:33:05-04:00,Batter damage by pitch type.
682877,juan brito,L,CH,Changeup,2,8,5,0,0,1,1,0,2,100.9,74.91,16.5,0.0,0.0,0.0,0.5,0.5,0.0,0.25,2026-10-10,2026-10-10T15:33:05-04:00,Batter damage by pitch type.
682877,juan brito,L,CU,Curveball,0,1,1,0,0,0,0,0,0,61.6,61.6,43.0,,,0.0,,,0.0,0.0,2026-10-10,2026-10-10T15:33:05-04:00,Batter damage by pitch type.
682877,juan brito,L,FC,Cutter,2,2,1,0,0,0,0,0,0,102.6,79.8,36.5,0.0,0.0,0.0,0.0,0.0,0.0,0.0,2026-10-10,2026-10-10T15:33:05-04:00,Batter damage by pitch type.
682877,juan brito,L,FF,4-Seam Fastball,10,17,10,0,0,0,0,4,0,104.3,79.64,27.88,0.0,0.0,0.0,0.0,0.0,0.2353,0.0,2026-10-10,2026-10-10T15:33:05-04:00,Batter damage by pitch type.
682877,juan brito,L,FS,Split-Finger,1,1,0,0,0,0,0,0,1,81.3,81.3,8.0,0.0,0.0,0.0,0.0,0.0,0.0,1.0,2026-10-10,2026-10-10T15:33:05-04:00,Batter damage by pitch type.
682877,juan brito,L,KC,Knuckle Curve,1,1,0,0,0,0,0,0,0,84.2,84.2,-31.0,0.0,0.0,0.0,0.0,0.0,0.0,0.0,2026-10-10,2026-10-10T15:33:05-04:00,Batter damage by pitch type.
682877,juan brito,L,SI,Sinker,2,2,1,0,0,0,0,0,0,101.3,90.25,28.5,0.0,0.0,0.0,0.0,0.0,0.0,0.0,2026-10-10,2026-10-10T15:33:05-04:00,Batter damage by pitch type.
682877,juan brito,L,SL,Slider,2,1,0,0,0,0,0,0,0,85.8,85.8,-3.0,0.0,0.0,0.0,0.0,0.0,0.0,0.0,2026-10-10,2026-10-10T15:33:05-04:00,Batter damage by pitch type.
682877,juan brito,L,ST,Sweeper,2,7,4,0,0,1,0,1,3,104.0,88.56,15.0,0.0,0.0,0.0,0.5,0.0,0.1429,0.4286,2026-10-10,2026-10-10T15:33:05-04:00,Batter damage by pitch type.
682877,juan brito,R,CH,Changeup,2,2,2,0,0,1,0,1,1,96.3,80.65,34.0,0.0,0.0,0.0,0.5,0.0,0.5,0.5,2026-10-10,2026-10-10T15:33:05-04:00,Batter damage by pitch type.
682877,juan brito,R,CU,Curveball,2,2,2,0,0,0,0,2,2,90.8,88.85,19.5,0.0,0.0,0.0,0.0,0.0,1.0,1.0,2026-10-10,2026-10-10T15:33:05-04:00,Batter damage by pitch type.
682877,juan brito,R,FC,Cutter,2,4,4,0,0,1,0,1,2,104.4,87.28,33.75,0.0,0.0,0.0,0.5,0.0,0.25,0.5,2026-10-10,2026-10-10T15:33:05-04:00,Batter damage by pitch type.
682877,juan brito,R,FF,4-Seam Fastball,4,8,6,2,2,2,2,1,3,105.5,90.29,23.12,0.5,0.5,0.25,0.5,0.5,0.125,0.375,2026-10-10,2026-10-10T15:33:05-04:00,Batter damage by pitch type.
682877,juan brito,R,SI,Sinker,3,5,3,0,1,1,1,1,1,102.7,85.38,9.8,0.0,0.3333,0.2,0.3333,0.3333,0.2,0.2,2026-10-10,2026-10-10T15:33:05-04:00,Batter damage by pitch type.
682877,juan brito,R,SL,Slider,4,5,3,0,0,0,0,2,2,82.2,70.44,3.2,0.0,0.0,0.0,0.0,0.0,0.4,0.4,2026-10-10,2026-10-10T15:33:05-04:00,Batter damage by pitch type.
682877,juan brito,R,ST,Sweeper,2,3,0,0,0,0,0,0,0,90.6,72.87,-22.0,0.0,0.0,0.0,0.0,0.0,0.0,0.0,2026-10-10,2026-10-10T15:33:05-04:00,Batter damage by pitch type.
682927,ronny simon,L,CH,Changeup,2,5,4,0,0,0,0,1,0,92.6,70.26,39.8,0.0,0.0,0.0,0.0,0.0,0.2,0.0,2026-10-10,2026-10-10T15:33:05-04:00,Batter damage by pitch type.
682927,ronny simon,L,CU,Curveball,0,1,1,0,0,0,0,0,0,59.9,59.9,35.0,,,0.0,,,0.0,0.0,2026-10-10,2026-10-10T15:33:05-04:00,Batter damage by pitch type.
682927,ronny simon,L,FC,Cutter,0,0,0,0,0,0,0,0,0,,,,,,,,,,,2026-10-10,2026-10-10T15:33:05-04:00,Batter damage by pitch type.
682927,ronny simon,L,FF,4-Seam Fastball,12,16,12,0,0,1,0,2,1,104.6,83.13,37.56,0.0,0.0,0.0,0.0833,0.0,0.125,0.0625,2026-10-10,2026-10-10T15:33:05-04:00,Batter damage by pitch type.
682927,ronny simon,L,FS,Split-Finger,0,0,0,0,0,0,0,0,0,,,,,,,,,,,2026-10-10,2026-10-10T15:33:05-04:00,Batter damage by pitch type.
682927,ronny simon,L,KC,Knuckle Curve,2,2,2,0,0,1,0,1,1,99.9,93.35,7.5,0.0,0.0,0.0,0.5,0.0,0.5,0.5,2026-10-10,2026-10-10T15:33:05-04:00,Batter damage by pitch type.
682927,ronny simon,L,SI,Sinker,3,3,1,0,0,1,0,1,1,109.4,100.0,-14.67,0.0,0.0,0.0,0.3333,0.0,0.3333,0.3333,2026-10-10,2026-10-10T15:33:05-04:00,Batter damage by pitch type.
682927,ronny simon,L,SL,Slider,1,6,6,0,0,0,0,1,2,94.0,77.4,44.33,0.0,0.0,0.0,0.0,0.0,0.1667,0.3333,2026-10-10,2026-10-10T15:33:05-04:00,Batter damage by pitch type.
682927,ronny simon,L,ST,Sweeper,1,1,1,0,0,0,0,0,1,89.5,89.5,10.0,0.0,0.0,0.0,0.0,0.0,0.0,1.0,2026-10-10,2026-10-10T15:33:05-04:00,Batter damage by pitch type.
682927,ronny simon,R,CH,Changeup,3,5,2,1,1,1,1,1,2,104.7,68.48,-1.8,0.3333,0.3333,0.2,0.3333,0.3333,0.2,0.4,2026-10-10,2026-10-10T15:33:05-04:00,Batter damage by pitch type.
682927,ronny simon,R,CU,Curveball,2,1,1,0,0,0,0,1,0,76.9,76.9,42.0,0.0,0.0,0.0,0.0,0.0,1.0,0.0,2026-10-10,2026-10-10T15:33:05-04:00,Batter damage by pitch type.
682927,ronny simon,R,FC,Cutter,1,2,2,0,0,1,0,1,1,103.8,84.95,28.5,0.0,0.0,0.0,1.0,0.0,0.5,0.5,2026-10-10,2026-10-10T15:33:05-04:00,Batter damage by pitch type.
682927,ronny simon,R,FF,4-Seam Fastball,4,6,6,0,0,0,0,1,0,84.1,63.18,55.17,0.0,0.0,0.0,0.0,0.0,0.1667,0.0,2026-10-10,2026-10-10T15:33:05-04:00,Batter damage by pitch type.
682927,ronny simon,R,SI,Sinker,2,2,1,0,0,0,0,0,1,105.0,97.85,-9.5,0.0,0.0,0.0,0.0,0.0,0.0,0.5,2026-10-10,2026-10-10T15:33:05-04:00,Batter damage by pitch type.
682927,ronny simon,R,ST,Sweeper,0,1,1,0,0,0,0,0,0,65.2,65.2,60.0,,,0.0,,,0.0,0.0,2026-10-10,2026-10-10T15:33:05-04:00,Batter damage by pitch type.
682928,cj abrams,L,CH,Changeup,10,11,7,1,1,3,1,4,3,104.2,87.78,21.64,0.1,0.1,0.0909,0.3,0.1,0.3636,0.2727,2026-10-10,2026-10-10T15:33:05-04:00,Batter damage by pitch type.
682928,cj abrams,L,CU,Curveball,5,7,4,0,0,2,1,3,4,102.0,83.79,0.29,0.0,0.0,0.0,0.4,0.2,0.4286,0.5714,2026-10-10,2026-10-10T15:33:05-04:00,Batter damage by pitch type.
682928,cj abrams,L,FC,Cutter,2,4,3,0,0,0,0,2,1,90.4,80.62,37.0,0.0,0.0,0.0,0.0,0.0,0.5,0.25,2026-10-10,2026-10-10T15:33:05-04:00,Batter damage by pitch type.
682928,cj abrams,L,FF,4-Seam Fastball,15,29,22,1,1,2,1,4,8,106.4,81.52,32.76,0.0667,0.0667,0.0345,0.1333,0.0667,0.1379,0.2759,2026-10-10,2026-10-10T15:33:05-04:00,Batter damage by pitch type.
682928,cj abrams,L,FS,Split-Finger,3,4,2,0,0,2,1,1,2,101.9,87.28,6.5,0.0,0.0,0.0,0.6667,0.3333,0.25,0.5,2026-10-10,2026-10-10T15:33:05-04:00,Batter damage by pitch type.
682928,cj abrams,L,KC,Knuckle Curve,0,1,0,0,0,0,0,0,0,94.7,94.7,-26.0,,,0.0,,,0.0,0.0,2026-10-10,2026-10-10T15:33:05-04:00,Batter damage by pitch type.
682928,cj abrams,L,SI,Sinker,3,10,8,0,1,2,1,1,4,110.5,84.31,26.0,0.0,0.3333,0.1,0.6667,0.3333,0.1,0.4,2026-10-10,2026-10-10T15:33:05-04:00,Batter damage by pitch type.
682928,cj abrams,L,SL,Slider,7,10,6,1,2,3,2,3,4,102.1,85.64,10.6,0.1429,0.2857,0.2,0.4286,0.2857,0.3,0.4,2026-10-10,2026-10-10T15:33:05-04:00,Batter damage by pitch type.
682928,cj abrams,L,ST,Sweeper,7,8,6,0,1,2,1,2,4,104.2,85.29,28.25,0.0,0.1429,0.125,0.2857,0.1429,0.25,0.5,2026-10-10,2026-10-10T15:33:05-04:00,Batter damage by pitch type.
682928,cj abrams,L,SV,Slurve,1,0,0,0,0,0,0,0,0,,,,0.0,0.0,,0.0,0.0,,,2026-10-10,2026-10-10T15:33:05-04:00,Batter damage by pitch type.
682985,riley greene,L,CH,Changeup,10,10,9,0,0,2,0,4,4,102.8,84.39,33.5,0.0,0.0,0.0,0.2,0.0,0.4,0.4,2026-10-10,2026-10-10T15:33:05-04:00,Batter damage by pitch type.
682985,riley greene,L,CU,Curveball,3,5,3,1,1,1,1,0,2,101.7,87.18,24.6,0.3333,0.3333,0.2,0.3333,0.3333,0.0,0.4,2026-10-10,2026-10-10T15:33:05-04:00,Batter damage by pitch type.
682985,riley greene,L,FC,Cutter,5,7,2,0,0,0,0,1,0,94.6,72.27,4.86,0.0,0.0,0.0,0.0,0.0,0.1429,0.0,2026-10-10,2026-10-10T15:33:05-04:00,Batter damage by pitch type.
682985,riley greene,L,FF,4-Seam Fastball,19,29,26,0,2,3,2,2,12,111.4,81.06,34.83,0.0,0.1053,0.069,0.1579,0.1053,0.069,0.4138,2026-10-10,2026-10-10T15:33:05-04:00,Batter damage by pitch type.
682985,riley greene,L,FS,Split-Finger,5,5,0,0,0,0,0,0,0,97.7,80.02,-16.6,0.0,0.0,0.0,0.0,0.0,0.0,0.0,2026-10-10,2026-10-10T15:33:05-04:00,Batter damage by pitch type.
682985,riley greene,L,KC,Knuckle Curve,1,1,1,0,0,0,0,1,1,71.1,71.1,10.0,0.0,0.0,0.0,0.0,0.0,1.0,1.0,2026-10-10,2026-10-10T15:33:05-04:00,Batter damage by pitch type.
682985,riley greene,L,SI,Sinker,10,16,10,0,0,1,0,4,7,111.5,81.79,14.69,0.0,0.0,0.0,0.1,0.0,0.25,0.4375,2026-10-10,2026-10-10T15:33:05-04:00,Batter damage by pitch type.
682985,riley greene,L,SL,Slider,10,7,4,0,1,2,1,2,3,101.5,82.39,21.29,0.0,0.1,0.1429,0.2,0.1,0.2857,0.4286,2026-10-10,2026-10-10T15:33:05-04:00,Batter damage by pitch type.
682985,riley greene,L,ST,Sweeper,2,4,3,1,1,2,2,1,2,108.9,91.65,14.25,0.5,0.5,0.25,1.0,1.0,0.25,0.5,2026-10-10,2026-10-10T15:33:05-04:00,Batter damage by pitch type.
682987,spencer jones,L,CH,Changeup,11,12,6,0,0,2,0,1,2,107.5,83.37,16.25,0.0,0.0,0.0,0.1818,0.0,0.0833,0.1667,2026-10-10,2026-10-10T15:33:05-04:00,Batter damage by pitch type.
682987,spencer jones,L,CU,Curveball,6,7,5,1,1,2,1,1,1,109.8,84.46,28.0,0.1667,0.1667,0.1429,0.3333,0.1667,0.1429,0.1429,2026-10-10,2026-10-10T15:33:05-04:00,Batter damage by pitch type.
682987,spencer jones,L,FC,Cutter,6,10,10,0,0,1,1,1,6,113.2,79.85,33.4,0.0,0.0,0.0,0.1667,0.1667,0.1,0.6,2026-10-10,2026-10-10T15:33:05-04:00,Batter damage by pitch type.
682987,spencer jones,L,FF,4-Seam Fastball,34,32,30,0,5,12,3,10,16,114.8,90.69,31.91,0.0,0.1471,0.1562,0.3529,0.0882,0.3125,0.5,2026-10-10,2026-10-10T15:33:05-04:00,Batter damage by pitch type.
682987,spencer jones,L,FS,Split-Finger,4,2,1,0,0,0,0,1,1,92.6,82.9,21.0,0.0,0.0,0.0,0.0,0.0,0.5,0.5,2026-10-10,2026-10-10T15:33:05-04:00,Batter damage by pitch type.
682987,spencer jones,L,KC,Knuckle Curve,0,0,0,0,0,0,0,0,0,,,,,,,,,,,2026-10-10,2026-10-10T15:33:05-04:00,Batter damage by pitch type.
682987,spencer jones,L,SI,Sinker,6,14,12,0,0,1,0,1,5,98.4,75.91,36.71,0.0,0.0,0.0,0.1667,0.0,0.0714,0.3571,2026-10-10,2026-10-10T15:33:05-04:00,Batter damage by pitch type.
682987,spencer jones,L,SL,Slider,6,5,4,0,0,2,0,2,3,96.3,84.04,22.8,0.0,0.0,0.0,0.3333,0.0,0.4,0.6,2026-10-10,2026-10-10T15:33:05-04:00,Batter damage by pitch type.
682987,spencer jones,L,ST,Sweeper,5,5,4,1,1,2,1,3,2,108.0,98.34,23.6,0.2,0.2,0.2,0.4,0.2,0.6,0.4,2026-10-10,2026-10-10T15:33:05-04:00,Batter damage by pitch type.
682998,corbin carroll,L,CH,Changeup,8,11,4,0,0,1,1,0,3,107.1,84.55,-6.36,0.0,0.0,0.0,0.125,0.125,0.0,0.2727,2026-10-10,2026-10-10T15:33:05-04:00,Batter damage by pitch type.
682998,corbin carroll,L,CU,Curveball,1,3,1,0,0,0,0,1,0,75.3,68.23,-3.33,0.0,0.0,0.0,0.0,0.0,0.3333,0.0,2026-10-10,2026-10-10T15:33:05-04:00,Batter damage by pitch type.
682998,corbin carroll,L,FC,Cutter,3,6,6,0,1,1,1,1,5,102.2,77.77,22.67,0.0,0.3333,0.1667,0.3333,0.3333,0.1667,0.8333,2026-10-10,2026-10-10T15:33:05-04:00,Batter damage by pitch type.
682998,corbin carroll,L,FF,4-Seam Fastball,27,33,23,2,2,4,2,7,9,110.7,89.42,29.42,0.0741,0.0741,0.0606,0.1481,0.0741,0.2121,0.2727,2026-10-10,2026-10-10T15:33:05-04:00,Batter damage by pitch type.
682998,corbin carroll,L,FS,Split-Finger,6,8,3,1,1,2,1,0,2,108.4,83.53,-5.12,0.1667,0.1667,0.125,0.3333,0.1667,0.0,0.25,2026-10-10,2026-10-10T15:33:05-04:00,Batter damage by pitch type.
682998,corbin carroll,L,KC,Knuckle Curve,1,1,0,0,0,0,0,0,0,80.2,80.2,-22.0,0.0,0.0,0.0,0.0,0.0,0.0,0.0,2026-10-10,2026-10-10T15:33:05-04:00,Batter damage by pitch type.
682998,corbin carroll,L,SI,Sinker,7,9,6,0,1,2,1,0,2,105.7,86.89,20.22,0.0,0.1429,0.1111,0.2857,0.1429,0.0,0.2222,2026-10-10,2026-10-10T15:33:05-04:00,Batter damage by pitch type.
682998,corbin carroll,L,SL,Slider,6,8,5,0,0,0,0,2,2,101.0,79.69,13.5,0.0,0.0,0.0,0.0,0.0,0.25,0.25,2026-10-10,2026-10-10T15:33:05-04:00,Batter damage by pitch type.
682998,corbin carroll,L,ST,Sweeper,3,4,2,0,0,1,0,1,1,104.8,87.88,10.5,0.0,0.0,0.0,0.3333,0.0,0.25,0.25,2026-10-10,2026-10-10T15:33:05-04:00,Batter damage by pitch type.
683002,gunnar henderson,L,CH,Changeup,6,4,1,0,0,0,0,0,0,104.2,82.85,-3.0,0.0,0.0,0.0,0.0,0.0,0.0,0.0,2026-10-10,2026-10-10T15:33:05-04:00,Batter damage by pitch type.
683002,gunnar henderson,L,CU,Curveball,3,8,3,0,0,1,0,1,2,100.1,82.64,-0.62,0.0,0.0,0.0,0.3333,0.0,0.125,0.25,2026-10-10,2026-10-10T15:33:05-04:00,Batter damage by pitch type.
683002,gunnar henderson,L,FC,Cutter,6,8,7,1,1,3,1,3,4,106.9,86.03,25.5,0.1667,0.1667,0.125,0.5,0.1667,0.375,0.5,2026-10-10,2026-10-10T15:33:05-04:00,Batter damage by pitch type.
683002,gunnar henderson,L,FF,4-Seam Fastball,14,22,18,0,3,4,2,2,13,104.9,79.38,26.05,0.0,0.2143,0.1364,0.2857,0.1429,0.0909,0.5909,2026-10-10,2026-10-10T15:33:05-04:00,Batter damage by pitch type.
683002,gunnar henderson,L,FS,Split-Finger,3,4,3,0,0,0,0,0,0,83.7,70.78,40.25,0.0,0.0,0.0,0.0,0.0,0.0,0.0,2026-10-10,2026-10-10T15:33:05-04:00,Batter damage by pitch type.
683002,gunnar henderson,L,KC,Knuckle Curve,2,1,1,0,0,1,0,0,1,100.8,100.8,8.0,0.0,0.0,0.0,0.5,0.0,0.0,1.0,2026-10-10,2026-10-10T15:33:05-04:00,Batter damage by pitch type.
683002,gunnar henderson,L,SI,Sinker,11,24,16,0,1,3,0,4,10,109.2,78.1,7.42,0.0,0.0909,0.0417,0.2727,0.0,0.1667,0.4167,2026-10-10,2026-10-10T15:33:05-04:00,Batter damage by pitch type.
683002,gunnar henderson,L,SL,Slider,6,5,3,1,1,2,1,3,2,103.2,88.76,15.8,0.1667,0.1667,0.2,0.3333,0.1667,0.6,0.4,2026-10-10,2026-10-10T15:33:05-04:00,Batter damage by pitch type.
683002,gunnar henderson,L,ST,Sweeper,3,4,3,0,0,0,0,1,0,64.7,58.65,20.75,0.0,0.0,0.0,0.0,0.0,0.25,0.0,2026-10-10,2026-10-10T15:33:05-04:00,Batter damage by pitch type.
683002,gunnar henderson,L,SV,Slurve,1,0,0,0,0,0,0,0,0,,,,0.0,0.0,,0.0,0.0,,,2026-10-10,2026-10-10T15:33:05-04:00,Batter damage by pitch type.
683011,anthony volpe,R,CH,Changeup,5,4,1,0,0,0,0,0,0,89.2,82.6,3.75,0.0,0.0,0.0,0.0,0.0,0.0,0.0,2026-10-10,2026-10-10T15:33:05-04:00,Batter damage by pitch type.
683011,anthony volpe,R,CU,Curveball,2,2,1,0,0,0,0,1,1,75.2,69.5,1.5,0.0,0.0,0.0,0.0,0.0,0.5,0.5,2026-10-10,2026-10-10T15:33:05-04:00,Batter damage by pitch type.
683011,anthony volpe,R,FC,Cutter,6,8,5,0,0,1,0,0,1,96.1,80.47,15.75,0.0,0.0,0.0,0.1667,0.0,0.0,0.125,2026-10-10,2026-10-10T15:33:05-04:00,Batter damage by pitch type.
683011,anthony volpe,R,FF,4-Seam Fastball,17,26,22,0,1,9,1,3,10,105.1,86.73,28.58,0.0,0.0588,0.0385,0.5294,0.0588,0.1154,0.3846,2026-10-10,2026-10-10T15:33:05-04:00,Batter damage by pitch type.
683011,anthony volpe,R,FS,Split-Finger,0,0,0,0,0,0,0,0,0,,,,,,,,,,,2026-10-10,2026-10-10T15:33:05-04:00,Batter damage by pitch type.
683011,anthony volpe,R,KC,Knuckle Curve,0,2,0,0,0,0,0,0,0,89.6,88.1,-13.5,,,0.0,,,0.0,0.0,2026-10-10,2026-10-10T15:33:05-04:00,Batter damage by pitch type.
683011,anthony volpe,R,SI,Sinker,10,23,15,1,1,4,1,2,9,104.0,84.42,18.04,0.1,0.1,0.0435,0.4,0.1,0.087,0.3913,2026-10-10,2026-10-10T15:33:05-04:00,Batter damage by pitch type.
683011,anthony volpe,R,SL,Slider,15,15,9,0,1,4,0,4,4,99.6,83.64,19.4,0.0,0.0667,0.0667,0.2667,0.0,0.2667,0.2667,2026-10-10,2026-10-10T15:33:05-04:00,Batter damage by pitch type.
683011,anthony volpe,R,ST,Sweeper,5,5,4,0,0,2,0,2,2,97.1,84.18,29.2,0.0,0.0,0.0,0.4,0.0,0.4,0.4,2026-10-10,2026-10-10T15:33:05-04:00,Batter damage by pitch type.
683021,michael stefanic,R,CH,Changeup,0,0,0,0,0,0,0,0,0,,,,,,,,,,,2026-10-10,2026-10-10T15:33:05-04:00,Batter damage by pitch type.
683021,michael stefanic,R,CU,Curveball,3,2,0,0,0,0,0,0,0,76.8,66.25,-15.5,0.0,0.0,0.0,0.0,0.0,0.0,0.0,2026-10-10,2026-10-10T15:33:05-04:00,Batter damage by pitch type.
683021,michael stefanic,R,FC,Cutter,0,1,1,0,0,0,0,0,0,71.6,71.6,52.0,,,0.0,,,0.0,0.0,2026-10-10,2026-10-10T15:33:05-04:00,Batter damage by pitch type.
683021,michael stefanic,R,FF,4-Seam Fastball,4,10,7,0,0,1,0,1,4,101.8,83.02,7.7,0.0,0.0,0.0,0.25,0.0,0.1,0.4,2026-10-10,2026-10-10T15:33:05-04:00,Batter damage by pitch type.
683021,michael stefanic,R,SI,Sinker,1,3,3,0,0,0,0,0,1,74.2,71.13,35.33,0.0,0.0,0.0,0.0,0.0,0.0,0.3333,2026-10-10,2026-10-10T15:33:05-04:00,Batter damage by pitch type.
683021,michael stefanic,R,SL,Slider,1,3,2,0,0,0,0,0,1,95.7,79.7,24.0,0.0,0.0,0.0,0.0,0.0,0.0,0.3333,2026-10-10,2026-10-10T15:33:05-04:00,Batter damage by pitch type.
683021,michael stefanic,R,ST,Sweeper,0,2,2,0,0,0,0,0,0,71.0,66.75,64.0,,,0.0,,,0.0,0.0,2026-10-10,2026-10-10T15:33:05-04:00,Batter damage by pitch type.
683083,nasim nuñez,L,CH,Changeup,2,1,0,0,0,0,0,0,0,78.1,78.1,-10.0,0.0,0.0,0.0,0.0,0.0,0.0,0.0,2026-10-10,2026-10-10T15:33:05-04:00,Batter damage by pitch type.
683083,nasim nuñez,L,CU,Curveball,1,0,0,0,0,0,0,0,0,,,,0.0,0.0,,0.0,0.0,,,2026-10-10,2026-10-10T15:33:05-04:00,Batter damage by pitch type.
683083,nasim nuñez,L,FC,Cutter,2,1,1,0,0,0,0,0,0,75.6,75.6,44.0,0.0,0.0,0.0,0.0,0.0,0.0,0.0,2026-10-10,2026-10-10T15:33:05-04:00,Batter damage by pitch type.
683083,nasim nuñez,L,FF,4-Seam Fastball,7,11,7,0,0,0,0,1,1,91.0,70.6,20.91,0.0,0.0,0.0,0.0,0.0,0.0909,0.0909,2026-10-10,2026-10-10T15:33:05-04:00,Batter damage by pitch type.
683083,nasim nuñez,L,SI,Sinker,1,1,0,0,0,0,0,0,0,94.5,94.5,-17.0,0.0,0.0,0.0,0.0,0.0,0.0,0.0,2026-10-10,2026-10-10T15:33:05-04:00,Batter damage by pitch type.
683083,nasim nuñez,L,SL,Slider,1,0,0,0,0,0,0,0,0,,,,0.0,0.0,,0.0,0.0,,,2026-10-10,2026-10-10T15:33:05-04:00,Batter damage by pitch type.
683083,nasim nuñez,L,ST,Sweeper,0,0,0,0,0,0,0,0,0,,,,,,,,,,,2026-10-10,2026-10-10T15:33:05-04:00,Batter damage by pitch type.
683083,nasim nuñez,R,CH,Changeup,0,1,0,0,0,0,0,0,0,67.4,67.4,-21.0,,,0.0,,,0.0,0.0,2026-10-10,2026-10-10T15:33:05-04:00,Batter damage by pitch type.
683083,nasim nuñez,R,CU,Curveball,2,1,1,0,0,0,0,0,1,88.4,88.4,30.0,0.0,0.0,0.0,0.0,0.0,0.0,1.0,2026-10-10,2026-10-10T15:33:05-04:00,Batter damage by pitch type.
683083,nasim nuñez,R,FC,Cutter,0,0,0,0,0,0,0,0,0,,,,,,,,,,,2026-10-10,2026-10-10T15:33:05-04:00,Batter damage by pitch type.
683083,nasim nuñez,R,FF,4-Seam Fastball,4,4,3,0,0,1,0,0,1,97.5,84.65,33.5,0.0,0.0,0.0,0.25,0.0,0.0,0.25,2026-10-10,2026-10-10T15:33:05-04:00,Batter damage by pitch type.
683083,nasim nuñez,R,SI,Sinker,8,9,3,0,0,1,0,0,1,104.0,73.97,-3.33,0.0,0.0,0.0,0.125,0.0,0.0,0.1111,2026-10-10,2026-10-10T15:33:05-04:00,Batter damage by pitch type.
683083,nasim nuñez,R,SL,Slider,0,0,0,0,0,0,0,0,0,,,,,,,,,,,2026-10-10,2026-10-10T15:33:05-04:00,Batter damage by pitch type.
683083,nasim nuñez,R,ST,Sweeper,0,0,0,0,0,0,0,0,0,,,,,,,,,,,2026-10-10,2026-10-10T15:33:05-04:00,Batter damage by pitch type.
683083,nasim nuñez,R,SV,Slurve,0,0,0,0,0,0,0,0,0,,,,,,,,,,,2026-10-10,2026-10-10T15:33:05-04:00,Batter damage by pitch type.
683090,matthew lugo,R,CH,Changeup,1,1,0,0,0,0,0,0,0,82.8,82.8,-11.0,0.0,0.0,0.0,0.0,0.0,0.0,0.0,2026-10-10,2026-10-10T15:33:05-04:00,Batter damage by pitch type.
683090,matthew lugo,R,CU,Curveball,2,1,1,0,0,0,0,0,0,55.1,55.1,37.0,0.0,0.0,0.0,0.0,0.0,0.0,0.0,2026-10-10,2026-10-10T15:33:05-04:00,Batter damage by pitch type.
683090,matthew lugo,R,FC,Cutter,1,1,1,0,0,0,0,1,1,76.1,76.1,29.0,0.0,0.0,0.0,0.0,0.0,1.0,1.0,2026-10-10,2026-10-10T15:33:05-04:00,Batter damage by pitch type.
683090,matthew lugo,R,FF,4-Seam Fastball,0,2,2,0,0,0,0,0,0,83.5,77.8,71.0,,,0.0,,,0.0,0.0,2026-10-10,2026-10-10T15:33:05-04:00,Batter damage by pitch type.
683090,matthew lugo,R,SI,Sinker,1,1,0,0,0,0,0,0,0,100.1,100.1,-17.0,0.0,0.0,0.0,0.0,0.0,0.0,0.0,2026-10-10,2026-10-10T15:33:05-04:00,Batter damage by pitch type.
683090,matthew lugo,R,SL,Slider,1,0,0,0,0,0,0,0,0,,,,0.0,0.0,,0.0,0.0,,,2026-10-10,2026-10-10T15:33:05-04:00,Batter damage by pitch type.
683146,brett baty,L,CH,Changeup,2,4,3,0,0,1,0,2,1,95.7,85.88,23.75,0.0,0.0,0.0,0.5,0.0,0.5,0.25,2026-10-10,2026-10-10T15:33:05-04:00,Batter damage by pitch type.
683146,brett baty,L,CU,Curveball,1,3,0,0,0,0,0,0,0,78.7,66.87,-36.0,0.0,0.0,0.0,0.0,0.0,0.0,0.0,2026-10-10,2026-10-10T15:33:05-04:00,Batter damage by pitch type.
683146,brett baty,L,FC,Cutter,4,6,4,0,1,1,0,2,2,110.1,84.85,15.33,0.0,0.25,0.1667,0.25,0.0,0.3333,0.3333,2026-10-10,2026-10-10T15:33:05-04:00,Batter damage by pitch type.
683146,brett baty,L,FF,4-Seam Fastball,22,26,21,1,1,4,0,5,10,110.2,86.03,26.65,0.0455,0.0455,0.0385,0.1818,0.0,0.1923,0.3846,2026-10-10,2026-10-10T15:33:05-04:00,Batter damage by pitch type.
683146,brett baty,L,FS,Split-Finger,0,0,0,0,0,0,0,0,0,,,,,,,,,,,2026-10-10,2026-10-10T15:33:05-04:00,Batter damage by pitch type.
683146,brett baty,L,KC,Knuckle Curve,3,2,2,0,0,1,0,0,1,108.2,96.3,29.5,0.0,0.0,0.0,0.3333,0.0,0.0,0.5,2026-10-10,2026-10-10T15:33:05-04:00,Batter damage by pitch type.
683146,brett baty,L,SI,Sinker,3,5,3,0,0,0,0,0,1,102.4,85.4,14.2,0.0,0.0,0.0,0.0,0.0,0.0,0.2,2026-10-10,2026-10-10T15:33:05-04:00,Batter damage by pitch type.
683146,brett baty,L,SL,Slider,4,4,1,0,0,1,0,0,0,101.5,85.25,1.75,0.0,0.0,0.0,0.25,0.0,0.0,0.0,2026-10-10,2026-10-10T15:33:05-04:00,Batter damage by pitch type.
683146,brett baty,L,ST,Sweeper,2,5,5,0,1,1,0,0,1,97.7,74.36,42.0,0.0,0.5,0.2,0.5,0.0,0.0,0.2,2026-10-10,2026-10-10T15:33:05-04:00,Batter damage by pitch type.
683227,cody freeman,R,CH,Changeup,0,1,0,0,0,0,0,0,0,89.2,89.2,6.0,,,0.0,,,0.0,0.0,2026-10-10,2026-10-10T15:33:05-04:00,Batter damage by pitch type.
683227,cody freeman,R,FC,Cutter,2,3,2,0,0,0,0,1,2,84.8,80.9,15.67,0.0,0.0,0.0,0.0,0.0,0.3333,0.6667,2026-10-10,2026-10-10T15:33:05-04:00,Batter damage by pitch type.
683227,cody freeman,R,FF,4-Seam Fastball,1,2,2,0,0,0,0,0,0,85.7,83.4,59.5,0.0,0.0,0.0,0.0,0.0,0.0,0.0,2026-10-10,2026-10-10T15:33:05-04:00,Batter damage by pitch type.
683227,cody freeman,R,SI,Sinker,0,2,0,0,0,0,0,0,0,96.5,94.25,-14.0,,,0.0,,,0.0,0.0,2026-10-10,2026-10-10T15:33:05-04:00,Batter damage by pitch type.
683227,cody freeman,R,SL,Slider,2,1,1,0,0,0,0,0,0,72.1,72.1,42.0,0.0,0.0,0.0,0.0,0.0,0.0,0.0,2026-10-10,2026-10-10T15:33:05-04:00,Batter damage by pitch type.
683357,owen caissie,L,FF,4-Seam Fastball,0,0,0,0,0,0,0,0,0,,,,,,,,,,,2026-10-10,2026-10-10T15:33:05-04:00,Batter damage by pitch type.
683357,owen caissie,L,KC,Knuckle Curve,0,0,0,0,0,0,0,0,0,,,,,,,,,,,2026-10-10,2026-10-10T15:33:05-04:00,Batter damage by pitch type.
683357,owen caissie,L,SI,Sinker,1,0,0,0,0,0,0,0,0,,,,0.0,0.0,,0.0,0.0,,,2026-10-10,2026-10-10T15:33:05-04:00,Batter damage by pitch type.
683357,owen caissie,L,SL,Slider,0,1,0,0,0,0,0,0,0,100.1,100.1,-23.0,,,0.0,,,0.0,0.0,2026-10-10,2026-10-10T15:33:05-04:00,Batter damage by pitch type.
683357,owen caissie,L,ST,Sweeper,1,1,1,0,0,0,0,0,0,93.6,93.6,47.0,0.0,0.0,0.0,0.0,0.0,0.0,0.0,2026-10-10,2026-10-10T15:33:05-04:00,Batter damage by pitch type.
683734,andrew vaughn,R,CH,Changeup,0,0,0,0,0,0,0,0,0,,,,,,,,,,,2026-10-10,2026-10-10T15:33:05-04:00,Batter damage by pitch type.
683734,andrew vaughn,R,CU,Curveball,1,0,0,0,0,0,0,0,0,,,,0.0,0.0,,0.0,0.0,,,2026-10-10,2026-10-10T15:33:05-04:00,Batter damage by pitch type.
683734,andrew vaughn,R,FC,Cutter,1,1,1,0,0,0,0,1,0,80.7,80.7,33.0,0.0,0.0,0.0,0.0,0.0,1.0,0.0,2026-10-10,2026-10-10T15:33:05-04:00,Batter damage by pitch type.
683734,andrew vaughn,R,FF,4-Seam Fastball,5,11,8,0,0,2,1,2,4,110.9,83.79,31.73,0.0,0.0,0.0,0.4,0.2,0.1818,0.3636,2026-10-10,2026-10-10T15:33:05-04:00,Batter damage by pitch type.
683734,andrew vaughn,R,SI,Sinker,3,2,0,0,0,0,0,0,0,105.8,89.9,0.5,0.0,0.0,0.0,0.0,0.0,0.0,0.0,2026-10-10,2026-10-10T15:33:05-04:00,Batter damage by pitch type.
683734,andrew vaughn,R,SL,Slider,5,5,4,0,0,1,0,1,1,96.6,83.46,34.0,0.0,0.0,0.0,0.2,0.0,0.2,0.2,2026-10-10,2026-10-10T15:33:05-04:00,Batter damage by pitch type.
683734,andrew vaughn,R,ST,Sweeper,1,2,0,0,0,0,0,0,0,98.7,92.85,-6.0,0.0,0.0,0.0,0.0,0.0,0.0,0.0,2026-10-10,2026-10-10T15:33:05-04:00,Batter damage by pitch type.
683737,michael busch,L,CH,Changeup,8,7,3,0,0,1,0,0,1,103.5,83.96,9.57,0.0,0.0,0.0,0.125,0.0,0.0,0.1429,2026-10-10,2026-10-10T15:33:05-04:00,Batter damage by pitch type.
683737,michael busch,L,CU,Curveball,6,6,1,1,1,1,1,1,1,104.8,83.13,-12.5,0.1667,0.1667,0.1667,0.1667,0.1667,0.1667,0.1667,2026-10-10,2026-10-10T15:33:05-04:00,Batter damage by pitch type.
683737,michael busch,L,FC,Cutter,2,4,4,0,1,1,1,1,3,104.9,84.9,36.25,0.0,0.5,0.25,0.5,0.5,0.25,0.75,2026-10-10,2026-10-10T15:33:05-04:00,Batter damage by pitch type.
683737,michael busch,L,FF,4-Seam Fastball,21,35,29,1,2,4,1,4,11,103.3,80.92,30.89,0.0476,0.0952,0.0571,0.1905,0.0476,0.1143,0.3143,2026-10-10,2026-10-10T15:33:05-04:00,Batter damage by pitch type.
683737,michael busch,L,FS,Split-Finger,5,4,2,0,0,0,0,0,1,93.0,79.7,8.0,0.0,0.0,0.0,0.0,0.0,0.0,0.25,2026-10-10,2026-10-10T15:33:05-04:00,Batter damage by pitch type.
683737,michael busch,L,SI,Sinker,15,15,8,0,0,1,0,2,6,103.4,84.37,13.0,0.0,0.0,0.0,0.0667,0.0,0.1333,0.4,2026-10-10,2026-10-10T15:33:05-04:00,Batter damage by pitch type.
683737,michael busch,L,SL,Slider,8,11,4,0,0,2,0,1,3,102.8,85.1,3.73,0.0,0.0,0.0,0.25,0.0,0.0909,0.2727,2026-10-10,2026-10-10T15:33:05-04:00,Batter damage by pitch type.
683737,michael busch,L,ST,Sweeper,3,2,1,0,0,0,0,0,0,74.6,72.0,26.5,0.0,0.0,0.0,0.0,0.0,0.0,0.0,2026-10-10,2026-10-10T15:33:05-04:00,Batter damage by pitch type.
683748,victor mesa,L,CH,Changeup,9,8,6,1,1,3,1,2,2,101.9,80.7,20.5,0.1111,0.1111,0.125,0.3333,0.1111,0.25,0.25,2026-10-10,2026-10-10T15:33:05-04:00,Batter damage by pitch type.
683748,victor mesa,L,CU,Curveball,2,8,5,0,0,1,0,1,1,104.7,84.01,27.38,0.0,0.0,0.0,0.5,0.0,0.125,0.125,2026-10-10,2026-10-10T15:33:05-04:00,Batter damage by pitch type.
683748,victor mesa,L,FC,Cutter,6,10,9,0,1,6,1,4,5,110.5,96.06,29.7,0.0,0.1667,0.1,1.0,0.1667,0.4,0.5,2026-10-10,2026-10-10T15:33:05-04:00,Batter damage by pitch type.
683748,victor mesa,L,FF,4-Seam Fastball,20,31,28,2,2,4,2,4,10,106.0,79.77,33.74,0.1,0.1,0.0645,0.2,0.1,0.129,0.3226,2026-10-10,2026-10-10T15:33:05-04:00,Batter damage by pitch type.
683748,victor mesa,L,FS,Split-Finger,3,6,1,0,0,0,0,0,0,101.6,78.5,-16.83,0.0,0.0,0.0,0.0,0.0,0.0,0.0,2026-10-10,2026-10-10T15:33:05-04:00,Batter damage by pitch type.
683748,victor mesa,L,KC,Knuckle Curve,2,4,1,0,0,0,0,0,1,78.2,70.78,-19.0,0.0,0.0,0.0,0.0,0.0,0.0,0.25,2026-10-10,2026-10-10T15:33:05-04:00,Batter damage by pitch type.
683748,victor mesa,L,SI,Sinker,7,14,8,0,0,1,0,0,5,105.1,81.99,6.86,0.0,0.0,0.0,0.1429,0.0,0.0,0.3571,2026-10-10,2026-10-10T15:33:05-04:00,Batter damage by pitch type.
683748,victor mesa,L,SL,Slider,11,10,5,0,0,0,0,1,1,102.9,82.41,24.5,0.0,0.0,0.0,0.0,0.0,0.1,0.1,2026-10-10,2026-10-10T15:33:05-04:00,Batter damage by pitch type.
683748,victor mesa,L,ST,Sweeper,3,4,3,1,1,1,1,1,0,107.3,89.0,40.25,0.3333,0.3333,0.25,0.3333,0.3333,0.25,0.0,2026-10-10,2026-10-10T15:33:05-04:00,Batter damage by pitch type.
683748,victor mesa,L,SV,Slurve,0,2,1,0,0,1,0,0,1,103.2,90.5,-6.5,,,0.0,,,0.0,0.5,2026-10-10,2026-10-10T15:33:05-04:00,Batter damage by pitch type.
683766,christian koss,R,CH,Changeup,3,5,1,0,0,0,0,0,1,77.2,58.52,-13.0,0.0,0.0,0.0,0.0,0.0,0.0,0.2,2026-10-10,2026-10-10T15:33:05-04:00,Batter damage by pitch type.
683766,christian koss,R,CU,Curveball,4,2,1,0,0,0,0,0,0,100.9,86.75,19.5,0.0,0.0,0.0,0.0,0.0,0.0,0.0,2026-10-10,2026-10-10T15:33:05-04:00,Batter damage by pitch type.
683766,christian koss,R,FC,Cutter,3,2,0,0,0,0,0,0,0,76.3,61.7,-36.0,0.0,0.0,0.0,0.0,0.0,0.0,0.0,2026-10-10,2026-10-10T15:33:05-04:00,Batter damage by pitch type.
683766,christian koss,R,FF,4-Seam Fastball,23,33,23,0,0,3,1,1,11,106.0,72.48,23.48,0.0,0.0,0.0,0.1304,0.0435,0.0303,0.3333,2026-10-10,2026-10-10T15:33:05-04:00,Batter damage by pitch type.
683766,christian koss,R,KC,Knuckle Curve,0,0,0,0,0,0,0,0,0,,,,,,,,,,,2026-10-10,2026-10-10T15:33:05-04:00,Batter damage by pitch type.
683766,christian koss,R,SI,Sinker,8,8,4,0,0,1,0,2,4,98.4,84.53,10.88,0.0,0.0,0.0,0.125,0.0,0.25,0.5,2026-10-10,2026-10-10T15:33:05-04:00,Batter damage by pitch type.
683766,christian koss,R,SL,Slider,7,5,4,0,0,3,0,2,2,99.3,88.56,16.6,0.0,0.0,0.0,0.4286,0.0,0.4,0.4,2026-10-10,2026-10-10T15:33:05-04:00,Batter damage by pitch type.
683766,christian koss,R,ST,Sweeper,6,5,2,0,0,0,0,0,1,83.3,76.14,11.0,0.0,0.0,0.0,0.0,0.0,0.0,0.2,2026-10-10,2026-10-10T15:33:05-04:00,Batter damage by pitch type.
683953,travis bazzana,L,CH,Changeup,4,7,3,0,1,1,1,1,2,102.2,83.09,0.14,0.0,0.25,0.1429,0.25,0.25,0.1429,0.2857,2026-10-10,2026-10-10T15:33:05-04:00,Batter damage by pitch type.
683953,travis bazzana,L,CU,Curveball,5,2,0,0,0,0,0,0,0,91.0,86.75,-24.0,0.0,0.0,0.0,0.0,0.0,0.0,0.0,2026-10-10,2026-10-10T15:33:05-04:00,Batter damage by pitch type.
683953,travis bazzana,L,FC,Cutter,5,14,9,0,0,2,0,1,4,100.5,82.22,19.43,0.0,0.0,0.0,0.4,0.0,0.0714,0.2857,2026-10-10,2026-10-10T15:33:05-04:00,Batter damage by pitch type.
683953,travis bazzana,L,FF,4-Seam Fastball,21,38,32,1,1,5,2,8,12,105.8,83.77,29.32,0.0476,0.0476,0.0263,0.2381,0.0952,0.2105,0.3158,2026-10-10,2026-10-10T15:33:05-04:00,Batter damage by pitch type.
683953,travis bazzana,L,FS,Split-Finger,2,2,0,0,0,0,0,0,1,101.6,100.45,3.0,0.0,0.0,0.0,0.0,0.0,0.0,0.5,2026-10-10,2026-10-10T15:33:05-04:00,Batter damage by pitch type.
683953,travis bazzana,L,KC,Knuckle Curve,2,2,0,0,0,0,0,0,0,81.3,78.85,-10.5,0.0,0.0,0.0,0.0,0.0,0.0,0.0,2026-10-10,2026-10-10T15:33:05-04:00,Batter damage by pitch type.
683953,travis bazzana,L,SI,Sinker,21,36,18,1,1,4,0,5,12,106.1,84.2,8.75,0.0476,0.0476,0.0278,0.1905,0.0,0.1389,0.3333,2026-10-10,2026-10-10T15:33:05-04:00,Batter damage by pitch type.
683953,travis bazzana,L,SL,Slider,11,17,9,2,0,1,0,4,2,99.9,70.08,4.59,0.1818,0.0,0.0,0.0909,0.0,0.2353,0.1176,2026-10-10,2026-10-10T15:33:05-04:00,Batter damage by pitch type.
683953,travis bazzana,L,ST,Sweeper,5,13,6,0,1,1,1,2,4,100.9,77.48,5.38,0.0,0.2,0.0769,0.2,0.2,0.1538,0.3077,2026-10-10,2026-10-10T15:33:05-04:00,Batter damage by pitch type.
683953,travis bazzana,L,SV,Slurve,0,0,0,0,0,0,0,0,0,,,,,,,,,,,2026-10-10,2026-10-10T15:33:05-04:00,Batter damage by pitch type.
685133,wade meckler,L,CH,Changeup,2,2,1,0,0,0,0,0,1,100.9,84.6,15.5,0.0,0.0,0.0,0.0,0.0,0.0,0.5,2026-10-10,2026-10-10T15:33:05-04:00,Batter damage by pitch type.
685133,wade meckler,L,CU,Curveball,2,3,2,0,0,0,0,1,0,93.5,70.47,13.0,0.0,0.0,0.0,0.0,0.0,0.3333,0.0,2026-10-10,2026-10-10T15:33:05-04:00,Batter damage by pitch type.
685133,wade meckler,L,FC,Cutter,6,5,3,0,1,1,1,1,2,100.1,84.6,7.8,0.0,0.1667,0.2,0.1667,0.1667,0.2,0.4,2026-10-10,2026-10-10T15:33:05-04:00,Batter damage by pitch type.
685133,wade meckler,L,FF,4-Seam Fastball,18,29,20,0,0,5,0,1,13,99.3,86.34,16.9,0.0,0.0,0.0,0.2778,0.0,0.0345,0.4483,2026-10-10,2026-10-10T15:33:05-04:00,Batter damage by pitch type.
685133,wade meckler,L,FS,Split-Finger,4,7,3,0,0,0,0,1,1,89.4,67.3,-12.43,0.0,0.0,0.0,0.0,0.0,0.1429,0.1429,2026-10-10,2026-10-10T15:33:05-04:00,Batter damage by pitch type.
685133,wade meckler,L,KC,Knuckle Curve,1,0,0,0,0,0,0,0,0,,,,0.0,0.0,,0.0,0.0,,,2026-10-10,2026-10-10T15:33:05-04:00,Batter damage by pitch type.
685133,wade meckler,L,SI,Sinker,14,13,5,0,0,2,0,0,4,102.2,81.88,2.69,0.0,0.0,0.0,0.1429,0.0,0.0,0.3077,2026-10-10,2026-10-10T15:33:05-04:00,Batter damage by pitch type.
685133,wade meckler,L,SL,Slider,10,11,3,0,0,1,0,2,2,102.3,83.51,-2.0,0.0,0.0,0.0,0.1,0.0,0.1818,0.1818,2026-10-10,2026-10-10T15:33:05-04:00,Batter damage by pitch type.
685133,wade meckler,L,ST,Sweeper,7,6,4,0,0,0,0,3,1,89.8,79.22,16.33,0.0,0.0,0.0,0.0,0.0,0.5,0.1667,2026-10-10,2026-10-10T15:33:05-04:00,Batter damage by pitch type.
686217,sal frelick,L,CH,Changeup,7,6,1,0,0,0,0,0,0,89.3,78.52,-0.17,0.0,0.0,0.0,0.0,0.0,0.0,0.0,2026-10-10,2026-10-10T15:33:05-04:00,Batter damage by pitch type.
686217,sal frelick,L,CU,Curveball,1,3,0,0,0,0,0,0,0,99.2,80.7,-12.0,0.0,0.0,0.0,0.0,0.0,0.0,0.0,2026-10-10,2026-10-10T15:33:05-04:00,Batter damage by pitch type.
686217,sal frelick,L,FC,Cutter,4,6,4,0,0,0,0,0,0,80.6,66.88,28.33,0.0,0.0,0.0,0.0,0.0,0.0,0.0,2026-10-10,2026-10-10T15:33:05-04:00,Batter damage by pitch type.
686217,sal frelick,L,FF,4-Seam Fastball,10,13,9,0,0,2,1,1,2,102.6,81.09,32.31,0.0,0.0,0.0,0.2,0.1,0.0769,0.1538,2026-10-10,2026-10-10T15:33:05-04:00,Batter damage by pitch type.
686217,sal frelick,L,FS,Split-Finger,1,2,0,0,0,0,0,0,0,75.3,71.15,-30.5,0.0,0.0,0.0,0.0,0.0,0.0,0.0,2026-10-10,2026-10-10T15:33:05-04:00,Batter damage by pitch type.
686217,sal frelick,L,KC,Knuckle Curve,1,1,0,0,0,0,0,0,0,90.6,90.6,-23.0,0.0,0.0,0.0,0.0,0.0,0.0,0.0,2026-10-10,2026-10-10T15:33:05-04:00,Batter damage by pitch type.
686217,sal frelick,L,SI,Sinker,6,9,4,0,0,0,0,0,2,100.1,82.83,8.0,0.0,0.0,0.0,0.0,0.0,0.0,0.2222,2026-10-10,2026-10-10T15:33:05-04:00,Batter damage by pitch type.
686217,sal frelick,L,SL,Slider,9,13,5,0,0,1,0,0,2,99.4,82.05,6.54,0.0,0.0,0.0,0.1111,0.0,0.0,0.1538,2026-10-10,2026-10-10T15:33:05-04:00,Batter damage by pitch type.
686217,sal frelick,L,ST,Sweeper,3,4,2,0,0,0,0,1,2,94.8,86.45,-2.5,0.0,0.0,0.0,0.0,0.0,0.25,0.5,2026-10-10,2026-10-10T15:33:05-04:00,Batter damage by pitch type.
686469,vinnie pasquantino,L,CH,Changeup,2,3,2,0,0,0,0,1,1,91.6,79.0,21.0,0.0,0.0,0.0,0.0,0.0,0.3333,0.3333,2026-10-10,2026-10-10T15:33:05-04:00,Batter damage by pitch type.
686469,vinnie pasquantino,L,CU,Curveball,2,4,3,0,0,0,0,1,1,94.7,84.08,19.75,0.0,0.0,0.0,0.0,0.0,0.25,0.25,2026-10-10,2026-10-10T15:33:05-04:00,Batter damage by pitch type.
686469,vinnie pasquantino,L,FC,Cutter,1,6,3,0,0,0,0,0,1,102.4,84.33,11.5,0.0,0.0,0.0,0.0,0.0,0.0,0.1667,2026-10-10,2026-10-10T15:33:05-04:00,Batter damage by pitch type.
686469,vinnie pasquantino,L,FF,4-Seam Fastball,13,21,18,1,2,5,1,4,9,106.7,86.13,30.9,0.0769,0.1538,0.0952,0.3846,0.0769,0.1905,0.4286,2026-10-10,2026-10-10T15:33:05-04:00,Batter damage by pitch type.
686469,vinnie pasquantino,L,FS,Split-Finger,2,2,1,1,1,1,0,1,1,99.3,78.85,18.0,0.5,0.5,0.5,0.5,0.0,0.5,0.5,2026-10-10,2026-10-10T15:33:05-04:00,Batter damage by pitch type.
686469,vinnie pasquantino,L,KC,Knuckle Curve,1,0,0,0,0,0,0,0,0,,,,0.0,0.0,,0.0,0.0,,,2026-10-10,2026-10-10T15:33:05-04:00,Batter damage by pitch type.
686469,vinnie pasquantino,L,SI,Sinker,17,23,11,2,3,5,3,5,8,106.0,85.57,9.0,0.1176,0.1765,0.1304,0.2941,0.1765,0.2174,0.3478,2026-10-10,2026-10-10T15:33:05-04:00,Batter damage by pitch type.
686469,vinnie pasquantino,L,SL,Slider,6,13,7,2,2,4,2,4,4,108.9,90.72,9.15,0.3333,0.3333,0.1538,0.6667,0.3333,0.3077,0.3077,2026-10-10,2026-10-10T15:33:05-04:00,Batter damage by pitch type.
686469,vinnie pasquantino,L,ST,Sweeper,9,13,10,0,0,3,1,2,4,104.3,84.71,27.54,0.0,0.0,0.0,0.3333,0.1111,0.1538,0.3077,2026-10-10,2026-10-10T15:33:05-04:00,Batter damage by pitch type.
686469,vinnie pasquantino,L,SV,Slurve,0,1,0,0,0,0,0,0,0,61.9,61.9,-46.0,,,0.0,,,0.0,0.0,2026-10-10,2026-10-10T15:33:05-04:00,Batter damage by pitch type.
686475,tyler tolbert,R,CH,Changeup,3,1,0,0,0,0,0,0,0,86.3,86.3,-8.0,0.0,0.0,0.0,0.0,0.0,0.0,0.0,2026-10-10,2026-10-10T15:33:05-04:00,Batter damage by pitch type.
686475,tyler tolbert,R,FC,Cutter,0,2,2,0,0,0,0,0,1,72.8,70.6,35.0,,,0.0,,,0.0,0.5,2026-10-10,2026-10-10T15:33:05-04:00,Batter damage by pitch type.
686475,tyler tolbert,R,FF,4-Seam Fastball,1,3,3,0,0,0,0,1,2,74.2,57.7,29.67,0.0,0.0,0.0,0.0,0.0,0.3333,0.6667,2026-10-10,2026-10-10T15:33:05-04:00,Batter damage by pitch type.
686475,tyler tolbert,R,SI,Sinker,6,6,3,0,0,0,0,1,3,89.2,80.9,-6.5,0.0,0.0,0.0,0.0,0.0,0.1667,0.5,2026-10-10,2026-10-10T15:33:05-04:00,Batter damage by pitch type.
686475,tyler tolbert,R,SL,Slider,3,2,2,0,0,0,0,1,1,80.9,80.1,49.0,0.0,0.0,0.0,0.0,0.0,0.5,0.5,2026-10-10,2026-10-10T15:33:05-04:00,Batter damage by pitch type.
686475,tyler tolbert,R,ST,Sweeper,1,0,0,0,0,0,0,0,0,,,,0.0,0.0,,0.0,0.0,,,2026-10-10,2026-10-10T15:33:05-04:00,Batter damage by pitch type.
686527,dominic canzone,L,CH,Changeup,4,6,5,0,0,1,0,1,3,100.8,85.92,29.5,0.0,0.0,0.0,0.25,0.0,0.1667,0.5,2026-10-10,2026-10-10T15:33:05-04:00,Batter damage by pitch type.
686527,dominic canzone,L,CU,Curveball,6,6,5,0,1,1,0,1,3,112.0,88.68,17.83,0.0,0.1667,0.1667,0.1667,0.0,0.1667,0.5,2026-10-10,2026-10-10T15:33:05-04:00,Batter damage by pitch type.
686527,dominic canzone,L,FC,Cutter,7,8,5,0,0,2,0,2,3,106.6,79.11,4.88,0.0,0.0,0.0,0.2857,0.0,0.25,0.375,2026-10-10,2026-10-10T15:33:05-04:00,Batter damage by pitch type.
686527,dominic canzone,L,FF,4-Seam Fastball,18,20,13,0,2,6,2,1,9,110.5,88.88,14.0,0.0,0.1111,0.1,0.3333,0.1111,0.05,0.45,2026-10-10,2026-10-10T15:33:05-04:00,Batter damage by pitch type.
686527,dominic canzone,L,FS,Split-Finger,3,5,4,0,1,2,1,2,2,102.8,83.78,16.6,0.0,0.3333,0.2,0.6667,0.3333,0.4,0.4,2026-10-10,2026-10-10T15:33:05-04:00,Batter damage by pitch type.
686527,dominic canzone,L,SI,Sinker,7,9,3,0,0,1,0,0,2,104.2,82.06,-4.89,0.0,0.0,0.0,0.1429,0.0,0.0,0.2222,2026-10-10,2026-10-10T15:33:05-04:00,Batter damage by pitch type.
686527,dominic canzone,L,SL,Slider,21,20,14,2,2,3,2,3,8,106.8,85.67,21.1,0.0952,0.0952,0.1,0.1429,0.0952,0.15,0.4,2026-10-10,2026-10-10T15:33:05-04:00,Batter damage by pitch type.
686527,dominic canzone,L,ST,Sweeper,5,9,8,0,1,1,1,2,4,102.7,79.92,29.89,0.0,0.2,0.1111,0.2,0.2,0.2222,0.4444,2026-10-10,2026-10-10T15:33:05-04:00,Batter damage by pitch type.
686527,dominic canzone,L,SV,Slurve,0,0,0,0,0,0,0,0,0,,,,,,,,,,,2026-10-10,2026-10-10T15:33:05-04:00,Batter damage by pitch type.
686555,isaac collins,L,CH,Changeup,1,0,0,0,0,0,0,0,0,,,,0.0,0.0,,0.0,0.0,,,2026-10-10,2026-10-10T15:33:05-04:00,Batter damage by pitch type.
686555,isaac collins,L,CU,Curveball,1,5,0,0,0,0,0,0,0,93.7,74.68,-30.8,0.0,0.0,0.0,0.0,0.0,0.0,0.0,2026-10-10,2026-10-10T15:33:05-04:00,Batter damage by pitch type.
686555,isaac collins,L,FC,Cutter,1,3,3,0,0,1,0,0,1,95.7,72.13,36.67,0.0,0.0,0.0,1.0,0.0,0.0,0.3333,2026-10-10,2026-10-10T15:33:05-04:00,Batter damage by pitch type.
686555,isaac collins,L,FF,4-Seam Fastball,14,12,10,0,1,2,1,1,6,103.2,81.5,31.42,0.0,0.0714,0.0833,0.1429,0.0714,0.0833,0.5,2026-10-10,2026-10-10T15:33:05-04:00,Batter damage by pitch type.
686555,isaac collins,L,FS,Split-Finger,0,0,0,0,0,0,0,0,0,,,,,,,,,,,2026-10-10,2026-10-10T15:33:05-04:00,Batter damage by pitch type.
686555,isaac collins,L,KC,Knuckle Curve,0,1,0,0,0,0,0,0,1,101.7,101.7,8.0,,,0.0,,,0.0,1.0,2026-10-10,2026-10-10T15:33:05-04:00,Batter damage by pitch type.
686555,isaac collins,L,SI,Sinker,7,5,2,0,0,1,0,1,1,105.6,78.82,-4.8,0.0,0.0,0.0,0.1429,0.0,0.2,0.2,2026-10-10,2026-10-10T15:33:05-04:00,Batter damage by pitch type.
686555,isaac collins,L,SL,Slider,0,1,0,0,0,0,0,0,0,85.1,85.1,-20.0,,,0.0,,,0.0,0.0,2026-10-10,2026-10-10T15:33:05-04:00,Batter damage by pitch type.
686555,isaac collins,L,ST,Sweeper,3,2,0,0,0,0,0,0,0,73.6,70.15,-28.5,0.0,0.0,0.0,0.0,0.0,0.0,0.0,2026-10-10,2026-10-10T15:33:05-04:00,Batter damage by pitch type.
686555,isaac collins,R,CH,Changeup,1,3,1,0,0,0,0,0,1,99.5,82.8,2.67,0.0,0.0,0.0,0.0,0.0,0.0,0.3333,2026-10-10,2026-10-10T15:33:05-04:00,Batter damage by pitch type.
686555,isaac collins,R,FC,Cutter,1,1,1,0,0,0,0,1,0,68.7,68.7,55.0,0.0,0.0,0.0,0.0,0.0,1.0,0.0,2026-10-10,2026-10-10T15:33:05-04:00,Batter damage by pitch type.
686555,isaac collins,R,FF,4-Seam Fastball,5,9,5,0,0,0,0,0,0,91.7,74.36,20.22,0.0,0.0,0.0,0.0,0.0,0.0,0.0,2026-10-10,2026-10-10T15:33:05-04:00,Batter damage by pitch type.
686555,isaac collins,R,SI,Sinker,5,4,1,0,0,0,0,0,0,104.3,75.98,0.5,0.0,0.0,0.0,0.0,0.0,0.0,0.0,2026-10-10,2026-10-10T15:33:05-04:00,Batter damage by pitch type.
686555,isaac collins,R,SL,Slider,0,1,1,0,0,0,0,0,1,78.5,78.5,24.0,,,0.0,,,0.0,1.0,2026-10-10,2026-10-10T15:33:05-04:00,Batter damage by pitch type.
686555,isaac collins,R,ST,Sweeper,1,0,0,0,0,0,0,0,0,,,,0.0,0.0,,0.0,0.0,,,2026-10-10,2026-10-10T15:33:05-04:00,Batter damage by pitch type.
686611,dylan crews,R,CH,Changeup,4,5,3,0,0,0,0,0,1,101.8,73.56,13.4,0.0,0.0,0.0,0.0,0.0,0.0,0.2,2026-10-10,2026-10-10T15:33:05-04:00,Batter damage by pitch type.
686611,dylan crews,R,CU,Curveball,4,5,3,0,0,0,0,0,1,93.3,85.64,29.4,0.0,0.0,0.0,0.0,0.0,0.0,0.2,2026-10-10,2026-10-10T15:33:05-04:00,Batter damage by pitch type.
686611,dylan crews,R,FC,Cutter,3,2,1,0,0,0,0,0,0,105.4,91.8,36.0,0.0,0.0,0.0,0.0,0.0,0.0,0.0,2026-10-10,2026-10-10T15:33:05-04:00,Batter damage by pitch type.
686611,dylan crews,R,FF,4-Seam Fastball,19,29,23,1,2,7,2,3,11,109.5,84.11,27.21,0.0526,0.1053,0.069,0.3684,0.1053,0.1034,0.3793,2026-10-10,2026-10-10T15:33:05-04:00,Batter damage by pitch type.
686611,dylan crews,R,FS,Split-Finger,1,1,0,0,0,0,0,0,0,77.6,77.6,-41.0,0.0,0.0,0.0,0.0,0.0,0.0,0.0,2026-10-10,2026-10-10T15:33:05-04:00,Batter damage by pitch type.
686611,dylan crews,R,KC,Knuckle Curve,1,0,0,0,0,0,0,0,0,,,,0.0,0.0,,0.0,0.0,,,2026-10-10,2026-10-10T15:33:05-04:00,Batter damage by pitch type.
686611,dylan crews,R,SI,Sinker,15,25,13,1,2,4,2,4,7,106.1,80.31,2.64,0.0667,0.1333,0.08,0.2667,0.1333,0.16,0.28,2026-10-10,2026-10-10T15:33:05-04:00,Batter damage by pitch type.
686611,dylan crews,R,SL,Slider,5,6,4,0,0,0,0,1,0,90.7,85.1,28.33,0.0,0.0,0.0,0.0,0.0,0.1667,0.0,2026-10-10,2026-10-10T15:33:05-04:00,Batter damage by pitch type.
686611,dylan crews,R,ST,Sweeper,4,4,3,0,1,2,1,2,2,102.5,90.9,14.75,0.0,0.25,0.25,0.5,0.25,0.5,0.5,2026-10-10,2026-10-10T15:33:05-04:00,Batter damage by pitch type.
686668,brenton doyle,R,CH,Changeup,7,5,2,1,1,1,1,0,1,105.3,78.4,2.2,0.1429,0.1429,0.2,0.1429,0.1429,0.0,0.2,2026-10-10,2026-10-10T15:33:05-04:00,Batter damage by pitch type.
686668,brenton doyle,R,CU,Curveball,3,3,1,0,0,0,0,0,0,90.9,83.1,-11.67,0.0,0.0,0.0,0.0,0.0,0.0,0.0,2026-10-10,2026-10-10T15:33:05-04:00,Batter damage by pitch type.
686668,brenton doyle,R,FC,Cutter,4,5,3,1,0,0,0,1,1,101.3,73.56,22.0,0.25,0.0,0.0,0.0,0.0,0.2,0.2,2026-10-10,2026-10-10T15:33:05-04:00,Batter damage by pitch type.
686668,brenton doyle,R,FF,4-Seam Fastball,14,25,19,0,1,3,1,2,6,103.7,82.96,25.32,0.0,0.0714,0.04,0.2143,0.0714,0.08,0.24,2026-10-10,2026-10-10T15:33:05-04:00,Batter damage by pitch type.
686668,brenton doyle,R,FS,Split-Finger,2,1,0,0,0,0,0,0,0,72.5,72.5,-34.0,0.0,0.0,0.0,0.0,0.0,0.0,0.0,2026-10-10,2026-10-10T15:33:05-04:00,Batter damage by pitch type.
686668,brenton doyle,R,KC,Knuckle Curve,0,0,0,0,0,0,0,0,0,,,,,,,,,,,2026-10-10,2026-10-10T15:33:05-04:00,Batter damage by pitch type.
686668,brenton doyle,R,SI,Sinker,6,8,4,0,0,1,0,1,3,108.8,89.02,11.38,0.0,0.0,0.0,0.1667,0.0,0.125,0.375,2026-10-10,2026-10-10T15:33:05-04:00,Batter damage by pitch type.
686668,brenton doyle,R,SL,Slider,10,13,7,0,0,4,0,4,4,109.4,88.62,7.85,0.0,0.0,0.0,0.4,0.0,0.3077,0.3077,2026-10-10,2026-10-10T15:33:05-04:00,Batter damage by pitch type.
686668,brenton doyle,R,ST,Sweeper,2,3,1,0,0,0,0,1,1,91.3,76.83,-7.67,0.0,0.0,0.0,0.0,0.0,0.3333,0.3333,2026-10-10,2026-10-10T15:33:05-04:00,Batter damage by pitch type.
686668,brenton doyle,R,SV,Slurve,1,3,2,1,0,1,0,1,1,101.8,73.5,9.67,1.0,0.0,0.0,1.0,0.0,0.3333,0.3333,2026-10-10,2026-10-10T15:33:05-04:00,Batter damage by pitch type.
686681,michael massey,L,CH,Changeup,10,12,7,0,0,1,0,5,7,102.4,75.4,7.33,0.0,0.0,0.0,0.1,0.0,0.4167,0.5833,2026-10-10,2026-10-10T15:33:05-04:00,Batter damage by pitch type.
686681,michael massey,L,CU,Curveball,1,3,1,0,0,1,0,1,1,102.2,82.17,-10.0,0.0,0.0,0.0,1.0,0.0,0.3333,0.3333,2026-10-10,2026-10-10T15:33:05-04:00,Batter damage by pitch type.
686681,michael massey,L,FC,Cutter,3,7,7,0,1,1,1,2,4,102.6,78.06,37.14,0.0,0.3333,0.1429,0.3333,0.3333,0.2857,0.5714,2026-10-10,2026-10-10T15:33:05-04:00,Batter damage by pitch type.
686681,michael massey,L,FF,4-Seam Fastball,16,33,30,2,2,5,0,7,13,105.2,84.3,35.73,0.125,0.125,0.0606,0.3125,0.0,0.2121,0.3939,2026-10-10,2026-10-10T15:33:05-04:00,Batter damage by pitch type.
686681,michael massey,L,FS,Split-Finger,1,1,0,0,0,0,0,0,0,85.4,85.4,5.0,0.0,0.0,0.0,0.0,0.0,0.0,0.0,2026-10-10,2026-10-10T15:33:05-04:00,Batter damage by pitch type.
686681,michael massey,L,KC,Knuckle Curve,0,1,0,0,0,0,0,0,0,58.5,58.5,-38.0,,,0.0,,,0.0,0.0,2026-10-10,2026-10-10T15:33:05-04:00,Batter damage by pitch type.
686681,michael massey,L,SI,Sinker,17,22,11,0,0,2,0,3,6,103.2,82.03,8.82,0.0,0.0,0.0,0.1176,0.0,0.1364,0.2727,2026-10-10,2026-10-10T15:33:05-04:00,Batter damage by pitch type.
686681,michael massey,L,SL,Slider,2,9,2,0,0,0,0,0,0,86.1,70.83,-10.67,0.0,0.0,0.0,0.0,0.0,0.0,0.0,2026-10-10,2026-10-10T15:33:05-04:00,Batter damage by pitch type.
686681,michael massey,L,ST,Sweeper,7,9,3,0,1,1,1,1,2,103.8,81.22,1.67,0.0,0.1429,0.1111,0.1429,0.1429,0.1111,0.2222,2026-10-10,2026-10-10T15:33:05-04:00,Batter damage by pitch type.
686765,nick sogard,L,CH,Changeup,7,6,2,0,0,0,0,1,2,92.6,72.05,-7.17,0.0,0.0,0.0,0.0,0.0,0.1667,0.3333,2026-10-10,2026-10-10T15:33:05-04:00,Batter damage by pitch type.
686765,nick sogard,L,CU,Curveball,3,1,1,0,0,0,0,0,0,70.9,70.9,62.0,0.0,0.0,0.0,0.0,0.0,0.0,0.0,2026-10-10,2026-10-10T15:33:05-04:00,Batter damage by pitch type.
686765,nick sogard,L,FC,Cutter,3,4,3,0,0,1,0,2,2,96.3,85.58,25.25,0.0,0.0,0.0,0.3333,0.0,0.5,0.5,2026-10-10,2026-10-10T15:33:05-04:00,Batter damage by pitch type.
686765,nick sogard,L,FF,4-Seam Fastball,10,16,12,0,0,2,0,1,3,98.5,78.44,29.25,0.0,0.0,0.0,0.2,0.0,0.0625,0.1875,2026-10-10,2026-10-10T15:33:05-04:00,Batter damage by pitch type.
686765,nick sogard,L,FS,Split-Finger,2,3,1,0,0,0,0,0,1,80.3,77.57,12.67,0.0,0.0,0.0,0.0,0.0,0.0,0.3333,2026-10-10,2026-10-10T15:33:05-04:00,Batter damage by pitch type.
686765,nick sogard,L,KC,Knuckle Curve,0,0,0,0,0,0,0,0,0,,,,,,,,,,,2026-10-10,2026-10-10T15:33:05-04:00,Batter damage by pitch type.
686765,nick sogard,L,SI,Sinker,5,5,3,0,0,0,0,0,1,92.5,79.84,17.2,0.0,0.0,0.0,0.0,0.0,0.0,0.2,2026-10-10,2026-10-10T15:33:05-04:00,Batter damage by pitch type.
686765,nick sogard,L,SL,Slider,3,4,3,1,1,1,1,1,2,102.0,83.47,23.5,0.3333,0.3333,0.25,0.3333,0.3333,0.25,0.5,2026-10-10,2026-10-10T15:33:05-04:00,Batter damage by pitch type.
686765,nick sogard,L,ST,Sweeper,3,3,1,1,1,1,1,1,1,102.6,95.43,6.0,0.3333,0.3333,0.3333,0.3333,0.3333,0.3333,0.3333,2026-10-10,2026-10-10T15:33:05-04:00,Batter damage by pitch type.
686765,nick sogard,R,CH,Changeup,7,9,5,0,1,2,1,3,3,100.3,85.12,5.44,0.0,0.1429,0.1111,0.2857,0.1429,0.3333,0.3333,2026-10-10,2026-10-10T15:33:05-04:00,Batter damage by pitch type.
686765,nick sogard,R,CU,Curveball,3,4,3,0,0,0,0,1,1,85.6,79.83,23.5,0.0,0.0,0.0,0.0,0.0,0.25,0.25,2026-10-10,2026-10-10T15:33:05-04:00,Batter damage by pitch type.
686765,nick sogard,R,FC,Cutter,2,4,2,0,0,1,0,1,0,97.2,84.23,8.0,0.0,0.0,0.0,0.5,0.0,0.25,0.0,2026-10-10,2026-10-10T15:33:05-04:00,Batter damage by pitch type.
686765,nick sogard,R,FF,4-Seam Fastball,10,17,14,0,0,0,0,3,5,97.4,82.96,35.65,0.0,0.0,0.0,0.0,0.0,0.1765,0.2941,2026-10-10,2026-10-10T15:33:05-04:00,Batter damage by pitch type.
686765,nick sogard,R,SI,Sinker,2,3,2,0,0,0,0,0,2,102.0,81.27,18.67,0.0,0.0,0.0,0.0,0.0,0.0,0.6667,2026-10-10,2026-10-10T15:33:05-04:00,Batter damage by pitch type.
686765,nick sogard,R,SL,Slider,3,4,3,0,0,2,0,1,2,97.4,82.62,9.5,0.0,0.0,0.0,0.6667,0.0,0.25,0.5,2026-10-10,2026-10-10T15:33:05-04:00,Batter damage by pitch type.
686765,nick sogard,R,ST,Sweeper,3,5,4,0,0,2,1,1,2,105.7,83.92,23.6,0.0,0.0,0.0,0.6667,0.3333,0.2,0.4,2026-10-10,2026-10-10T15:33:05-04:00,Batter damage by pitch type.
686780,pedro pagés,R,CH,Changeup,2,2,1,0,0,0,0,1,1,90.1,82.4,31.0,0.0,0.0,0.0,0.0,0.0,0.5,0.5,2026-10-10,2026-10-10T15:33:05-04:00,Batter damage by pitch type.
686780,pedro pagés,R,CU,Curveball,2,0,0,0,0,0,0,0,0,,,,0.0,0.0,,0.0,0.0,,,2026-10-10,2026-10-10T15:33:05-04:00,Batter damage by pitch type.
686780,pedro pagés,R,FC,Cutter,0,0,0,0,0,0,0,0,0,,,,,,,,,,,2026-10-10,2026-10-10T15:33:05-04:00,Batter damage by pitch type.
686780,pedro pagés,R,FF,4-Seam Fastball,4,4,3,0,0,1,0,0,2,102.3,88.42,19.0,0.0,0.0,0.0,0.25,0.0,0.0,0.5,2026-10-10,2026-10-10T15:33:05-04:00,Batter damage by pitch type.
686780,pedro pagés,R,SI,Sinker,2,1,1,0,0,0,0,0,0,77.0,77.0,67.0,0.0,0.0,0.0,0.0,0.0,0.0,0.0,2026-10-10,2026-10-10T15:33:05-04:00,Batter damage by pitch type.
686780,pedro pagés,R,SL,Slider,2,1,1,0,0,0,0,1,1,92.6,92.6,30.0,0.0,0.0,0.0,0.0,0.0,1.0,1.0,2026-10-10,2026-10-10T15:33:05-04:00,Batter damage by pitch type.
686780,pedro pagés,R,ST,Sweeper,1,4,3,0,0,0,0,0,0,89.9,74.25,32.5,0.0,0.0,0.0,0.0,0.0,0.0,0.0,2026-10-10,2026-10-10T15:33:05-04:00,Batter damage by pitch type.
686797,brooks lee,L,CH,Changeup,9,16,11,0,0,2,1,5,7,107.7,82.26,21.5,0.0,0.0,0.0,0.2222,0.1111,0.3125,0.4375,2026-10-10,2026-10-10T15:33:05-04:00,Batter damage by pitch type.
686797,brooks lee,L,CU,Curveball,4,7,6,0,0,0,0,2,5,100.6,81.47,20.43,0.0,0.0,0.0,0.0,0.0,0.2857,0.7143,2026-10-10,2026-10-10T15:33:05-04:00,Batter damage by pitch type.
686797,brooks lee,L,FC,Cutter,2,4,4,0,0,0,0,0,1,89.4,77.88,39.25,0.0,0.0,0.0,0.0,0.0,0.0,0.25,2026-10-10,2026-10-10T15:33:05-04:00,Batter damage by pitch type.
686797,brooks lee,L,FF,4-Seam Fastball,10,20,16,0,0,0,0,3,6,102.6,81.64,37.65,0.0,0.0,0.0,0.0,0.0,0.15,0.3,2026-10-10,2026-10-10T15:33:05-04:00,Batter damage by pitch type.
686797,brooks lee,L,FS,Split-Finger,1,4,0,0,0,0,0,0,0,97.9,83.15,-27.25,0.0,0.0,0.0,0.0,0.0,0.0,0.0,2026-10-10,2026-10-10T15:33:05-04:00,Batter damage by pitch type.
686797,brooks lee,L,KC,Knuckle Curve,1,1,1,0,0,0,0,0,1,70.5,70.5,27.0,0.0,0.0,0.0,0.0,0.0,0.0,1.0,2026-10-10,2026-10-10T15:33:05-04:00,Batter damage by pitch type.
686797,brooks lee,L,SI,Sinker,5,6,2,0,0,0,0,0,1,98.6,83.1,4.5,0.0,0.0,0.0,0.0,0.0,0.0,0.1667,2026-10-10,2026-10-10T15:33:05-04:00,Batter damage by pitch type.
686797,brooks lee,L,SL,Slider,4,2,2,1,1,1,0,2,1,97.6,83.85,31.5,0.25,0.25,0.5,0.25,0.0,1.0,0.5,2026-10-10,2026-10-10T15:33:05-04:00,Batter damage by pitch type.
686797,brooks lee,L,ST,Sweeper,4,4,2,0,0,1,0,2,1,97.3,94.35,12.25,0.0,0.0,0.0,0.25,0.0,0.5,0.25,2026-10-10,2026-10-10T15:33:05-04:00,Batter damage by pitch type.
686797,brooks lee,R,CH,Changeup,6,6,3,0,0,0,0,1,2,90.7,66.57,0.33,0.0,0.0,0.0,0.0,0.0,0.1667,0.3333,2026-10-10,2026-10-10T15:33:05-04:00,Batter damage by pitch type.
686797,brooks lee,R,CU,Curveball,2,1,0,0,0,0,0,0,0,72.8,72.8,-34.0,0.0,0.0,0.0,0.0,0.0,0.0,0.0,2026-10-10,2026-10-10T15:33:05-04:00,Batter damage by pitch type.
686797,brooks lee,R,FC,Cutter,2,5,5,0,0,0,0,1,1,78.0,72.12,51.0,0.0,0.0,0.0,0.0,0.0,0.2,0.2,2026-10-10,2026-10-10T15:33:05-04:00,Batter damage by pitch type.
686797,brooks lee,R,FF,4-Seam Fastball,10,10,8,0,2,6,2,6,4,104.5,93.92,30.5,0.0,0.2,0.2,0.6,0.2,0.6,0.4,2026-10-10,2026-10-10T15:33:05-04:00,Batter damage by pitch type.
686797,brooks lee,R,SI,Sinker,2,5,3,0,0,2,0,1,2,103.7,90.82,14.4,0.0,0.0,0.0,1.0,0.0,0.2,0.4,2026-10-10,2026-10-10T15:33:05-04:00,Batter damage by pitch type.
686797,brooks lee,R,SL,Slider,1,3,1,0,0,0,0,1,0,101.9,65.93,19.33,0.0,0.0,0.0,0.0,0.0,0.3333,0.0,2026-10-10,2026-10-10T15:33:05-04:00,Batter damage by pitch type.
686797,brooks lee,R,ST,Sweeper,2,2,1,0,0,0,0,1,0,91.9,88.25,22.5,0.0,0.0,0.0,0.0,0.0,0.5,0.0,2026-10-10,2026-10-10T15:33:05-04:00,Batter damage by pitch type.
686797,brooks lee,R,UN,Unknown,1,0,0,0,0,0,0,0,0,,,,0.0,0.0,,0.0,0.0,,,2026-10-10,2026-10-10T15:33:05-04:00,Batter damage by pitch type.
686948,drake baldwin,L,CH,Changeup,16,15,6,0,1,1,1,4,3,108.4,84.82,-0.6,0.0,0.0625,0.0667,0.0625,0.0625,0.2667,0.2,2026-10-10,2026-10-10T15:33:05-04:00,Batter damage by pitch type.
686948,drake baldwin,L,CU,Curveball,5,7,4,0,0,0,0,0,2,91.0,76.74,13.71,0.0,0.0,0.0,0.0,0.0,0.0,0.2857,2026-10-10,2026-10-10T15:33:05-04:00,Batter damage by pitch type.
686948,drake baldwin,L,EP,Eephus,1,2,1,0,0,0,0,0,0,90.0,89.35,15.5,0.0,0.0,0.0,0.0,0.0,0.0,0.0,2026-10-10,2026-10-10T15:33:05-04:00,Batter damage by pitch type.
686948,drake baldwin,L,FC,Cutter,7,13,8,0,1,1,1,0,3,105.6,82.82,16.0,0.0,0.1429,0.0769,0.1429,0.1429,0.0,0.2308,2026-10-10,2026-10-10T15:33:05-04:00,Batter damage by pitch type.
686948,drake baldwin,L,FF,4-Seam Fastball,21,38,34,1,3,7,3,4,17,107.6,81.9,27.63,0.0476,0.1429,0.0789,0.3333,0.1429,0.1053,0.4474,2026-10-10,2026-10-10T15:33:05-04:00,Batter damage by pitch type.
686948,drake baldwin,L,FS,Split-Finger,6,10,1,0,0,0,0,0,1,104.8,73.69,-21.6,0.0,0.0,0.0,0.0,0.0,0.0,0.1,2026-10-10,2026-10-10T15:33:05-04:00,Batter damage by pitch type.
686948,drake baldwin,L,KC,Knuckle Curve,2,3,1,0,0,1,0,1,1,100.5,79.87,-17.67,0.0,0.0,0.0,0.5,0.0,0.3333,0.3333,2026-10-10,2026-10-10T15:33:05-04:00,Batter damage by pitch type.
686948,drake baldwin,L,SI,Sinker,18,30,19,0,1,5,1,1,13,107.9,87.01,10.53,0.0,0.0556,0.0333,0.2778,0.0556,0.0333,0.4333,2026-10-10,2026-10-10T15:33:05-04:00,Batter damage by pitch type.
686948,drake baldwin,L,SL,Slider,14,21,15,1,1,4,2,3,6,104.1,83.41,22.43,0.0714,0.0714,0.0476,0.2857,0.1429,0.1429,0.2857,2026-10-10,2026-10-10T15:33:05-04:00,Batter damage by pitch type.
686948,drake baldwin,L,ST,Sweeper,10,16,9,0,0,2,0,2,8,101.2,79.42,0.94,0.0,0.0,0.0,0.2,0.0,0.125,0.5,2026-10-10,2026-10-10T15:33:05-04:00,Batter damage by pitch type.
686948,drake baldwin,L,SV,Slurve,0,0,0,0,0,0,0,0,0,,,,,,,,,,,2026-10-10,2026-10-10T15:33:05-04:00,Batter damage by pitch type.
687093,vaughn grissom,R,CH,Changeup,5,7,4,0,0,0,0,1,3,94.2,76.36,7.57,0.0,0.0,0.0,0.0,0.0,0.1429,0.4286,2026-10-10,2026-10-10T15:33:05-04:00,Batter damage by pitch type.
687093,vaughn grissom,R,CU,Curveball,5,8,5,0,0,0,0,1,5,94.6,78.01,13.12,0.0,0.0,0.0,0.0,0.0,0.125,0.625,2026-10-10,2026-10-10T15:33:05-04:00,Batter damage by pitch type.
687093,vaughn grissom,R,FC,Cutter,4,5,3,1,1,1,1,0,1,103.8,85.58,31.4,0.25,0.25,0.2,0.25,0.25,0.0,0.2,2026-10-10,2026-10-10T15:33:05-04:00,Batter damage by pitch type.
687093,vaughn grissom,R,FF,4-Seam Fastball,18,26,24,1,1,2,1,1,9,100.7,83.04,40.31,0.0556,0.0556,0.0385,0.1111,0.0556,0.0385,0.3462,2026-10-10,2026-10-10T15:33:05-04:00,Batter damage by pitch type.
687093,vaughn grissom,R,FS,Split-Finger,3,2,1,0,0,0,0,1,1,87.9,81.25,4.5,0.0,0.0,0.0,0.0,0.0,0.5,0.5,2026-10-10,2026-10-10T15:33:05-04:00,Batter damage by pitch type.
687093,vaughn grissom,R,KC,Knuckle Curve,0,0,0,0,0,0,0,0,0,,,,,,,,,,,2026-10-10,2026-10-10T15:33:05-04:00,Batter damage by pitch type.
687093,vaughn grissom,R,PO,Pitch Out,0,0,0,0,0,0,0,0,0,,,,,,,,,,,2026-10-10,2026-10-10T15:33:05-04:00,Batter damage by pitch type.
687093,vaughn grissom,R,SI,Sinker,12,20,12,0,0,1,0,1,7,101.0,81.94,14.3,0.0,0.0,0.0,0.0833,0.0,0.05,0.35,2026-10-10,2026-10-10T15:33:05-04:00,Batter damage by pitch type.
687093,vaughn grissom,R,SL,Slider,12,14,6,0,0,1,0,4,4,101.6,79.9,3.29,0.0,0.0,0.0,0.0833,0.0,0.2857,0.2857,2026-10-10,2026-10-10T15:33:05-04:00,Batter damage by pitch type.
687093,vaughn grissom,R,ST,Sweeper,10,12,5,1,0,3,0,3,3,100.9,78.82,1.67,0.1,0.0,0.0,0.3,0.0,0.25,0.25,2026-10-10,2026-10-10T15:33:05-04:00,Batter damage by pitch type.
687221,dalton rushing,L,FC,Cutter,0,1,1,0,0,0,0,0,0,77.8,77.8,70.0,,,0.0,,,0.0,0.0,2026-10-10,2026-10-10T15:33:05-04:00,Batter damage by pitch type.
687221,dalton rushing,L,FF,4-Seam Fastball,1,3,2,0,0,0,0,0,1,93.6,83.47,23.0,0.0,0.0,0.0,0.0,0.0,0.0,0.3333,2026-10-10,2026-10-10T15:33:05-04:00,Batter damage by pitch type.
687221,dalton rushing,L,SI,Sinker,1,1,1,0,0,0,0,0,1,91.0,91.0,32.0,0.0,0.0,0.0,0.0,0.0,0.0,1.0,2026-10-10,2026-10-10T15:33:05-04:00,Batter damage by pitch type.
687221,dalton rushing,L,SL,Slider,1,0,0,0,0,0,0,0,0,,,,0.0,0.0,,0.0,0.0,,,2026-10-10,2026-10-10T15:33:05-04:00,Batter damage by pitch type.
687263,zach neto,R,CH,Changeup,6,4,3,0,0,2,0,2,4,108.4,93.97,12.0,0.0,0.0,0.0,0.3333,0.0,0.5,1.0,2026-10-10,2026-10-10T15:33:05-04:00,Batter damage by pitch type.
687263,zach neto,R,CU,Curveball,10,4,2,0,0,1,0,1,0,102.8,78.1,10.0,0.0,0.0,0.0,0.1,0.0,0.25,0.0,2026-10-10,2026-10-10T15:33:05-04:00,Batter damage by pitch type.
687263,zach neto,R,FC,Cutter,3,4,2,0,0,0,0,1,2,106.2,89.78,4.25,0.0,0.0,0.0,0.0,0.0,0.25,0.5,2026-10-10,2026-10-10T15:33:05-04:00,Batter damage by pitch type.
687263,zach neto,R,FF,4-Seam Fastball,19,21,18,0,1,5,2,3,6,109.8,87.58,35.38,0.0,0.0526,0.0476,0.2632,0.1053,0.1429,0.2857,2026-10-10,2026-10-10T15:33:05-04:00,Batter damage by pitch type.
687263,zach neto,R,FS,Split-Finger,2,0,0,0,0,0,0,0,0,,,,0.0,0.0,,0.0,0.0,,,2026-10-10,2026-10-10T15:33:05-04:00,Batter damage by pitch type.
687263,zach neto,R,KC,Knuckle Curve,1,0,0,0,0,0,0,0,0,,,,0.0,0.0,,0.0,0.0,,,2026-10-10,2026-10-10T15:33:05-04:00,Batter damage by pitch type.
687263,zach neto,R,SI,Sinker,9,7,6,1,3,3,1,3,4,108.2,96.37,26.43,0.1111,0.3333,0.4286,0.3333,0.1111,0.4286,0.5714,2026-10-10,2026-10-10T15:33:05-04:00,Batter damage by pitch type.
687263,zach neto,R,SL,Slider,11,14,6,0,0,1,0,1,2,104.0,82.39,9.93,0.0,0.0,0.0,0.0909,0.0,0.0714,0.1429,2026-10-10,2026-10-10T15:33:05-04:00,Batter damage by pitch type.
687263,zach neto,R,ST,Sweeper,13,16,13,1,1,4,2,6,5,107.6,84.06,26.12,0.0769,0.0769,0.0625,0.3077,0.1538,0.375,0.3125,2026-10-10,2026-10-10T15:33:05-04:00,Batter damage by pitch type.
687363,victor scott,L,CH,Changeup,1,1,1,0,0,0,0,1,1,92.2,92.2,19.0,0.0,0.0,0.0,0.0,0.0,1.0,1.0,2026-10-10,2026-10-10T15:33:05-04:00,Batter damage by pitch type.
687363,victor scott,L,CU,Curveball,2,2,0,0,0,0,0,0,0,93.7,90.05,-28.0,0.0,0.0,0.0,0.0,0.0,0.0,0.0,2026-10-10,2026-10-10T15:33:05-04:00,Batter damage by pitch type.
687363,victor scott,L,FC,Cutter,1,1,1,0,0,0,0,0,0,64.9,64.9,55.0,0.0,0.0,0.0,0.0,0.0,0.0,0.0,2026-10-10,2026-10-10T15:33:05-04:00,Batter damage by pitch type.
687363,victor scott,L,FF,4-Seam Fastball,2,6,3,0,0,0,0,0,2,95.8,77.77,8.67,0.0,0.0,0.0,0.0,0.0,0.0,0.3333,2026-10-10,2026-10-10T15:33:05-04:00,Batter damage by pitch type.
687363,victor scott,L,SI,Sinker,3,1,1,0,0,0,0,0,1,73.6,73.6,19.0,0.0,0.0,0.0,0.0,0.0,0.0,1.0,2026-10-10,2026-10-10T15:33:05-04:00,Batter damage by pitch type.
687363,victor scott,L,ST,Sweeper,0,1,1,0,0,0,0,0,1,80.4,80.4,25.0,,,0.0,,,0.0,1.0,2026-10-10,2026-10-10T15:33:05-04:00,Batter damage by pitch type.
687401,joey ortiz,R,CH,Changeup,3,6,1,0,0,0,0,0,1,86.2,77.3,-16.5,0.0,0.0,0.0,0.0,0.0,0.0,0.1667,2026-10-10,2026-10-10T15:33:05-04:00,Batter damage by pitch type.
687401,joey ortiz,R,CU,Curveball,3,2,1,0,0,0,0,0,1,84.8,78.4,18.0,0.0,0.0,0.0,0.0,0.0,0.0,0.5,2026-10-10,2026-10-10T15:33:05-04:00,Batter damage by pitch type.
687401,joey ortiz,R,FC,Cutter,2,5,2,0,0,0,0,1,3,90.1,70.48,4.2,0.0,0.0,0.0,0.0,0.0,0.2,0.6,2026-10-10,2026-10-10T15:33:05-04:00,Batter damage by pitch type.
687401,joey ortiz,R,FF,4-Seam Fastball,18,27,20,1,1,5,1,2,11,108.0,86.8,21.85,0.0556,0.0556,0.037,0.2778,0.0556,0.0741,0.4074,2026-10-10,2026-10-10T15:33:05-04:00,Batter damage by pitch type.
687401,joey ortiz,R,FS,Split-Finger,1,1,0,0,0,0,0,0,0,89.1,89.1,-33.0,0.0,0.0,0.0,0.0,0.0,0.0,0.0,2026-10-10,2026-10-10T15:33:05-04:00,Batter damage by pitch type.
687401,joey ortiz,R,KC,Knuckle Curve,2,0,0,0,0,0,0,0,0,,,,0.0,0.0,,0.0,0.0,,,2026-10-10,2026-10-10T15:33:05-04:00,Batter damage by pitch type.
687401,joey ortiz,R,KN,Knuckleball,1,1,0,0,0,0,0,0,1,81.7,81.7,9.0,0.0,0.0,0.0,0.0,0.0,0.0,1.0,2026-10-10,2026-10-10T15:33:05-04:00,Batter damage by pitch type.
687401,joey ortiz,R,SI,Sinker,12,14,7,0,0,1,0,1,4,107.9,87.26,5.36,0.0,0.0,0.0,0.0833,0.0,0.0714,0.2857,2026-10-10,2026-10-10T15:33:05-04:00,Batter damage by pitch type.
687401,joey ortiz,R,SL,Slider,10,10,5,0,0,2,0,3,3,110.0,91.31,-0.1,0.0,0.0,0.0,0.2,0.0,0.3,0.3,2026-10-10,2026-10-10T15:33:05-04:00,Batter damage by pitch type.
687401,joey ortiz,R,ST,Sweeper,4,5,4,0,0,1,0,2,3,104.2,79.1,23.4,0.0,0.0,0.0,0.25,0.0,0.4,0.6,2026-10-10,2026-10-10T15:33:05-04:00,Batter damage by pitch type.
687462,spencer horwitz,L,CH,Changeup,2,6,4,0,0,0,0,1,1,81.1,74.62,18.67,0.0,0.0,0.0,0.0,0.0,0.1667,0.1667,2026-10-10,2026-10-10T15:33:05-04:00,Batter damage by pitch type.
687462,spencer horwitz,L,CU,Curveball,3,2,0,0,0,0,0,0,0,90.4,81.9,-17.5,0.0,0.0,0.0,0.0,0.0,0.0,0.0,2026-10-10,2026-10-10T15:33:05-04:00,Batter damage by pitch type.
687462,spencer horwitz,L,FC,Cutter,1,4,2,0,0,0,0,0,0,85.8,72.8,19.0,0.0,0.0,0.0,0.0,0.0,0.0,0.0,2026-10-10,2026-10-10T15:33:05-04:00,Batter damage by pitch type.
687462,spencer horwitz,L,FF,4-Seam Fastball,16,28,25,0,0,2,1,4,16,106.1,80.77,28.89,0.0,0.0,0.0,0.125,0.0625,0.1429,0.5714,2026-10-10,2026-10-10T15:33:05-04:00,Batter damage by pitch type.
687462,spencer horwitz,L,FS,Split-Finger,0,0,0,0,0,0,0,0,0,,,,,,,,,,,2026-10-10,2026-10-10T15:33:05-04:00,Batter damage by pitch type.
687462,spencer horwitz,L,KC,Knuckle Curve,1,0,0,0,0,0,0,0,0,,,,0.0,0.0,,0.0,0.0,,,2026-10-10,2026-10-10T15:33:05-04:00,Batter damage by pitch type.
687462,spencer horwitz,L,SI,Sinker,5,3,1,0,0,1,0,1,2,101.7,93.3,2.67,0.0,0.0,0.0,0.2,0.0,0.3333,0.6667,2026-10-10,2026-10-10T15:33:05-04:00,Batter damage by pitch type.
687462,spencer horwitz,L,SL,Slider,5,5,5,0,0,0,0,1,2,94.1,82.78,46.6,0.0,0.0,0.0,0.0,0.0,0.2,0.4,2026-10-10,2026-10-10T15:33:05-04:00,Batter damage by pitch type.
687462,spencer horwitz,L,ST,Sweeper,3,3,2,0,0,1,0,2,2,99.1,94.53,12.0,0.0,0.0,0.0,0.3333,0.0,0.6667,0.6667,2026-10-10,2026-10-10T15:33:05-04:00,Batter damage by pitch type.
687529,grant mccray,L,CH,Changeup,0,0,0,0,0,0,0,0,0,,,,,,,,,,,2026-10-10,2026-10-10T15:33:05-04:00,Batter damage by pitch type.
687529,grant mccray,L,CU,Curveball,0,0,0,0,0,0,0,0,0,,,,,,,,,,,2026-10-10,2026-10-10T15:33:05-04:00,Batter damage by pitch type.
687529,grant mccray,L,FC,Cutter,1,1,0,0,0,0,0,0,0,90.3,90.3,-15.0,0.0,0.0,0.0,0.0,0.0,0.0,0.0,2026-10-10,2026-10-10T15:33:05-04:00,Batter damage by pitch type.
687529,grant mccray,L,FF,4-Seam Fastball,6,5,2,0,0,0,0,1,1,99.9,69.24,-4.8,0.0,0.0,0.0,0.0,0.0,0.2,0.2,2026-10-10,2026-10-10T15:33:05-04:00,Batter damage by pitch type.
687529,grant mccray,L,KC,Knuckle Curve,1,1,0,0,0,0,0,0,0,71.2,71.2,-34.0,0.0,0.0,0.0,0.0,0.0,0.0,0.0,2026-10-10,2026-10-10T15:33:05-04:00,Batter damage by pitch type.
687529,grant mccray,L,SI,Sinker,1,1,0,0,0,0,0,0,0,102.1,102.1,-14.0,0.0,0.0,0.0,0.0,0.0,0.0,0.0,2026-10-10,2026-10-10T15:33:05-04:00,Batter damage by pitch type.
687529,grant mccray,L,SL,Slider,3,3,3,0,1,2,0,1,1,111.6,100.1,29.67,0.0,0.3333,0.3333,0.6667,0.0,0.3333,0.3333,2026-10-10,2026-10-10T15:33:05-04:00,Batter damage by pitch type.
687529,grant mccray,L,ST,Sweeper,2,1,1,0,0,0,0,0,0,86.2,86.2,39.0,0.0,0.0,0.0,0.0,0.0,0.0,0.0,2026-10-10,2026-10-10T15:33:05-04:00,Batter damage by pitch type.
687551,drew gilbert,L,CH,Changeup,4,5,2,1,1,1,1,1,1,103.3,79.34,3.2,0.25,0.25,0.2,0.25,0.25,0.2,0.2,2026-10-10,2026-10-10T15:33:05-04:00,Batter damage by pitch type.
687551,drew gilbert,L,CU,Curveball,1,1,1,0,0,0,0,0,1,61.0,61.0,10.0,0.0,0.0,0.0,0.0,0.0,0.0,1.0,2026-10-10,2026-10-10T15:33:05-04:00,Batter damage by pitch type.
687551,drew gilbert,L,FC,Cutter,1,3,1,1,1,1,1,1,1,104.3,83.1,-24.67,1.0,1.0,0.3333,1.0,1.0,0.3333,0.3333,2026-10-10,2026-10-10T15:33:05-04:00,Batter damage by pitch type.
687551,drew gilbert,L,FF,4-Seam Fastball,16,20,13,0,0,3,0,2,5,107.7,83.94,23.05,0.0,0.0,0.0,0.1875,0.0,0.1,0.25,2026-10-10,2026-10-10T15:33:05-04:00,Batter damage by pitch type.
687551,drew gilbert,L,FS,Split-Finger,2,3,2,0,0,1,0,0,1,99.7,89.2,21.0,0.0,0.0,0.0,0.5,0.0,0.0,0.3333,2026-10-10,2026-10-10T15:33:05-04:00,Batter damage by pitch type.
687551,drew gilbert,L,KC,Knuckle Curve,1,1,1,0,0,1,0,0,1,95.1,95.1,19.0,0.0,0.0,0.0,1.0,0.0,0.0,1.0,2026-10-10,2026-10-10T15:33:05-04:00,Batter damage by pitch type.
687551,drew gilbert,L,SI,Sinker,4,2,1,0,0,1,0,0,1,97.2,86.5,-11.5,0.0,0.0,0.0,0.25,0.0,0.0,0.5,2026-10-10,2026-10-10T15:33:05-04:00,Batter damage by pitch type.
687551,drew gilbert,L,SL,Slider,1,2,2,0,0,0,0,0,0,71.1,70.3,53.5,0.0,0.0,0.0,0.0,0.0,0.0,0.0,2026-10-10,2026-10-10T15:33:05-04:00,Batter damage by pitch type.
687551,drew gilbert,L,ST,Sweeper,1,2,2,1,1,1,1,1,1,104.3,85.05,35.0,1.0,1.0,0.5,1.0,1.0,0.5,0.5,2026-10-10,2026-10-10T15:33:05-04:00,Batter damage by pitch type.
687551,drew gilbert,L,UN,Unknown,1,0,0,0,0,0,0,0,0,,,,0.0,0.0,,0.0,0.0,,,2026-10-10,2026-10-10T15:33:05-04:00,Batter damage by pitch type.
687597,jordan beck,R,CH,Changeup,7,7,1,0,0,1,0,1,0,101.4,72.1,-15.14,0.0,0.0,0.0,0.1429,0.0,0.1429,0.0,2026-10-10,2026-10-10T15:33:05-04:00,Batter damage by pitch type.
687597,jordan beck,R,CU,Curveball,1,4,2,0,0,1,1,0,1,108.1,93.2,18.25,0.0,0.0,0.0,1.0,1.0,0.0,0.25,2026-10-10,2026-10-10T15:33:05-04:00,Batter damage by pitch type.
687597,jordan beck,R,FC,Cutter,3,3,3,0,0,1,0,1,1,98.9,85.7,51.67,0.0,0.0,0.0,0.3333,0.0,0.3333,0.3333,2026-10-10,2026-10-10T15:33:05-04:00,Batter damage by pitch type.
687597,jordan beck,R,FF,4-Seam Fastball,8,14,12,0,0,2,0,2,3,103.9,81.15,44.93,0.0,0.0,0.0,0.25,0.0,0.1429,0.2143,2026-10-10,2026-10-10T15:33:05-04:00,Batter damage by pitch type.
687597,jordan beck,R,FS,Split-Finger,1,0,0,0,0,0,0,0,0,,,,0.0,0.0,,0.0,0.0,,,2026-10-10,2026-10-10T15:33:05-04:00,Batter damage by pitch type.
687597,jordan beck,R,SI,Sinker,4,8,5,0,0,2,0,2,1,105.5,82.58,8.62,0.0,0.0,0.0,0.5,0.0,0.25,0.125,2026-10-10,2026-10-10T15:33:05-04:00,Batter damage by pitch type.
687597,jordan beck,R,SL,Slider,5,5,3,0,0,0,0,0,1,91.4,79.1,34.6,0.0,0.0,0.0,0.0,0.0,0.0,0.2,2026-10-10,2026-10-10T15:33:05-04:00,Batter damage by pitch type.
687597,jordan beck,R,ST,Sweeper,3,2,2,0,0,1,0,1,2,103.8,89.05,12.0,0.0,0.0,0.0,0.3333,0.0,0.5,1.0,2026-10-10,2026-10-10T15:33:05-04:00,Batter damage by pitch type.
687605,andrew pinckney,R,CH,Changeup,0,1,0,0,0,0,0,0,0,56.5,56.5,-68.0,,,0.0,,,0.0,0.0,2026-10-10,2026-10-10T15:33:05-04:00,Batter damage by pitch type.
687605,andrew pinckney,R,FF,4-Seam Fastball,1,2,2,0,0,1,0,0,0,97.1,91.2,53.0,0.0,0.0,0.0,1.0,0.0,0.0,0.0,2026-10-10,2026-10-10T15:33:05-04:00,Batter damage by pitch type.
687605,andrew pinckney,R,SI,Sinker,1,3,3,0,0,0,0,0,1,79.6,76.67,41.0,0.0,0.0,0.0,0.0,0.0,0.0,0.3333,2026-10-10,2026-10-10T15:33:05-04:00,Batter damage by pitch type.
687605,andrew pinckney,R,SL,Slider,2,1,1,0,0,0,0,0,0,72.1,72.1,48.0,0.0,0.0,0.0,0.0,0.0,0.0,0.0,2026-10-10,2026-10-10T15:33:05-04:00,Batter damage by pitch type.
687637,dylan beavers,L,CH,Changeup,9,11,6,0,1,3,1,4,4,107.1,78.85,7.36,0.0,0.1111,0.0909,0.3333,0.1111,0.3636,0.3636,2026-10-10,2026-10-10T15:33:05-04:00,Batter damage by pitch type.
687637,dylan beavers,L,CU,Curveball,5,3,2,1,1,2,1,1,1,100.4,93.4,15.0,0.2,0.2,0.3333,0.4,0.2,0.3333,0.3333,2026-10-10,2026-10-10T15:33:05-04:00,Batter damage by pitch type.
687637,dylan beavers,L,FC,Cutter,9,8,7,1,1,2,1,1,4,102.8,81.71,28.0,0.1111,0.1111,0.125,0.2222,0.1111,0.125,0.5,2026-10-10,2026-10-10T15:33:05-04:00,Batter damage by pitch type.
687637,dylan beavers,L,FF,4-Seam Fastball,19,32,29,1,2,5,2,6,12,107.0,80.02,34.56,0.0526,0.1053,0.0625,0.2632,0.1053,0.1875,0.375,2026-10-10,2026-10-10T15:33:05-04:00,Batter damage by pitch type.
687637,dylan beavers,L,FO,Forkball,1,0,0,0,0,0,0,0,0,,,,0.0,0.0,,0.0,0.0,,,2026-10-10,2026-10-10T15:33:05-04:00,Batter damage by pitch type.
687637,dylan beavers,L,FS,Split-Finger,1,1,1,0,0,0,0,0,0,83.5,83.5,66.0,0.0,0.0,0.0,0.0,0.0,0.0,0.0,2026-10-10,2026-10-10T15:33:05-04:00,Batter damage by pitch type.
687637,dylan beavers,L,KC,Knuckle Curve,0,0,0,0,0,0,0,0,0,,,,,,,,,,,2026-10-10,2026-10-10T15:33:05-04:00,Batter damage by pitch type.
687637,dylan beavers,L,SI,Sinker,8,5,3,0,0,1,0,1,2,108.1,88.0,-6.0,0.0,0.0,0.0,0.125,0.0,0.2,0.4,2026-10-10,2026-10-10T15:33:05-04:00,Batter damage by pitch type.
687637,dylan beavers,L,SL,Slider,5,5,5,0,1,1,0,1,2,98.2,80.32,38.6,0.0,0.2,0.2,0.2,0.0,0.2,0.4,2026-10-10,2026-10-10T15:33:05-04:00,Batter damage by pitch type.
687637,dylan beavers,L,ST,Sweeper,3,1,1,0,0,0,0,0,1,52.9,52.9,12.0,0.0,0.0,0.0,0.0,0.0,0.0,1.0,2026-10-10,2026-10-10T15:33:05-04:00,Batter damage by pitch type.
687749,jase bowen,R,CH,Changeup,0,0,0,0,0,0,0,0,0,,,,,,,,,,,2026-10-10,2026-10-10T15:33:05-04:00,Batter damage by pitch type.
687749,jase bowen,R,CU,Curveball,2,0,0,0,0,0,0,0,0,,,,0.0,0.0,,0.0,0.0,,,2026-10-10,2026-10-10T15:33:05-04:00,Batter damage by pitch type.
687749,jase bowen,R,FC,Cutter,0,0,0,0,0,0,0,0,0,,,,,,,,,,,2026-10-10,2026-10-10T15:33:05-04:00,Batter damage by pitch type.
687749,jase bowen,R,FF,4-Seam Fastball,4,3,1,0,0,0,0,0,0,86.7,85.97,5.67,0.0,0.0,0.0,0.0,0.0,0.0,0.0,2026-10-10,2026-10-10T15:33:05-04:00,Batter damage by pitch type.
687749,jase bowen,R,SI,Sinker,2,3,2,0,0,0,0,0,1,94.6,77.13,23.67,0.0,0.0,0.0,0.0,0.0,0.0,0.3333,2026-10-10,2026-10-10T15:33:05-04:00,Batter damage by pitch type.
687749,jase bowen,R,SL,Slider,1,1,0,0,0,0,0,0,0,68.6,68.6,2.0,0.0,0.0,0.0,0.0,0.0,0.0,0.0,2026-10-10,2026-10-10T15:33:05-04:00,Batter damage by pitch type.
687749,jase bowen,R,ST,Sweeper,0,0,0,0,0,0,0,0,0,,,,,,,,,,,2026-10-10,2026-10-10T15:33:05-04:00,Batter damage by pitch type.
687749,jase bowen,R,SV,Slurve,1,2,1,0,0,0,0,0,1,81.9,56.9,-16.0,0.0,0.0,0.0,0.0,0.0,0.0,0.5,2026-10-10,2026-10-10T15:33:05-04:00,Batter damage by pitch type.
687859,troy johnston,L,CH,Changeup,3,5,1,0,0,0,0,0,2,92.9,77.34,-10.8,0.0,0.0,0.0,0.0,0.0,0.0,0.4,2026-10-10,2026-10-10T15:33:05-04:00,Batter damage by pitch type.
687859,troy johnston,L,CU,Curveball,1,1,0,0,0,0,0,0,0,67.6,67.6,-13.0,0.0,0.0,0.0,0.0,0.0,0.0,0.0,2026-10-10,2026-10-10T15:33:05-04:00,Batter damage by pitch type.
687859,troy johnston,L,FC,Cutter,1,1,1,0,0,0,0,0,0,77.4,77.4,62.0,0.0,0.0,0.0,0.0,0.0,0.0,0.0,2026-10-10,2026-10-10T15:33:05-04:00,Batter damage by pitch type.
687859,troy johnston,L,FF,4-Seam Fastball,7,12,11,0,0,0,0,0,5,98.0,83.79,34.58,0.0,0.0,0.0,0.0,0.0,0.0,0.4167,2026-10-10,2026-10-10T15:33:05-04:00,Batter damage by pitch type.
687859,troy johnston,L,KC,Knuckle Curve,1,2,2,0,0,0,0,0,0,84.0,82.8,61.5,0.0,0.0,0.0,0.0,0.0,0.0,0.0,2026-10-10,2026-10-10T15:33:05-04:00,Batter damage by pitch type.
687859,troy johnston,L,SI,Sinker,7,7,6,0,0,1,0,0,3,106.0,83.21,31.57,0.0,0.0,0.0,0.1429,0.0,0.0,0.4286,2026-10-10,2026-10-10T15:33:05-04:00,Batter damage by pitch type.
687859,troy johnston,L,SL,Slider,9,8,5,0,0,2,0,2,3,102.4,90.61,11.25,0.0,0.0,0.0,0.2222,0.0,0.25,0.375,2026-10-10,2026-10-10T15:33:05-04:00,Batter damage by pitch type.
687859,troy johnston,L,ST,Sweeper,3,3,3,0,0,2,0,3,2,100.9,89.73,23.0,0.0,0.0,0.0,0.6667,0.0,1.0,0.6667,2026-10-10,2026-10-10T15:33:05-04:00,Batter damage by pitch type.
687859,troy johnston,L,SV,Slurve,0,1,1,0,0,0,0,0,1,82.0,82.0,24.0,,,0.0,,,0.0,1.0,2026-10-10,2026-10-10T15:33:05-04:00,Batter damage by pitch type.
687952,christian encarnacion-strand,R,CH,Changeup,3,2,2,0,0,1,0,2,2,102.1,97.15,15.0,0.0,0.0,0.0,0.3333,0.0,1.0,1.0,2026-10-10,2026-10-10T15:33:05-04:00,Batter damage by pitch type.
687952,christian encarnacion-strand,R,CU,Curveball,5,3,1,0,0,0,0,1,0,97.4,83.83,18.33,0.0,0.0,0.0,0.0,0.0,0.3333,0.0,2026-10-10,2026-10-10T15:33:05-04:00,Batter damage by pitch type.
687952,christian encarnacion-strand,R,FC,Cutter,6,11,6,1,1,3,1,2,4,101.4,79.95,13.91,0.1667,0.1667,0.0909,0.5,0.1667,0.1818,0.3636,2026-10-10,2026-10-10T15:33:05-04:00,Batter damage by pitch type.
687952,christian encarnacion-strand,R,FF,4-Seam Fastball,10,19,15,2,1,4,0,2,4,110.4,85.17,33.05,0.2,0.1,0.0526,0.4,0.0,0.1053,0.2105,2026-10-10,2026-10-10T15:33:05-04:00,Batter damage by pitch type.
687952,christian encarnacion-strand,R,FO,Forkball,2,1,1,0,0,0,0,0,1,78.9,78.9,13.0,0.0,0.0,0.0,0.0,0.0,0.0,1.0,2026-10-10,2026-10-10T15:33:05-04:00,Batter damage by pitch type.
687952,christian encarnacion-strand,R,FS,Split-Finger,0,0,0,0,0,0,0,0,0,,,,,,,,,,,2026-10-10,2026-10-10T15:33:05-04:00,Batter damage by pitch type.
687952,christian encarnacion-strand,R,KC,Knuckle Curve,2,1,1,0,0,0,0,0,0,90.7,90.7,7.0,0.0,0.0,0.0,0.0,0.0,0.0,0.0,2026-10-10,2026-10-10T15:33:05-04:00,Batter damage by pitch type.
687952,christian encarnacion-strand,R,SI,Sinker,7,11,6,0,0,0,0,1,1,99.1,69.93,25.82,0.0,0.0,0.0,0.0,0.0,0.0909,0.0909,2026-10-10,2026-10-10T15:33:05-04:00,Batter damage by pitch type.
687952,christian encarnacion-strand,R,SL,Slider,9,9,6,0,0,0,0,3,3,93.4,71.01,13.33,0.0,0.0,0.0,0.0,0.0,0.3333,0.3333,2026-10-10,2026-10-10T15:33:05-04:00,Batter damage by pitch type.
687952,christian encarnacion-strand,R,ST,Sweeper,5,8,8,0,0,0,0,1,1,93.6,76.41,57.12,0.0,0.0,0.0,0.0,0.0,0.125,0.125,2026-10-10,2026-10-10T15:33:05-04:00,Batter damage by pitch type.
687952,christian encarnacion-strand,R,SV,Slurve,1,0,0,0,0,0,0,0,0,,,,0.0,0.0,,0.0,0.0,,,2026-10-10,2026-10-10T15:33:05-04:00,Batter damage by pitch type.
687957,dustin harris,L,CH,Changeup,13,17,6,0,1,1,1,4,5,102.0,73.75,-0.24,0.0,0.0769,0.0588,0.0769,0.0769,0.2353,0.2941,2026-10-10,2026-10-10T15:33:05-04:00,Batter damage by pitch type.
687957,dustin harris,L,CU,Curveball,5,4,1,0,0,0,0,1,0,99.0,70.67,-7.5,0.0,0.0,0.0,0.0,0.0,0.25,0.0,2026-10-10,2026-10-10T15:33:05-04:00,Batter damage by pitch type.
687957,dustin harris,L,FC,Cutter,7,11,5,0,0,0,0,2,1,95.4,83.51,18.27,0.0,0.0,0.0,0.0,0.0,0.1818,0.0909,2026-10-10,2026-10-10T15:33:05-04:00,Batter damage by pitch type.
687957,dustin harris,L,FF,4-Seam Fastball,32,42,34,0,0,5,0,8,18,105.6,83.79,28.76,0.0,0.0,0.0,0.1562,0.0,0.1905,0.4286,2026-10-10,2026-10-10T15:33:05-04:00,Batter damage by pitch type.
687957,dustin harris,L,FS,Split-Finger,3,4,1,0,0,0,0,1,0,85.9,61.93,-2.5,0.0,0.0,0.0,0.0,0.0,0.25,0.0,2026-10-10,2026-10-10T15:33:05-04:00,Batter damage by pitch type.
687957,dustin harris,L,KC,Knuckle Curve,1,1,1,0,0,1,0,1,0,97.3,97.3,43.0,0.0,0.0,0.0,1.0,0.0,1.0,0.0,2026-10-10,2026-10-10T15:33:05-04:00,Batter damage by pitch type.
687957,dustin harris,L,SI,Sinker,15,23,10,0,0,4,0,4,4,100.9,79.04,0.7,0.0,0.0,0.0,0.2667,0.0,0.1739,0.1739,2026-10-10,2026-10-10T15:33:05-04:00,Batter damage by pitch type.
687957,dustin harris,L,SL,Slider,6,10,5,0,0,2,0,1,3,100.5,79.96,7.4,0.0,0.0,0.0,0.3333,0.0,0.1,0.3,2026-10-10,2026-10-10T15:33:05-04:00,Batter damage by pitch type.
687957,dustin harris,L,ST,Sweeper,4,5,3,0,1,1,0,3,3,98.5,70.4,16.2,0.0,0.25,0.2,0.25,0.0,0.6,0.6,2026-10-10,2026-10-10T15:33:05-04:00,Batter damage by pitch type.
687957,dustin harris,L,SV,Slurve,2,3,2,0,0,1,0,2,2,95.8,85.47,7.33,0.0,0.0,0.0,0.5,0.0,0.6667,0.6667,2026-10-10,2026-10-10T15:33:05-04:00,Batter damage by pitch type.
688363,graham pauley,L,CH,Changeup,2,4,3,0,0,0,0,0,1,82.9,67.42,34.25,0.0,0.0,0.0,0.0,0.0,0.0,0.25,2026-10-10,2026-10-10T15:33:05-04:00,Batter damage by pitch type.
688363,graham pauley,L,CU,Curveball,1,1,0,0,0,0,0,0,1,97.5,97.5,8.0,0.0,0.0,0.0,0.0,0.0,0.0,1.0,2026-10-10,2026-10-10T15:33:05-04:00,Batter damage by pitch type.
688363,graham pauley,L,FC,Cutter,0,0,0,0,0,0,0,0,0,,,,,,,,,,,2026-10-10,2026-10-10T15:33:05-04:00,Batter damage by pitch type.
688363,graham pauley,L,FF,4-Seam Fastball,6,10,7,1,1,3,2,2,3,107.8,87.4,25.7,0.1667,0.1667,0.1,0.5,0.3333,0.2,0.3,2026-10-10,2026-10-10T15:33:05-04:00,Batter damage by pitch type.
688363,graham pauley,L,FS,Split-Finger,1,2,2,0,0,0,0,0,1,82.1,73.5,46.0,0.0,0.0,0.0,0.0,0.0,0.0,0.5,2026-10-10,2026-10-10T15:33:05-04:00,Batter damage by pitch type.
688363,graham pauley,L,KC,Knuckle Curve,1,0,0,0,0,0,0,0,0,,,,0.0,0.0,,0.0,0.0,,,2026-10-10,2026-10-10T15:33:05-04:00,Batter damage by pitch type.
688363,graham pauley,L,SI,Sinker,0,1,1,0,0,0,0,0,0,83.6,83.6,46.0,,,0.0,,,0.0,0.0,2026-10-10,2026-10-10T15:33:05-04:00,Batter damage by pitch type.
688363,graham pauley,L,SL,Slider,1,1,0,0,0,0,0,0,1,76.7,76.7,9.0,0.0,0.0,0.0,0.0,0.0,0.0,1.0,2026-10-10,2026-10-10T15:33:05-04:00,Batter damage by pitch type.
688363,graham pauley,L,ST,Sweeper,1,2,2,0,0,0,0,0,0,66.3,44.45,41.0,0.0,0.0,0.0,0.0,0.0,0.0,0.0,2026-10-10,2026-10-10T15:33:05-04:00,Batter damage by pitch type.
688363,graham pauley,L,SV,Slurve,1,0,0,0,0,0,0,0,0,,,,0.0,0.0,,0.0,0.0,,,2026-10-10,2026-10-10T15:33:05-04:00,Batter damage by pitch type.
689414,liam hicks,L,CH,Changeup,3,5,4,0,0,2,0,2,3,102.9,76.02,9.4,0.0,0.0,0.0,0.6667,0.0,0.4,0.6,2026-10-10,2026-10-10T15:33:05-04:00,Batter damage by pitch type.
689414,liam hicks,L,CU,Curveball,0,1,0,0,0,0,0,0,0,84.7,84.7,-23.0,,,0.0,,,0.0,0.0,2026-10-10,2026-10-10T15:33:05-04:00,Batter damage by pitch type.
689414,liam hicks,L,FC,Cutter,9,18,8,0,0,1,1,1,3,108.2,77.77,8.67,0.0,0.0,0.0,0.1111,0.1111,0.0556,0.1667,2026-10-10,2026-10-10T15:33:05-04:00,Batter damage by pitch type.
689414,liam hicks,L,FF,4-Seam Fastball,22,30,24,0,1,1,0,6,9,104.8,77.83,28.5,0.0,0.0455,0.0333,0.0455,0.0,0.2,0.3,2026-10-10,2026-10-10T15:33:05-04:00,Batter damage by pitch type.
689414,liam hicks,L,FS,Split-Finger,3,2,2,0,0,1,0,2,2,99.3,95.4,17.5,0.0,0.0,0.0,0.3333,0.0,1.0,1.0,2026-10-10,2026-10-10T15:33:05-04:00,Batter damage by pitch type.
689414,liam hicks,L,KC,Knuckle Curve,1,1,0,0,0,0,0,0,0,94.5,94.5,4.0,0.0,0.0,0.0,0.0,0.0,0.0,0.0,2026-10-10,2026-10-10T15:33:05-04:00,Batter damage by pitch type.
689414,liam hicks,L,SI,Sinker,7,11,2,0,0,1,0,1,2,102.3,90.16,-16.64,0.0,0.0,0.0,0.1429,0.0,0.0909,0.1818,2026-10-10,2026-10-10T15:33:05-04:00,Batter damage by pitch type.
689414,liam hicks,L,SL,Slider,7,3,2,0,0,1,0,2,1,95.6,68.63,9.67,0.0,0.0,0.0,0.1429,0.0,0.6667,0.3333,2026-10-10,2026-10-10T15:33:05-04:00,Batter damage by pitch type.
689414,liam hicks,L,ST,Sweeper,3,6,6,0,0,1,0,1,3,97.4,77.78,35.5,0.0,0.0,0.0,0.3333,0.0,0.1667,0.5,2026-10-10,2026-10-10T15:33:05-04:00,Batter damage by pitch type.
690291,jace jung,L,CH,Changeup,0,0,0,0,0,0,0,0,0,,,,,,,,,,,2026-10-10,2026-10-10T15:33:05-04:00,Batter damage by pitch type.
690291,jace jung,L,CU,Curveball,2,0,0,0,0,0,0,0,0,,,,0.0,0.0,,0.0,0.0,,,2026-10-10,2026-10-10T15:33:05-04:00,Batter damage by pitch type.
690291,jace jung,L,SI,Sinker,1,1,1,0,0,0,0,1,1,77.3,77.3,19.0,0.0,0.0,0.0,0.0,0.0,1.0,1.0,2026-10-10,2026-10-10T15:33:05-04:00,Batter damage by pitch type.
690291,jace jung,L,SL,Slider,0,1,1,0,0,0,0,0,0,73.9,73.9,65.0,,,0.0,,,0.0,0.0,2026-10-10,2026-10-10T15:33:05-04:00,Batter damage by pitch type.
690924,braxton fulford,R,CH,Changeup,1,1,1,0,0,1,0,0,0,95.2,95.2,48.0,0.0,0.0,0.0,1.0,0.0,0.0,0.0,2026-10-10,2026-10-10T15:33:05-04:00,Batter damage by pitch type.
690924,braxton fulford,R,FF,4-Seam Fastball,1,0,0,0,0,0,0,0,0,,,,0.0,0.0,,0.0,0.0,,,2026-10-10,2026-10-10T15:33:05-04:00,Batter damage by pitch type.
690924,braxton fulford,R,SI,Sinker,2,2,2,0,0,1,0,1,1,107.5,89.85,15.0,0.0,0.0,0.0,0.5,0.0,0.5,0.5,2026-10-10,2026-10-10T15:33:05-04:00,Batter damage by pitch type.
690924,braxton fulford,R,SL,Slider,2,1,1,0,0,0,0,0,0,66.9,66.9,51.0,0.0,0.0,0.0,0.0,0.0,0.0,0.0,2026-10-10,2026-10-10T15:33:05-04:00,Batter damage by pitch type.
690976,alex freeland,L,CH,Changeup,1,1,1,0,0,1,0,1,1,98.1,98.1,19.0,0.0,0.0,0.0,1.0,0.0,1.0,1.0,2026-10-10,2026-10-10T15:33:05-04:00,Batter damage by pitch type.
690976,alex freeland,L,CU,Curveball,0,2,2,0,0,1,0,0,1,98.9,82.9,29.0,,,0.0,,,0.0,0.5,2026-10-10,2026-10-10T15:33:05-04:00,Batter damage by pitch type.
690976,alex freeland,L,FC,Cutter,1,3,2,0,0,0,0,0,0,85.4,81.53,25.67,0.0,0.0,0.0,0.0,0.0,0.0,0.0,2026-10-10,2026-10-10T15:33:05-04:00,Batter damage by pitch type.
690976,alex freeland,L,FF,4-Seam Fastball,9,13,12,1,1,4,0,1,8,100.0,84.62,30.23,0.1111,0.1111,0.0769,0.4444,0.0,0.0769,0.6154,2026-10-10,2026-10-10T15:33:05-04:00,Batter damage by pitch type.
690976,alex freeland,L,FS,Split-Finger,1,1,0,0,0,0,0,0,0,92.3,92.3,-30.0,0.0,0.0,0.0,0.0,0.0,0.0,0.0,2026-10-10,2026-10-10T15:33:05-04:00,Batter damage by pitch type.
690976,alex freeland,L,SI,Sinker,5,4,1,0,0,0,0,0,0,86.0,82.38,5.0,0.0,0.0,0.0,0.0,0.0,0.0,0.0,2026-10-10,2026-10-10T15:33:05-04:00,Batter damage by pitch type.
690976,alex freeland,L,SL,Slider,3,3,1,0,0,0,0,0,1,96.6,83.27,6.67,0.0,0.0,0.0,0.0,0.0,0.0,0.3333,2026-10-10,2026-10-10T15:33:05-04:00,Batter damage by pitch type.
690976,alex freeland,L,ST,Sweeper,2,3,2,0,0,1,0,1,1,104.4,88.7,20.67,0.0,0.0,0.0,0.5,0.0,0.3333,0.3333,2026-10-10,2026-10-10T15:33:05-04:00,Batter damage by pitch type.
690976,alex freeland,L,SV,Slurve,0,0,0,0,0,0,0,0,0,,,,,,,,,,,2026-10-10,2026-10-10T15:33:05-04:00,Batter damage by pitch type.
690976,alex freeland,R,CH,Changeup,1,1,0,0,0,0,0,0,0,73.2,73.2,-34.0,0.0,0.0,0.0,0.0,0.0,0.0,0.0,2026-10-10,2026-10-10T15:33:05-04:00,Batter damage by pitch type.
690976,alex freeland,R,FC,Cutter,1,1,1,0,0,0,0,1,1,93.4,93.4,22.0,0.0,0.0,0.0,0.0,0.0,1.0,1.0,2026-10-10,2026-10-10T15:33:05-04:00,Batter damage by pitch type.
690976,alex freeland,R,SI,Sinker,0,0,0,0,0,0,0,0,0,,,,,,,,,,,2026-10-10,2026-10-10T15:33:05-04:00,Batter damage by pitch type.
690976,alex freeland,R,SL,Slider,0,0,0,0,0,0,0,0,0,,,,,,,,,,,2026-10-10,2026-10-10T15:33:05-04:00,Batter damage by pitch type.
690984,petey halpin,L,CH,Changeup,2,2,1,0,0,0,0,0,0,106.7,87.75,16.0,0.0,0.0,0.0,0.0,0.0,0.0,0.0,2026-10-10,2026-10-10T15:33:05-04:00,Batter damage by pitch type.
690984,petey halpin,L,CU,Curveball,4,5,2,0,0,1,0,1,2,99.8,84.2,-5.0,0.0,0.0,0.0,0.25,0.0,0.2,0.4,2026-10-10,2026-10-10T15:33:05-04:00,Batter damage by pitch type.
690984,petey halpin,L,FC,Cutter,1,4,3,0,0,1,0,1,2,102.2,86.0,22.5,0.0,0.0,0.0,1.0,0.0,0.25,0.5,2026-10-10,2026-10-10T15:33:05-04:00,Batter damage by pitch type.
690984,petey halpin,L,FF,4-Seam Fastball,4,4,4,0,0,0,0,0,3,94.0,84.53,29.25,0.0,0.0,0.0,0.0,0.0,0.0,0.75,2026-10-10,2026-10-10T15:33:05-04:00,Batter damage by pitch type.
690984,petey halpin,L,FS,Split-Finger,2,2,1,0,0,0,0,1,0,79.7,78.2,21.0,0.0,0.0,0.0,0.0,0.0,0.5,0.0,2026-10-10,2026-10-10T15:33:05-04:00,Batter damage by pitch type.
690984,petey halpin,L,SI,Sinker,7,8,5,1,1,1,1,2,3,103.7,81.71,9.5,0.1429,0.1429,0.125,0.1429,0.1429,0.25,0.375,2026-10-10,2026-10-10T15:33:05-04:00,Batter damage by pitch type.
690984,petey halpin,L,SL,Slider,2,3,2,0,0,0,0,2,1,80.1,62.83,6.67,0.0,0.0,0.0,0.0,0.0,0.6667,0.3333,2026-10-10,2026-10-10T15:33:05-04:00,Batter damage by pitch type.
690984,petey halpin,L,ST,Sweeper,2,3,3,0,0,1,0,2,1,101.1,87.3,49.67,0.0,0.0,0.0,0.5,0.0,0.6667,0.3333,2026-10-10,2026-10-10T15:33:05-04:00,Batter damage by pitch type.
690993,colt keith,L,CH,Changeup,2,3,1,0,0,1,0,0,0,99.1,89.57,-1.33,0.0,0.0,0.0,0.5,0.0,0.0,0.0,2026-10-10,2026-10-10T15:33:05-04:00,Batter damage by pitch type.
690993,colt keith,L,CU,Curveball,3,3,3,0,1,1,1,0,1,101.3,85.73,47.0,0.0,0.3333,0.3333,0.3333,0.3333,0.0,0.3333,2026-10-10,2026-10-10T15:33:05-04:00,Batter damage by pitch type.
690993,colt keith,L,FC,Cutter,0,1,1,0,0,0,0,0,0,78.6,78.6,67.0,,,0.0,,,0.0,0.0,2026-10-10,2026-10-10T15:33:05-04:00,Batter damage by pitch type.
690993,colt keith,L,FF,4-Seam Fastball,9,12,10,0,0,1,0,0,4,99.6,82.72,29.08,0.0,0.0,0.0,0.1111,0.0,0.0,0.3333,2026-10-10,2026-10-10T15:33:05-04:00,Batter damage by pitch type.
690993,colt keith,L,KC,Knuckle Curve,0,0,0,0,0,0,0,0,0,,,,,,,,,,,2026-10-10,2026-10-10T15:33:05-04:00,Batter damage by pitch type.
690993,colt keith,L,SI,Sinker,1,3,2,0,0,0,0,0,0,99.9,86.43,32.33,0.0,0.0,0.0,0.0,0.0,0.0,0.0,2026-10-10,2026-10-10T15:33:05-04:00,Batter damage by pitch type.
690993,colt keith,L,SL,Slider,2,2,0,0,0,0,0,0,0,106.7,86.1,-17.0,0.0,0.0,0.0,0.0,0.0,0.0,0.0,2026-10-10,2026-10-10T15:33:05-04:00,Batter damage by pitch type.
690993,colt keith,L,ST,Sweeper,1,1,1,0,0,1,0,0,1,102.6,102.6,18.0,0.0,0.0,0.0,1.0,0.0,0.0,1.0,2026-10-10,2026-10-10T15:33:05-04:00,Batter damage by pitch type.
691002,yohandy morales,R,CH,Changeup,5,4,1,0,0,0,0,1,1,107.6,84.0,5.25,0.0,0.0,0.0,0.0,0.0,0.25,0.25,2026-10-10,2026-10-10T15:33:05-04:00,Batter damage by pitch type.
691002,yohandy morales,R,CU,Curveball,3,6,1,0,0,1,0,1,1,97.0,79.78,-17.0,0.0,0.0,0.0,0.3333,0.0,0.1667,0.1667,2026-10-10,2026-10-10T15:33:05-04:00,Batter damage by pitch type.
691002,yohandy morales,R,FC,Cutter,1,1,1,0,0,1,0,0,0,96.1,96.1,63.0,0.0,0.0,0.0,1.0,0.0,0.0,0.0,2026-10-10,2026-10-10T15:33:05-04:00,Batter damage by pitch type.
691002,yohandy morales,R,FF,4-Seam Fastball,4,8,5,0,0,0,0,0,3,84.0,77.64,14.75,0.0,0.0,0.0,0.0,0.0,0.0,0.375,2026-10-10,2026-10-10T15:33:05-04:00,Batter damage by pitch type.
691002,yohandy morales,R,FS,Split-Finger,0,0,0,0,0,0,0,0,0,,,,,,,,,,,2026-10-10,2026-10-10T15:33:05-04:00,Batter damage by pitch type.
691002,yohandy morales,R,SI,Sinker,4,5,3,1,1,1,1,0,1,103.8,91.66,17.0,0.25,0.25,0.2,0.25,0.25,0.0,0.2,2026-10-10,2026-10-10T15:33:05-04:00,Batter damage by pitch type.
691002,yohandy morales,R,SL,Slider,9,11,5,1,1,2,1,0,3,108.1,85.55,5.82,0.1111,0.1111,0.0909,0.2222,0.1111,0.0,0.2727,2026-10-10,2026-10-10T15:33:05-04:00,Batter damage by pitch type.
691002,yohandy morales,R,ST,Sweeper,2,2,1,0,0,0,0,0,0,98.9,85.65,30.0,0.0,0.0,0.0,0.0,0.0,0.0,0.0,2026-10-10,2026-10-10T15:33:05-04:00,Batter damage by pitch type.
691011,drew romo,R,CH,Changeup,0,0,0,0,0,0,0,0,0,,,,,,,,,,,2026-10-10,2026-10-10T15:33:05-04:00,Batter damage by pitch type.
691011,drew romo,R,FF,4-Seam Fastball,2,2,2,0,0,1,1,2,1,101.2,85.6,39.0,0.0,0.0,0.0,0.5,0.5,1.0,0.5,2026-10-10,2026-10-10T15:33:05-04:00,Batter damage by pitch type.
691011,drew romo,R,KC,Knuckle Curve,0,0,0,0,0,0,0,0,0,,,,,,,,,,,2026-10-10,2026-10-10T15:33:05-04:00,Batter damage by pitch type.
691011,drew romo,R,SI,Sinker,0,0,0,0,0,0,0,0,0,,,,,,,,,,,2026-10-10,2026-10-10T15:33:05-04:00,Batter damage by pitch type.
691011,drew romo,R,SL,Slider,1,1,0,0,0,0,0,0,0,94.4,94.4,-16.0,0.0,0.0,0.0,0.0,0.0,0.0,0.0,2026-10-10,2026-10-10T15:33:05-04:00,Batter damage by pitch type.
691019,kyle teel,L,CH,Changeup,9,11,5,0,0,0,0,0,2,89.5,74.68,4.45,0.0,0.0,0.0,0.0,0.0,0.0,0.1818,2026-10-10,2026-10-10T15:33:05-04:00,Batter damage by pitch type.
691019,kyle teel,L,CU,Curveball,2,4,2,0,0,1,0,0,0,100.4,72.85,11.25,0.0,0.0,0.0,0.5,0.0,0.0,0.0,2026-10-10,2026-10-10T15:33:05-04:00,Batter damage by pitch type.
691019,kyle teel,L,FC,Cutter,6,8,6,0,0,0,0,3,1,94.8,81.57,30.38,0.0,0.0,0.0,0.0,0.0,0.375,0.125,2026-10-10,2026-10-10T15:33:05-04:00,Batter damage by pitch type.
691019,kyle teel,L,FF,4-Seam Fastball,27,26,20,1,2,6,2,6,10,107.2,85.93,25.12,0.037,0.0741,0.0769,0.2222,0.0741,0.2308,0.3846,2026-10-10,2026-10-10T15:33:05-04:00,Batter damage by pitch type.
691019,kyle teel,L,FS,Split-Finger,1,0,0,0,0,0,0,0,0,,,,0.0,0.0,,0.0,0.0,,,2026-10-10,2026-10-10T15:33:05-04:00,Batter damage by pitch type.
691019,kyle teel,L,KC,Knuckle Curve,2,3,1,0,0,0,0,0,1,85.8,59.83,-25.33,0.0,0.0,0.0,0.0,0.0,0.0,0.3333,2026-10-10,2026-10-10T15:33:05-04:00,Batter damage by pitch type.
691019,kyle teel,L,SI,Sinker,14,21,11,0,0,0,0,2,7,99.6,73.34,7.05,0.0,0.0,0.0,0.0,0.0,0.0952,0.3333,2026-10-10,2026-10-10T15:33:05-04:00,Batter damage by pitch type.
691019,kyle teel,L,SL,Slider,15,15,9,0,1,4,2,5,6,101.0,77.39,12.73,0.0,0.0667,0.0667,0.2667,0.1333,0.3333,0.4,2026-10-10,2026-10-10T15:33:05-04:00,Batter damage by pitch type.
691019,kyle teel,L,ST,Sweeper,9,7,4,0,0,2,1,2,3,108.9,85.16,11.71,0.0,0.0,0.0,0.2222,0.1111,0.2857,0.4286,2026-10-10,2026-10-10T15:33:05-04:00,Batter damage by pitch type.
691019,kyle teel,L,SV,Slurve,1,0,0,0,0,0,0,0,0,,,,0.0,0.0,,0.0,0.0,,,2026-10-10,2026-10-10T15:33:05-04:00,Batter damage by pitch type.
691023,jordan walker,R,CH,Changeup,3,3,1,0,0,0,0,0,1,95.2,74.5,1.0,0.0,0.0,0.0,0.0,0.0,0.0,0.3333,2026-10-10,2026-10-10T15:33:05-04:00,Batter damage by pitch type.
691023,jordan walker,R,CU,Curveball,6,5,3,0,1,1,0,2,1,112.1,86.4,20.4,0.0,0.1667,0.2,0.1667,0.0,0.4,0.2,2026-10-10,2026-10-10T15:33:05-04:00,Batter damage by pitch type.
691023,jordan walker,R,FC,Cutter,3,4,3,1,1,2,1,1,2,105.9,90.88,20.0,0.3333,0.3333,0.25,0.6667,0.3333,0.25,0.5,2026-10-10,2026-10-10T15:33:05-04:00,Batter damage by pitch type.
691023,jordan walker,R,FF,4-Seam Fastball,18,19,13,0,1,2,0,3,2,115.4,87.62,26.26,0.0,0.0556,0.0526,0.1111,0.0,0.1579,0.1053,2026-10-10,2026-10-10T15:33:05-04:00,Batter damage by pitch type.
691023,jordan walker,R,KC,Knuckle Curve,1,2,0,0,0,0,0,0,0,117.2,100.45,-12.5,0.0,0.0,0.0,0.0,0.0,0.0,0.0,2026-10-10,2026-10-10T15:33:05-04:00,Batter damage by pitch type.
691023,jordan walker,R,SI,Sinker,9,11,6,0,2,2,1,1,3,111.0,88.25,11.18,0.0,0.2222,0.1818,0.2222,0.1111,0.0909,0.2727,2026-10-10,2026-10-10T15:33:05-04:00,Batter damage by pitch type.
691023,jordan walker,R,SL,Slider,7,7,2,0,0,0,0,0,0,96.7,78.86,1.0,0.0,0.0,0.0,0.0,0.0,0.0,0.0,2026-10-10,2026-10-10T15:33:05-04:00,Batter damage by pitch type.
691023,jordan walker,R,ST,Sweeper,9,6,4,0,0,2,0,2,1,115.8,92.3,7.17,0.0,0.0,0.0,0.2222,0.0,0.3333,0.1667,2026-10-10,2026-10-10T15:33:05-04:00,Batter damage by pitch type.
691023,jordan walker,R,SV,Slurve,0,0,0,0,0,0,0,0,0,,,,,,,,,,,2026-10-10,2026-10-10T15:33:05-04:00,Batter damage by pitch type.
691026,masyn winn,R,CH,Changeup,3,1,1,0,0,1,0,0,1,99.2,99.2,13.0,0.0,0.0,0.0,0.3333,0.0,0.0,1.0,2026-10-10,2026-10-10T15:33:05-04:00,Batter damage by pitch type.
691026,masyn winn,R,CU,Curveball,5,4,2,0,0,0,0,1,2,99.6,83.9,2.5,0.0,0.0,0.0,0.0,0.0,0.25,0.5,2026-10-10,2026-10-10T15:33:05-04:00,Batter damage by pitch type.
691026,masyn winn,R,FC,Cutter,5,9,5,0,0,2,0,1,3,99.4,78.83,6.67,0.0,0.0,0.0,0.4,0.0,0.1111,0.3333,2026-10-10,2026-10-10T15:33:05-04:00,Batter damage by pitch type.
691026,masyn winn,R,FF,4-Seam Fastball,11,15,13,0,0,1,1,1,3,103.2,87.14,35.13,0.0,0.0,0.0,0.0909,0.0909,0.0667,0.2,2026-10-10,2026-10-10T15:33:05-04:00,Batter damage by pitch type.
691026,masyn winn,R,KC,Knuckle Curve,2,1,1,0,0,0,0,0,0,91.0,91.0,46.0,0.0,0.0,0.0,0.0,0.0,0.0,0.0,2026-10-10,2026-10-10T15:33:05-04:00,Batter damage by pitch type.
691026,masyn winn,R,SI,Sinker,5,7,3,0,0,0,0,0,2,99.2,85.11,-1.43,0.0,0.0,0.0,0.0,0.0,0.0,0.2857,2026-10-10,2026-10-10T15:33:05-04:00,Batter damage by pitch type.
691026,masyn winn,R,SL,Slider,2,3,1,0,0,0,0,0,0,65.3,64.27,-4.0,0.0,0.0,0.0,0.0,0.0,0.0,0.0,2026-10-10,2026-10-10T15:33:05-04:00,Batter damage by pitch type.
691026,masyn winn,R,ST,Sweeper,5,5,3,0,0,1,0,2,0,97.0,81.78,26.8,0.0,0.0,0.0,0.2,0.0,0.4,0.0,2026-10-10,2026-10-10T15:33:05-04:00,Batter damage by pitch type.
691176,jasson domínguez,L,CH,Changeup,0,2,2,0,0,0,0,0,0,68.8,65.15,60.0,,,0.0,,,0.0,0.0,2026-10-10,2026-10-10T15:33:05-04:00,Batter damage by pitch type.
691176,jasson domínguez,L,FC,Cutter,1,0,0,0,0,0,0,0,0,,,,0.0,0.0,,0.0,0.0,,,2026-10-10,2026-10-10T15:33:05-04:00,Batter damage by pitch type.
691176,jasson domínguez,L,FF,4-Seam Fastball,3,3,3,0,0,0,0,0,2,84.3,79.17,39.67,0.0,0.0,0.0,0.0,0.0,0.0,0.6667,2026-10-10,2026-10-10T15:33:05-04:00,Batter damage by pitch type.
691176,jasson domínguez,L,FS,Split-Finger,0,0,0,0,0,0,0,0,0,,,,,,,,,,,2026-10-10,2026-10-10T15:33:05-04:00,Batter damage by pitch type.
691176,jasson domínguez,L,SI,Sinker,0,0,0,0,0,0,0,0,0,,,,,,,,,,,2026-10-10,2026-10-10T15:33:05-04:00,Batter damage by pitch type.
691176,jasson domínguez,L,SL,Slider,1,2,1,0,0,0,0,0,0,79.9,73.3,27.5,0.0,0.0,0.0,0.0,0.0,0.0,0.0,2026-10-10,2026-10-10T15:33:05-04:00,Batter damage by pitch type.
691176,jasson domínguez,L,ST,Sweeper,0,0,0,0,0,0,0,0,0,,,,,,,,,,,2026-10-10,2026-10-10T15:33:05-04:00,Batter damage by pitch type.
691181,emmanuel rodriguez,L,CH,Changeup,14,8,2,0,1,2,1,1,2,101.1,83.18,-9.12,0.0,0.0714,0.125,0.1429,0.0714,0.125,0.25,2026-10-10,2026-10-10T15:33:05-04:00,Batter damage by pitch type.
691181,emmanuel rodriguez,L,CU,Curveball,1,2,0,0,0,0,0,0,0,106.1,103.0,-16.0,0.0,0.0,0.0,0.0,0.0,0.0,0.0,2026-10-10,2026-10-10T15:33:05-04:00,Batter damage by pitch type.
691181,emmanuel rodriguez,L,FC,Cutter,4,3,3,0,0,1,0,1,1,101.8,83.4,34.67,0.0,0.0,0.0,0.25,0.0,0.3333,0.3333,2026-10-10,2026-10-10T15:33:05-04:00,Batter damage by pitch type.
691181,emmanuel rodriguez,L,FF,4-Seam Fastball,15,18,16,2,4,5,3,3,9,111.1,85.06,28.78,0.1333,0.2667,0.2222,0.3333,0.2,0.1667,0.5,2026-10-10,2026-10-10T15:33:05-04:00,Batter damage by pitch type.
691181,emmanuel rodriguez,L,FS,Split-Finger,2,2,2,0,0,0,0,1,0,83.6,73.7,55.5,0.0,0.0,0.0,0.0,0.0,0.5,0.0,2026-10-10,2026-10-10T15:33:05-04:00,Batter damage by pitch type.
691181,emmanuel rodriguez,L,SI,Sinker,5,10,5,0,1,1,0,2,4,109.2,87.2,2.0,0.0,0.2,0.1,0.2,0.0,0.2,0.4,2026-10-10,2026-10-10T15:33:05-04:00,Batter damage by pitch type.
691181,emmanuel rodriguez,L,SL,Slider,3,2,1,0,0,0,0,1,1,92.8,78.5,0.0,0.0,0.0,0.0,0.0,0.0,0.5,0.5,2026-10-10,2026-10-10T15:33:05-04:00,Batter damage by pitch type.
691181,emmanuel rodriguez,L,ST,Sweeper,4,7,6,0,0,3,1,1,5,108.4,82.83,16.0,0.0,0.0,0.0,0.75,0.25,0.1429,0.7143,2026-10-10,2026-10-10T15:33:05-04:00,Batter damage by pitch type.
691181,emmanuel rodriguez,L,SV,Slurve,0,0,0,0,0,0,0,0,0,,,,,,,,,,,2026-10-10,2026-10-10T15:33:05-04:00,Batter damage by pitch type.
691182,adael amador,L,CH,Changeup,9,13,5,0,0,0,0,1,2,103.0,75.12,13.77,0.0,0.0,0.0,0.0,0.0,0.0769,0.1538,2026-10-10,2026-10-10T15:33:05-04:00,Batter damage by pitch type.
691182,adael amador,L,CU,Curveball,3,2,1,0,0,0,0,0,0,68.2,66.35,12.5,0.0,0.0,0.0,0.0,0.0,0.0,0.0,2026-10-10,2026-10-10T15:33:05-04:00,Batter damage by pitch type.
691182,adael amador,L,FC,Cutter,2,4,2,0,0,1,0,2,2,97.7,87.28,13.25,0.0,0.0,0.0,0.5,0.0,0.5,0.5,2026-10-10,2026-10-10T15:33:05-04:00,Batter damage by pitch type.
691182,adael amador,L,FF,4-Seam Fastball,13,18,13,1,1,2,1,4,6,102.3,76.83,18.94,0.0769,0.0769,0.0556,0.1538,0.0769,0.2222,0.3333,2026-10-10,2026-10-10T15:33:05-04:00,Batter damage by pitch type.
691182,adael amador,L,FS,Split-Finger,0,0,0,0,0,0,0,0,0,,,,,,,,,,,2026-10-10,2026-10-10T15:33:05-04:00,Batter damage by pitch type.
691182,adael amador,L,KC,Knuckle Curve,0,0,0,0,0,0,0,0,0,,,,,,,,,,,2026-10-10,2026-10-10T15:33:05-04:00,Batter damage by pitch type.
691182,adael amador,L,SI,Sinker,4,8,5,0,1,1,1,1,4,104.1,81.33,10.62,0.0,0.25,0.125,0.25,0.25,0.125,0.5,2026-10-10,2026-10-10T15:33:05-04:00,Batter damage by pitch type.
691182,adael amador,L,SL,Slider,3,5,2,0,0,1,0,0,1,104.0,84.74,13.6,0.0,0.0,0.0,0.3333,0.0,0.0,0.2,2026-10-10,2026-10-10T15:33:05-04:00,Batter damage by pitch type.
691182,adael amador,L,ST,Sweeper,2,5,1,0,0,0,0,0,1,96.1,78.72,-11.8,0.0,0.0,0.0,0.0,0.0,0.0,0.2,2026-10-10,2026-10-10T15:33:05-04:00,Batter damage by pitch type.
691182,adael amador,R,CH,Changeup,2,5,3,0,0,1,0,0,3,103.1,89.78,5.0,0.0,0.0,0.0,0.5,0.0,0.0,0.6,2026-10-10,2026-10-10T15:33:05-04:00,Batter damage by pitch type.
691182,adael amador,R,CU,Curveball,4,4,2,0,0,0,0,1,0,75.2,70.1,-2.25,0.0,0.0,0.0,0.0,0.0,0.25,0.0,2026-10-10,2026-10-10T15:33:05-04:00,Batter damage by pitch type.
691182,adael amador,R,FC,Cutter,1,3,1,0,0,0,0,0,1,92.5,81.0,19.33,0.0,0.0,0.0,0.0,0.0,0.0,0.3333,2026-10-10,2026-10-10T15:33:05-04:00,Batter damage by pitch type.
691182,adael amador,R,FF,4-Seam Fastball,6,16,12,0,0,1,0,2,9,108.9,75.07,19.19,0.0,0.0,0.0,0.1667,0.0,0.125,0.5625,2026-10-10,2026-10-10T15:33:05-04:00,Batter damage by pitch type.
691182,adael amador,R,FS,Split-Finger,1,2,2,0,0,0,0,0,1,58.0,57.55,28.0,0.0,0.0,0.0,0.0,0.0,0.0,0.5,2026-10-10,2026-10-10T15:33:05-04:00,Batter damage by pitch type.
691182,adael amador,R,SI,Sinker,4,4,1,0,0,1,0,1,0,100.3,86.17,-18.5,0.0,0.0,0.0,0.25,0.0,0.25,0.0,2026-10-10,2026-10-10T15:33:05-04:00,Batter damage by pitch type.
691182,adael amador,R,SL,Slider,3,4,3,0,0,0,0,1,1,92.2,85.42,33.0,0.0,0.0,0.0,0.0,0.0,0.25,0.25,2026-10-10,2026-10-10T15:33:05-04:00,Batter damage by pitch type.
691182,adael amador,R,ST,Sweeper,1,3,2,0,0,0,0,1,2,92.4,77.5,6.67,0.0,0.0,0.0,0.0,0.0,0.3333,0.6667,2026-10-10,2026-10-10T15:33:05-04:00,Batter damage by pitch type.
691182,adael amador,R,SV,Slurve,0,0,0,0,0,0,0,0,0,,,,,,,,,,,2026-10-10,2026-10-10T15:33:05-04:00,Batter damage by pitch type.
691277,deyvison de los santos,R,CH,Changeup,4,4,3,0,0,0,0,0,1,88.2,73.08,35.25,0.0,0.0,0.0,0.0,0.0,0.0,0.25,2026-10-10,2026-10-10T15:33:05-04:00,Batter damage by pitch type.
691277,deyvison de los santos,R,CU,Curveball,1,1,1,0,0,1,0,1,1,106.1,106.1,10.0,0.0,0.0,0.0,1.0,0.0,1.0,1.0,2026-10-10,2026-10-10T15:33:05-04:00,Batter damage by pitch type.
691277,deyvison de los santos,R,FC,Cutter,1,2,1,0,0,0,0,1,1,82.9,80.9,-13.0,0.0,0.0,0.0,0.0,0.0,0.5,0.5,2026-10-10,2026-10-10T15:33:05-04:00,Batter damage by pitch type.
691277,deyvison de los santos,R,FF,4-Seam Fastball,6,9,8,0,0,3,1,1,3,101.1,88.17,33.33,0.0,0.0,0.0,0.5,0.1667,0.1111,0.3333,2026-10-10,2026-10-10T15:33:05-04:00,Batter damage by pitch type.
691277,deyvison de los santos,R,FS,Split-Finger,2,1,0,0,0,0,0,0,0,39.5,39.5,-57.0,0.0,0.0,0.0,0.0,0.0,0.0,0.0,2026-10-10,2026-10-10T15:33:05-04:00,Batter damage by pitch type.
691277,deyvison de los santos,R,SI,Sinker,7,9,3,0,0,0,0,1,0,109.3,87.18,14.78,0.0,0.0,0.0,0.0,0.0,0.1111,0.0,2026-10-10,2026-10-10T15:33:05-04:00,Batter damage by pitch type.
691277,deyvison de los santos,R,SL,Slider,5,5,4,0,0,0,0,1,0,89.0,80.38,42.6,0.0,0.0,0.0,0.0,0.0,0.2,0.0,2026-10-10,2026-10-10T15:33:05-04:00,Batter damage by pitch type.
691277,deyvison de los santos,R,ST,Sweeper,1,1,1,0,0,0,0,0,0,73.0,73.0,79.0,0.0,0.0,0.0,0.0,0.0,0.0,0.0,2026-10-10,2026-10-10T15:33:05-04:00,Batter damage by pitch type.
691277,deyvison de los santos,R,SV,Slurve,1,0,0,0,0,0,0,0,0,,,,0.0,0.0,,0.0,0.0,,,2026-10-10,2026-10-10T15:33:05-04:00,Batter damage by pitch type.
691406,junior caminero,R,CH,Changeup,11,17,7,0,1,3,2,2,4,107.4,83.98,6.71,0.0,0.0909,0.0588,0.2727,0.1818,0.1176,0.2353,2026-10-10,2026-10-10T15:33:05-04:00,Batter damage by pitch type.
691406,junior caminero,R,CU,Curveball,4,5,3,0,0,0,0,0,2,95.5,72.52,18.0,0.0,0.0,0.0,0.0,0.0,0.0,0.4,2026-10-10,2026-10-10T15:33:05-04:00,Batter damage by pitch type.
691406,junior caminero,R,FC,Cutter,8,12,7,0,2,2,1,3,3,111.1,91.84,17.17,0.0,0.25,0.1667,0.25,0.125,0.25,0.25,2026-10-10,2026-10-10T15:33:05-04:00,Batter damage by pitch type.
691406,junior caminero,R,FF,4-Seam Fastball,16,22,20,2,2,8,2,3,7,112.1,91.83,45.32,0.125,0.125,0.0909,0.5,0.125,0.1364,0.3182,2026-10-10,2026-10-10T15:33:05-04:00,Batter damage by pitch type.
691406,junior caminero,R,FS,Split-Finger,2,1,0,0,0,0,0,0,0,89.7,89.7,-23.0,0.0,0.0,0.0,0.0,0.0,0.0,0.0,2026-10-10,2026-10-10T15:33:05-04:00,Batter damage by pitch type.
691406,junior caminero,R,KC,Knuckle Curve,2,3,1,1,1,1,1,1,1,111.9,87.47,-17.33,0.5,0.5,0.3333,0.5,0.5,0.3333,0.3333,2026-10-10,2026-10-10T15:33:05-04:00,Batter damage by pitch type.
691406,junior caminero,R,SI,Sinker,15,24,14,0,1,4,0,2,3,112.4,87.48,16.29,0.0,0.0667,0.0417,0.2667,0.0,0.0833,0.125,2026-10-10,2026-10-10T15:33:05-04:00,Batter damage by pitch type.
691406,junior caminero,R,SL,Slider,8,8,4,0,0,0,0,2,2,106.3,83.88,6.12,0.0,0.0,0.0,0.0,0.0,0.25,0.25,2026-10-10,2026-10-10T15:33:05-04:00,Batter damage by pitch type.
691406,junior caminero,R,ST,Sweeper,12,16,8,0,0,1,0,1,1,102.9,78.45,19.75,0.0,0.0,0.0,0.0833,0.0,0.0625,0.0625,2026-10-10,2026-10-10T15:33:05-04:00,Batter damage by pitch type.
691594,javier sanoja,R,CH,Changeup,11,12,6,0,0,2,0,5,3,105.4,88.41,9.33,0.0,0.0,0.0,0.1818,0.0,0.4167,0.25,2026-10-10,2026-10-10T15:33:05-04:00,Batter damage by pitch type.
691594,javier sanoja,R,CU,Curveball,3,4,1,0,0,0,0,0,0,96.5,78.8,-5.5,0.0,0.0,0.0,0.0,0.0,0.0,0.0,2026-10-10,2026-10-10T15:33:05-04:00,Batter damage by pitch type.
691594,javier sanoja,R,FC,Cutter,5,9,8,2,3,3,1,2,4,100.7,85.02,40.11,0.4,0.6,0.3333,0.6,0.2,0.2222,0.4444,2026-10-10,2026-10-10T15:33:05-04:00,Batter damage by pitch type.
691594,javier sanoja,R,FF,4-Seam Fastball,16,27,22,0,0,2,0,2,8,100.0,82.03,30.56,0.0,0.0,0.0,0.125,0.0,0.0741,0.2963,2026-10-10,2026-10-10T15:33:05-04:00,Batter damage by pitch type.
691594,javier sanoja,R,FS,Split-Finger,6,6,5,0,0,0,0,3,3,97.4,77.17,32.0,0.0,0.0,0.0,0.0,0.0,0.5,0.5,2026-10-10,2026-10-10T15:33:05-04:00,Batter damage by pitch type.
691594,javier sanoja,R,SI,Sinker,11,16,9,1,1,3,2,3,6,105.7,85.09,15.5,0.0909,0.0909,0.0625,0.2727,0.1818,0.1875,0.375,2026-10-10,2026-10-10T15:33:05-04:00,Batter damage by pitch type.
691594,javier sanoja,R,SL,Slider,9,15,10,0,0,0,0,3,2,103.1,84.1,33.73,0.0,0.0,0.0,0.0,0.0,0.2,0.1333,2026-10-10,2026-10-10T15:33:05-04:00,Batter damage by pitch type.
691594,javier sanoja,R,ST,Sweeper,0,2,1,0,0,0,0,0,0,82.7,61.4,-1.5,,,0.0,,,0.0,0.0,2026-10-10,2026-10-10T15:33:05-04:00,Batter damage by pitch type.
691594,javier sanoja,R,SV,Slurve,1,1,1,0,0,0,0,1,1,90.9,90.9,16.0,0.0,0.0,0.0,0.0,0.0,1.0,1.0,2026-10-10,2026-10-10T15:33:05-04:00,Batter damage by pitch type.
691718,pete crow-armstrong,L,CH,Changeup,15,30,16,1,2,6,2,8,13,110.0,86.34,8.97,0.0667,0.1333,0.0667,0.4,0.1333,0.2667,0.4333,2026-10-10,2026-10-10T15:33:05-04:00,Batter damage by pitch type.
691718,pete crow-armstrong,L,CU,Curveball,3,6,3,0,0,1,0,0,2,111.5,78.87,16.83,0.0,0.0,0.0,0.3333,0.0,0.0,0.3333,2026-10-10,2026-10-10T15:33:05-04:00,Batter damage by pitch type.
691718,pete crow-armstrong,L,FC,Cutter,4,6,5,0,0,0,0,0,1,98.1,83.92,51.5,0.0,0.0,0.0,0.0,0.0,0.0,0.1667,2026-10-10,2026-10-10T15:33:05-04:00,Batter damage by pitch type.
691718,pete crow-armstrong,L,FF,4-Seam Fastball,21,31,30,3,2,5,4,7,10,106.7,81.66,46.61,0.1429,0.0952,0.0645,0.2381,0.1905,0.2258,0.3226,2026-10-10,2026-10-10T15:33:05-04:00,Batter damage by pitch type.
691718,pete crow-armstrong,L,FS,Split-Finger,4,3,2,0,0,1,0,1,2,106.8,100.03,14.0,0.0,0.0,0.0,0.25,0.0,0.3333,0.6667,2026-10-10,2026-10-10T15:33:05-04:00,Batter damage by pitch type.
691718,pete crow-armstrong,L,SI,Sinker,16,29,17,0,1,4,1,5,6,109.4,85.73,21.86,0.0,0.0625,0.0345,0.25,0.0625,0.1724,0.2069,2026-10-10,2026-10-10T15:33:05-04:00,Batter damage by pitch type.
691718,pete crow-armstrong,L,SL,Slider,9,13,10,0,1,2,1,4,5,106.4,83.45,24.62,0.0,0.1111,0.0769,0.2222,0.1111,0.3077,0.3846,2026-10-10,2026-10-10T15:33:05-04:00,Batter damage by pitch type.
691718,pete crow-armstrong,L,ST,Sweeper,2,4,3,0,0,0,0,0,0,87.5,73.07,45.5,0.0,0.0,0.0,0.0,0.0,0.0,0.0,2026-10-10,2026-10-10T15:33:05-04:00,Batter damage by pitch type.
691720,kyle karros,R,CH,Changeup,6,3,2,0,0,1,0,1,1,98.6,80.8,13.33,0.0,0.0,0.0,0.1667,0.0,0.3333,0.3333,2026-10-10,2026-10-10T15:33:05-04:00,Batter damage by pitch type.
691720,kyle karros,R,CU,Curveball,0,0,0,0,0,0,0,0,0,,,,,,,,,,,2026-10-10,2026-10-10T15:33:05-04:00,Batter damage by pitch type.
691720,kyle karros,R,FC,Cutter,3,8,7,0,0,1,0,0,2,100.3,85.01,30.62,0.0,0.0,0.0,0.3333,0.0,0.0,0.25,2026-10-10,2026-10-10T15:33:05-04:00,Batter damage by pitch type.
691720,kyle karros,R,FF,4-Seam Fastball,17,17,12,2,3,5,3,3,8,110.0,89.82,19.0,0.1176,0.1765,0.1765,0.2941,0.1765,0.1765,0.4706,2026-10-10,2026-10-10T15:33:05-04:00,Batter damage by pitch type.
691720,kyle karros,R,FS,Split-Finger,1,0,0,0,0,0,0,0,0,,,,0.0,0.0,,0.0,0.0,,,2026-10-10,2026-10-10T15:33:05-04:00,Batter damage by pitch type.
691720,kyle karros,R,KC,Knuckle Curve,1,0,0,0,0,0,0,0,0,,,,0.0,0.0,,0.0,0.0,,,2026-10-10,2026-10-10T15:33:05-04:00,Batter damage by pitch type.
691720,kyle karros,R,SI,Sinker,18,15,2,1,1,2,1,1,2,110.7,97.68,-7.13,0.0556,0.0556,0.0667,0.1111,0.0556,0.0667,0.1333,2026-10-10,2026-10-10T15:33:05-04:00,Batter damage by pitch type.
691720,kyle karros,R,SL,Slider,14,17,12,0,0,0,0,2,9,104.9,80.25,15.24,0.0,0.0,0.0,0.0,0.0,0.1176,0.5294,2026-10-10,2026-10-10T15:33:05-04:00,Batter damage by pitch type.
691720,kyle karros,R,ST,Sweeper,4,3,2,0,0,0,0,1,0,80.7,75.53,15.67,0.0,0.0,0.0,0.0,0.0,0.3333,0.0,2026-10-10,2026-10-10T15:33:05-04:00,Batter damage by pitch type.
691720,kyle karros,R,SV,Slurve,1,0,0,0,0,0,0,0,0,,,,0.0,0.0,,0.0,0.0,,,2026-10-10,2026-10-10T15:33:05-04:00,Batter damage by pitch type.
691723,coby mayo,R,CH,Changeup,3,1,1,0,0,0,0,0,0,73.2,73.2,42.0,0.0,0.0,0.0,0.0,0.0,0.0,0.0,2026-10-10,2026-10-10T15:33:05-04:00,Batter damage by pitch type.
691723,coby mayo,R,CU,Curveball,3,9,4,0,0,1,0,2,4,108.2,81.26,3.56,0.0,0.0,0.0,0.3333,0.0,0.2222,0.4444,2026-10-10,2026-10-10T15:33:05-04:00,Batter damage by pitch type.
691723,coby mayo,R,FC,Cutter,6,11,5,1,1,2,1,2,4,109.2,89.84,14.36,0.1667,0.1667,0.0909,0.3333,0.1667,0.1818,0.3636,2026-10-10,2026-10-10T15:33:05-04:00,Batter damage by pitch type.
691723,coby mayo,R,FF,4-Seam Fastball,16,31,26,0,2,3,3,2,10,110.9,85.05,35.06,0.0,0.125,0.0645,0.1875,0.1875,0.0645,0.3226,2026-10-10,2026-10-10T15:33:05-04:00,Batter damage by pitch type.
691723,coby mayo,R,FO,Forkball,1,0,0,0,0,0,0,0,0,,,,0.0,0.0,,0.0,0.0,,,2026-10-10,2026-10-10T15:33:05-04:00,Batter damage by pitch type.
691723,coby mayo,R,FS,Split-Finger,1,0,0,0,0,0,0,0,0,,,,0.0,0.0,,0.0,0.0,,,2026-10-10,2026-10-10T15:33:05-04:00,Batter damage by pitch type.
691723,coby mayo,R,KC,Knuckle Curve,1,0,0,0,0,0,0,0,0,,,,0.0,0.0,,0.0,0.0,,,2026-10-10,2026-10-10T15:33:05-04:00,Batter damage by pitch type.
691723,coby mayo,R,SI,Sinker,11,16,8,0,2,3,2,2,2,112.3,87.97,10.25,0.0,0.1818,0.125,0.2727,0.1818,0.125,0.125,2026-10-10,2026-10-10T15:33:05-04:00,Batter damage by pitch type.
691723,coby mayo,R,SL,Slider,11,6,5,1,1,2,1,4,4,108.7,95.13,19.83,0.0909,0.0909,0.1667,0.1818,0.0909,0.6667,0.6667,2026-10-10,2026-10-10T15:33:05-04:00,Batter damage by pitch type.
691723,coby mayo,R,ST,Sweeper,8,12,5,0,0,1,0,1,2,106.7,82.26,14.25,0.0,0.0,0.0,0.125,0.0,0.0833,0.1667,2026-10-10,2026-10-10T15:33:05-04:00,Batter damage by pitch type.
691728,zac veen,L,CH,Changeup,2,2,1,0,0,1,0,0,0,95.9,88.7,-10.0,0.0,0.0,0.0,0.5,0.0,0.0,0.0,2026-10-10,2026-10-10T15:33:05-04:00,Batter damage by pitch type.
691728,zac veen,L,CU,Curveball,0,0,0,0,0,0,0,0,0,,,,,,,,,,,2026-10-10,2026-10-10T15:33:05-04:00,Batter damage by pitch type.
691728,zac veen,L,FC,Cutter,5,9,5,1,0,1,0,2,4,97.1,81.13,12.67,0.2,0.0,0.0,0.2,0.0,0.2222,0.4444,2026-10-10,2026-10-10T15:33:05-04:00,Batter damage by pitch type.
691728,zac veen,L,FF,4-Seam Fastball,10,12,12,0,0,2,1,1,5,103.3,79.53,39.5,0.0,0.0,0.0,0.2,0.1,0.0833,0.4167,2026-10-10,2026-10-10T15:33:05-04:00,Batter damage by pitch type.
691728,zac veen,L,FS,Split-Finger,1,1,1,0,0,0,0,0,0,68.5,68.5,33.0,0.0,0.0,0.0,0.0,0.0,0.0,0.0,2026-10-10,2026-10-10T15:33:05-04:00,Batter damage by pitch type.
691728,zac veen,L,KC,Knuckle Curve,1,1,0,0,0,0,0,0,0,93.9,93.9,1.0,0.0,0.0,0.0,0.0,0.0,0.0,0.0,2026-10-10,2026-10-10T15:33:05-04:00,Batter damage by pitch type.
691728,zac veen,L,SI,Sinker,6,8,7,0,0,2,0,0,2,110.4,78.16,27.25,0.0,0.0,0.0,0.3333,0.0,0.0,0.25,2026-10-10,2026-10-10T15:33:05-04:00,Batter damage by pitch type.
691728,zac veen,L,SL,Slider,3,4,1,0,0,1,0,1,1,106.8,86.88,-9.0,0.0,0.0,0.0,0.3333,0.0,0.25,0.25,2026-10-10,2026-10-10T15:33:05-04:00,Batter damage by pitch type.
691728,zac veen,L,ST,Sweeper,0,1,1,0,0,0,0,0,1,83.0,83.0,21.0,,,0.0,,,0.0,1.0,2026-10-10,2026-10-10T15:33:05-04:00,Batter damage by pitch type.
691728,zac veen,L,SV,Slurve,1,0,0,0,0,0,0,0,0,,,,0.0,0.0,,0.0,0.0,,,2026-10-10,2026-10-10T15:33:05-04:00,Batter damage by pitch type.
691777,max muncy,R,CH,Changeup,0,0,0,0,0,0,0,0,0,,,,,,,,,,,2026-10-10,2026-10-10T15:33:05-04:00,Batter damage by pitch type.
691777,max muncy,R,CU,Curveball,0,0,0,0,0,0,0,0,0,,,,,,,,,,,2026-10-10,2026-10-10T15:33:05-04:00,Batter damage by pitch type.
691777,max muncy,R,FF,4-Seam Fastball,3,2,1,0,0,0,0,1,0,103.3,93.9,22.5,0.0,0.0,0.0,0.0,0.0,0.5,0.0,2026-10-10,2026-10-10T15:33:05-04:00,Batter damage by pitch type.
691777,max muncy,R,FS,Split-Finger,0,0,0,0,0,0,0,0,0,,,,,,,,,,,2026-10-10,2026-10-10T15:33:05-04:00,Batter damage by pitch type.
691777,max muncy,R,SI,Sinker,4,9,6,0,0,0,0,0,4,107.9,79.29,20.78,0.0,0.0,0.0,0.0,0.0,0.0,0.4444,2026-10-10,2026-10-10T15:33:05-04:00,Batter damage by pitch type.
691777,max muncy,R,SL,Slider,1,0,0,0,0,0,0,0,0,,,,0.0,0.0,,0.0,0.0,,,2026-10-10,2026-10-10T15:33:05-04:00,Batter damage by pitch type.
691777,max muncy,R,ST,Sweeper,3,3,3,0,0,0,0,0,2,94.6,81.83,41.33,0.0,0.0,0.0,0.0,0.0,0.0,0.6667,2026-10-10,2026-10-10T15:33:05-04:00,Batter damage by pitch type.
691781,brady house,R,CH,Changeup,4,2,0,0,0,0,0,0,0,99.5,86.95,-8.5,0.0,0.0,0.0,0.0,0.0,0.0,0.0,2026-10-10,2026-10-10T15:33:05-04:00,Batter damage by pitch type.
691781,brady house,R,CU,Curveball,4,2,1,0,0,1,0,0,1,106.3,105.0,-14.5,0.0,0.0,0.0,0.25,0.0,0.0,0.5,2026-10-10,2026-10-10T15:33:05-04:00,Batter damage by pitch type.
691781,brady house,R,FA,Other,0,0,0,0,0,0,0,0,0,,,,,,,,,,,2026-10-10,2026-10-10T15:33:05-04:00,Batter damage by pitch type.
691781,brady house,R,FC,Cutter,3,7,4,0,0,1,0,0,0,101.9,76.51,20.0,0.0,0.0,0.0,0.3333,0.0,0.0,0.0,2026-10-10,2026-10-10T15:33:05-04:00,Batter damage by pitch type.
691781,brady house,R,FF,4-Seam Fastball,13,17,16,0,0,2,0,4,9,107.5,83.04,29.53,0.0,0.0,0.0,0.1538,0.0,0.2353,0.5294,2026-10-10,2026-10-10T15:33:05-04:00,Batter damage by pitch type.
691781,brady house,R,SI,Sinker,11,12,5,0,1,1,1,1,2,111.1,95.98,11.92,0.0,0.0909,0.0833,0.0909,0.0909,0.0833,0.1667,2026-10-10,2026-10-10T15:33:05-04:00,Batter damage by pitch type.
691781,brady house,R,SL,Slider,7,5,2,0,0,1,0,1,1,108.7,92.82,-4.6,0.0,0.0,0.0,0.1429,0.0,0.2,0.2,2026-10-10,2026-10-10T15:33:05-04:00,Batter damage by pitch type.
691781,brady house,R,ST,Sweeper,0,2,0,0,0,0,0,0,0,56.5,54.1,-37.5,,,0.0,,,0.0,0.0,2026-10-10,2026-10-10T15:33:05-04:00,Batter damage by pitch type.
691783,jordan lawlar,R,CH,Changeup,1,3,1,0,0,0,0,0,0,93.0,80.4,13.0,0.0,0.0,0.0,0.0,0.0,0.0,0.0,2026-10-10,2026-10-10T15:33:05-04:00,Batter damage by pitch type.
691783,jordan lawlar,R,CU,Curveball,3,2,1,0,0,0,0,0,0,84.8,63.85,-2.0,0.0,0.0,0.0,0.0,0.0,0.0,0.0,2026-10-10,2026-10-10T15:33:05-04:00,Batter damage by pitch type.
691783,jordan lawlar,R,FC,Cutter,2,1,0,0,0,0,0,0,0,89.9,89.9,1.0,0.0,0.0,0.0,0.0,0.0,0.0,0.0,2026-10-10,2026-10-10T15:33:05-04:00,Batter damage by pitch type.
691783,jordan lawlar,R,FF,4-Seam Fastball,13,17,13,0,2,4,2,4,8,104.6,84.11,23.24,0.0,0.1538,0.1176,0.3077,0.1538,0.2353,0.4706,2026-10-10,2026-10-10T15:33:05-04:00,Batter damage by pitch type.
691783,jordan lawlar,R,FS,Split-Finger,1,0,0,0,0,0,0,0,0,,,,0.0,0.0,,0.0,0.0,,,2026-10-10,2026-10-10T15:33:05-04:00,Batter damage by pitch type.
691783,jordan lawlar,R,KC,Knuckle Curve,1,0,0,0,0,0,0,0,0,,,,0.0,0.0,,0.0,0.0,,,2026-10-10,2026-10-10T15:33:05-04:00,Batter damage by pitch type.
691783,jordan lawlar,R,SI,Sinker,9,10,5,1,0,2,0,2,2,105.5,85.39,4.6,0.1111,0.0,0.0,0.2222,0.0,0.2,0.2,2026-10-10,2026-10-10T15:33:05-04:00,Batter damage by pitch type.
691783,jordan lawlar,R,SL,Slider,5,5,4,1,1,3,1,2,3,104.0,97.86,28.2,0.2,0.2,0.2,0.6,0.2,0.4,0.6,2026-10-10,2026-10-10T15:33:05-04:00,Batter damage by pitch type.
691783,jordan lawlar,R,ST,Sweeper,2,6,3,0,0,0,0,0,1,94.1,78.68,2.5,0.0,0.0,0.0,0.0,0.0,0.0,0.1667,2026-10-10,2026-10-10T15:33:05-04:00,Batter damage by pitch type.
691783,jordan lawlar,R,SV,Slurve,0,0,0,0,0,0,0,0,0,,,,,,,,,,,2026-10-10,2026-10-10T15:33:05-04:00,Batter damage by pitch type.
691785,marcelo mayer,L,CH,Changeup,2,3,2,0,0,0,0,0,1,85.1,70.9,17.0,0.0,0.0,0.0,0.0,0.0,0.0,0.3333,2026-10-10,2026-10-10T15:33:05-04:00,Batter damage by pitch type.
691785,marcelo mayer,L,CU,Curveball,1,0,0,0,0,0,0,0,0,,,,0.0,0.0,,0.0,0.0,,,2026-10-10,2026-10-10T15:33:05-04:00,Batter damage by pitch type.
691785,marcelo mayer,L,FC,Cutter,1,1,1,0,0,0,0,1,1,92.8,92.8,11.0,0.0,0.0,0.0,0.0,0.0,1.0,1.0,2026-10-10,2026-10-10T15:33:05-04:00,Batter damage by pitch type.
691785,marcelo mayer,L,FF,4-Seam Fastball,6,6,3,0,1,1,1,0,1,100.2,84.85,17.0,0.0,0.1667,0.1667,0.1667,0.1667,0.0,0.1667,2026-10-10,2026-10-10T15:33:05-04:00,Batter damage by pitch type.
691785,marcelo mayer,L,FS,Split-Finger,0,0,0,0,0,0,0,0,0,,,,,,,,,,,2026-10-10,2026-10-10T15:33:05-04:00,Batter damage by pitch type.
691785,marcelo mayer,L,SI,Sinker,1,0,0,0,0,0,0,0,0,,,,0.0,0.0,,0.0,0.0,,,2026-10-10,2026-10-10T15:33:05-04:00,Batter damage by pitch type.
691785,marcelo mayer,L,SL,Slider,6,1,1,0,0,1,0,0,1,96.9,96.9,30.0,0.0,0.0,0.0,0.1667,0.0,0.0,1.0,2026-10-10,2026-10-10T15:33:05-04:00,Batter damage by pitch type.
691785,marcelo mayer,L,ST,Sweeper,0,0,0,0,0,0,0,0,0,,,,,,,,,,,2026-10-10,2026-10-10T15:33:05-04:00,Batter damage by pitch type.
691788,joe mack,L,CH,Changeup,1,3,1,0,0,0,0,0,0,84.3,75.87,-4.33,0.0,0.0,0.0,0.0,0.0,0.0,0.0,2026-10-10,2026-10-10T15:33:05-04:00,Batter damage by pitch type.
691788,joe mack,L,CS,Slow Curve,0,0,0,0,0,0,0,0,0,,,,,,,,,,,2026-10-10,2026-10-10T15:33:05-04:00,Batter damage by pitch type.
691788,joe mack,L,CU,Curveball,7,5,3,1,1,2,1,2,2,107.5,81.48,11.4,0.1429,0.1429,0.2,0.2857,0.1429,0.4,0.4,2026-10-10,2026-10-10T15:33:05-04:00,Batter damage by pitch type.
691788,joe mack,L,FC,Cutter,2,4,2,0,0,1,0,0,2,105.6,94.15,3.5,0.0,0.0,0.0,0.5,0.0,0.0,0.5,2026-10-10,2026-10-10T15:33:05-04:00,Batter damage by pitch type.
691788,joe mack,L,FF,4-Seam Fastball,10,19,15,0,1,2,1,2,2,106.2,85.84,36.16,0.0,0.1,0.0526,0.2,0.1,0.1053,0.1053,2026-10-10,2026-10-10T15:33:05-04:00,Batter damage by pitch type.
691788,joe mack,L,FS,Split-Finger,2,3,0,0,0,0,0,0,0,93.0,73.77,-26.0,0.0,0.0,0.0,0.0,0.0,0.0,0.0,2026-10-10,2026-10-10T15:33:05-04:00,Batter damage by pitch type.
691788,joe mack,L,KC,Knuckle Curve,2,1,0,0,0,0,0,0,0,89.5,89.5,6.0,0.0,0.0,0.0,0.0,0.0,0.0,0.0,2026-10-10,2026-10-10T15:33:05-04:00,Batter damage by pitch type.
691788,joe mack,L,PO,Pitch Out,0,0,0,0,0,0,0,0,0,,,,,,,,,,,2026-10-10,2026-10-10T15:33:05-04:00,Batter damage by pitch type.
691788,joe mack,L,SI,Sinker,2,2,0,0,0,0,0,0,1,93.6,84.0,-3.5,0.0,0.0,0.0,0.0,0.0,0.0,0.5,2026-10-10,2026-10-10T15:33:05-04:00,Batter damage by pitch type.
691788,joe mack,L,SL,Slider,6,6,3,0,0,1,0,2,1,107.5,89.35,9.0,0.0,0.0,0.0,0.1667,0.0,0.3333,0.1667,2026-10-10,2026-10-10T15:33:05-04:00,Batter damage by pitch type.
691788,joe mack,L,ST,Sweeper,1,2,0,0,0,0,0,0,0,92.6,77.9,-37.0,0.0,0.0,0.0,0.0,0.0,0.0,0.0,2026-10-10,2026-10-10T15:33:05-04:00,Batter damage by pitch type.
691858,jared serna,R,CH,Changeup,2,4,2,0,0,0,0,0,0,86.3,78.4,12.5,0.0,0.0,0.0,0.0,0.0,0.0,0.0,2026-10-10,2026-10-10T15:33:05-04:00,Batter damage by pitch type.
691858,jared serna,R,CU,Curveball,0,0,0,0,0,0,0,0,0,,,,,,,,,,,2026-10-10,2026-10-10T15:33:05-04:00,Batter damage by pitch type.
691858,jared serna,R,FC,Cutter,2,2,1,0,0,0,0,1,0,98.9,90.9,9.5,0.0,0.0,0.0,0.0,0.0,0.5,0.0,2026-10-10,2026-10-10T15:33:05-04:00,Batter damage by pitch type.
691858,jared serna,R,FF,4-Seam Fastball,10,13,11,0,0,1,0,2,8,95.9,80.35,30.0,0.0,0.0,0.0,0.1,0.0,0.1538,0.6154,2026-10-10,2026-10-10T15:33:05-04:00,Batter damage by pitch type.
691858,jared serna,R,FS,Split-Finger,1,2,0,0,0,0,0,0,0,66.3,51.15,-48.5,0.0,0.0,0.0,0.0,0.0,0.0,0.0,2026-10-10,2026-10-10T15:33:05-04:00,Batter damage by pitch type.
691858,jared serna,R,SI,Sinker,5,5,4,0,0,0,0,2,1,98.4,81.92,30.8,0.0,0.0,0.0,0.0,0.0,0.4,0.2,2026-10-10,2026-10-10T15:33:05-04:00,Batter damage by pitch type.
691858,jared serna,R,SL,Slider,1,0,0,0,0,0,0,0,0,,,,0.0,0.0,,0.0,0.0,,,2026-10-10,2026-10-10T15:33:05-04:00,Batter damage by pitch type.
691858,jared serna,R,ST,Sweeper,1,0,0,0,0,0,0,0,0,,,,0.0,0.0,,0.0,0.0,,,2026-10-10,2026-10-10T15:33:05-04:00,Batter damage by pitch type.
693304,nick gonzales,R,CH,Changeup,4,7,4,0,0,1,0,0,3,99.6,82.64,9.43,0.0,0.0,0.0,0.25,0.0,0.0,0.4286,2026-10-10,2026-10-10T15:33:05-04:00,Batter damage by pitch type.
693304,nick gonzales,R,CU,Curveball,2,2,1,0,0,0,0,0,1,73.9,71.45,1.5,0.0,0.0,0.0,0.0,0.0,0.0,0.5,2026-10-10,2026-10-10T15:33:05-04:00,Batter damage by pitch type.
693304,nick gonzales,R,FC,Cutter,7,8,5,0,1,1,0,0,3,97.5,86.81,19.75,0.0,0.1429,0.125,0.1429,0.0,0.0,0.375,2026-10-10,2026-10-10T15:33:05-04:00,Batter damage by pitch type.
693304,nick gonzales,R,FF,4-Seam Fastball,16,23,16,0,0,4,0,1,7,99.8,81.98,20.04,0.0,0.0,0.0,0.25,0.0,0.0435,0.3043,2026-10-10,2026-10-10T15:33:05-04:00,Batter damage by pitch type.
693304,nick gonzales,R,FS,Split-Finger,1,3,0,0,0,0,0,0,0,99.3,76.87,-30.67,0.0,0.0,0.0,0.0,0.0,0.0,0.0,2026-10-10,2026-10-10T15:33:05-04:00,Batter damage by pitch type.
693304,nick gonzales,R,KC,Knuckle Curve,0,0,0,0,0,0,0,0,0,,,,,,,,,,,2026-10-10,2026-10-10T15:33:05-04:00,Batter damage by pitch type.
693304,nick gonzales,R,SI,Sinker,9,14,7,0,0,2,1,0,5,102.7,86.91,8.86,0.0,0.0,0.0,0.2222,0.1111,0.0,0.3571,2026-10-10,2026-10-10T15:33:05-04:00,Batter damage by pitch type.
693304,nick gonzales,R,SL,Slider,6,4,1,0,1,1,1,1,1,103.4,92.4,11.5,0.0,0.1667,0.25,0.1667,0.1667,0.25,0.25,2026-10-10,2026-10-10T15:33:05-04:00,Batter damage by pitch type.
693304,nick gonzales,R,ST,Sweeper,3,2,1,0,0,0,0,0,0,92.1,76.05,17.0,0.0,0.0,0.0,0.0,0.0,0.0,0.0,2026-10-10,2026-10-10T15:33:05-04:00,Batter damage by pitch type.
693306,aaron sabato,R,CH,Changeup,1,2,0,0,0,0,0,0,0,97.0,78.95,-27.5,0.0,0.0,0.0,0.0,0.0,0.0,0.0,2026-10-10,2026-10-10T15:33:05-04:00,Batter damage by pitch type.
693306,aaron sabato,R,CU,Curveball,1,1,0,0,0,0,0,0,0,84.1,84.1,-8.0,0.0,0.0,0.0,0.0,0.0,0.0,0.0,2026-10-10,2026-10-10T15:33:05-04:00,Batter damage by pitch type.
693306,aaron sabato,R,FF,4-Seam Fastball,2,3,3,0,0,1,0,0,1,95.6,81.6,40.67,0.0,0.0,0.0,0.5,0.0,0.0,0.3333,2026-10-10,2026-10-10T15:33:05-04:00,Batter damage by pitch type.
693306,aaron sabato,R,SI,Sinker,0,2,2,0,0,0,0,0,0,78.6,78.35,46.0,,,0.0,,,0.0,0.0,2026-10-10,2026-10-10T15:33:05-04:00,Batter damage by pitch type.
693306,aaron sabato,R,SL,Slider,1,1,1,0,0,0,0,0,0,78.8,78.8,39.0,0.0,0.0,0.0,0.0,0.0,0.0,0.0,2026-10-10,2026-10-10T15:33:05-04:00,Batter damage by pitch type.
693306,aaron sabato,R,ST,Sweeper,1,1,0,0,0,0,0,0,0,71.0,71.0,-37.0,0.0,0.0,0.0,0.0,0.0,0.0,0.0,2026-10-10,2026-10-10T15:33:05-04:00,Batter damage by pitch type.
693307,dillon dingler,R,CH,Changeup,5,4,2,0,0,1,0,1,1,108.9,97.9,-1.25,0.0,0.0,0.0,0.2,0.0,0.25,0.25,2026-10-10,2026-10-10T15:33:05-04:00,Batter damage by pitch type.
693307,dillon dingler,R,CU,Curveball,3,3,0,0,0,0,0,0,0,100.0,90.0,-4.0,0.0,0.0,0.0,0.0,0.0,0.0,0.0,2026-10-10,2026-10-10T15:33:05-04:00,Batter damage by pitch type.
693307,dillon dingler,R,FC,Cutter,1,0,0,0,0,0,0,0,0,,,,0.0,0.0,,0.0,0.0,,,2026-10-10,2026-10-10T15:33:05-04:00,Batter damage by pitch type.
693307,dillon dingler,R,FF,4-Seam Fastball,14,23,19,1,3,7,4,3,6,112.9,88.69,34.65,0.0714,0.2143,0.1304,0.5,0.2857,0.1304,0.2609,2026-10-10,2026-10-10T15:33:05-04:00,Batter damage by pitch type.
693307,dillon dingler,R,FS,Split-Finger,3,1,0,0,0,0,0,0,0,71.3,71.3,-37.0,0.0,0.0,0.0,0.0,0.0,0.0,0.0,2026-10-10,2026-10-10T15:33:05-04:00,Batter damage by pitch type.
693307,dillon dingler,R,KC,Knuckle Curve,3,2,1,0,0,0,0,1,1,98.6,88.35,13.0,0.0,0.0,0.0,0.0,0.0,0.5,0.5,2026-10-10,2026-10-10T15:33:05-04:00,Batter damage by pitch type.
693307,dillon dingler,R,SI,Sinker,8,16,5,0,0,1,0,2,5,104.1,86.94,2.62,0.0,0.0,0.0,0.125,0.0,0.125,0.3125,2026-10-10,2026-10-10T15:33:05-04:00,Batter damage by pitch type.
693307,dillon dingler,R,SL,Slider,5,6,5,0,1,1,0,2,3,99.9,86.13,35.0,0.0,0.2,0.1667,0.2,0.0,0.3333,0.5,2026-10-10,2026-10-10T15:33:05-04:00,Batter damage by pitch type.
693307,dillon dingler,R,ST,Sweeper,2,6,3,0,0,2,0,1,2,108.6,90.52,4.67,0.0,0.0,0.0,1.0,0.0,0.1667,0.3333,2026-10-10,2026-10-10T15:33:05-04:00,Batter damage by pitch type.
693409,césar prieto,L,CU,Curveball,1,1,0,0,0,0,0,0,0,83.7,83.7,-30.0,0.0,0.0,0.0,0.0,0.0,0.0,0.0,2026-10-10,2026-10-10T15:33:05-04:00,Batter damage by pitch type.
693409,césar prieto,L,FC,Cutter,0,1,0,0,0,0,0,0,0,71.7,71.7,-29.0,,,0.0,,,0.0,0.0,2026-10-10,2026-10-10T15:33:05-04:00,Batter damage by pitch type.
693409,césar prieto,L,FF,4-Seam Fastball,2,4,3,0,0,1,0,0,3,102.4,89.95,23.25,0.0,0.0,0.0,0.5,0.0,0.0,0.75,2026-10-10,2026-10-10T15:33:05-04:00,Batter damage by pitch type.
693409,césar prieto,L,SI,Sinker,2,1,0,0,0,0,0,0,0,94.1,94.1,-20.0,0.0,0.0,0.0,0.0,0.0,0.0,0.0,2026-10-10,2026-10-10T15:33:05-04:00,Batter damage by pitch type.
693409,césar prieto,L,SL,Slider,0,0,0,0,0,0,0,0,0,,,,,,,,,,,2026-10-10,2026-10-10T15:33:05-04:00,Batter damage by pitch type.
693409,césar prieto,L,SV,Slurve,1,1,1,0,0,1,0,1,1,96.3,96.3,27.0,0.0,0.0,0.0,1.0,0.0,1.0,1.0,2026-10-10,2026-10-10T15:33:05-04:00,Batter damage by pitch type.
694192,jackson chourio,R,CH,Changeup,10,10,5,1,1,2,1,3,4,107.5,86.16,0.6,0.1,0.1,0.1,0.2,0.1,0.3,0.4,2026-10-10,2026-10-10T15:33:05-04:00,Batter damage by pitch type.
694192,jackson chourio,R,CU,Curveball,6,6,3,0,0,1,0,2,2,105.5,85.12,14.5,0.0,0.0,0.0,0.1667,0.0,0.3333,0.3333,2026-10-10,2026-10-10T15:33:05-04:00,Batter damage by pitch type.
694192,jackson chourio,R,EP,Eephus,1,1,1,0,0,1,0,1,1,102.4,102.4,10.0,0.0,0.0,0.0,1.0,0.0,1.0,1.0,2026-10-10,2026-10-10T15:33:05-04:00,Batter damage by pitch type.
694192,jackson chourio,R,FC,Cutter,5,7,2,0,0,2,0,0,2,102.9,79.51,-13.43,0.0,0.0,0.0,0.4,0.0,0.0,0.2857,2026-10-10,2026-10-10T15:33:05-04:00,Batter damage by pitch type.
694192,jackson chourio,R,FF,4-Seam Fastball,18,29,24,1,3,8,3,2,13,109.5,88.06,24.86,0.0556,0.1667,0.1034,0.4444,0.1667,0.069,0.4483,2026-10-10,2026-10-10T15:33:05-04:00,Batter damage by pitch type.
694192,jackson chourio,R,FS,Split-Finger,1,0,0,0,0,0,0,0,0,,,,0.0,0.0,,0.0,0.0,,,2026-10-10,2026-10-10T15:33:05-04:00,Batter damage by pitch type.
694192,jackson chourio,R,KC,Knuckle Curve,1,1,1,0,0,0,0,1,1,94.3,94.3,15.0,0.0,0.0,0.0,0.0,0.0,1.0,1.0,2026-10-10,2026-10-10T15:33:05-04:00,Batter damage by pitch type.
694192,jackson chourio,R,SI,Sinker,20,19,11,0,0,3,1,1,6,109.6,87.16,14.89,0.0,0.0,0.0,0.15,0.05,0.0526,0.3158,2026-10-10,2026-10-10T15:33:05-04:00,Batter damage by pitch type.
694192,jackson chourio,R,SL,Slider,14,12,8,1,2,3,1,5,6,113.3,88.82,8.25,0.0714,0.1429,0.1667,0.2143,0.0714,0.4167,0.5,2026-10-10,2026-10-10T15:33:05-04:00,Batter damage by pitch type.
694192,jackson chourio,R,ST,Sweeper,7,10,5,0,0,0,0,1,2,93.2,79.42,13.1,0.0,0.0,0.0,0.0,0.0,0.1,0.2,2026-10-10,2026-10-10T15:33:05-04:00,Batter damage by pitch type.
694192,jackson chourio,R,SV,Slurve,0,0,0,0,0,0,0,0,0,,,,,,,,,,,2026-10-10,2026-10-10T15:33:05-04:00,Batter damage by pitch type.
694197,angel genao,L,CH,Changeup,2,2,0,0,0,0,0,0,0,95.5,85.8,-30.5,0.0,0.0,0.0,0.0,0.0,0.0,0.0,2026-10-10,2026-10-10T15:33:05-04:00,Batter damage by pitch type.
694197,angel genao,L,CU,Curveball,0,1,1,0,0,0,0,0,1,75.2,75.2,23.0,,,0.0,,,0.0,1.0,2026-10-10,2026-10-10T15:33:05-04:00,Batter damage by pitch type.
694197,angel genao,L,FC,Cutter,4,4,1,0,0,0,0,0,0,105.6,87.55,10.25,0.0,0.0,0.0,0.0,0.0,0.0,0.0,2026-10-10,2026-10-10T15:33:05-04:00,Batter damage by pitch type.
694197,angel genao,L,FF,4-Seam Fastball,6,8,6,0,0,0,0,0,1,106.1,79.01,26.62,0.0,0.0,0.0,0.0,0.0,0.0,0.125,2026-10-10,2026-10-10T15:33:05-04:00,Batter damage by pitch type.
694197,angel genao,L,FS,Split-Finger,2,1,1,0,0,0,0,1,1,71.1,71.1,8.0,0.0,0.0,0.0,0.0,0.0,1.0,1.0,2026-10-10,2026-10-10T15:33:05-04:00,Batter damage by pitch type.
694197,angel genao,L,KC,Knuckle Curve,0,0,0,0,0,0,0,0,0,,,,,,,,,,,2026-10-10,2026-10-10T15:33:05-04:00,Batter damage by pitch type.
694197,angel genao,L,SI,Sinker,4,3,0,0,0,0,0,0,0,104.2,83.87,-30.0,0.0,0.0,0.0,0.0,0.0,0.0,0.0,2026-10-10,2026-10-10T15:33:05-04:00,Batter damage by pitch type.
694197,angel genao,L,SL,Slider,0,1,1,0,0,0,0,0,1,72.1,72.1,19.0,,,0.0,,,0.0,1.0,2026-10-10,2026-10-10T15:33:05-04:00,Batter damage by pitch type.
694197,angel genao,L,ST,Sweeper,0,0,0,0,0,0,0,0,0,,,,,,,,,,,2026-10-10,2026-10-10T15:33:05-04:00,Batter damage by pitch type.
694197,angel genao,R,CH,Changeup,1,1,1,0,0,0,0,0,1,87.9,87.9,22.0,0.0,0.0,0.0,0.0,0.0,0.0,1.0,2026-10-10,2026-10-10T15:33:05-04:00,Batter damage by pitch type.
694197,angel genao,R,FC,Cutter,1,0,0,0,0,0,0,0,0,,,,0.0,0.0,,0.0,0.0,,,2026-10-10,2026-10-10T15:33:05-04:00,Batter damage by pitch type.
694197,angel genao,R,FF,4-Seam Fastball,2,2,2,0,1,1,1,0,1,100.5,85.55,37.0,0.0,0.5,0.5,0.5,0.5,0.0,0.5,2026-10-10,2026-10-10T15:33:05-04:00,Batter damage by pitch type.
694197,angel genao,R,FS,Split-Finger,1,0,0,0,0,0,0,0,0,,,,0.0,0.0,,0.0,0.0,,,2026-10-10,2026-10-10T15:33:05-04:00,Batter damage by pitch type.
694197,angel genao,R,KC,Knuckle Curve,1,1,0,0,0,0,0,0,0,98.4,98.4,-24.0,0.0,0.0,0.0,0.0,0.0,0.0,0.0,2026-10-10,2026-10-10T15:33:05-04:00,Batter damage by pitch type.
694197,angel genao,R,SI,Sinker,2,3,3,0,0,1,0,1,1,107.1,92.63,36.67,0.0,0.0,0.0,0.5,0.0,0.3333,0.3333,2026-10-10,2026-10-10T15:33:05-04:00,Batter damage by pitch type.
694197,angel genao,R,SL,Slider,0,0,0,0,0,0,0,0,0,,,,,,,,,,,2026-10-10,2026-10-10T15:33:05-04:00,Batter damage by pitch type.
694197,angel genao,R,ST,Sweeper,1,0,0,0,0,0,0,0,0,,,,0.0,0.0,,0.0,0.0,,,2026-10-10,2026-10-10T15:33:05-04:00,Batter damage by pitch type.
694203,denzer guzman,R,CH,Changeup,6,13,7,0,0,2,0,1,5,96.7,73.5,1.08,0.0,0.0,0.0,0.3333,0.0,0.0769,0.3846,2026-10-10,2026-10-10T15:33:05-04:00,Batter damage by pitch type.
694203,denzer guzman,R,CU,Curveball,3,7,1,0,0,0,0,0,1,103.0,79.96,-18.14,0.0,0.0,0.0,0.0,0.0,0.0,0.1429,2026-10-10,2026-10-10T15:33:05-04:00,Batter damage by pitch type.
694203,denzer guzman,R,FC,Cutter,4,5,3,0,0,1,0,1,2,105.5,91.44,15.4,0.0,0.0,0.0,0.25,0.0,0.2,0.4,2026-10-10,2026-10-10T15:33:05-04:00,Batter damage by pitch type.
694203,denzer guzman,R,FF,4-Seam Fastball,21,35,28,1,0,3,0,3,12,108.1,78.74,30.03,0.0476,0.0,0.0,0.1429,0.0,0.0857,0.3429,2026-10-10,2026-10-10T15:33:05-04:00,Batter damage by pitch type.
694203,denzer guzman,R,FS,Split-Finger,1,1,0,0,0,0,0,0,0,97.1,97.1,-28.0,0.0,0.0,0.0,0.0,0.0,0.0,0.0,2026-10-10,2026-10-10T15:33:05-04:00,Batter damage by pitch type.
694203,denzer guzman,R,KC,Knuckle Curve,0,1,1,0,0,1,1,0,1,103.2,103.2,31.0,,,0.0,,,0.0,1.0,2026-10-10,2026-10-10T15:33:05-04:00,Batter damage by pitch type.
694203,denzer guzman,R,SI,Sinker,14,14,7,0,0,1,0,1,5,105.3,85.06,3.71,0.0,0.0,0.0,0.0714,0.0,0.0714,0.3571,2026-10-10,2026-10-10T15:33:05-04:00,Batter damage by pitch type.
694203,denzer guzman,R,SL,Slider,8,11,8,0,0,2,0,2,1,102.0,70.05,25.82,0.0,0.0,0.0,0.25,0.0,0.1818,0.0909,2026-10-10,2026-10-10T15:33:05-04:00,Batter damage by pitch type.
694203,denzer guzman,R,ST,Sweeper,6,12,5,0,0,1,0,1,3,105.4,68.09,-1.17,0.0,0.0,0.0,0.1667,0.0,0.0833,0.25,2026-10-10,2026-10-10T15:33:05-04:00,Batter damage by pitch type.
694208,moisés ballesteros,L,CH,Changeup,5,3,1,0,0,0,0,0,0,93.0,83.2,17.67,0.0,0.0,0.0,0.0,0.0,0.0,0.0,2026-10-10,2026-10-10T15:33:05-04:00,Batter damage by pitch type.
694208,moisés ballesteros,L,CU,Curveball,4,2,1,1,1,1,1,0,1,104.8,88.15,7.5,0.25,0.25,0.5,0.25,0.25,0.0,0.5,2026-10-10,2026-10-10T15:33:05-04:00,Batter damage by pitch type.
694208,moisés ballesteros,L,FC,Cutter,1,3,0,0,0,0,0,0,0,84.0,71.23,-40.0,0.0,0.0,0.0,0.0,0.0,0.0,0.0,2026-10-10,2026-10-10T15:33:05-04:00,Batter damage by pitch type.
694208,moisés ballesteros,L,FF,4-Seam Fastball,20,31,29,0,1,8,0,1,12,109.5,84.81,36.61,0.0,0.05,0.0323,0.4,0.0,0.0323,0.3871,2026-10-10,2026-10-10T15:33:05-04:00,Batter damage by pitch type.
694208,moisés ballesteros,L,FS,Split-Finger,8,9,4,0,0,0,0,1,1,96.6,77.91,13.33,0.0,0.0,0.0,0.0,0.0,0.1111,0.1111,2026-10-10,2026-10-10T15:33:05-04:00,Batter damage by pitch type.
694208,moisés ballesteros,L,KC,Knuckle Curve,3,2,1,0,0,1,0,0,1,103.8,83.7,5.5,0.0,0.0,0.0,0.3333,0.0,0.0,0.5,2026-10-10,2026-10-10T15:33:05-04:00,Batter damage by pitch type.
694208,moisés ballesteros,L,SI,Sinker,4,8,5,0,0,1,0,1,3,96.8,71.97,1.62,0.0,0.0,0.0,0.25,0.0,0.125,0.375,2026-10-10,2026-10-10T15:33:05-04:00,Batter damage by pitch type.
694208,moisés ballesteros,L,SL,Slider,5,6,5,0,0,0,0,2,2,93.8,77.12,28.5,0.0,0.0,0.0,0.0,0.0,0.3333,0.3333,2026-10-10,2026-10-10T15:33:05-04:00,Batter damage by pitch type.
694208,moisés ballesteros,L,ST,Sweeper,3,3,3,0,0,0,0,0,1,85.9,73.1,38.0,0.0,0.0,0.0,0.0,0.0,0.0,0.3333,2026-10-10,2026-10-10T15:33:05-04:00,Batter damage by pitch type.
694212,samuel basallo,L,CH,Changeup,0,0,0,0,0,0,0,0,0,,,,,,,,,,,2026-10-10,2026-10-10T15:33:05-04:00,Batter damage by pitch type.
694212,samuel basallo,L,CU,Curveball,3,3,2,0,0,2,0,2,1,105.0,90.9,13.33,0.0,0.0,0.0,0.6667,0.0,0.6667,0.3333,2026-10-10,2026-10-10T15:33:05-04:00,Batter damage by pitch type.
694212,samuel basallo,L,FC,Cutter,4,7,4,0,0,1,0,1,2,98.5,84.44,19.43,0.0,0.0,0.0,0.25,0.0,0.1429,0.2857,2026-10-10,2026-10-10T15:33:05-04:00,Batter damage by pitch type.
694212,samuel basallo,L,FF,4-Seam Fastball,9,7,3,0,0,2,0,2,2,104.9,86.6,8.14,0.0,0.0,0.0,0.2222,0.0,0.2857,0.2857,2026-10-10,2026-10-10T15:33:05-04:00,Batter damage by pitch type.
694212,samuel basallo,L,FO,Forkball,1,0,0,0,0,0,0,0,0,,,,0.0,0.0,,0.0,0.0,,,2026-10-10,2026-10-10T15:33:05-04:00,Batter damage by pitch type.
694212,samuel basallo,L,FS,Split-Finger,2,3,2,1,1,1,1,1,1,107.8,95.03,30.33,0.5,0.5,0.3333,0.5,0.5,0.3333,0.3333,2026-10-10,2026-10-10T15:33:05-04:00,Batter damage by pitch type.
694212,samuel basallo,L,KC,Knuckle Curve,1,1,1,0,0,0,0,0,1,71.6,71.6,30.0,0.0,0.0,0.0,0.0,0.0,0.0,1.0,2026-10-10,2026-10-10T15:33:05-04:00,Batter damage by pitch type.
694212,samuel basallo,L,SI,Sinker,4,3,2,0,0,1,0,2,1,108.6,88.1,15.33,0.0,0.0,0.0,0.25,0.0,0.6667,0.3333,2026-10-10,2026-10-10T15:33:05-04:00,Batter damage by pitch type.
694212,samuel basallo,L,SL,Slider,0,2,1,0,0,0,0,0,0,87.9,87.3,14.0,,,0.0,,,0.0,0.0,2026-10-10,2026-10-10T15:33:05-04:00,Batter damage by pitch type.
694212,samuel basallo,L,ST,Sweeper,4,8,5,0,0,0,0,1,2,91.6,74.14,13.12,0.0,0.0,0.0,0.0,0.0,0.125,0.25,2026-10-10,2026-10-10T15:33:05-04:00,Batter damage by pitch type.
694249,cole carrigg,L,CH,Changeup,4,7,4,0,0,0,0,2,2,92.1,67.53,-0.57,0.0,0.0,0.0,0.0,0.0,0.2857,0.2857,2026-10-10,2026-10-10T15:33:05-04:00,Batter damage by pitch type.
694249,cole carrigg,L,CU,Curveball,3,2,1,0,0,0,0,1,1,85.0,79.5,-1.0,0.0,0.0,0.0,0.0,0.0,0.5,0.5,2026-10-10,2026-10-10T15:33:05-04:00,Batter damage by pitch type.
694249,cole carrigg,L,FC,Cutter,6,11,9,1,0,5,1,4,5,103.6,89.67,25.45,0.1667,0.0,0.0,0.8333,0.1667,0.3636,0.4545,2026-10-10,2026-10-10T15:33:05-04:00,Batter damage by pitch type.
694249,cole carrigg,L,FF,4-Seam Fastball,16,24,14,3,2,8,2,5,6,105.5,89.45,18.25,0.1875,0.125,0.0833,0.5,0.125,0.2083,0.25,2026-10-10,2026-10-10T15:33:05-04:00,Batter damage by pitch type.
694249,cole carrigg,L,FS,Split-Finger,2,3,2,0,0,0,0,2,1,89.4,73.97,5.0,0.0,0.0,0.0,0.0,0.0,0.6667,0.3333,2026-10-10,2026-10-10T15:33:05-04:00,Batter damage by pitch type.
694249,cole carrigg,L,KC,Knuckle Curve,0,0,0,0,0,0,0,0,0,,,,,,,,,,,2026-10-10,2026-10-10T15:33:05-04:00,Batter damage by pitch type.
694249,cole carrigg,L,SI,Sinker,3,6,3,0,0,0,0,1,1,100.9,79.93,17.0,0.0,0.0,0.0,0.0,0.0,0.1667,0.1667,2026-10-10,2026-10-10T15:33:05-04:00,Batter damage by pitch type.
694249,cole carrigg,L,SL,Slider,6,7,5,1,1,2,1,3,3,105.7,76.3,13.57,0.1667,0.1667,0.1429,0.3333,0.1667,0.4286,0.4286,2026-10-10,2026-10-10T15:33:05-04:00,Batter damage by pitch type.
694249,cole carrigg,L,ST,Sweeper,1,2,1,0,0,1,0,1,1,101.8,93.7,3.5,0.0,0.0,0.0,1.0,0.0,0.5,0.5,2026-10-10,2026-10-10T15:33:05-04:00,Batter damage by pitch type.
694249,cole carrigg,L,SV,Slurve,3,1,0,0,0,0,0,0,0,103.1,103.1,-17.0,0.0,0.0,0.0,0.0,0.0,0.0,0.0,2026-10-10,2026-10-10T15:33:05-04:00,Batter damage by pitch type.
694249,cole carrigg,R,CH,Changeup,5,5,1,0,0,0,0,1,1,102.0,84.34,-1.4,0.0,0.0,0.0,0.0,0.0,0.2,0.2,2026-10-10,2026-10-10T15:33:05-04:00,Batter damage by pitch type.
694249,cole carrigg,R,CU,Curveball,2,4,1,0,0,0,0,0,0,110.3,78.88,1.75,0.0,0.0,0.0,0.0,0.0,0.0,0.0,2026-10-10,2026-10-10T15:33:05-04:00,Batter damage by pitch type.
694249,cole carrigg,R,FC,Cutter,2,8,3,0,1,1,1,1,1,104.3,78.41,-2.25,0.0,0.5,0.125,0.5,0.5,0.125,0.125,2026-10-10,2026-10-10T15:33:05-04:00,Batter damage by pitch type.
694249,cole carrigg,R,FF,4-Seam Fastball,11,20,16,0,1,2,1,4,8,102.9,82.08,28.85,0.0,0.0909,0.05,0.1818,0.0909,0.2,0.4,2026-10-10,2026-10-10T15:33:05-04:00,Batter damage by pitch type.
694249,cole carrigg,R,KC,Knuckle Curve,1,1,0,0,0,0,0,0,0,67.2,67.2,-27.0,0.0,0.0,0.0,0.0,0.0,0.0,0.0,2026-10-10,2026-10-10T15:33:05-04:00,Batter damage by pitch type.
694249,cole carrigg,R,SI,Sinker,3,9,8,0,0,2,0,1,2,108.4,83.84,29.44,0.0,0.0,0.0,0.6667,0.0,0.1111,0.2222,2026-10-10,2026-10-10T15:33:05-04:00,Batter damage by pitch type.
694249,cole carrigg,R,SL,Slider,1,5,5,0,0,0,0,1,3,94.6,88.58,40.2,0.0,0.0,0.0,0.0,0.0,0.2,0.6,2026-10-10,2026-10-10T15:33:05-04:00,Batter damage by pitch type.
694249,cole carrigg,R,ST,Sweeper,1,0,0,0,0,0,0,0,0,,,,0.0,0.0,,0.0,0.0,,,2026-10-10,2026-10-10T15:33:05-04:00,Batter damage by pitch type.
694249,cole carrigg,R,SV,Slurve,1,0,0,0,0,0,0,0,0,,,,0.0,0.0,,0.0,0.0,,,2026-10-10,2026-10-10T15:33:05-04:00,Batter damage by pitch type.
694371,tommy troy,R,CH,Changeup,0,1,0,0,0,0,0,0,0,69.4,69.4,-17.0,,,0.0,,,0.0,0.0,2026-10-10,2026-10-10T15:33:05-04:00,Batter damage by pitch type.
694371,tommy troy,R,CU,Curveball,0,0,0,0,0,0,0,0,0,,,,,,,,,,,2026-10-10,2026-10-10T15:33:05-04:00,Batter damage by pitch type.
694371,tommy troy,R,FC,Cutter,1,1,1,0,0,0,0,1,0,82.5,82.5,64.0,0.0,0.0,0.0,0.0,0.0,1.0,0.0,2026-10-10,2026-10-10T15:33:05-04:00,Batter damage by pitch type.
694371,tommy troy,R,FF,4-Seam Fastball,1,0,0,0,0,0,0,0,0,,,,0.0,0.0,,0.0,0.0,,,2026-10-10,2026-10-10T15:33:05-04:00,Batter damage by pitch type.
694371,tommy troy,R,SI,Sinker,1,1,0,0,0,0,0,0,0,99.4,99.4,-12.0,0.0,0.0,0.0,0.0,0.0,0.0,0.0,2026-10-10,2026-10-10T15:33:05-04:00,Batter damage by pitch type.
694374,tim tawa,R,CH,Changeup,3,6,4,0,1,1,1,1,3,102.1,76.17,9.0,0.0,0.3333,0.1667,0.3333,0.3333,0.1667,0.5,2026-10-10,2026-10-10T15:33:05-04:00,Batter damage by pitch type.
694374,tim tawa,R,CU,Curveball,2,0,0,0,0,0,0,0,0,,,,0.0,0.0,,0.0,0.0,,,2026-10-10,2026-10-10T15:33:05-04:00,Batter damage by pitch type.
694374,tim tawa,R,FC,Cutter,4,7,6,0,1,1,1,1,2,107.9,80.6,34.86,0.0,0.25,0.1429,0.25,0.25,0.1429,0.2857,2026-10-10,2026-10-10T15:33:05-04:00,Batter damage by pitch type.
694374,tim tawa,R,FF,4-Seam Fastball,22,33,24,1,2,6,2,9,12,110.9,82.12,26.18,0.0455,0.0909,0.0606,0.2727,0.0909,0.2727,0.3636,2026-10-10,2026-10-10T15:33:05-04:00,Batter damage by pitch type.
694374,tim tawa,R,FS,Split-Finger,1,2,0,0,0,0,0,0,0,101.4,90.65,-21.5,0.0,0.0,0.0,0.0,0.0,0.0,0.0,2026-10-10,2026-10-10T15:33:05-04:00,Batter damage by pitch type.
694374,tim tawa,R,KC,Knuckle Curve,0,0,0,0,0,0,0,0,0,,,,,,,,,,,2026-10-10,2026-10-10T15:33:05-04:00,Batter damage by pitch type.
694374,tim tawa,R,SI,Sinker,5,6,2,0,0,0,0,0,1,93.7,80.42,-14.83,0.0,0.0,0.0,0.0,0.0,0.0,0.1667,2026-10-10,2026-10-10T15:33:05-04:00,Batter damage by pitch type.
694374,tim tawa,R,SL,Slider,6,8,4,0,0,1,0,1,2,100.0,76.45,-2.0,0.0,0.0,0.0,0.1667,0.0,0.125,0.25,2026-10-10,2026-10-10T15:33:05-04:00,Batter damage by pitch type.
694374,tim tawa,R,ST,Sweeper,9,7,3,0,1,1,0,1,1,107.2,83.84,-2.29,0.0,0.1111,0.1429,0.1111,0.0,0.1429,0.1429,2026-10-10,2026-10-10T15:33:05-04:00,Batter damage by pitch type.
694376,shay whitcomb,R,CH,Changeup,8,8,2,0,0,0,0,1,2,92.7,70.85,-21.25,0.0,0.0,0.0,0.0,0.0,0.125,0.25,2026-10-10,2026-10-10T15:33:05-04:00,Batter damage by pitch type.
694376,shay whitcomb,R,CU,Curveball,1,3,1,0,0,0,0,1,1,79.7,75.83,-7.67,0.0,0.0,0.0,0.0,0.0,0.3333,0.3333,2026-10-10,2026-10-10T15:33:05-04:00,Batter damage by pitch type.
694376,shay whitcomb,R,FC,Cutter,1,1,1,0,0,0,0,0,0,72.4,72.4,57.0,0.0,0.0,0.0,0.0,0.0,0.0,0.0,2026-10-10,2026-10-10T15:33:05-04:00,Batter damage by pitch type.
694376,shay whitcomb,R,FF,4-Seam Fastball,18,23,17,0,0,3,0,2,7,105.1,86.65,28.83,0.0,0.0,0.0,0.1667,0.0,0.087,0.3043,2026-10-10,2026-10-10T15:33:05-04:00,Batter damage by pitch type.
694376,shay whitcomb,R,FS,Split-Finger,0,0,0,0,0,0,0,0,0,,,,,,,,,,,2026-10-10,2026-10-10T15:33:05-04:00,Batter damage by pitch type.
694376,shay whitcomb,R,KC,Knuckle Curve,2,1,0,0,0,0,0,0,0,63.7,63.7,-56.0,0.0,0.0,0.0,0.0,0.0,0.0,0.0,2026-10-10,2026-10-10T15:33:05-04:00,Batter damage by pitch type.
694376,shay whitcomb,R,SI,Sinker,8,9,6,0,1,1,0,1,3,105.1,81.24,11.0,0.0,0.125,0.1111,0.125,0.0,0.1111,0.3333,2026-10-10,2026-10-10T15:33:05-04:00,Batter damage by pitch type.
694376,shay whitcomb,R,SL,Slider,3,6,3,0,0,0,0,1,1,103.2,84.75,16.17,0.0,0.0,0.0,0.0,0.0,0.1667,0.1667,2026-10-10,2026-10-10T15:33:05-04:00,Batter damage by pitch type.
694376,shay whitcomb,R,ST,Sweeper,3,4,2,1,1,2,1,1,2,105.8,96.43,1.25,0.3333,0.3333,0.25,0.6667,0.3333,0.25,0.5,2026-10-10,2026-10-10T15:33:05-04:00,Batter damage by pitch type.
694378,jacob gonzalez,L,CH,Changeup,5,4,3,0,0,0,0,0,0,99.0,83.07,38.5,0.0,0.0,0.0,0.0,0.0,0.0,0.0,2026-10-10,2026-10-10T15:33:05-04:00,Batter damage by pitch type.
694378,jacob gonzalez,L,CU,Curveball,1,1,1,1,1,1,1,1,1,104.4,104.4,32.0,1.0,1.0,1.0,1.0,1.0,1.0,1.0,2026-10-10,2026-10-10T15:33:05-04:00,Batter damage by pitch type.
694378,jacob gonzalez,L,FC,Cutter,1,0,0,0,0,0,0,0,0,,,,0.0,0.0,,0.0,0.0,,,2026-10-10,2026-10-10T15:33:05-04:00,Batter damage by pitch type.
694378,jacob gonzalez,L,FF,4-Seam Fastball,5,7,5,0,0,1,0,1,2,100.1,84.87,25.14,0.0,0.0,0.0,0.2,0.0,0.1429,0.2857,2026-10-10,2026-10-10T15:33:05-04:00,Batter damage by pitch type.
694378,jacob gonzalez,L,FS,Split-Finger,0,0,0,0,0,0,0,0,0,,,,,,,,,,,2026-10-10,2026-10-10T15:33:05-04:00,Batter damage by pitch type.
694378,jacob gonzalez,L,KC,Knuckle Curve,0,0,0,0,0,0,0,0,0,,,,,,,,,,,2026-10-10,2026-10-10T15:33:05-04:00,Batter damage by pitch type.
694378,jacob gonzalez,L,SI,Sinker,1,1,1,0,0,0,0,1,1,77.8,77.8,11.0,0.0,0.0,0.0,0.0,0.0,1.0,1.0,2026-10-10,2026-10-10T15:33:05-04:00,Batter damage by pitch type.
694378,jacob gonzalez,L,SL,Slider,0,0,0,0,0,0,0,0,0,,,,,,,,,,,2026-10-10,2026-10-10T15:33:05-04:00,Batter damage by pitch type.
694378,jacob gonzalez,L,ST,Sweeper,1,0,0,0,0,0,0,0,0,,,,0.0,0.0,,0.0,0.0,,,2026-10-10,2026-10-10T15:33:05-04:00,Batter damage by pitch type.
694388,joey loperfido,L,FF,4-Seam Fastball,1,0,0,0,0,0,0,0,0,,,,0.0,0.0,,0.0,0.0,,,2026-10-10,2026-10-10T15:33:05-04:00,Batter damage by pitch type.
694497,evan carter,L,CH,Changeup,6,7,3,0,0,2,0,3,2,105.8,66.73,-12.29,0.0,0.0,0.0,0.3333,0.0,0.4286,0.2857,2026-10-10,2026-10-10T15:33:05-04:00,Batter damage by pitch type.
694497,evan carter,L,CU,Curveball,1,1,0,0,0,0,0,0,0,29.0,29.0,-50.0,0.0,0.0,0.0,0.0,0.0,0.0,0.0,2026-10-10,2026-10-10T15:33:05-04:00,Batter damage by pitch type.
694497,evan carter,L,FC,Cutter,2,3,2,0,0,2,0,1,2,104.4,75.1,1.33,0.0,0.0,0.0,1.0,0.0,0.3333,0.6667,2026-10-10,2026-10-10T15:33:05-04:00,Batter damage by pitch type.
694497,evan carter,L,FF,4-Seam Fastball,11,8,6,0,0,2,1,0,1,102.0,74.8,23.0,0.0,0.0,0.0,0.1818,0.0909,0.0,0.125,2026-10-10,2026-10-10T15:33:05-04:00,Batter damage by pitch type.
694497,evan carter,L,FS,Split-Finger,1,1,0,0,0,0,0,0,0,72.5,72.5,-12.0,0.0,0.0,0.0,0.0,0.0,0.0,0.0,2026-10-10,2026-10-10T15:33:05-04:00,Batter damage by pitch type.
694497,evan carter,L,KC,Knuckle Curve,5,3,2,0,0,0,0,0,2,97.4,79.37,10.0,0.0,0.0,0.0,0.0,0.0,0.0,0.6667,2026-10-10,2026-10-10T15:33:05-04:00,Batter damage by pitch type.
694497,evan carter,L,SI,Sinker,6,8,5,0,0,1,0,1,3,105.6,83.95,15.62,0.0,0.0,0.0,0.1667,0.0,0.125,0.375,2026-10-10,2026-10-10T15:33:05-04:00,Batter damage by pitch type.
694497,evan carter,L,SL,Slider,4,2,1,0,0,0,0,1,1,84.4,83.45,0.0,0.0,0.0,0.0,0.0,0.0,0.5,0.5,2026-10-10,2026-10-10T15:33:05-04:00,Batter damage by pitch type.
694497,evan carter,L,ST,Sweeper,5,4,3,0,0,0,0,1,0,82.5,72.62,30.5,0.0,0.0,0.0,0.0,0.0,0.25,0.0,2026-10-10,2026-10-10T15:33:05-04:00,Batter damage by pitch type.
694671,wyatt langford,R,CH,Changeup,5,8,2,0,0,0,0,1,1,94.7,72.68,-8.62,0.0,0.0,0.0,0.0,0.0,0.125,0.125,2026-10-10,2026-10-10T15:33:05-04:00,Batter damage by pitch type.
694671,wyatt langford,R,CU,Curveball,3,2,1,0,0,0,0,1,0,67.7,67.25,37.5,0.0,0.0,0.0,0.0,0.0,0.5,0.0,2026-10-10,2026-10-10T15:33:05-04:00,Batter damage by pitch type.
694671,wyatt langford,R,FC,Cutter,6,7,6,0,1,2,1,0,2,103.7,89.74,36.71,0.0,0.1667,0.1429,0.3333,0.1667,0.0,0.2857,2026-10-10,2026-10-10T15:33:05-04:00,Batter damage by pitch type.
694671,wyatt langford,R,FF,4-Seam Fastball,27,25,22,1,3,3,3,5,7,106.3,82.08,39.04,0.037,0.1111,0.12,0.1111,0.1111,0.2,0.28,2026-10-10,2026-10-10T15:33:05-04:00,Batter damage by pitch type.
694671,wyatt langford,R,FS,Split-Finger,2,0,0,0,0,0,0,0,0,,,,0.0,0.0,,0.0,0.0,,,2026-10-10,2026-10-10T15:33:05-04:00,Batter damage by pitch type.
694671,wyatt langford,R,KC,Knuckle Curve,1,1,1,0,0,1,1,1,1,102.8,102.8,20.0,0.0,0.0,0.0,1.0,1.0,1.0,1.0,2026-10-10,2026-10-10T15:33:05-04:00,Batter damage by pitch type.
694671,wyatt langford,R,SI,Sinker,9,6,4,0,1,2,1,1,4,104.8,91.4,11.0,0.0,0.1111,0.1667,0.2222,0.1111,0.1667,0.6667,2026-10-10,2026-10-10T15:33:05-04:00,Batter damage by pitch type.
694671,wyatt langford,R,SL,Slider,10,6,3,0,0,0,0,2,1,92.2,82.98,7.5,0.0,0.0,0.0,0.0,0.0,0.3333,0.1667,2026-10-10,2026-10-10T15:33:05-04:00,Batter damage by pitch type.
694671,wyatt langford,R,ST,Sweeper,4,9,4,0,1,1,0,1,2,99.8,83.4,9.22,0.0,0.25,0.1111,0.25,0.0,0.1111,0.2222,2026-10-10,2026-10-10T15:33:05-04:00,Batter damage by pitch type.
694673,abimelec ortiz,L,CH,Changeup,4,10,6,0,0,3,0,2,1,102.5,84.91,18.2,0.0,0.0,0.0,0.75,0.0,0.2,0.1,2026-10-10,2026-10-10T15:33:05-04:00,Batter damage by pitch type.
694673,abimelec ortiz,L,CU,Curveball,4,2,1,0,0,1,0,1,1,95.8,91.45,-2.5,0.0,0.0,0.0,0.25,0.0,0.5,0.5,2026-10-10,2026-10-10T15:33:05-04:00,Batter damage by pitch type.
694673,abimelec ortiz,L,FC,Cutter,2,4,2,0,0,1,0,1,1,102.2,90.47,14.5,0.0,0.0,0.0,0.5,0.0,0.25,0.25,2026-10-10,2026-10-10T15:33:05-04:00,Batter damage by pitch type.
694673,abimelec ortiz,L,FF,4-Seam Fastball,9,11,9,0,0,1,0,2,4,108.0,82.85,37.45,0.0,0.0,0.0,0.1111,0.0,0.1818,0.3636,2026-10-10,2026-10-10T15:33:05-04:00,Batter damage by pitch type.
694673,abimelec ortiz,L,FS,Split-Finger,1,2,1,0,0,0,0,0,1,89.9,86.45,12.5,0.0,0.0,0.0,0.0,0.0,0.0,0.5,2026-10-10,2026-10-10T15:33:05-04:00,Batter damage by pitch type.
694673,abimelec ortiz,L,KC,Knuckle Curve,0,0,0,0,0,0,0,0,0,,,,,,,,,,,2026-10-10,2026-10-10T15:33:05-04:00,Batter damage by pitch type.
694673,abimelec ortiz,L,SI,Sinker,3,5,4,0,0,2,0,1,2,111.1,91.52,28.0,0.0,0.0,0.0,0.6667,0.0,0.2,0.4,2026-10-10,2026-10-10T15:33:05-04:00,Batter damage by pitch type.
694673,abimelec ortiz,L,SL,Slider,0,1,1,0,0,0,0,0,1,67.4,67.4,30.0,,,0.0,,,0.0,1.0,2026-10-10,2026-10-10T15:33:05-04:00,Batter damage by pitch type.
694673,abimelec ortiz,L,ST,Sweeper,0,2,2,0,0,0,0,0,0,64.2,62.95,73.0,,,0.0,,,0.0,0.0,2026-10-10,2026-10-10T15:33:05-04:00,Batter damage by pitch type.
694728,brice matthews,R,CH,Changeup,1,0,0,0,0,0,0,0,0,,,,0.0,0.0,,0.0,0.0,,,2026-10-10,2026-10-10T15:33:05-04:00,Batter damage by pitch type.
694728,brice matthews,R,FC,Cutter,1,0,0,0,0,0,0,0,0,,,,0.0,0.0,,0.0,0.0,,,2026-10-10,2026-10-10T15:33:05-04:00,Batter damage by pitch type.
694728,brice matthews,R,FF,4-Seam Fastball,3,1,1,0,0,0,0,0,1,76.6,76.6,22.0,0.0,0.0,0.0,0.0,0.0,0.0,1.0,2026-10-10,2026-10-10T15:33:05-04:00,Batter damage by pitch type.
694728,brice matthews,R,FS,Split-Finger,0,1,0,0,0,0,0,0,0,38.1,38.1,1.0,,,0.0,,,0.0,0.0,2026-10-10,2026-10-10T15:33:05-04:00,Batter damage by pitch type.
694728,brice matthews,R,SI,Sinker,2,3,1,0,0,0,0,0,0,79.8,67.2,6.0,0.0,0.0,0.0,0.0,0.0,0.0,0.0,2026-10-10,2026-10-10T15:33:05-04:00,Batter damage by pitch type.
695257,billy cook,R,CH,Changeup,1,0,0,0,0,0,0,0,0,,,,0.0,0.0,,0.0,0.0,,,2026-10-10,2026-10-10T15:33:05-04:00,Batter damage by pitch type.
695257,billy cook,R,CU,Curveball,1,1,1,0,0,1,0,1,1,102.4,102.4,17.0,0.0,0.0,0.0,1.0,0.0,1.0,1.0,2026-10-10,2026-10-10T15:33:05-04:00,Batter damage by pitch type.
695257,billy cook,R,FC,Cutter,0,0,0,0,0,0,0,0,0,,,,,,,,,,,2026-10-10,2026-10-10T15:33:05-04:00,Batter damage by pitch type.
695257,billy cook,R,FF,4-Seam Fastball,2,2,2,0,0,2,1,0,1,111.7,104.6,32.0,0.0,0.0,0.0,1.0,0.5,0.0,0.5,2026-10-10,2026-10-10T15:33:05-04:00,Batter damage by pitch type.
695257,billy cook,R,SI,Sinker,1,1,1,0,0,1,0,0,0,97.9,97.9,55.0,0.0,0.0,0.0,1.0,0.0,0.0,0.0,2026-10-10,2026-10-10T15:33:05-04:00,Batter damage by pitch type.
695257,billy cook,R,SL,Slider,1,0,0,0,0,0,0,0,0,,,,0.0,0.0,,0.0,0.0,,,2026-10-10,2026-10-10T15:33:05-04:00,Batter damage by pitch type.
695336,thomas saggese,R,CH,Changeup,2,1,1,0,1,1,1,1,1,101.9,101.9,25.0,0.0,0.5,1.0,0.5,0.5,1.0,1.0,2026-10-10,2026-10-10T15:33:05-04:00,Batter damage by pitch type.
695336,thomas saggese,R,CU,Curveball,5,4,2,0,0,1,0,0,1,100.6,75.45,-10.5,0.0,0.0,0.0,0.2,0.0,0.0,0.25,2026-10-10,2026-10-10T15:33:05-04:00,Batter damage by pitch type.
695336,thomas saggese,R,FC,Cutter,3,4,3,0,0,0,0,0,3,90.4,76.12,0.25,0.0,0.0,0.0,0.0,0.0,0.0,0.75,2026-10-10,2026-10-10T15:33:05-04:00,Batter damage by pitch type.
695336,thomas saggese,R,FF,4-Seam Fastball,17,32,29,0,0,1,1,0,9,100.8,83.69,33.41,0.0,0.0,0.0,0.0588,0.0588,0.0,0.2812,2026-10-10,2026-10-10T15:33:05-04:00,Batter damage by pitch type.
695336,thomas saggese,R,KC,Knuckle Curve,1,0,0,0,0,0,0,0,0,,,,0.0,0.0,,0.0,0.0,,,2026-10-10,2026-10-10T15:33:05-04:00,Batter damage by pitch type.
695336,thomas saggese,R,SI,Sinker,14,19,11,0,1,2,1,0,6,111.0,86.95,9.53,0.0,0.0714,0.0526,0.1429,0.0714,0.0,0.3158,2026-10-10,2026-10-10T15:33:05-04:00,Batter damage by pitch type.
695336,thomas saggese,R,SL,Slider,7,7,6,0,0,2,0,2,3,101.7,86.19,27.0,0.0,0.0,0.0,0.2857,0.0,0.2857,0.4286,2026-10-10,2026-10-10T15:33:05-04:00,Batter damage by pitch type.
695336,thomas saggese,R,ST,Sweeper,6,8,6,0,1,2,0,3,4,106.5,78.94,5.12,0.0,0.1667,0.125,0.3333,0.0,0.375,0.5,2026-10-10,2026-10-10T15:33:05-04:00,Batter damage by pitch type.
695336,thomas saggese,R,SV,Slurve,0,1,1,0,0,0,0,0,0,84.3,84.3,43.0,,,0.0,,,0.0,0.0,2026-10-10,2026-10-10T15:33:05-04:00,Batter damage by pitch type.
695391,brett harris,R,CH,Changeup,4,3,0,0,0,0,0,0,0,89.2,71.53,-14.0,0.0,0.0,0.0,0.0,0.0,0.0,0.0,2026-10-10,2026-10-10T15:33:05-04:00,Batter damage by pitch type.
695391,brett harris,R,CU,Curveball,1,6,2,0,0,2,0,0,2,103.8,69.38,-23.67,0.0,0.0,0.0,2.0,0.0,0.0,0.3333,2026-10-10,2026-10-10T15:33:05-04:00,Batter damage by pitch type.
695391,brett harris,R,FC,Cutter,5,7,5,0,0,1,0,2,4,100.9,81.21,27.57,0.0,0.0,0.0,0.2,0.0,0.2857,0.5714,2026-10-10,2026-10-10T15:33:05-04:00,Batter damage by pitch type.
695391,brett harris,R,FF,4-Seam Fastball,20,16,11,0,0,4,1,3,6,105.4,83.47,18.44,0.0,0.0,0.0,0.2,0.05,0.1875,0.375,2026-10-10,2026-10-10T15:33:05-04:00,Batter damage by pitch type.
695391,brett harris,R,SI,Sinker,2,4,2,0,0,0,0,1,0,83.4,72.05,17.5,0.0,0.0,0.0,0.0,0.0,0.25,0.0,2026-10-10,2026-10-10T15:33:05-04:00,Batter damage by pitch type.
695391,brett harris,R,SL,Slider,7,7,1,0,1,1,1,1,1,103.1,86.59,-23.29,0.0,0.1429,0.1429,0.1429,0.1429,0.1429,0.1429,2026-10-10,2026-10-10T15:33:05-04:00,Batter damage by pitch type.
695391,brett harris,R,ST,Sweeper,1,1,1,0,0,0,0,1,1,90.5,90.5,18.0,0.0,0.0,0.0,0.0,0.0,1.0,1.0,2026-10-10,2026-10-10T15:33:05-04:00,Batter damage by pitch type.
695491,joshua báez,R,CH,Changeup,2,5,3,0,0,1,0,2,2,98.5,84.86,9.4,0.0,0.0,0.0,0.5,0.0,0.4,0.4,2026-10-10,2026-10-10T15:33:05-04:00,Batter damage by pitch type.
695491,joshua báez,R,CU,Curveball,1,1,1,0,0,0,0,1,1,78.9,78.9,11.0,0.0,0.0,0.0,0.0,0.0,1.0,1.0,2026-10-10,2026-10-10T15:33:05-04:00,Batter damage by pitch type.
695491,joshua báez,R,FC,Cutter,2,3,1,0,0,0,0,0,1,101.7,83.67,7.0,0.0,0.0,0.0,0.0,0.0,0.0,0.3333,2026-10-10,2026-10-10T15:33:05-04:00,Batter damage by pitch type.
695491,joshua báez,R,FF,4-Seam Fastball,2,2,2,0,0,0,0,0,1,78.7,78.2,48.0,0.0,0.0,0.0,0.0,0.0,0.0,0.5,2026-10-10,2026-10-10T15:33:05-04:00,Batter damage by pitch type.
695491,joshua báez,R,SI,Sinker,4,2,2,0,0,1,0,2,0,95.9,88.05,47.0,0.0,0.0,0.0,0.25,0.0,1.0,0.0,2026-10-10,2026-10-10T15:33:05-04:00,Batter damage by pitch type.
695491,joshua báez,R,SL,Slider,4,5,4,0,1,2,1,3,2,111.5,91.46,22.6,0.0,0.25,0.2,0.5,0.25,0.6,0.4,2026-10-10,2026-10-10T15:33:05-04:00,Batter damage by pitch type.
695491,joshua báez,R,ST,Sweeper,0,0,0,0,0,0,0,0,0,,,,,,,,,,,2026-10-10,2026-10-10T15:33:05-04:00,Batter damage by pitch type.
695491,joshua báez,R,SV,Slurve,1,1,1,0,0,0,0,1,1,92.4,92.4,31.0,0.0,0.0,0.0,0.0,0.0,1.0,1.0,2026-10-10,2026-10-10T15:33:05-04:00,Batter damage by pitch type.
695506,jac caglianone,L,CH,Changeup,6,9,4,0,0,2,0,2,2,104.2,80.92,-1.44,0.0,0.0,0.0,0.3333,0.0,0.2222,0.2222,2026-10-10,2026-10-10T15:33:05-04:00,Batter damage by pitch type.
695506,jac caglianone,L,CU,Curveball,1,3,2,0,0,0,0,1,2,91.9,72.23,26.0,0.0,0.0,0.0,0.0,0.0,0.3333,0.6667,2026-10-10,2026-10-10T15:33:05-04:00,Batter damage by pitch type.
695506,jac caglianone,L,FC,Cutter,3,8,6,0,0,0,0,1,2,105.3,79.8,26.5,0.0,0.0,0.0,0.0,0.0,0.125,0.25,2026-10-10,2026-10-10T15:33:05-04:00,Batter damage by pitch type.
695506,jac caglianone,L,FF,4-Seam Fastball,14,17,15,0,1,3,1,1,7,108.0,84.44,24.41,0.0,0.0714,0.0588,0.2143,0.0714,0.0588,0.4118,2026-10-10,2026-10-10T15:33:05-04:00,Batter damage by pitch type.
695506,jac caglianone,L,FS,Split-Finger,0,0,0,0,0,0,0,0,0,,,,,,,,,,,2026-10-10,2026-10-10T15:33:05-04:00,Batter damage by pitch type.
695506,jac caglianone,L,KC,Knuckle Curve,1,0,0,0,0,0,0,0,0,,,,0.0,0.0,,0.0,0.0,,,2026-10-10,2026-10-10T15:33:05-04:00,Batter damage by pitch type.
695506,jac caglianone,L,SI,Sinker,8,13,8,0,0,3,0,1,5,114.2,83.31,2.38,0.0,0.0,0.0,0.375,0.0,0.0769,0.3846,2026-10-10,2026-10-10T15:33:05-04:00,Batter damage by pitch type.
695506,jac caglianone,L,SL,Slider,3,3,1,0,0,1,0,1,1,96.1,81.13,-12.67,0.0,0.0,0.0,0.3333,0.0,0.3333,0.3333,2026-10-10,2026-10-10T15:33:05-04:00,Batter damage by pitch type.
695506,jac caglianone,L,ST,Sweeper,6,5,0,0,0,0,0,0,0,103.7,96.28,-7.4,0.0,0.0,0.0,0.0,0.0,0.0,0.0,2026-10-10,2026-10-10T15:33:05-04:00,Batter damage by pitch type.
695506,jac caglianone,L,SV,Slurve,1,0,0,0,0,0,0,0,0,,,,0.0,0.0,,0.0,0.0,,,2026-10-10,2026-10-10T15:33:05-04:00,Batter damage by pitch type.
695578,james wood,L,CH,Changeup,12,11,5,0,0,1,0,1,2,106.6,80.48,1.91,0.0,0.0,0.0,0.0833,0.0,0.0909,0.1818,2026-10-10,2026-10-10T15:33:05-04:00,Batter damage by pitch type.
695578,james wood,L,CU,Curveball,4,3,2,0,0,2,0,0,0,99.6,94.77,28.0,0.0,0.0,0.0,0.5,0.0,0.0,0.0,2026-10-10,2026-10-10T15:33:05-04:00,Batter damage by pitch type.
695578,james wood,L,FC,Cutter,1,2,1,0,0,1,0,0,1,116.2,111.45,-4.5,0.0,0.0,0.0,1.0,0.0,0.0,0.5,2026-10-10,2026-10-10T15:33:05-04:00,Batter damage by pitch type.
695578,james wood,L,FF,4-Seam Fastball,21,22,9,0,0,3,1,1,5,113.0,94.46,8.86,0.0,0.0,0.0,0.1429,0.0476,0.0455,0.2273,2026-10-10,2026-10-10T15:33:05-04:00,Batter damage by pitch type.
695578,james wood,L,KC,Knuckle Curve,1,1,0,0,0,0,0,0,0,65.9,65.9,-30.0,0.0,0.0,0.0,0.0,0.0,0.0,0.0,2026-10-10,2026-10-10T15:33:05-04:00,Batter damage by pitch type.
695578,james wood,L,SI,Sinker,9,8,4,0,0,3,0,1,4,112.9,92.6,-2.25,0.0,0.0,0.0,0.3333,0.0,0.125,0.5,2026-10-10,2026-10-10T15:33:05-04:00,Batter damage by pitch type.
695578,james wood,L,SL,Slider,3,3,2,0,0,0,0,0,2,83.4,73.23,-0.33,0.0,0.0,0.0,0.0,0.0,0.0,0.6667,2026-10-10,2026-10-10T15:33:05-04:00,Batter damage by pitch type.
695578,james wood,L,ST,Sweeper,6,6,2,0,0,1,0,1,1,110.6,75.23,4.33,0.0,0.0,0.0,0.1667,0.0,0.1667,0.1667,2026-10-10,2026-10-10T15:33:05-04:00,Batter damage by pitch type.
695600,carter jensen,L,CH,Changeup,4,6,3,0,1,1,1,0,1,102.6,80.45,19.83,0.0,0.25,0.1667,0.25,0.25,0.0,0.1667,2026-10-10,2026-10-10T15:33:05-04:00,Batter damage by pitch type.
695600,carter jensen,L,CU,Curveball,3,2,2,0,1,1,1,2,2,110.0,101.0,15.0,0.0,0.3333,0.5,0.3333,0.3333,1.0,1.0,2026-10-10,2026-10-10T15:33:05-04:00,Batter damage by pitch type.
695600,carter jensen,L,FC,Cutter,2,6,5,0,1,1,1,1,1,107.9,83.62,35.17,0.0,0.5,0.1667,0.5,0.5,0.1667,0.1667,2026-10-10,2026-10-10T15:33:05-04:00,Batter damage by pitch type.
695600,carter jensen,L,FF,4-Seam Fastball,18,26,26,2,1,3,0,4,2,108.4,83.01,47.15,0.1111,0.0556,0.0385,0.1667,0.0,0.1538,0.0769,2026-10-10,2026-10-10T15:33:05-04:00,Batter damage by pitch type.
695600,carter jensen,L,FS,Split-Finger,0,0,0,0,0,0,0,0,0,,,,,,,,,,,2026-10-10,2026-10-10T15:33:05-04:00,Batter damage by pitch type.
695600,carter jensen,L,KC,Knuckle Curve,3,3,2,1,1,1,1,1,2,108.2,85.67,9.67,0.3333,0.3333,0.3333,0.3333,0.3333,0.3333,0.6667,2026-10-10,2026-10-10T15:33:05-04:00,Batter damage by pitch type.
695600,carter jensen,L,SI,Sinker,12,13,8,0,1,1,1,1,6,108.0,78.98,5.23,0.0,0.0833,0.0769,0.0833,0.0833,0.0769,0.4615,2026-10-10,2026-10-10T15:33:05-04:00,Batter damage by pitch type.
695600,carter jensen,L,SL,Slider,6,8,7,1,1,2,1,4,5,108.4,85.8,29.62,0.1667,0.1667,0.125,0.3333,0.1667,0.5,0.625,2026-10-10,2026-10-10T15:33:05-04:00,Batter damage by pitch type.
695600,carter jensen,L,ST,Sweeper,8,9,5,0,1,2,0,3,1,107.9,87.44,22.11,0.0,0.125,0.1111,0.25,0.0,0.3333,0.1111,2026-10-10,2026-10-10T15:33:05-04:00,Batter damage by pitch type.
695657,colson montgomery,L,CH,Changeup,8,4,2,0,0,0,0,1,2,103.0,91.55,17.75,0.0,0.0,0.0,0.0,0.0,0.25,0.5,2026-10-10,2026-10-10T15:33:05-04:00,Batter damage by pitch type.
695657,colson montgomery,L,CU,Curveball,6,9,3,0,0,0,0,1,3,107.2,84.14,-4.33,0.0,0.0,0.0,0.0,0.0,0.1111,0.3333,2026-10-10,2026-10-10T15:33:05-04:00,Batter damage by pitch type.
695657,colson montgomery,L,FC,Cutter,5,5,2,0,0,0,0,1,1,87.0,76.12,6.2,0.0,0.0,0.0,0.0,0.0,0.2,0.2,2026-10-10,2026-10-10T15:33:05-04:00,Batter damage by pitch type.
695657,colson montgomery,L,FF,4-Seam Fastball,35,44,36,1,2,8,1,4,12,110.7,83.49,35.84,0.0286,0.0571,0.0455,0.2286,0.0286,0.0909,0.2727,2026-10-10,2026-10-10T15:33:05-04:00,Batter damage by pitch type.
695657,colson montgomery,L,FS,Split-Finger,1,0,0,0,0,0,0,0,0,,,,0.0,0.0,,0.0,0.0,,,2026-10-10,2026-10-10T15:33:05-04:00,Batter damage by pitch type.
695657,colson montgomery,L,KC,Knuckle Curve,3,1,0,0,0,0,0,0,0,94.2,94.2,-13.0,0.0,0.0,0.0,0.0,0.0,0.0,0.0,2026-10-10,2026-10-10T15:33:05-04:00,Batter damage by pitch type.
695657,colson montgomery,L,SI,Sinker,10,15,8,0,0,1,0,1,0,109.1,74.57,21.2,0.0,0.0,0.0,0.1,0.0,0.0667,0.0,2026-10-10,2026-10-10T15:33:05-04:00,Batter damage by pitch type.
695657,colson montgomery,L,SL,Slider,9,9,6,0,0,2,0,1,2,105.7,84.69,21.33,0.0,0.0,0.0,0.2222,0.0,0.1111,0.2222,2026-10-10,2026-10-10T15:33:05-04:00,Batter damage by pitch type.
695657,colson montgomery,L,ST,Sweeper,5,7,6,0,0,2,0,1,1,111.8,86.57,35.57,0.0,0.0,0.0,0.4,0.0,0.1429,0.1429,2026-10-10,2026-10-10T15:33:05-04:00,Batter damage by pitch type.
695657,colson montgomery,L,SV,Slurve,0,0,0,0,0,0,0,0,0,,,,,,,,,,,2026-10-10,2026-10-10T15:33:05-04:00,Batter damage by pitch type.
695670,harry ford,R,CH,Changeup,0,2,2,0,0,0,0,0,1,71.1,67.7,39.5,,,0.0,,,0.0,0.5,2026-10-10,2026-10-10T15:33:05-04:00,Batter damage by pitch type.
695670,harry ford,R,CU,Curveball,4,1,0,0,0,0,0,0,1,66.6,66.6,9.0,0.0,0.0,0.0,0.0,0.0,0.0,1.0,2026-10-10,2026-10-10T15:33:05-04:00,Batter damage by pitch type.
695670,harry ford,R,FC,Cutter,0,1,1,0,0,0,0,0,0,50.1,50.1,57.0,,,0.0,,,0.0,0.0,2026-10-10,2026-10-10T15:33:05-04:00,Batter damage by pitch type.
695670,harry ford,R,FF,4-Seam Fastball,9,8,7,0,0,2,0,2,2,107.1,83.24,35.75,0.0,0.0,0.0,0.2222,0.0,0.25,0.25,2026-10-10,2026-10-10T15:33:05-04:00,Batter damage by pitch type.
695670,harry ford,R,SI,Sinker,5,8,4,0,0,2,0,1,3,98.3,81.45,5.0,0.0,0.0,0.0,0.4,0.0,0.125,0.375,2026-10-10,2026-10-10T15:33:05-04:00,Batter damage by pitch type.
695670,harry ford,R,SL,Slider,3,7,1,0,0,1,1,0,1,100.9,85.99,-10.57,0.0,0.0,0.0,0.3333,0.3333,0.0,0.1429,2026-10-10,2026-10-10T15:33:05-04:00,Batter damage by pitch type.
695670,harry ford,R,ST,Sweeper,0,0,0,0,0,0,0,0,0,,,,,,,,,,,2026-10-10,2026-10-10T15:33:05-04:00,Batter damage by pitch type.
695670,harry ford,R,SV,Slurve,0,0,0,0,0,0,0,0,0,,,,,,,,,,,2026-10-10,2026-10-10T15:33:05-04:00,Batter damage by pitch type.
695681,christian moore,R,CH,Changeup,6,6,2,0,0,0,0,0,0,86.5,68.33,-7.17,0.0,0.0,0.0,0.0,0.0,0.0,0.0,2026-10-10,2026-10-10T15:33:05-04:00,Batter damage by pitch type.
695681,christian moore,R,CU,Curveball,5,5,1,0,0,0,0,0,1,98.7,82.14,-16.6,0.0,0.0,0.0,0.0,0.0,0.0,0.2,2026-10-10,2026-10-10T15:33:05-04:00,Batter damage by pitch type.
695681,christian moore,R,FC,Cutter,2,4,2,0,0,1,0,0,1,100.9,77.88,5.0,0.0,0.0,0.0,0.5,0.0,0.0,0.25,2026-10-10,2026-10-10T15:33:05-04:00,Batter damage by pitch type.
695681,christian moore,R,FF,4-Seam Fastball,19,30,25,1,3,4,3,3,11,106.3,82.26,34.2,0.0526,0.1579,0.1,0.2105,0.1579,0.1,0.3667,2026-10-10,2026-10-10T15:33:05-04:00,Batter damage by pitch type.
695681,christian moore,R,KC,Knuckle Curve,0,0,0,0,0,0,0,0,0,,,,,,,,,,,2026-10-10,2026-10-10T15:33:05-04:00,Batter damage by pitch type.
695681,christian moore,R,SI,Sinker,10,12,6,0,0,1,0,0,3,106.6,82.83,10.92,0.0,0.0,0.0,0.1,0.0,0.0,0.25,2026-10-10,2026-10-10T15:33:05-04:00,Batter damage by pitch type.
695681,christian moore,R,SL,Slider,9,5,5,0,1,2,1,2,2,103.9,91.58,35.2,0.0,0.1111,0.2,0.2222,0.1111,0.4,0.4,2026-10-10,2026-10-10T15:33:05-04:00,Batter damage by pitch type.
695681,christian moore,R,ST,Sweeper,5,5,2,0,0,0,0,0,1,101.5,79.4,6.6,0.0,0.0,0.0,0.0,0.0,0.0,0.2,2026-10-10,2026-10-10T15:33:05-04:00,Batter damage by pitch type.
695720,tommy white,R,CH,Changeup,5,6,1,1,0,0,0,1,0,100.6,89.92,-4.83,0.2,0.0,0.0,0.0,0.0,0.1667,0.0,2026-10-10,2026-10-10T15:33:05-04:00,Batter damage by pitch type.
695720,tommy white,R,CU,Curveball,2,6,4,0,0,1,0,0,1,95.1,79.38,19.5,0.0,0.0,0.0,0.5,0.0,0.0,0.1667,2026-10-10,2026-10-10T15:33:05-04:00,Batter damage by pitch type.
695720,tommy white,R,FC,Cutter,2,3,0,0,0,0,0,0,0,88.6,77.0,-14.67,0.0,0.0,0.0,0.0,0.0,0.0,0.0,2026-10-10,2026-10-10T15:33:05-04:00,Batter damage by pitch type.
695720,tommy white,R,FF,4-Seam Fastball,5,10,8,0,0,0,0,0,1,97.3,79.3,35.1,0.0,0.0,0.0,0.0,0.0,0.0,0.1,2026-10-10,2026-10-10T15:33:05-04:00,Batter damage by pitch type.
695720,tommy white,R,FS,Split-Finger,1,1,1,0,0,0,0,0,1,70.7,70.7,18.0,0.0,0.0,0.0,0.0,0.0,0.0,1.0,2026-10-10,2026-10-10T15:33:05-04:00,Batter damage by pitch type.
695720,tommy white,R,KC,Knuckle Curve,1,0,0,0,0,0,0,0,0,,,,0.0,0.0,,0.0,0.0,,,2026-10-10,2026-10-10T15:33:05-04:00,Batter damage by pitch type.
695720,tommy white,R,SI,Sinker,9,17,10,0,0,1,0,0,6,105.5,76.21,10.35,0.0,0.0,0.0,0.1111,0.0,0.0,0.3529,2026-10-10,2026-10-10T15:33:05-04:00,Batter damage by pitch type.
695720,tommy white,R,SL,Slider,5,4,3,0,0,1,0,0,0,107.3,79.88,26.5,0.0,0.0,0.0,0.2,0.0,0.0,0.0,2026-10-10,2026-10-10T15:33:05-04:00,Batter damage by pitch type.
695720,tommy white,R,ST,Sweeper,3,6,3,0,0,0,0,0,1,83.0,68.48,0.17,0.0,0.0,0.0,0.0,0.0,0.0,0.1667,2026-10-10,2026-10-10T15:33:05-04:00,Batter damage by pitch type.
695720,tommy white,R,SV,Slurve,2,1,1,0,1,1,1,0,1,102.1,102.1,28.0,0.0,0.5,1.0,0.5,0.5,0.0,1.0,2026-10-10,2026-10-10T15:33:05-04:00,Batter damage by pitch type.
695731,braden montgomery,L,CH,Changeup,7,7,3,0,0,1,0,1,3,96.3,76.54,-11.43,0.0,0.0,0.0,0.1429,0.0,0.1429,0.4286,2026-10-10,2026-10-10T15:33:05-04:00,Batter damage by pitch type.
695731,braden montgomery,L,CU,Curveball,0,0,0,0,0,0,0,0,0,,,,,,,,,,,2026-10-10,2026-10-10T15:33:05-04:00,Batter damage by pitch type.
695731,braden montgomery,L,FC,Cutter,3,5,1,0,0,0,0,0,0,109.7,95.18,5.8,0.0,0.0,0.0,0.0,0.0,0.0,0.0,2026-10-10,2026-10-10T15:33:05-04:00,Batter damage by pitch type.
695731,braden montgomery,L,FF,4-Seam Fastball,17,23,12,0,0,5,2,0,5,104.2,89.39,8.04,0.0,0.0,0.0,0.2941,0.1176,0.0,0.2174,2026-10-10,2026-10-10T15:33:05-04:00,Batter damage by pitch type.
695731,braden montgomery,L,FS,Split-Finger,4,4,0,0,0,0,0,0,0,93.4,82.3,-24.5,0.0,0.0,0.0,0.0,0.0,0.0,0.0,2026-10-10,2026-10-10T15:33:05-04:00,Batter damage by pitch type.
695731,braden montgomery,L,KC,Knuckle Curve,1,1,1,0,0,0,0,0,1,81.5,81.5,22.0,0.0,0.0,0.0,0.0,0.0,0.0,1.0,2026-10-10,2026-10-10T15:33:05-04:00,Batter damage by pitch type.
695731,braden montgomery,L,SI,Sinker,5,8,3,0,1,1,1,0,1,103.8,75.72,-4.62,0.0,0.2,0.125,0.2,0.2,0.0,0.125,2026-10-10,2026-10-10T15:33:05-04:00,Batter damage by pitch type.
695731,braden montgomery,L,SL,Slider,4,4,1,0,0,0,0,0,0,102.0,87.38,6.75,0.0,0.0,0.0,0.0,0.0,0.0,0.0,2026-10-10,2026-10-10T15:33:05-04:00,Batter damage by pitch type.
695731,braden montgomery,L,ST,Sweeper,4,1,0,0,0,0,0,0,0,85.2,85.2,-28.0,0.0,0.0,0.0,0.0,0.0,0.0,0.0,2026-10-10,2026-10-10T15:33:05-04:00,Batter damage by pitch type.
695731,braden montgomery,L,SV,Slurve,0,0,0,0,0,0,0,0,0,,,,,,,,,,,2026-10-10,2026-10-10T15:33:05-04:00,Batter damage by pitch type.
695731,braden montgomery,R,CH,Changeup,5,4,1,0,0,1,0,0,1,98.1,70.28,-30.25,0.0,0.0,0.0,0.2,0.0,0.0,0.25,2026-10-10,2026-10-10T15:33:05-04:00,Batter damage by pitch type.
695731,braden montgomery,R,CU,Curveball,4,3,0,0,0,0,0,0,0,89.1,79.37,-28.33,0.0,0.0,0.0,0.0,0.0,0.0,0.0,2026-10-10,2026-10-10T15:33:05-04:00,Batter damage by pitch type.
695731,braden montgomery,R,FC,Cutter,0,4,2,0,0,0,0,0,0,83.0,74.08,9.0,,,0.0,,,0.0,0.0,2026-10-10,2026-10-10T15:33:05-04:00,Batter damage by pitch type.
695731,braden montgomery,R,FF,4-Seam Fastball,7,15,10,0,0,2,0,0,3,101.4,82.07,21.47,0.0,0.0,0.0,0.2857,0.0,0.0,0.2,2026-10-10,2026-10-10T15:33:05-04:00,Batter damage by pitch type.
695731,braden montgomery,R,KC,Knuckle Curve,2,2,2,0,0,0,0,0,1,92.6,86.55,36.5,0.0,0.0,0.0,0.0,0.0,0.0,0.5,2026-10-10,2026-10-10T15:33:05-04:00,Batter damage by pitch type.
695731,braden montgomery,R,SI,Sinker,3,5,3,0,0,0,0,0,1,93.1,82.14,16.8,0.0,0.0,0.0,0.0,0.0,0.0,0.2,2026-10-10,2026-10-10T15:33:05-04:00,Batter damage by pitch type.
695731,braden montgomery,R,SL,Slider,7,3,2,0,0,0,0,1,1,93.3,90.93,21.33,0.0,0.0,0.0,0.0,0.0,0.3333,0.3333,2026-10-10,2026-10-10T15:33:05-04:00,Batter damage by pitch type.
695731,braden montgomery,R,ST,Sweeper,2,3,2,0,1,1,1,1,2,108.5,94.17,8.33,0.0,0.5,0.3333,0.5,0.5,0.3333,0.6667,2026-10-10,2026-10-10T15:33:05-04:00,Batter damage by pitch type.
695734,daylen lile,L,CH,Changeup,15,11,6,1,2,3,1,2,4,106.2,82.62,13.55,0.0667,0.1333,0.1818,0.2,0.0667,0.1818,0.3636,2026-10-10,2026-10-10T15:33:05-04:00,Batter damage by pitch type.
695734,daylen lile,L,CU,Curveball,3,4,2,0,0,0,0,1,1,94.0,84.55,10.5,0.0,0.0,0.0,0.0,0.0,0.25,0.25,2026-10-10,2026-10-10T15:33:05-04:00,Batter damage by pitch type.
695734,daylen lile,L,FC,Cutter,5,8,5,1,1,3,2,2,3,103.3,84.89,13.25,0.2,0.2,0.125,0.6,0.4,0.25,0.375,2026-10-10,2026-10-10T15:33:05-04:00,Batter damage by pitch type.
695734,daylen lile,L,FF,4-Seam Fastball,12,24,22,0,2,5,2,4,6,105.0,80.67,32.17,0.0,0.1667,0.0833,0.4167,0.1667,0.1667,0.25,2026-10-10,2026-10-10T15:33:05-04:00,Batter damage by pitch type.
695734,daylen lile,L,FS,Split-Finger,1,1,0,0,0,0,0,0,0,49.8,49.8,-63.0,0.0,0.0,0.0,0.0,0.0,0.0,0.0,2026-10-10,2026-10-10T15:33:05-04:00,Batter damage by pitch type.
695734,daylen lile,L,SI,Sinker,6,13,8,0,0,2,0,0,5,106.5,85.38,9.23,0.0,0.0,0.0,0.3333,0.0,0.0,0.3846,2026-10-10,2026-10-10T15:33:05-04:00,Batter damage by pitch type.
695734,daylen lile,L,SL,Slider,2,5,4,0,0,0,0,0,1,91.7,74.44,26.4,0.0,0.0,0.0,0.0,0.0,0.0,0.2,2026-10-10,2026-10-10T15:33:05-04:00,Batter damage by pitch type.
695734,daylen lile,L,ST,Sweeper,5,9,8,0,0,2,0,3,4,108.3,82.7,37.56,0.0,0.0,0.0,0.4,0.0,0.3333,0.4444,2026-10-10,2026-10-10T15:33:05-04:00,Batter damage by pitch type.
695734,daylen lile,L,SV,Slurve,2,3,3,0,0,1,0,1,0,100.1,74.0,50.33,0.0,0.0,0.0,0.5,0.0,0.3333,0.0,2026-10-10,2026-10-10T15:33:05-04:00,Batter damage by pitch type.
696030,alejandro osuna,L,CH,Changeup,2,2,1,0,0,0,0,1,1,94.8,77.6,3.5,0.0,0.0,0.0,0.0,0.0,0.5,0.5,2026-10-10,2026-10-10T15:33:05-04:00,Batter damage by pitch type.
696030,alejandro osuna,L,CU,Curveball,0,0,0,0,0,0,0,0,0,,,,,,,,,,,2026-10-10,2026-10-10T15:33:05-04:00,Batter damage by pitch type.
696030,alejandro osuna,L,FC,Cutter,1,4,4,0,0,0,0,0,0,73.6,68.55,44.25,0.0,0.0,0.0,0.0,0.0,0.0,0.0,2026-10-10,2026-10-10T15:33:05-04:00,Batter damage by pitch type.
696030,alejandro osuna,L,FF,4-Seam Fastball,5,8,7,0,0,0,0,0,2,106.3,78.82,47.38,0.0,0.0,0.0,0.0,0.0,0.0,0.25,2026-10-10,2026-10-10T15:33:05-04:00,Batter damage by pitch type.
696030,alejandro osuna,L,FS,Split-Finger,1,0,0,0,0,0,0,0,0,,,,0.0,0.0,,0.0,0.0,,,2026-10-10,2026-10-10T15:33:05-04:00,Batter damage by pitch type.
696030,alejandro osuna,L,KC,Knuckle Curve,1,0,0,0,0,0,0,0,0,,,,0.0,0.0,,0.0,0.0,,,2026-10-10,2026-10-10T15:33:05-04:00,Batter damage by pitch type.
696030,alejandro osuna,L,SI,Sinker,1,1,1,0,0,0,0,0,1,90.8,90.8,14.0,0.0,0.0,0.0,0.0,0.0,0.0,1.0,2026-10-10,2026-10-10T15:33:05-04:00,Batter damage by pitch type.
696030,alejandro osuna,L,SL,Slider,2,3,2,0,0,1,0,2,2,103.9,86.03,10.33,0.0,0.0,0.0,0.5,0.0,0.6667,0.6667,2026-10-10,2026-10-10T15:33:05-04:00,Batter damage by pitch type.
696030,alejandro osuna,L,ST,Sweeper,0,1,1,0,0,0,0,0,1,64.9,64.9,21.0,,,0.0,,,0.0,1.0,2026-10-10,2026-10-10T15:33:05-04:00,Batter damage by pitch type.
696100,hunter goodman,R,CH,Changeup,6,11,3,0,0,0,0,1,1,103.2,72.67,-6.73,0.0,0.0,0.0,0.0,0.0,0.0909,0.0909,2026-10-10,2026-10-10T15:33:05-04:00,Batter damage by pitch type.
696100,hunter goodman,R,CU,Curveball,4,4,1,0,0,0,0,0,0,101.1,78.27,4.5,0.0,0.0,0.0,0.0,0.0,0.0,0.0,2026-10-10,2026-10-10T15:33:05-04:00,Batter damage by pitch type.
696100,hunter goodman,R,FC,Cutter,3,9,8,1,1,3,1,2,5,106.4,86.31,27.44,0.3333,0.3333,0.1111,1.0,0.3333,0.2222,0.5556,2026-10-10,2026-10-10T15:33:05-04:00,Batter damage by pitch type.
696100,hunter goodman,R,FF,4-Seam Fastball,17,35,33,2,2,6,2,5,9,108.1,83.18,41.86,0.1176,0.1176,0.0571,0.3529,0.1176,0.1429,0.2571,2026-10-10,2026-10-10T15:33:05-04:00,Batter damage by pitch type.
696100,hunter goodman,R,FS,Split-Finger,1,1,1,0,0,0,0,1,0,76.5,76.5,37.0,0.0,0.0,0.0,0.0,0.0,1.0,0.0,2026-10-10,2026-10-10T15:33:05-04:00,Batter damage by pitch type.
696100,hunter goodman,R,KC,Knuckle Curve,0,0,0,0,0,0,0,0,0,,,,,,,,,,,2026-10-10,2026-10-10T15:33:05-04:00,Batter damage by pitch type.
696100,hunter goodman,R,SI,Sinker,6,11,9,0,0,3,0,1,2,106.7,88.58,31.0,0.0,0.0,0.0,0.5,0.0,0.0909,0.1818,2026-10-10,2026-10-10T15:33:05-04:00,Batter damage by pitch type.
696100,hunter goodman,R,SL,Slider,14,19,12,1,1,2,2,7,6,109.4,80.91,17.42,0.0714,0.0714,0.0526,0.1429,0.1429,0.3684,0.3158,2026-10-10,2026-10-10T15:33:05-04:00,Batter damage by pitch type.
696100,hunter goodman,R,ST,Sweeper,3,5,2,0,0,1,0,1,1,102.3,82.84,8.8,0.0,0.0,0.0,0.3333,0.0,0.2,0.2,2026-10-10,2026-10-10T15:33:05-04:00,Batter damage by pitch type.
696100,hunter goodman,R,SV,Slurve,2,1,0,0,0,0,0,0,0,56.9,56.9,-16.0,0.0,0.0,0.0,0.0,0.0,0.0,0.0,2026-10-10,2026-10-10T15:33:05-04:00,Batter damage by pitch type.
696285,jacob young,R,CH,Changeup,3,3,3,0,0,1,0,1,2,99.5,86.13,33.33,0.0,0.0,0.0,0.3333,0.0,0.3333,0.6667,2026-10-10,2026-10-10T15:33:05-04:00,Batter damage by pitch type.
696285,jacob young,R,CU,Curveball,1,1,0,0,0,0,0,0,0,63.9,63.9,-68.0,0.0,0.0,0.0,0.0,0.0,0.0,0.0,2026-10-10,2026-10-10T15:33:05-04:00,Batter damage by pitch type.
696285,jacob young,R,FC,Cutter,5,4,2,0,1,1,1,0,2,100.6,88.17,10.25,0.0,0.2,0.25,0.2,0.2,0.0,0.5,2026-10-10,2026-10-10T15:33:05-04:00,Batter damage by pitch type.
696285,jacob young,R,FF,4-Seam Fastball,8,15,12,0,0,2,0,2,6,107.2,84.74,33.4,0.0,0.0,0.0,0.25,0.0,0.1333,0.4,2026-10-10,2026-10-10T15:33:05-04:00,Batter damage by pitch type.
696285,jacob young,R,SI,Sinker,9,10,7,0,0,2,0,1,3,109.3,91.74,19.3,0.0,0.0,0.0,0.2222,0.0,0.1,0.3,2026-10-10,2026-10-10T15:33:05-04:00,Batter damage by pitch type.
696285,jacob young,R,SL,Slider,7,11,6,0,0,2,1,3,2,103.0,75.79,5.55,0.0,0.0,0.0,0.2857,0.1429,0.2727,0.1818,2026-10-10,2026-10-10T15:33:05-04:00,Batter damage by pitch type.
696285,jacob young,R,ST,Sweeper,2,2,0,0,0,0,0,0,0,82.8,65.45,-49.5,0.0,0.0,0.0,0.0,0.0,0.0,0.0,2026-10-10,2026-10-10T15:33:05-04:00,Batter damage by pitch type.
696285,jacob young,R,SV,Slurve,1,1,1,0,0,0,0,0,0,75.0,75.0,83.0,0.0,0.0,0.0,0.0,0.0,0.0,0.0,2026-10-10,2026-10-10T15:33:05-04:00,Batter damage by pitch type.
699013,esmerlyn valdez,R,CU,Curveball,0,0,0,0,0,0,0,0,0,,,,,,,,,,,2026-10-10,2026-10-10T15:33:05-04:00,Batter damage by pitch type.
699013,esmerlyn valdez,R,FF,4-Seam Fastball,1,1,1,0,0,0,0,0,1,80.1,80.1,28.0,0.0,0.0,0.0,0.0,0.0,0.0,1.0,2026-10-10,2026-10-10T15:33:05-04:00,Batter damage by pitch type.
699013,esmerlyn valdez,R,FS,Split-Finger,2,4,1,0,0,0,0,0,0,91.2,64.62,-11.0,0.0,0.0,0.0,0.0,0.0,0.0,0.0,2026-10-10,2026-10-10T15:33:05-04:00,Batter damage by pitch type.
699013,esmerlyn valdez,R,ST,Sweeper,0,0,0,0,0,0,0,0,0,,,,,,,,,,,2026-10-10,2026-10-10T15:33:05-04:00,Batter damage by pitch type.
699024,leo bernal,L,CH,Changeup,4,5,3,0,0,1,0,1,1,102.3,74.0,22.0,0.0,0.0,0.0,0.25,0.0,0.2,0.2,2026-10-10,2026-10-10T15:33:05-04:00,Batter damage by pitch type.
699024,leo bernal,L,CU,Curveball,6,9,7,0,2,4,1,4,3,107.5,86.77,24.22,0.0,0.3333,0.2222,0.6667,0.1667,0.4444,0.3333,2026-10-10,2026-10-10T15:33:05-04:00,Batter damage by pitch type.
699024,leo bernal,L,FC,Cutter,6,5,4,0,0,0,0,2,4,94.9,89.26,20.4,0.0,0.0,0.0,0.0,0.0,0.4,0.8,2026-10-10,2026-10-10T15:33:05-04:00,Batter damage by pitch type.
699024,leo bernal,L,FF,4-Seam Fastball,15,22,19,2,2,3,2,4,5,106.2,83.2,36.45,0.1333,0.1333,0.0909,0.2,0.1333,0.1818,0.2273,2026-10-10,2026-10-10T15:33:05-04:00,Batter damage by pitch type.
699024,leo bernal,L,FS,Split-Finger,1,2,1,0,0,1,0,1,1,103.0,80.5,-10.0,0.0,0.0,0.0,1.0,0.0,0.5,0.5,2026-10-10,2026-10-10T15:33:05-04:00,Batter damage by pitch type.
699024,leo bernal,L,KC,Knuckle Curve,1,2,0,0,0,0,0,0,0,96.4,91.25,-11.0,0.0,0.0,0.0,0.0,0.0,0.0,0.0,2026-10-10,2026-10-10T15:33:05-04:00,Batter damage by pitch type.
699024,leo bernal,L,SI,Sinker,4,5,2,0,0,0,0,0,1,97.1,87.72,11.0,0.0,0.0,0.0,0.0,0.0,0.0,0.2,2026-10-10,2026-10-10T15:33:05-04:00,Batter damage by pitch type.
699024,leo bernal,L,SL,Slider,3,8,6,1,1,1,1,3,2,108.5,79.62,26.75,0.3333,0.3333,0.125,0.3333,0.3333,0.375,0.25,2026-10-10,2026-10-10T15:33:05-04:00,Batter damage by pitch type.
699024,leo bernal,L,ST,Sweeper,2,2,2,0,0,0,0,1,1,80.4,74.7,33.0,0.0,0.0,0.0,0.0,0.0,0.5,0.5,2026-10-10,2026-10-10T15:33:05-04:00,Batter damage by pitch type.
699024,leo bernal,R,CH,Changeup,4,3,1,0,0,1,0,1,1,95.7,82.93,-12.33,0.0,0.0,0.0,0.25,0.0,0.3333,0.3333,2026-10-10,2026-10-10T15:33:05-04:00,Batter damage by pitch type.
699024,leo bernal,R,CU,Curveball,2,3,2,0,0,0,0,0,0,83.0,65.03,19.67,0.0,0.0,0.0,0.0,0.0,0.0,0.0,2026-10-10,2026-10-10T15:33:05-04:00,Batter damage by pitch type.
699024,leo bernal,R,FC,Cutter,0,1,0,0,0,0,0,0,0,68.3,68.3,-35.0,,,0.0,,,0.0,0.0,2026-10-10,2026-10-10T15:33:05-04:00,Batter damage by pitch type.
699024,leo bernal,R,FF,4-Seam Fastball,7,6,5,0,0,2,0,2,2,102.6,85.58,33.33,0.0,0.0,0.0,0.2857,0.0,0.3333,0.3333,2026-10-10,2026-10-10T15:33:05-04:00,Batter damage by pitch type.
699024,leo bernal,R,SI,Sinker,2,4,4,0,0,2,0,0,2,104.4,95.25,27.0,0.0,0.0,0.0,1.0,0.0,0.0,0.5,2026-10-10,2026-10-10T15:33:05-04:00,Batter damage by pitch type.
699024,leo bernal,R,SL,Slider,1,1,1,0,0,0,0,0,0,60.5,60.5,53.0,0.0,0.0,0.0,0.0,0.0,0.0,0.0,2026-10-10,2026-10-10T15:33:05-04:00,Batter damage by pitch type.
699024,leo bernal,R,ST,Sweeper,3,3,0,0,0,0,0,0,1,97.6,85.9,-11.67,0.0,0.0,0.0,0.0,0.0,0.0,0.3333,2026-10-10,2026-10-10T15:33:05-04:00,Batter damage by pitch type.
699024,leo bernal,R,SV,Slurve,1,0,0,0,0,0,0,0,0,,,,0.0,0.0,,0.0,0.0,,,2026-10-10,2026-10-10T15:33:05-04:00,Batter damage by pitch type.
699115,carlos jorge,L,CH,Changeup,2,4,2,0,0,1,0,0,1,96.8,85.33,-8.75,0.0,0.0,0.0,0.5,0.0,0.0,0.25,2026-10-10,2026-10-10T15:33:05-04:00,Batter damage by pitch type.
699115,carlos jorge,L,CU,Curveball,5,7,2,0,0,0,0,2,2,95.2,76.57,-8.71,0.0,0.0,0.0,0.0,0.0,0.2857,0.2857,2026-10-10,2026-10-10T15:33:05-04:00,Batter damage by pitch type.
699115,carlos jorge,L,FC,Cutter,1,5,5,0,0,0,0,0,1,93.1,73.54,52.8,0.0,0.0,0.0,0.0,0.0,0.0,0.2,2026-10-10,2026-10-10T15:33:05-04:00,Batter damage by pitch type.
699115,carlos jorge,L,FF,4-Seam Fastball,10,11,10,1,1,1,1,2,4,101.0,77.27,32.18,0.1,0.1,0.0909,0.1,0.1,0.1818,0.3636,2026-10-10,2026-10-10T15:33:05-04:00,Batter damage by pitch type.
699115,carlos jorge,L,FS,Split-Finger,5,5,4,0,0,0,0,2,2,94.3,69.92,23.4,0.0,0.0,0.0,0.0,0.0,0.4,0.4,2026-10-10,2026-10-10T15:33:05-04:00,Batter damage by pitch type.
699115,carlos jorge,L,KC,Knuckle Curve,0,1,0,0,0,0,0,0,0,81.4,81.4,7.0,,,0.0,,,0.0,0.0,2026-10-10,2026-10-10T15:33:05-04:00,Batter damage by pitch type.
699115,carlos jorge,L,SI,Sinker,10,9,2,0,0,0,0,0,1,92.1,67.0,4.89,0.0,0.0,0.0,0.0,0.0,0.0,0.1111,2026-10-10,2026-10-10T15:33:05-04:00,Batter damage by pitch type.
699115,carlos jorge,L,SL,Slider,0,0,0,0,0,0,0,0,0,,,,,,,,,,,2026-10-10,2026-10-10T15:33:05-04:00,Batter damage by pitch type.
699115,carlos jorge,L,ST,Sweeper,4,2,2,0,0,0,0,1,1,90.0,76.7,33.0,0.0,0.0,0.0,0.0,0.0,0.5,0.5,2026-10-10,2026-10-10T15:33:05-04:00,Batter damage by pitch type.
699302,héctor rodríguez,L,CH,Changeup,7,11,7,0,0,3,1,1,3,105.2,82.62,14.64,0.0,0.0,0.0,0.4286,0.1429,0.0909,0.2727,2026-10-10,2026-10-10T15:33:05-04:00,Batter damage by pitch type.
699302,héctor rodríguez,L,CU,Curveball,5,12,5,1,1,2,1,2,4,108.8,82.28,-5.08,0.2,0.2,0.0833,0.4,0.2,0.1667,0.3333,2026-10-10,2026-10-10T15:33:05-04:00,Batter damage by pitch type.
699302,héctor rodríguez,L,FC,Cutter,7,7,4,0,0,0,0,3,2,89.4,72.33,14.0,0.0,0.0,0.0,0.0,0.0,0.4286,0.2857,2026-10-10,2026-10-10T15:33:05-04:00,Batter damage by pitch type.
699302,héctor rodríguez,L,FF,4-Seam Fastball,10,12,8,0,0,1,0,2,1,111.7,86.12,32.5,0.0,0.0,0.0,0.1,0.0,0.1667,0.0833,2026-10-10,2026-10-10T15:33:05-04:00,Batter damage by pitch type.
699302,héctor rodríguez,L,FS,Split-Finger,3,5,4,0,1,1,0,0,1,107.8,79.64,28.8,0.0,0.3333,0.2,0.3333,0.0,0.0,0.2,2026-10-10,2026-10-10T15:33:05-04:00,Batter damage by pitch type.
699302,héctor rodríguez,L,KC,Knuckle Curve,0,1,0,0,0,0,0,0,0,70.0,70.0,-53.0,,,0.0,,,0.0,0.0,2026-10-10,2026-10-10T15:33:05-04:00,Batter damage by pitch type.
699302,héctor rodríguez,L,SI,Sinker,7,16,8,0,0,1,0,0,6,103.6,83.22,3.38,0.0,0.0,0.0,0.1429,0.0,0.0,0.375,2026-10-10,2026-10-10T15:33:05-04:00,Batter damage by pitch type.
699302,héctor rodríguez,L,SL,Slider,4,6,6,0,0,2,0,3,1,97.7,88.13,42.83,0.0,0.0,0.0,0.5,0.0,0.5,0.1667,2026-10-10,2026-10-10T15:33:05-04:00,Batter damage by pitch type.
699302,héctor rodríguez,L,ST,Sweeper,3,5,3,0,0,1,0,1,1,102.5,82.08,15.2,0.0,0.0,0.0,0.3333,0.0,0.2,0.2,2026-10-10,2026-10-10T15:33:05-04:00,Batter damage by pitch type.
699393,pedro ramírez,L,CH,Changeup,10,9,4,0,0,0,0,2,0,106.0,89.46,10.22,0.0,0.0,0.0,0.0,0.0,0.2222,0.0,2026-10-10,2026-10-10T15:33:05-04:00,Batter damage by pitch type.
699393,pedro ramírez,L,CU,Curveball,1,3,3,0,0,0,0,0,1,88.8,77.0,40.33,0.0,0.0,0.0,0.0,0.0,0.0,0.3333,2026-10-10,2026-10-10T15:33:05-04:00,Batter damage by pitch type.
699393,pedro ramírez,L,FC,Cutter,2,4,2,0,0,0,0,1,1,103.6,70.05,3.25,0.0,0.0,0.0,0.0,0.0,0.25,0.25,2026-10-10,2026-10-10T15:33:05-04:00,Batter damage by pitch type.
699393,pedro ramírez,L,FF,4-Seam Fastball,16,22,17,1,0,2,0,6,4,106.8,83.15,31.18,0.0625,0.0,0.0,0.125,0.0,0.2727,0.1818,2026-10-10,2026-10-10T15:33:05-04:00,Batter damage by pitch type.
699393,pedro ramírez,L,FS,Split-Finger,3,6,4,0,0,0,0,0,1,109.3,75.15,24.5,0.0,0.0,0.0,0.0,0.0,0.0,0.1667,2026-10-10,2026-10-10T15:33:05-04:00,Batter damage by pitch type.
699393,pedro ramírez,L,SI,Sinker,6,7,3,0,0,1,0,1,1,103.9,91.94,9.14,0.0,0.0,0.0,0.1667,0.0,0.1429,0.1429,2026-10-10,2026-10-10T15:33:05-04:00,Batter damage by pitch type.
699393,pedro ramírez,L,SL,Slider,2,3,2,0,0,0,0,1,2,87.5,79.23,18.33,0.0,0.0,0.0,0.0,0.0,0.3333,0.6667,2026-10-10,2026-10-10T15:33:05-04:00,Batter damage by pitch type.
699393,pedro ramírez,L,ST,Sweeper,4,7,3,0,0,0,0,1,2,104.8,76.57,-4.43,0.0,0.0,0.0,0.0,0.0,0.1429,0.2857,2026-10-10,2026-10-10T15:33:05-04:00,Batter damage by pitch type.
699393,pedro ramírez,L,SV,Slurve,1,0,0,0,0,0,0,0,0,,,,0.0,0.0,,0.0,0.0,,,2026-10-10,2026-10-10T15:33:05-04:00,Batter damage by pitch type.
699393,pedro ramírez,R,CH,Changeup,2,3,1,0,0,0,0,0,1,73.3,57.37,-6.33,0.0,0.0,0.0,0.0,0.0,0.0,0.3333,2026-10-10,2026-10-10T15:33:05-04:00,Batter damage by pitch type.
699393,pedro ramírez,R,FC,Cutter,2,2,0,0,0,0,0,0,0,103.0,87.6,-11.5,0.0,0.0,0.0,0.0,0.0,0.0,0.0,2026-10-10,2026-10-10T15:33:05-04:00,Batter damage by pitch type.
699393,pedro ramírez,R,FF,4-Seam Fastball,2,4,1,0,0,0,0,0,1,94.2,77.1,3.5,0.0,0.0,0.0,0.0,0.0,0.0,0.25,2026-10-10,2026-10-10T15:33:05-04:00,Batter damage by pitch type.
699393,pedro ramírez,R,SI,Sinker,1,2,1,0,0,0,0,0,0,101.9,85.4,16.0,0.0,0.0,0.0,0.0,0.0,0.0,0.0,2026-10-10,2026-10-10T15:33:05-04:00,Batter damage by pitch type.
699393,pedro ramírez,R,ST,Sweeper,1,1,1,0,0,1,0,1,1,104.9,104.9,17.0,0.0,0.0,0.0,1.0,0.0,1.0,1.0,2026-10-10,2026-10-10T15:33:05-04:00,Batter damage by pitch type.
699912,jose fernandez,R,CH,Changeup,2,4,3,0,0,2,0,1,2,105.2,89.23,17.0,0.0,0.0,0.0,1.0,0.0,0.25,0.5,2026-10-10,2026-10-10T15:33:05-04:00,Batter damage by pitch type.
699912,jose fernandez,R,FC,Cutter,0,0,0,0,0,0,0,0,0,,,,,,,,,,,2026-10-10,2026-10-10T15:33:05-04:00,Batter damage by pitch type.
699912,jose fernandez,R,FF,4-Seam Fastball,8,6,3,0,0,0,0,1,2,102.2,73.38,1.83,0.0,0.0,0.0,0.0,0.0,0.1667,0.3333,2026-10-10,2026-10-10T15:33:05-04:00,Batter damage by pitch type.
699912,jose fernandez,R,FS,Split-Finger,1,0,0,0,0,0,0,0,0,,,,0.0,0.0,,0.0,0.0,,,2026-10-10,2026-10-10T15:33:05-04:00,Batter damage by pitch type.
699912,jose fernandez,R,KC,Knuckle Curve,1,0,0,0,0,0,0,0,0,,,,0.0,0.0,,0.0,0.0,,,2026-10-10,2026-10-10T15:33:05-04:00,Batter damage by pitch type.
699912,jose fernandez,R,SI,Sinker,3,3,0,0,0,0,0,0,0,103.9,94.67,-9.33,0.0,0.0,0.0,0.0,0.0,0.0,0.0,2026-10-10,2026-10-10T15:33:05-04:00,Batter damage by pitch type.
699912,jose fernandez,R,SL,Slider,0,1,0,0,0,0,0,0,0,99.2,99.2,-6.0,,,0.0,,,0.0,0.0,2026-10-10,2026-10-10T15:33:05-04:00,Batter damage by pitch type.
699912,jose fernandez,R,ST,Sweeper,0,0,0,0,0,0,0,0,0,,,,,,,,,,,2026-10-10,2026-10-10T15:33:05-04:00,Batter damage by pitch type.
700250,ben rice,L,CH,Changeup,11,15,10,3,3,3,2,3,5,101.1,82.34,13.67,0.2727,0.2727,0.2,0.2727,0.1818,0.2,0.3333,2026-10-10,2026-10-10T15:33:05-04:00,Batter damage by pitch type.
700250,ben rice,L,CU,Curveball,5,5,3,0,0,1,0,1,2,95.4,78.82,9.8,0.0,0.0,0.0,0.2,0.0,0.2,0.4,2026-10-10,2026-10-10T15:33:05-04:00,Batter damage by pitch type.
700250,ben rice,L,FC,Cutter,17,21,12,0,1,4,2,4,6,109.1,85.52,13.33,0.0,0.0588,0.0476,0.2353,0.1176,0.1905,0.2857,2026-10-10,2026-10-10T15:33:05-04:00,Batter damage by pitch type.
700250,ben rice,L,FF,4-Seam Fastball,22,22,17,1,2,6,1,2,6,110.3,91.4,24.55,0.0455,0.0909,0.0909,0.2727,0.0455,0.0909,0.2727,2026-10-10,2026-10-10T15:33:05-04:00,Batter damage by pitch type.
700250,ben rice,L,FS,Split-Finger,2,4,2,1,0,1,0,1,2,95.3,84.9,10.0,0.5,0.0,0.0,0.5,0.0,0.25,0.5,2026-10-10,2026-10-10T15:33:05-04:00,Batter damage by pitch type.
700250,ben rice,L,KC,Knuckle Curve,1,1,1,0,0,1,0,1,1,99.2,99.2,19.0,0.0,0.0,0.0,1.0,0.0,1.0,1.0,2026-10-10,2026-10-10T15:33:05-04:00,Batter damage by pitch type.
700250,ben rice,L,SI,Sinker,20,28,24,4,4,8,3,8,10,108.6,87.96,28.36,0.2,0.2,0.1429,0.4,0.15,0.2857,0.3571,2026-10-10,2026-10-10T15:33:05-04:00,Batter damage by pitch type.
700250,ben rice,L,SL,Slider,7,6,2,0,0,1,0,2,2,99.6,83.03,-1.33,0.0,0.0,0.0,0.1429,0.0,0.3333,0.3333,2026-10-10,2026-10-10T15:33:05-04:00,Batter damage by pitch type.
700250,ben rice,L,ST,Sweeper,4,5,2,0,1,1,1,1,1,101.6,76.7,-0.2,0.0,0.25,0.2,0.25,0.25,0.2,0.2,2026-10-10,2026-10-10T15:33:05-04:00,Batter damage by pitch type.
700337,edgar quero,L,FF,4-Seam Fastball,1,0,0,0,0,0,0,0,0,,,,0.0,0.0,,0.0,0.0,,,2026-10-10,2026-10-10T15:33:05-04:00,Batter damage by pitch type.
700337,edgar quero,L,SL,Slider,0,0,0,0,0,0,0,0,0,,,,,,,,,,,2026-10-10,2026-10-10T15:33:05-04:00,Batter damage by pitch type.
700337,edgar quero,R,CU,Curveball,1,1,0,0,0,0,0,0,0,98.3,98.3,-16.0,0.0,0.0,0.0,0.0,0.0,0.0,0.0,2026-10-10,2026-10-10T15:33:05-04:00,Batter damage by pitch type.
700337,edgar quero,R,FF,4-Seam Fastball,1,1,1,0,0,0,0,0,1,84.5,84.5,13.0,0.0,0.0,0.0,0.0,0.0,0.0,1.0,2026-10-10,2026-10-10T15:33:05-04:00,Batter damage by pitch type.
700337,edgar quero,R,SI,Sinker,0,1,1,0,0,0,0,0,0,78.9,78.9,38.0,,,0.0,,,0.0,0.0,2026-10-10,2026-10-10T15:33:05-04:00,Batter damage by pitch type.
700337,edgar quero,R,SL,Slider,1,0,0,0,0,0,0,0,0,,,,0.0,0.0,,0.0,0.0,,,2026-10-10,2026-10-10T15:33:05-04:00,Batter damage by pitch type.
700337,edgar quero,R,ST,Sweeper,1,1,1,0,0,0,0,0,0,81.1,81.1,56.0,0.0,0.0,0.0,0.0,0.0,0.0,0.0,2026-10-10,2026-10-10T15:33:05-04:00,Batter damage by pitch type.
701162,ben malgeri,R,CH,Changeup,1,1,0,0,0,0,0,0,1,80.0,80.0,8.0,0.0,0.0,0.0,0.0,0.0,0.0,1.0,2026-10-10,2026-10-10T15:33:05-04:00,Batter damage by pitch type.
701162,ben malgeri,R,CU,Curveball,2,2,2,1,1,2,1,2,2,101.6,101.05,20.0,0.5,0.5,0.5,1.0,0.5,1.0,1.0,2026-10-10,2026-10-10T15:33:05-04:00,Batter damage by pitch type.
701162,ben malgeri,R,FC,Cutter,1,1,1,0,0,0,0,1,0,61.8,61.8,51.0,0.0,0.0,0.0,0.0,0.0,1.0,0.0,2026-10-10,2026-10-10T15:33:05-04:00,Batter damage by pitch type.
701162,ben malgeri,R,FF,4-Seam Fastball,7,9,3,0,0,0,0,0,2,99.2,84.24,9.56,0.0,0.0,0.0,0.0,0.0,0.0,0.2222,2026-10-10,2026-10-10T15:33:05-04:00,Batter damage by pitch type.
701162,ben malgeri,R,FS,Split-Finger,2,2,1,1,1,1,0,1,1,99.9,92.95,-8.0,0.5,0.5,0.5,0.5,0.0,0.5,0.5,2026-10-10,2026-10-10T15:33:05-04:00,Batter damage by pitch type.
701162,ben malgeri,R,KC,Knuckle Curve,1,0,0,0,0,0,0,0,0,,,,0.0,0.0,,0.0,0.0,,,2026-10-10,2026-10-10T15:33:05-04:00,Batter damage by pitch type.
701162,ben malgeri,R,SI,Sinker,6,5,1,0,0,0,0,0,1,103.8,94.34,-9.8,0.0,0.0,0.0,0.0,0.0,0.0,0.2,2026-10-10,2026-10-10T15:33:05-04:00,Batter damage by pitch type.
701162,ben malgeri,R,SL,Slider,5,7,4,0,1,1,0,1,1,105.0,80.0,5.43,0.0,0.2,0.1429,0.2,0.0,0.1429,0.1429,2026-10-10,2026-10-10T15:33:05-04:00,Batter damage by pitch type.
701162,ben malgeri,R,ST,Sweeper,0,0,0,0,0,0,0,0,0,,,,,,,,,,,2026-10-10,2026-10-10T15:33:05-04:00,Batter damage by pitch type.
701350,roman anthony,L,CH,Changeup,7,6,2,0,0,1,0,1,2,98.9,74.55,-17.0,0.0,0.0,0.0,0.1429,0.0,0.1667,0.3333,2026-10-10,2026-10-10T15:33:05-04:00,Batter damage by pitch type.
701350,roman anthony,L,CU,Curveball,4,5,2,0,0,1,0,0,1,102.8,89.82,6.4,0.0,0.0,0.0,0.25,0.0,0.0,0.2,2026-10-10,2026-10-10T15:33:05-04:00,Batter damage by pitch type.
701350,roman anthony,L,FC,Cutter,5,4,1,0,0,1,0,0,0,106.5,96.03,6.25,0.0,0.0,0.0,0.2,0.0,0.0,0.0,2026-10-10,2026-10-10T15:33:05-04:00,Batter damage by pitch type.
701350,roman anthony,L,FF,4-Seam Fastball,13,16,14,0,2,4,0,4,6,113.6,86.6,30.81,0.0,0.1538,0.125,0.3077,0.0,0.25,0.375,2026-10-10,2026-10-10T15:33:05-04:00,Batter damage by pitch type.
701350,roman anthony,L,FS,Split-Finger,2,2,0,0,0,0,0,0,0,90.7,78.05,-29.0,0.0,0.0,0.0,0.0,0.0,0.0,0.0,2026-10-10,2026-10-10T15:33:05-04:00,Batter damage by pitch type.
701350,roman anthony,L,SI,Sinker,12,18,11,1,2,2,1,2,5,110.8,89.54,10.78,0.0833,0.1667,0.1111,0.1667,0.0833,0.1111,0.2778,2026-10-10,2026-10-10T15:33:05-04:00,Batter damage by pitch type.
701350,roman anthony,L,SL,Slider,9,5,0,0,0,0,0,0,0,91.2,74.32,-30.2,0.0,0.0,0.0,0.0,0.0,0.0,0.0,2026-10-10,2026-10-10T15:33:05-04:00,Batter damage by pitch type.
701350,roman anthony,L,ST,Sweeper,9,10,3,0,0,0,0,0,2,100.3,81.24,-8.6,0.0,0.0,0.0,0.0,0.0,0.0,0.2,2026-10-10,2026-10-10T15:33:05-04:00,Batter damage by pitch type.
701358,cam smith,R,CH,Changeup,13,12,6,0,0,1,0,1,2,110.0,84.48,19.83,0.0,0.0,0.0,0.0769,0.0,0.0833,0.1667,2026-10-10,2026-10-10T15:33:05-04:00,Batter damage by pitch type.
701358,cam smith,R,CS,Slow Curve,0,0,0,0,0,0,0,0,0,,,,,,,,,,,2026-10-10,2026-10-10T15:33:05-04:00,Batter damage by pitch type.
701358,cam smith,R,CU,Curveball,3,2,0,0,0,0,0,0,0,59.1,49.65,-51.5,0.0,0.0,0.0,0.0,0.0,0.0,0.0,2026-10-10,2026-10-10T15:33:05-04:00,Batter damage by pitch type.
701358,cam smith,R,FC,Cutter,2,5,3,0,0,2,0,1,3,113.7,86.32,13.4,0.0,0.0,0.0,1.0,0.0,0.2,0.6,2026-10-10,2026-10-10T15:33:05-04:00,Batter damage by pitch type.
701358,cam smith,R,FF,4-Seam Fastball,16,28,25,1,1,2,0,5,6,110.9,75.88,38.04,0.0625,0.0625,0.0357,0.125,0.0,0.1786,0.2143,2026-10-10,2026-10-10T15:33:05-04:00,Batter damage by pitch type.
701358,cam smith,R,FS,Split-Finger,4,4,4,1,1,1,1,1,1,105.7,68.5,39.75,0.25,0.25,0.25,0.25,0.25,0.25,0.25,2026-10-10,2026-10-10T15:33:05-04:00,Batter damage by pitch type.
701358,cam smith,R,KC,Knuckle Curve,0,1,0,0,0,0,0,0,0,105.9,105.9,6.0,,,0.0,,,0.0,0.0,2026-10-10,2026-10-10T15:33:05-04:00,Batter damage by pitch type.
701358,cam smith,R,SI,Sinker,17,24,16,1,2,5,1,4,4,111.5,79.69,15.75,0.0588,0.1176,0.0833,0.2941,0.0588,0.1667,0.1667,2026-10-10,2026-10-10T15:33:05-04:00,Batter damage by pitch type.
701358,cam smith,R,SL,Slider,10,11,6,0,0,1,0,2,4,103.5,77.1,5.18,0.0,0.0,0.0,0.1,0.0,0.1818,0.3636,2026-10-10,2026-10-10T15:33:05-04:00,Batter damage by pitch type.
701358,cam smith,R,ST,Sweeper,2,6,3,0,0,0,0,0,1,91.4,73.22,9.67,0.0,0.0,0.0,0.0,0.0,0.0,0.1667,2026-10-10,2026-10-10T15:33:05-04:00,Batter damage by pitch type.
701358,cam smith,R,SV,Slurve,0,0,0,0,0,0,0,0,0,,,,,,,,,,,2026-10-10,2026-10-10T15:33:05-04:00,Batter damage by pitch type.
701398,sal stewart,R,CH,Changeup,7,6,3,0,0,3,0,1,1,105.9,94.37,13.33,0.0,0.0,0.0,0.4286,0.0,0.1667,0.1667,2026-10-10,2026-10-10T15:33:05-04:00,Batter damage by pitch type.
701398,sal stewart,R,CU,Curveball,6,16,6,0,0,2,0,3,3,107.3,80.1,0.38,0.0,0.0,0.0,0.3333,0.0,0.1875,0.1875,2026-10-10,2026-10-10T15:33:05-04:00,Batter damage by pitch type.
701398,sal stewart,R,FC,Cutter,6,9,8,0,0,4,0,1,3,106.7,89.11,31.56,0.0,0.0,0.0,0.6667,0.0,0.1111,0.3333,2026-10-10,2026-10-10T15:33:05-04:00,Batter damage by pitch type.
701398,sal stewart,R,FF,4-Seam Fastball,17,30,26,0,0,4,0,0,11,109.7,87.37,32.93,0.0,0.0,0.0,0.2353,0.0,0.0,0.3667,2026-10-10,2026-10-10T15:33:05-04:00,Batter damage by pitch type.
701398,sal stewart,R,FS,Split-Finger,3,2,1,0,0,1,0,0,0,99.9,95.75,24.0,0.0,0.0,0.0,0.3333,0.0,0.0,0.0,2026-10-10,2026-10-10T15:33:05-04:00,Batter damage by pitch type.
701398,sal stewart,R,KC,Knuckle Curve,0,1,0,0,0,0,0,0,0,57.0,57.0,-6.0,,,0.0,,,0.0,0.0,2026-10-10,2026-10-10T15:33:05-04:00,Batter damage by pitch type.
701398,sal stewart,R,SI,Sinker,16,21,11,1,2,3,2,2,6,107.9,83.6,7.24,0.0625,0.125,0.0952,0.1875,0.125,0.0952,0.2857,2026-10-10,2026-10-10T15:33:05-04:00,Batter damage by pitch type.
701398,sal stewart,R,SL,Slider,9,11,8,0,0,2,0,2,3,102.8,85.65,28.73,0.0,0.0,0.0,0.2222,0.0,0.1818,0.2727,2026-10-10,2026-10-10T15:33:05-04:00,Batter damage by pitch type.
701398,sal stewart,R,ST,Sweeper,4,6,4,0,0,0,0,0,1,99.0,82.4,34.33,0.0,0.0,0.0,0.0,0.0,0.0,0.1667,2026-10-10,2026-10-10T15:33:05-04:00,Batter damage by pitch type.
701398,sal stewart,R,SV,Slurve,0,1,0,0,0,0,0,0,0,53.3,53.3,-53.0,,,0.0,,,0.0,0.0,2026-10-10,2026-10-10T15:33:05-04:00,Batter damage by pitch type.
701538,jackson merrill,L,CH,Changeup,12,14,7,0,0,4,0,3,4,106.7,86.23,2.5,0.0,0.0,0.0,0.3333,0.0,0.2143,0.2857,2026-10-10,2026-10-10T15:33:05-04:00,Batter damage by pitch type.
701538,jackson merrill,L,CU,Curveball,8,7,4,0,0,1,0,2,2,100.9,81.13,9.43,0.0,0.0,0.0,0.125,0.0,0.2857,0.2857,2026-10-10,2026-10-10T15:33:05-04:00,Batter damage by pitch type.
701538,jackson merrill,L,FC,Cutter,6,9,6,0,1,1,1,0,3,100.4,89.0,26.33,0.0,0.1667,0.1111,0.1667,0.1667,0.0,0.3333,2026-10-10,2026-10-10T15:33:05-04:00,Batter damage by pitch type.
701538,jackson merrill,L,FF,4-Seam Fastball,22,34,26,1,3,8,1,4,14,111.4,88.2,24.15,0.0455,0.1364,0.0882,0.3636,0.0455,0.1176,0.4118,2026-10-10,2026-10-10T15:33:05-04:00,Batter damage by pitch type.
701538,jackson merrill,L,FS,Split-Finger,7,6,2,0,0,1,0,1,2,96.6,72.23,-15.17,0.0,0.0,0.0,0.1429,0.0,0.1667,0.3333,2026-10-10,2026-10-10T15:33:05-04:00,Batter damage by pitch type.
701538,jackson merrill,L,KC,Knuckle Curve,3,4,4,0,1,2,1,3,3,110.4,94.28,24.25,0.0,0.3333,0.25,0.6667,0.3333,0.75,0.75,2026-10-10,2026-10-10T15:33:05-04:00,Batter damage by pitch type.
701538,jackson merrill,L,SI,Sinker,13,25,17,0,0,4,0,1,9,110.6,87.36,18.52,0.0,0.0,0.0,0.3077,0.0,0.04,0.36,2026-10-10,2026-10-10T15:33:05-04:00,Batter damage by pitch type.
701538,jackson merrill,L,SL,Slider,8,5,2,1,1,1,1,1,2,102.2,88.58,12.4,0.125,0.125,0.2,0.125,0.125,0.2,0.4,2026-10-10,2026-10-10T15:33:05-04:00,Batter damage by pitch type.
701538,jackson merrill,L,ST,Sweeper,9,13,10,0,0,1,0,2,3,99.5,74.47,21.38,0.0,0.0,0.0,0.1111,0.0,0.1538,0.2308,2026-10-10,2026-10-10T15:33:05-04:00,Batter damage by pitch type.
701538,jackson merrill,L,SV,Slurve,0,0,0,0,0,0,0,0,0,,,,,,,,,,,2026-10-10,2026-10-10T15:33:05-04:00,Batter damage by pitch type.
701675,nathan church,L,CH,Changeup,3,5,5,0,1,1,1,2,2,100.9,83.14,33.4,0.0,0.3333,0.2,0.3333,0.3333,0.4,0.4,2026-10-10,2026-10-10T15:33:05-04:00,Batter damage by pitch type.
701675,nathan church,L,CU,Curveball,7,7,4,0,0,2,0,4,3,97.3,76.76,8.29,0.0,0.0,0.0,0.2857,0.0,0.5714,0.4286,2026-10-10,2026-10-10T15:33:05-04:00,Batter damage by pitch type.
701675,nathan church,L,FC,Cutter,0,4,3,0,0,0,0,0,0,74.8,68.78,41.75,,,0.0,,,0.0,0.0,2026-10-10,2026-10-10T15:33:05-04:00,Batter damage by pitch type.
701675,nathan church,L,FF,4-Seam Fastball,18,34,28,0,0,1,0,0,13,98.8,77.69,27.97,0.0,0.0,0.0,0.0556,0.0,0.0,0.3824,2026-10-10,2026-10-10T15:33:05-04:00,Batter damage by pitch type.
701675,nathan church,L,KC,Knuckle Curve,0,1,0,0,0,0,0,0,0,62.5,62.5,-32.0,,,0.0,,,0.0,0.0,2026-10-10,2026-10-10T15:33:05-04:00,Batter damage by pitch type.
701675,nathan church,L,SI,Sinker,14,23,11,0,0,2,0,1,7,105.9,82.87,0.43,0.0,0.0,0.0,0.1429,0.0,0.0435,0.3043,2026-10-10,2026-10-10T15:33:05-04:00,Batter damage by pitch type.
701675,nathan church,L,SL,Slider,7,10,9,0,0,4,1,4,7,105.5,82.08,23.4,0.0,0.0,0.0,0.5714,0.1429,0.4,0.7,2026-10-10,2026-10-10T15:33:05-04:00,Batter damage by pitch type.
701675,nathan church,L,ST,Sweeper,3,4,3,0,0,1,0,2,1,97.4,75.65,38.0,0.0,0.0,0.0,0.3333,0.0,0.5,0.25,2026-10-10,2026-10-10T15:33:05-04:00,Batter damage by pitch type.
701675,nathan church,L,SV,Slurve,0,0,0,0,0,0,0,0,0,,,,,,,,,,,2026-10-10,2026-10-10T15:33:05-04:00,Batter damage by pitch type.
701678,hao-yu lee,R,CH,Changeup,2,4,2,0,0,1,0,0,1,99.6,92.38,4.5,0.0,0.0,0.0,0.5,0.0,0.0,0.25,2026-10-10,2026-10-10T15:33:05-04:00,Batter damage by pitch type.
701678,hao-yu lee,R,CU,Curveball,9,7,3,1,1,2,1,2,1,106.1,82.2,-3.43,0.1111,0.1111,0.1429,0.2222,0.1111,0.2857,0.1429,2026-10-10,2026-10-10T15:33:05-04:00,Batter damage by pitch type.
701678,hao-yu lee,R,FC,Cutter,6,8,4,0,0,1,0,0,1,101.9,84.72,7.88,0.0,0.0,0.0,0.1667,0.0,0.0,0.125,2026-10-10,2026-10-10T15:33:05-04:00,Batter damage by pitch type.
701678,hao-yu lee,R,FF,4-Seam Fastball,14,35,32,1,2,6,2,2,13,102.5,81.07,31.14,0.0714,0.1429,0.0571,0.4286,0.1429,0.0571,0.3714,2026-10-10,2026-10-10T15:33:05-04:00,Batter damage by pitch type.
701678,hao-yu lee,R,FS,Split-Finger,1,1,1,0,0,0,0,0,1,92.9,92.9,23.0,0.0,0.0,0.0,0.0,0.0,0.0,1.0,2026-10-10,2026-10-10T15:33:05-04:00,Batter damage by pitch type.
701678,hao-yu lee,R,KC,Knuckle Curve,3,1,1,0,0,0,0,0,0,90.1,90.1,47.0,0.0,0.0,0.0,0.0,0.0,0.0,0.0,2026-10-10,2026-10-10T15:33:05-04:00,Batter damage by pitch type.
701678,hao-yu lee,R,SI,Sinker,8,13,10,0,0,2,0,1,5,100.9,79.22,16.92,0.0,0.0,0.0,0.25,0.0,0.0769,0.3846,2026-10-10,2026-10-10T15:33:05-04:00,Batter damage by pitch type.
701678,hao-yu lee,R,SL,Slider,18,25,15,0,1,5,0,4,9,108.9,85.94,14.52,0.0,0.0556,0.04,0.2778,0.0,0.16,0.36,2026-10-10,2026-10-10T15:33:05-04:00,Batter damage by pitch type.
701678,hao-yu lee,R,ST,Sweeper,6,6,4,0,0,1,0,3,2,105.9,82.27,15.0,0.0,0.0,0.0,0.1667,0.0,0.5,0.3333,2026-10-10,2026-10-10T15:33:05-04:00,Batter damage by pitch type.
701785,kaelen culpepper,R,CH,Changeup,1,4,3,0,0,0,0,0,1,87.7,69.33,27.0,0.0,0.0,0.0,0.0,0.0,0.0,0.25,2026-10-10,2026-10-10T15:33:05-04:00,Batter damage by pitch type.
701785,kaelen culpepper,R,CU,Curveball,1,2,1,0,0,0,0,0,1,96.3,93.95,9.5,0.0,0.0,0.0,0.0,0.0,0.0,0.5,2026-10-10,2026-10-10T15:33:05-04:00,Batter damage by pitch type.
701785,kaelen culpepper,R,FC,Cutter,2,2,2,0,0,0,0,0,1,82.0,79.9,45.0,0.0,0.0,0.0,0.0,0.0,0.0,0.5,2026-10-10,2026-10-10T15:33:05-04:00,Batter damage by pitch type.
701785,kaelen culpepper,R,FF,4-Seam Fastball,9,6,6,0,0,0,0,2,3,93.7,76.53,32.0,0.0,0.0,0.0,0.0,0.0,0.3333,0.5,2026-10-10,2026-10-10T15:33:05-04:00,Batter damage by pitch type.
701785,kaelen culpepper,R,FS,Split-Finger,1,1,0,0,0,0,0,0,0,104.4,104.4,5.0,0.0,0.0,0.0,0.0,0.0,0.0,0.0,2026-10-10,2026-10-10T15:33:05-04:00,Batter damage by pitch type.
701785,kaelen culpepper,R,SI,Sinker,2,2,1,0,0,0,0,0,1,89.0,79.8,-10.5,0.0,0.0,0.0,0.0,0.0,0.0,0.5,2026-10-10,2026-10-10T15:33:05-04:00,Batter damage by pitch type.
701785,kaelen culpepper,R,SL,Slider,1,2,2,0,0,0,0,1,1,84.7,55.25,33.0,0.0,0.0,0.0,0.0,0.0,0.5,0.5,2026-10-10,2026-10-10T15:33:05-04:00,Batter damage by pitch type.
701785,kaelen culpepper,R,ST,Sweeper,0,1,1,0,0,0,0,0,0,65.2,65.2,50.0,,,0.0,,,0.0,0.0,2026-10-10,2026-10-10T15:33:05-04:00,Batter damage by pitch type.
701807,carson benge,L,CH,Changeup,7,8,4,1,1,1,1,2,2,103.7,85.07,14.88,0.1429,0.1429,0.125,0.1429,0.1429,0.25,0.25,2026-10-10,2026-10-10T15:33:05-04:00,Batter damage by pitch type.
701807,carson benge,L,CU,Curveball,1,1,1,0,0,0,0,0,0,65.1,65.1,57.0,0.0,0.0,0.0,0.0,0.0,0.0,0.0,2026-10-10,2026-10-10T15:33:05-04:00,Batter damage by pitch type.
701807,carson benge,L,FC,Cutter,4,5,4,0,0,1,0,1,2,96.8,83.46,12.4,0.0,0.0,0.0,0.25,0.0,0.2,0.4,2026-10-10,2026-10-10T15:33:05-04:00,Batter damage by pitch type.
701807,carson benge,L,FF,4-Seam Fastball,19,29,23,1,1,4,1,3,10,104.8,83.92,23.03,0.0526,0.0526,0.0345,0.2105,0.0526,0.1034,0.3448,2026-10-10,2026-10-10T15:33:05-04:00,Batter damage by pitch type.
701807,carson benge,L,FS,Split-Finger,5,7,6,0,0,1,1,2,1,100.3,82.87,39.86,0.0,0.0,0.0,0.2,0.2,0.2857,0.1429,2026-10-10,2026-10-10T15:33:05-04:00,Batter damage by pitch type.
701807,carson benge,L,KC,Knuckle Curve,3,1,0,0,0,0,0,0,0,89.2,89.2,-13.0,0.0,0.0,0.0,0.0,0.0,0.0,0.0,2026-10-10,2026-10-10T15:33:05-04:00,Batter damage by pitch type.
701807,carson benge,L,SI,Sinker,18,28,18,1,3,5,2,5,9,103.2,79.19,12.96,0.0556,0.1667,0.1071,0.2778,0.1111,0.1786,0.3214,2026-10-10,2026-10-10T15:33:05-04:00,Batter damage by pitch type.
701807,carson benge,L,SL,Slider,12,15,10,1,0,3,0,4,7,105.2,79.7,9.8,0.0833,0.0,0.0,0.25,0.0,0.2667,0.4667,2026-10-10,2026-10-10T15:33:05-04:00,Batter damage by pitch type.
701807,carson benge,L,ST,Sweeper,3,6,3,0,0,1,0,0,1,100.7,76.75,13.5,0.0,0.0,0.0,0.3333,0.0,0.0,0.1667,2026-10-10,2026-10-10T15:33:05-04:00,Batter damage by pitch type.
701852,drew cavanaugh,L,CH,Changeup,1,2,2,0,0,0,0,0,0,85.0,74.5,47.5,0.0,0.0,0.0,0.0,0.0,0.0,0.0,2026-10-10,2026-10-10T15:33:05-04:00,Batter damage by pitch type.
701852,drew cavanaugh,L,CU,Curveball,2,1,0,0,0,0,0,0,0,73.3,73.3,-46.0,0.0,0.0,0.0,0.0,0.0,0.0,0.0,2026-10-10,2026-10-10T15:33:05-04:00,Batter damage by pitch type.
701852,drew cavanaugh,L,FC,Cutter,3,5,1,0,0,1,0,1,0,98.4,88.56,-1.2,0.0,0.0,0.0,0.3333,0.0,0.2,0.0,2026-10-10,2026-10-10T15:33:05-04:00,Batter damage by pitch type.
701852,drew cavanaugh,L,FF,4-Seam Fastball,12,9,6,1,0,1,0,1,5,104.5,72.56,14.22,0.0833,0.0,0.0,0.0833,0.0,0.1111,0.5556,2026-10-10,2026-10-10T15:33:05-04:00,Batter damage by pitch type.
701852,drew cavanaugh,L,FS,Split-Finger,1,0,0,0,0,0,0,0,0,,,,0.0,0.0,,0.0,0.0,,,2026-10-10,2026-10-10T15:33:05-04:00,Batter damage by pitch type.
701852,drew cavanaugh,L,KC,Knuckle Curve,0,0,0,0,0,0,0,0,0,,,,,,,,,,,2026-10-10,2026-10-10T15:33:05-04:00,Batter damage by pitch type.
701852,drew cavanaugh,L,SI,Sinker,2,3,1,0,0,0,0,0,2,102.6,88.03,1.67,0.0,0.0,0.0,0.0,0.0,0.0,0.6667,2026-10-10,2026-10-10T15:33:05-04:00,Batter damage by pitch type.
701852,drew cavanaugh,L,SL,Slider,4,4,3,0,0,0,0,0,3,88.8,76.05,16.75,0.0,0.0,0.0,0.0,0.0,0.0,0.75,2026-10-10,2026-10-10T15:33:05-04:00,Batter damage by pitch type.
701852,drew cavanaugh,L,ST,Sweeper,0,0,0,0,0,0,0,0,0,,,,,,,,,,,2026-10-10,2026-10-10T15:33:05-04:00,Batter damage by pitch type.
702176,alan roden,L,CH,Changeup,2,2,2,0,0,0,0,0,2,69.1,61.75,22.0,0.0,0.0,0.0,0.0,0.0,0.0,1.0,2026-10-10,2026-10-10T15:33:05-04:00,Batter damage by pitch type.
702176,alan roden,L,CU,Curveball,0,1,0,0,0,0,0,0,0,84.3,84.3,-9.0,,,0.0,,,0.0,0.0,2026-10-10,2026-10-10T15:33:05-04:00,Batter damage by pitch type.
702176,alan roden,L,FC,Cutter,2,2,2,0,0,2,0,1,2,95.6,95.4,22.5,0.0,0.0,0.0,1.0,0.0,0.5,1.0,2026-10-10,2026-10-10T15:33:05-04:00,Batter damage by pitch type.
702176,alan roden,L,FF,4-Seam Fastball,1,4,4,0,0,1,1,0,1,107.3,85.08,49.25,0.0,0.0,0.0,1.0,1.0,0.0,0.25,2026-10-10,2026-10-10T15:33:05-04:00,Batter damage by pitch type.
702176,alan roden,L,FS,Split-Finger,2,1,1,0,0,1,0,0,1,95.7,95.7,10.0,0.0,0.0,0.0,0.5,0.0,0.0,1.0,2026-10-10,2026-10-10T15:33:05-04:00,Batter damage by pitch type.
702176,alan roden,L,SI,Sinker,4,4,3,0,0,2,1,1,1,105.9,90.75,22.25,0.0,0.0,0.0,0.5,0.25,0.25,0.25,2026-10-10,2026-10-10T15:33:05-04:00,Batter damage by pitch type.
702176,alan roden,L,SL,Slider,1,3,3,1,0,1,0,1,1,95.7,72.2,49.67,1.0,0.0,0.0,1.0,0.0,0.3333,0.3333,2026-10-10,2026-10-10T15:33:05-04:00,Batter damage by pitch type.
702176,alan roden,L,ST,Sweeper,3,3,0,0,0,0,0,0,0,101.2,81.03,-3.67,0.0,0.0,0.0,0.0,0.0,0.0,0.0,2026-10-10,2026-10-10T15:33:05-04:00,Batter damage by pitch type.
702222,justin crawford,L,CH,Changeup,7,8,3,1,1,1,1,3,3,104.7,82.85,2.12,0.1429,0.1429,0.125,0.1429,0.1429,0.375,0.375,2026-10-10,2026-10-10T15:33:05-04:00,Batter damage by pitch type.
702222,justin crawford,L,CS,Slow Curve,1,1,0,0,0,0,0,0,0,87.9,87.9,3.0,0.0,0.0,0.0,0.0,0.0,0.0,0.0,2026-10-10,2026-10-10T15:33:05-04:00,Batter damage by pitch type.
702222,justin crawford,L,CU,Curveball,1,2,0,0,0,0,0,0,0,77.0,75.7,-53.5,0.0,0.0,0.0,0.0,0.0,0.0,0.0,2026-10-10,2026-10-10T15:33:05-04:00,Batter damage by pitch type.
702222,justin crawford,L,FC,Cutter,11,16,8,0,0,2,0,2,5,102.8,78.82,3.69,0.0,0.0,0.0,0.1818,0.0,0.125,0.3125,2026-10-10,2026-10-10T15:33:05-04:00,Batter damage by pitch type.
702222,justin crawford,L,FF,4-Seam Fastball,15,25,24,0,1,7,1,2,10,104.9,82.46,32.6,0.0,0.0667,0.04,0.4667,0.0667,0.08,0.4,2026-10-10,2026-10-10T15:33:05-04:00,Batter damage by pitch type.
702222,justin crawford,L,FS,Split-Finger,6,7,2,0,0,0,0,1,1,102.0,85.5,-0.29,0.0,0.0,0.0,0.0,0.0,0.1429,0.1429,2026-10-10,2026-10-10T15:33:05-04:00,Batter damage by pitch type.
702222,justin crawford,L,SI,Sinker,7,7,3,0,1,1,1,1,1,100.1,84.56,5.29,0.0,0.1429,0.1429,0.1429,0.1429,0.1429,0.1429,2026-10-10,2026-10-10T15:33:05-04:00,Batter damage by pitch type.
702222,justin crawford,L,SL,Slider,4,3,1,0,0,0,0,1,0,92.5,73.77,2.33,0.0,0.0,0.0,0.0,0.0,0.3333,0.0,2026-10-10,2026-10-10T15:33:05-04:00,Batter damage by pitch type.
702222,justin crawford,L,ST,Sweeper,0,0,0,0,0,0,0,0,0,,,,,,,,,,,2026-10-10,2026-10-10T15:33:05-04:00,Batter damage by pitch type.
702284,cole young,L,CH,Changeup,6,6,5,1,1,1,1,2,2,103.4,92.52,31.33,0.1667,0.1667,0.1667,0.1667,0.1667,0.3333,0.3333,2026-10-10,2026-10-10T15:33:05-04:00,Batter damage by pitch type.
702284,cole young,L,CU,Curveball,1,3,1,0,0,0,0,0,0,83.0,69.63,5.0,0.0,0.0,0.0,0.0,0.0,0.0,0.0,2026-10-10,2026-10-10T15:33:05-04:00,Batter damage by pitch type.
702284,cole young,L,FA,Other,1,1,1,0,0,1,0,0,1,97.1,97.1,19.0,0.0,0.0,0.0,1.0,0.0,0.0,1.0,2026-10-10,2026-10-10T15:33:05-04:00,Batter damage by pitch type.
702284,cole young,L,FC,Cutter,10,9,5,0,0,1,1,4,1,100.0,82.9,20.0,0.0,0.0,0.0,0.1,0.1,0.4444,0.1111,2026-10-10,2026-10-10T15:33:05-04:00,Batter damage by pitch type.
702284,cole young,L,FF,4-Seam Fastball,15,24,21,0,1,3,1,4,8,104.0,83.25,28.96,0.0,0.0667,0.0417,0.2,0.0667,0.1667,0.3333,2026-10-10,2026-10-10T15:33:05-04:00,Batter damage by pitch type.
702284,cole young,L,FS,Split-Finger,3,3,1,0,0,1,0,1,1,99.8,82.9,-7.33,0.0,0.0,0.0,0.3333,0.0,0.3333,0.3333,2026-10-10,2026-10-10T15:33:05-04:00,Batter damage by pitch type.
702284,cole young,L,SI,Sinker,5,10,5,0,0,0,0,0,1,107.6,84.18,15.6,0.0,0.0,0.0,0.0,0.0,0.0,0.1,2026-10-10,2026-10-10T15:33:05-04:00,Batter damage by pitch type.
702284,cole young,L,SL,Slider,14,13,7,0,1,2,1,2,3,104.2,80.25,13.54,0.0,0.0714,0.0769,0.1429,0.0714,0.1538,0.2308,2026-10-10,2026-10-10T15:33:05-04:00,Batter damage by pitch type.
702284,cole young,L,ST,Sweeper,3,8,7,0,0,0,0,0,0,94.1,76.79,53.12,0.0,0.0,0.0,0.0,0.0,0.0,0.0,2026-10-10,2026-10-10T15:33:05-04:00,Batter damage by pitch type.
702332,caleb durbin,R,CH,Changeup,9,13,7,0,0,2,0,2,4,99.6,78.17,17.23,0.0,0.0,0.0,0.2222,0.0,0.1538,0.3077,2026-10-10,2026-10-10T15:33:05-04:00,Batter damage by pitch type.
702332,caleb durbin,R,CU,Curveball,2,2,0,0,0,0,0,0,0,84.1,75.5,-17.5,0.0,0.0,0.0,0.0,0.0,0.0,0.0,2026-10-10,2026-10-10T15:33:05-04:00,Batter damage by pitch type.
702332,caleb durbin,R,FC,Cutter,2,3,2,0,0,1,0,0,1,104.7,74.43,28.67,0.0,0.0,0.0,0.5,0.0,0.0,0.3333,2026-10-10,2026-10-10T15:33:05-04:00,Batter damage by pitch type.
702332,caleb durbin,R,FF,4-Seam Fastball,19,34,26,1,1,3,1,4,7,102.0,78.27,30.53,0.0526,0.0526,0.0294,0.1579,0.0526,0.1176,0.2059,2026-10-10,2026-10-10T15:33:05-04:00,Batter damage by pitch type.
702332,caleb durbin,R,FS,Split-Finger,2,3,1,0,0,0,0,0,1,75.0,67.33,-9.67,0.0,0.0,0.0,0.0,0.0,0.0,0.3333,2026-10-10,2026-10-10T15:33:05-04:00,Batter damage by pitch type.
702332,caleb durbin,R,SI,Sinker,16,19,12,0,1,2,0,4,8,100.1,81.47,17.26,0.0,0.0625,0.0526,0.125,0.0,0.2105,0.4211,2026-10-10,2026-10-10T15:33:05-04:00,Batter damage by pitch type.
702332,caleb durbin,R,SL,Slider,7,7,6,0,0,0,0,2,5,88.5,69.61,17.29,0.0,0.0,0.0,0.0,0.0,0.2857,0.7143,2026-10-10,2026-10-10T15:33:05-04:00,Batter damage by pitch type.
702332,caleb durbin,R,ST,Sweeper,5,6,4,0,0,1,1,2,3,101.3,85.3,19.17,0.0,0.0,0.0,0.2,0.2,0.3333,0.5,2026-10-10,2026-10-10T15:33:05-04:00,Batter damage by pitch type.
702616,jackson holliday,L,CH,Changeup,2,3,1,0,0,0,0,0,0,103.6,80.63,8.0,0.0,0.0,0.0,0.0,0.0,0.0,0.0,2026-10-10,2026-10-10T15:33:05-04:00,Batter damage by pitch type.
702616,jackson holliday,L,CU,Curveball,3,2,2,0,0,0,0,0,0,91.7,88.7,44.5,0.0,0.0,0.0,0.0,0.0,0.0,0.0,2026-10-10,2026-10-10T15:33:05-04:00,Batter damage by pitch type.
702616,jackson holliday,L,FC,Cutter,1,2,2,0,0,0,0,1,1,75.9,73.2,33.5,0.0,0.0,0.0,0.0,0.0,0.5,0.5,2026-10-10,2026-10-10T15:33:05-04:00,Batter damage by pitch type.
702616,jackson holliday,L,FF,4-Seam Fastball,3,6,6,0,0,0,0,1,2,91.6,81.05,40.67,0.0,0.0,0.0,0.0,0.0,0.1667,0.3333,2026-10-10,2026-10-10T15:33:05-04:00,Batter damage by pitch type.
702616,jackson holliday,L,KC,Knuckle Curve,2,2,2,0,0,0,0,0,1,89.3,89.0,28.0,0.0,0.0,0.0,0.0,0.0,0.0,0.5,2026-10-10,2026-10-10T15:33:05-04:00,Batter damage by pitch type.
702616,jackson holliday,L,SI,Sinker,2,3,1,0,0,0,0,0,1,78.9,74.6,-3.67,0.0,0.0,0.0,0.0,0.0,0.0,0.3333,2026-10-10,2026-10-10T15:33:05-04:00,Batter damage by pitch type.
702616,jackson holliday,L,SL,Slider,2,2,1,0,0,0,0,0,0,91.8,85.1,40.5,0.0,0.0,0.0,0.0,0.0,0.0,0.0,2026-10-10,2026-10-10T15:33:05-04:00,Batter damage by pitch type.
702616,jackson holliday,L,ST,Sweeper,2,2,1,0,0,0,0,1,0,90.8,88.5,17.0,0.0,0.0,0.0,0.0,0.0,0.5,0.0,2026-10-10,2026-10-10T15:33:05-04:00,Batter damage by pitch type.
703155,lazaro montes,L,CH,Changeup,4,3,1,0,0,0,0,0,1,104.4,89.6,6.67,0.0,0.0,0.0,0.0,0.0,0.0,0.3333,2026-10-10,2026-10-10T15:33:05-04:00,Batter damage by pitch type.
703155,lazaro montes,L,CU,Curveball,2,1,1,0,0,1,0,0,1,104.9,104.9,15.0,0.0,0.0,0.0,0.5,0.0,0.0,1.0,2026-10-10,2026-10-10T15:33:05-04:00,Batter damage by pitch type.
703155,lazaro montes,L,FC,Cutter,3,8,7,1,1,2,1,2,3,110.8,81.62,27.5,0.3333,0.3333,0.125,0.6667,0.3333,0.25,0.375,2026-10-10,2026-10-10T15:33:05-04:00,Batter damage by pitch type.
703155,lazaro montes,L,FF,4-Seam Fastball,7,10,8,0,0,0,0,0,4,93.4,83.58,26.8,0.0,0.0,0.0,0.0,0.0,0.0,0.4,2026-10-10,2026-10-10T15:33:05-04:00,Batter damage by pitch type.
703155,lazaro montes,L,FS,Split-Finger,1,0,0,0,0,0,0,0,0,,,,0.0,0.0,,0.0,0.0,,,2026-10-10,2026-10-10T15:33:05-04:00,Batter damage by pitch type.
703155,lazaro montes,L,SI,Sinker,6,5,4,0,0,2,0,2,3,102.2,78.54,18.2,0.0,0.0,0.0,0.3333,0.0,0.4,0.6,2026-10-10,2026-10-10T15:33:05-04:00,Batter damage by pitch type.
703155,lazaro montes,L,SL,Slider,7,3,2,1,1,1,0,1,0,107.6,93.03,30.33,0.1429,0.1429,0.3333,0.1429,0.0,0.3333,0.0,2026-10-10,2026-10-10T15:33:05-04:00,Batter damage by pitch type.
703155,lazaro montes,L,ST,Sweeper,8,7,6,0,1,3,0,3,3,104.9,85.73,23.0,0.0,0.125,0.1429,0.375,0.0,0.4286,0.4286,2026-10-10,2026-10-10T15:33:05-04:00,Batter damage by pitch type.
703155,lazaro montes,L,SV,Slurve,0,0,0,0,0,0,0,0,0,,,,,,,,,,,2026-10-10,2026-10-10T15:33:05-04:00,Batter damage by pitch type.
703197,michael arroyo,R,CH,Changeup,4,7,2,0,0,0,0,1,2,108.1,87.37,0.57,0.0,0.0,0.0,0.0,0.0,0.1429,0.2857,2026-10-10,2026-10-10T15:33:05-04:00,Batter damage by pitch type.
703197,michael arroyo,R,CU,Curveball,2,5,2,0,0,1,1,0,1,103.4,87.72,14.4,0.0,0.0,0.0,0.5,0.5,0.0,0.2,2026-10-10,2026-10-10T15:33:05-04:00,Batter damage by pitch type.
703197,michael arroyo,R,FA,Other,1,1,1,0,0,1,1,0,1,100.0,100.0,20.0,0.0,0.0,0.0,1.0,1.0,0.0,1.0,2026-10-10,2026-10-10T15:33:05-04:00,Batter damage by pitch type.
703197,michael arroyo,R,FC,Cutter,3,5,2,0,0,0,0,0,1,106.2,88.3,18.2,0.0,0.0,0.0,0.0,0.0,0.0,0.2,2026-10-10,2026-10-10T15:33:05-04:00,Batter damage by pitch type.
703197,michael arroyo,R,FF,4-Seam Fastball,7,11,11,0,0,1,0,0,3,95.4,79.27,40.91,0.0,0.0,0.0,0.1429,0.0,0.0,0.2727,2026-10-10,2026-10-10T15:33:05-04:00,Batter damage by pitch type.
703197,michael arroyo,R,SI,Sinker,5,6,6,1,1,1,1,2,5,103.6,82.63,25.0,0.2,0.2,0.1667,0.2,0.2,0.3333,0.8333,2026-10-10,2026-10-10T15:33:05-04:00,Batter damage by pitch type.
703197,michael arroyo,R,SL,Slider,9,9,4,0,0,2,0,1,3,108.0,86.48,2.89,0.0,0.0,0.0,0.2222,0.0,0.1111,0.3333,2026-10-10,2026-10-10T15:33:05-04:00,Batter damage by pitch type.
703197,michael arroyo,R,ST,Sweeper,6,5,5,0,0,1,0,4,2,96.1,79.96,32.0,0.0,0.0,0.0,0.1667,0.0,0.8,0.4,2026-10-10,2026-10-10T15:33:05-04:00,Batter damage by pitch type.
703492,nick morabito,R,CH,Changeup,1,1,0,0,0,0,0,0,0,102.0,102.0,4.0,0.0,0.0,0.0,0.0,0.0,0.0,0.0,2026-10-10,2026-10-10T15:33:05-04:00,Batter damage by pitch type.
703492,nick morabito,R,CU,Curveball,1,1,0,0,0,0,0,0,0,102.1,102.1,0.0,0.0,0.0,0.0,0.0,0.0,0.0,0.0,2026-10-10,2026-10-10T15:33:05-04:00,Batter damage by pitch type.
703492,nick morabito,R,FC,Cutter,2,2,2,0,0,1,0,2,1,95.3,87.55,42.0,0.0,0.0,0.0,0.5,0.0,1.0,0.5,2026-10-10,2026-10-10T15:33:05-04:00,Batter damage by pitch type.
703492,nick morabito,R,FF,4-Seam Fastball,6,6,4,0,0,0,0,0,1,100.6,75.33,24.0,0.0,0.0,0.0,0.0,0.0,0.0,0.1667,2026-10-10,2026-10-10T15:33:05-04:00,Batter damage by pitch type.
703492,nick morabito,R,FS,Split-Finger,1,0,0,0,0,0,0,0,0,,,,0.0,0.0,,0.0,0.0,,,2026-10-10,2026-10-10T15:33:05-04:00,Batter damage by pitch type.
703492,nick morabito,R,KC,Knuckle Curve,2,2,1,0,0,1,0,1,2,102.6,98.75,10.0,0.0,0.0,0.0,0.5,0.0,0.5,1.0,2026-10-10,2026-10-10T15:33:05-04:00,Batter damage by pitch type.
703492,nick morabito,R,SI,Sinker,5,7,3,0,0,0,0,0,2,100.0,86.67,-1.29,0.0,0.0,0.0,0.0,0.0,0.0,0.2857,2026-10-10,2026-10-10T15:33:05-04:00,Batter damage by pitch type.
703492,nick morabito,R,SL,Slider,0,1,1,0,0,0,0,0,1,82.6,82.6,31.0,,,0.0,,,0.0,1.0,2026-10-10,2026-10-10T15:33:05-04:00,Batter damage by pitch type.
703492,nick morabito,R,ST,Sweeper,1,0,0,0,0,0,0,0,0,,,,0.0,0.0,,0.0,0.0,,,2026-10-10,2026-10-10T15:33:05-04:00,Batter damage by pitch type.
703520,brett bateman,L,CH,Changeup,5,8,3,0,0,0,0,0,1,98.6,70.62,0.75,0.0,0.0,0.0,0.0,0.0,0.0,0.125,2026-10-10,2026-10-10T15:33:05-04:00,Batter damage by pitch type.
703520,brett bateman,L,CU,Curveball,3,7,4,0,0,0,0,1,1,86.2,76.07,10.57,0.0,0.0,0.0,0.0,0.0,0.1429,0.1429,2026-10-10,2026-10-10T15:33:05-04:00,Batter damage by pitch type.
703520,brett bateman,L,FC,Cutter,5,5,4,0,0,0,0,1,2,98.9,82.56,19.4,0.0,0.0,0.0,0.0,0.0,0.2,0.4,2026-10-10,2026-10-10T15:33:05-04:00,Batter damage by pitch type.
703520,brett bateman,L,FF,4-Seam Fastball,15,30,26,1,1,1,1,1,10,102.7,79.07,32.2,0.0667,0.0667,0.0333,0.0667,0.0667,0.0333,0.3333,2026-10-10,2026-10-10T15:33:05-04:00,Batter damage by pitch type.
703520,brett bateman,L,FS,Split-Finger,2,6,2,0,0,0,0,0,0,99.7,74.63,4.17,0.0,0.0,0.0,0.0,0.0,0.0,0.0,2026-10-10,2026-10-10T15:33:05-04:00,Batter damage by pitch type.
703520,brett bateman,L,KC,Knuckle Curve,1,4,1,0,0,0,0,0,1,89.7,75.38,-19.0,0.0,0.0,0.0,0.0,0.0,0.0,0.25,2026-10-10,2026-10-10T15:33:05-04:00,Batter damage by pitch type.
703520,brett bateman,L,SI,Sinker,13,19,8,0,0,0,0,1,5,98.0,78.6,-3.42,0.0,0.0,0.0,0.0,0.0,0.0526,0.2632,2026-10-10,2026-10-10T15:33:05-04:00,Batter damage by pitch type.
703520,brett bateman,L,SL,Slider,7,11,9,1,1,1,1,2,5,100.2,78.15,24.09,0.1429,0.1429,0.0909,0.1429,0.1429,0.1818,0.4545,2026-10-10,2026-10-10T15:33:05-04:00,Batter damage by pitch type.
703520,brett bateman,L,ST,Sweeper,1,2,2,0,0,0,0,0,2,85.2,75.0,24.0,0.0,0.0,0.0,0.0,0.0,0.0,1.0,2026-10-10,2026-10-10T15:33:05-04:00,Batter damage by pitch type.
703601,max clark,L,CH,Changeup,5,4,1,0,0,0,0,0,0,100.7,72.05,-15.5,0.0,0.0,0.0,0.0,0.0,0.0,0.0,2026-10-10,2026-10-10T15:33:05-04:00,Batter damage by pitch type.
703601,max clark,L,CU,Curveball,4,5,4,0,0,0,0,2,2,84.7,54.58,23.2,0.0,0.0,0.0,0.0,0.0,0.4,0.4,2026-10-10,2026-10-10T15:33:05-04:00,Batter damage by pitch type.
703601,max clark,L,FC,Cutter,3,5,4,0,0,2,1,1,1,107.6,84.06,28.0,0.0,0.0,0.0,0.6667,0.3333,0.2,0.2,2026-10-10,2026-10-10T15:33:05-04:00,Batter damage by pitch type.
703601,max clark,L,FF,4-Seam Fastball,23,25,19,1,1,3,1,2,8,103.4,83.1,31.92,0.0435,0.0435,0.04,0.1304,0.0435,0.08,0.32,2026-10-10,2026-10-10T15:33:05-04:00,Batter damage by pitch type.
703601,max clark,L,FS,Split-Finger,3,2,1,0,0,1,0,0,1,100.6,98.2,9.0,0.0,0.0,0.0,0.3333,0.0,0.0,0.5,2026-10-10,2026-10-10T15:33:05-04:00,Batter damage by pitch type.
703601,max clark,L,KC,Knuckle Curve,1,1,0,0,0,0,0,0,0,93.9,93.9,-13.0,0.0,0.0,0.0,0.0,0.0,0.0,0.0,2026-10-10,2026-10-10T15:33:05-04:00,Batter damage by pitch type.
703601,max clark,L,SI,Sinker,11,14,8,0,0,1,0,1,7,100.4,74.82,1.86,0.0,0.0,0.0,0.0909,0.0,0.0714,0.5,2026-10-10,2026-10-10T15:33:05-04:00,Batter damage by pitch type.
703601,max clark,L,SL,Slider,9,13,8,0,1,2,1,4,3,106.7,86.82,20.0,0.0,0.1111,0.0769,0.2222,0.1111,0.3077,0.2308,2026-10-10,2026-10-10T15:33:05-04:00,Batter damage by pitch type.
703601,max clark,L,ST,Sweeper,5,5,3,0,0,0,0,1,0,94.8,80.12,20.8,0.0,0.0,0.0,0.0,0.0,0.2,0.0,2026-10-10,2026-10-10T15:33:05-04:00,Batter damage by pitch type.
703601,max clark,L,SV,Slurve,1,1,1,0,0,0,0,0,0,77.5,77.5,41.0,0.0,0.0,0.0,0.0,0.0,0.0,0.0,2026-10-10,2026-10-10T15:33:05-04:00,Batter damage by pitch type.
703607,henry bolte,R,CH,Changeup,8,6,4,1,1,2,1,1,2,103.5,75.42,22.83,0.125,0.125,0.1667,0.25,0.125,0.1667,0.3333,2026-10-10,2026-10-10T15:33:05-04:00,Batter damage by pitch type.
703607,henry bolte,R,CU,Curveball,1,3,1,0,0,0,0,0,0,61.8,57.8,-2.67,0.0,0.0,0.0,0.0,0.0,0.0,0.0,2026-10-10,2026-10-10T15:33:05-04:00,Batter damage by pitch type.
703607,henry bolte,R,FC,Cutter,1,5,2,0,0,0,0,0,1,104.0,72.28,-7.6,0.0,0.0,0.0,0.0,0.0,0.0,0.2,2026-10-10,2026-10-10T15:33:05-04:00,Batter damage by pitch type.
703607,henry bolte,R,FF,4-Seam Fastball,23,24,17,0,1,4,1,0,6,109.8,87.76,19.5,0.0,0.0435,0.0417,0.1739,0.0435,0.0,0.25,2026-10-10,2026-10-10T15:33:05-04:00,Batter damage by pitch type.
703607,henry bolte,R,FS,Split-Finger,2,1,1,0,0,1,0,1,1,104.0,104.0,11.0,0.0,0.0,0.0,0.5,0.0,1.0,1.0,2026-10-10,2026-10-10T15:33:05-04:00,Batter damage by pitch type.
703607,henry bolte,R,KC,Knuckle Curve,0,0,0,0,0,0,0,0,0,,,,,,,,,,,2026-10-10,2026-10-10T15:33:05-04:00,Batter damage by pitch type.
703607,henry bolte,R,SI,Sinker,19,24,10,0,1,3,0,1,8,115.1,84.99,-1.92,0.0,0.0526,0.0417,0.1579,0.0,0.0417,0.3333,2026-10-10,2026-10-10T15:33:05-04:00,Batter damage by pitch type.
703607,henry bolte,R,SL,Slider,4,3,1,0,1,1,0,1,1,113.7,93.7,-0.33,0.0,0.25,0.3333,0.25,0.0,0.3333,0.3333,2026-10-10,2026-10-10T15:33:05-04:00,Batter damage by pitch type.
703607,henry bolte,R,ST,Sweeper,8,8,4,0,0,0,0,2,2,95.7,82.44,3.12,0.0,0.0,0.0,0.0,0.0,0.25,0.25,2026-10-10,2026-10-10T15:33:05-04:00,Batter damage by pitch type.
703607,henry bolte,R,SV,Slurve,0,1,0,0,0,0,0,0,0,69.7,69.7,-1.0,,,0.0,,,0.0,0.0,2026-10-10,2026-10-10T15:33:05-04:00,Batter damage by pitch type.
800050,chase delauter,L,CH,Changeup,4,3,0,0,0,0,0,0,0,98.5,83.2,-9.67,0.0,0.0,0.0,0.0,0.0,0.0,0.0,2026-10-10,2026-10-10T15:33:05-04:00,Batter damage by pitch type.
800050,chase delauter,L,CU,Curveball,1,0,0,0,0,0,0,0,0,,,,0.0,0.0,,0.0,0.0,,,2026-10-10,2026-10-10T15:33:05-04:00,Batter damage by pitch type.
800050,chase delauter,L,FC,Cutter,9,16,10,0,0,3,1,3,6,105.2,84.74,9.44,0.0,0.0,0.0,0.3333,0.1111,0.1875,0.375,2026-10-10,2026-10-10T15:33:05-04:00,Batter damage by pitch type.
800050,chase delauter,L,FF,4-Seam Fastball,17,23,19,1,1,2,1,2,8,107.9,81.59,30.39,0.0588,0.0588,0.0435,0.1176,0.0588,0.087,0.3478,2026-10-10,2026-10-10T15:33:05-04:00,Batter damage by pitch type.
800050,chase delauter,L,FS,Split-Finger,2,2,1,0,0,1,0,0,1,97.7,94.45,10.0,0.0,0.0,0.0,0.5,0.0,0.0,0.5,2026-10-10,2026-10-10T15:33:05-04:00,Batter damage by pitch type.
800050,chase delauter,L,KC,Knuckle Curve,0,1,0,0,0,0,0,0,0,70.0,70.0,-44.0,,,0.0,,,0.0,0.0,2026-10-10,2026-10-10T15:33:05-04:00,Batter damage by pitch type.
800050,chase delauter,L,SI,Sinker,20,23,10,0,0,3,1,3,5,109.6,87.13,0.13,0.0,0.0,0.0,0.15,0.05,0.1304,0.2174,2026-10-10,2026-10-10T15:33:05-04:00,Batter damage by pitch type.
800050,chase delauter,L,SL,Slider,10,12,5,1,1,1,0,2,2,100.0,83.39,4.42,0.1,0.1,0.0833,0.1,0.0,0.1667,0.1667,2026-10-10,2026-10-10T15:33:05-04:00,Batter damage by pitch type.
800050,chase delauter,L,ST,Sweeper,7,7,4,0,0,1,0,0,3,105.1,88.11,19.86,0.0,0.0,0.0,0.1429,0.0,0.0,0.4286,2026-10-10,2026-10-10T15:33:05-04:00,Batter damage by pitch type.
800050,chase delauter,L,SV,Slurve,1,1,0,0,0,0,0,0,0,102.0,102.0,-14.0,0.0,0.0,0.0,0.0,0.0,0.0,0.0,2026-10-10,2026-10-10T15:33:05-04:00,Batter damage by pitch type.
800325,luis lara,L,CH,Changeup,2,3,1,0,0,0,0,0,0,100.0,78.9,4.33,0.0,0.0,0.0,0.0,0.0,0.0,0.0,2026-10-10,2026-10-10T15:33:05-04:00,Batter damage by pitch type.
800325,luis lara,L,CU,Curveball,1,0,0,0,0,0,0,0,0,,,,0.0,0.0,,0.0,0.0,,,2026-10-10,2026-10-10T15:33:05-04:00,Batter damage by pitch type.
800325,luis lara,L,FC,Cutter,3,5,3,0,0,0,0,0,3,96.0,84.14,8.6,0.0,0.0,0.0,0.0,0.0,0.0,0.6,2026-10-10,2026-10-10T15:33:05-04:00,Batter damage by pitch type.
800325,luis lara,L,FF,4-Seam Fastball,14,20,17,0,0,2,0,3,8,100.8,80.14,29.15,0.0,0.0,0.0,0.1429,0.0,0.15,0.4,2026-10-10,2026-10-10T15:33:05-04:00,Batter damage by pitch type.
800325,luis lara,L,FS,Split-Finger,0,0,0,0,0,0,0,0,0,,,,,,,,,,,2026-10-10,2026-10-10T15:33:05-04:00,Batter damage by pitch type.
800325,luis lara,L,KC,Knuckle Curve,0,0,0,0,0,0,0,0,0,,,,,,,,,,,2026-10-10,2026-10-10T15:33:05-04:00,Batter damage by pitch type.
800325,luis lara,L,SI,Sinker,3,5,2,0,0,0,0,0,1,103.0,82.78,-3.8,0.0,0.0,0.0,0.0,0.0,0.0,0.2,2026-10-10,2026-10-10T15:33:05-04:00,Batter damage by pitch type.
800325,luis lara,L,SL,Slider,3,3,2,0,0,1,0,1,2,103.7,88.93,9.33,0.0,0.0,0.0,0.3333,0.0,0.3333,0.6667,2026-10-10,2026-10-10T15:33:05-04:00,Batter damage by pitch type.
800325,luis lara,L,ST,Sweeper,2,2,1,0,0,0,0,0,0,83.5,74.4,15.0,0.0,0.0,0.0,0.0,0.0,0.0,0.0,2026-10-10,2026-10-10T15:33:05-04:00,Batter damage by pitch type.
800325,luis lara,R,CH,Changeup,3,3,0,0,0,0,0,0,0,104.9,87.7,-33.33,0.0,0.0,0.0,0.0,0.0,0.0,0.0,2026-10-10,2026-10-10T15:33:05-04:00,Batter damage by pitch type.
800325,luis lara,R,CU,Curveball,2,3,0,0,0,0,0,0,0,100.0,88.57,-28.67,0.0,0.0,0.0,0.0,0.0,0.0,0.0,2026-10-10,2026-10-10T15:33:05-04:00,Batter damage by pitch type.
800325,luis lara,R,FA,Other,1,1,1,0,0,0,0,0,0,52.1,52.1,62.0,0.0,0.0,0.0,0.0,0.0,0.0,0.0,2026-10-10,2026-10-10T15:33:05-04:00,Batter damage by pitch type.
800325,luis lara,R,FC,Cutter,2,2,2,0,0,0,0,0,0,59.6,51.35,54.0,0.0,0.0,0.0,0.0,0.0,0.0,0.0,2026-10-10,2026-10-10T15:33:05-04:00,Batter damage by pitch type.
800325,luis lara,R,FF,4-Seam Fastball,3,5,3,0,0,0,0,0,0,102.7,91.94,31.2,0.0,0.0,0.0,0.0,0.0,0.0,0.0,2026-10-10,2026-10-10T15:33:05-04:00,Batter damage by pitch type.
800325,luis lara,R,FS,Split-Finger,1,1,1,0,0,0,0,1,0,90.1,90.1,6.0,0.0,0.0,0.0,0.0,0.0,1.0,0.0,2026-10-10,2026-10-10T15:33:05-04:00,Batter damage by pitch type.
800325,luis lara,R,KN,Knuckleball,0,1,0,0,0,0,0,0,0,43.8,43.8,-38.0,,,0.0,,,0.0,0.0,2026-10-10,2026-10-10T15:33:05-04:00,Batter damage by pitch type.
800325,luis lara,R,SI,Sinker,6,7,5,0,0,0,0,0,3,99.1,82.51,8.0,0.0,0.0,0.0,0.0,0.0,0.0,0.4286,2026-10-10,2026-10-10T15:33:05-04:00,Batter damage by pitch type.
800325,luis lara,R,ST,Sweeper,2,1,1,0,0,0,0,1,0,77.9,77.9,59.0,0.0,0.0,0.0,0.0,0.0,1.0,0.0,2026-10-10,2026-10-10T15:33:05-04:00,Batter damage by pitch type.
800543,josue de paula,L,CH,Changeup,4,5,3,0,0,1,0,1,1,97.4,78.62,12.0,0.0,0.0,0.0,0.25,0.0,0.2,0.2,2026-10-10,2026-10-10T15:33:05-04:00,Batter damage by pitch type.
800543,josue de paula,L,CU,Curveball,1,0,0,0,0,0,0,0,0,,,,0.0,0.0,,0.0,0.0,,,2026-10-10,2026-10-10T15:33:05-04:00,Batter damage by pitch type.
800543,josue de paula,L,FC,Cutter,1,3,2,0,0,0,0,0,0,78.8,70.77,28.33,0.0,0.0,0.0,0.0,0.0,0.0,0.0,2026-10-10,2026-10-10T15:33:05-04:00,Batter damage by pitch type.
800543,josue de paula,L,FF,4-Seam Fastball,14,13,12,1,1,2,0,3,4,108.2,81.86,35.62,0.0714,0.0714,0.0769,0.1429,0.0,0.2308,0.3077,2026-10-10,2026-10-10T15:33:05-04:00,Batter damage by pitch type.
800543,josue de paula,L,FS,Split-Finger,2,2,1,0,1,1,1,1,1,101.9,89.8,10.5,0.0,0.5,0.5,0.5,0.5,0.5,0.5,2026-10-10,2026-10-10T15:33:05-04:00,Batter damage by pitch type.
800543,josue de paula,L,KC,Knuckle Curve,0,0,0,0,0,0,0,0,0,,,,,,,,,,,2026-10-10,2026-10-10T15:33:05-04:00,Batter damage by pitch type.
800543,josue de paula,L,SI,Sinker,14,16,9,0,0,3,0,3,6,102.2,87.95,8.88,0.0,0.0,0.0,0.2143,0.0,0.1875,0.375,2026-10-10,2026-10-10T15:33:05-04:00,Batter damage by pitch type.
800543,josue de paula,L,SL,Slider,6,6,4,0,1,2,0,4,3,107.0,83.73,7.83,0.0,0.1667,0.1667,0.3333,0.0,0.6667,0.5,2026-10-10,2026-10-10T15:33:05-04:00,Batter damage by pitch type.
800543,josue de paula,L,ST,Sweeper,2,0,0,0,0,0,0,0,0,,,,0.0,0.0,,0.0,0.0,,,2026-10-10,2026-10-10T15:33:05-04:00,Batter damage by pitch type.
801126,brock rodden,L,CH,Changeup,1,0,0,0,0,0,0,0,0,,,,0.0,0.0,,0.0,0.0,,,2026-10-10,2026-10-10T15:33:05-04:00,Batter damage by pitch type.
801126,brock rodden,L,CU,Curveball,0,0,0,0,0,0,0,0,0,,,,,,,,,,,2026-10-10,2026-10-10T15:33:05-04:00,Batter damage by pitch type.
801126,brock rodden,L,FC,Cutter,0,2,2,0,0,0,0,0,1,76.4,65.75,36.5,,,0.0,,,0.0,0.5,2026-10-10,2026-10-10T15:33:05-04:00,Batter damage by pitch type.
801126,brock rodden,L,FF,4-Seam Fastball,4,3,3,0,0,0,0,0,0,93.5,85.23,57.0,0.0,0.0,0.0,0.0,0.0,0.0,0.0,2026-10-10,2026-10-10T15:33:05-04:00,Batter damage by pitch type.
801126,brock rodden,L,FS,Split-Finger,1,2,1,0,0,0,0,0,0,80.8,53.3,13.5,0.0,0.0,0.0,0.0,0.0,0.0,0.0,2026-10-10,2026-10-10T15:33:05-04:00,Batter damage by pitch type.
801126,brock rodden,L,SI,Sinker,0,0,0,0,0,0,0,0,0,,,,,,,,,,,2026-10-10,2026-10-10T15:33:05-04:00,Batter damage by pitch type.
801126,brock rodden,L,SL,Slider,2,1,0,0,0,0,0,0,0,86.1,86.1,-17.0,0.0,0.0,0.0,0.0,0.0,0.0,0.0,2026-10-10,2026-10-10T15:33:05-04:00,Batter damage by pitch type.
801126,brock rodden,L,ST,Sweeper,3,3,2,0,1,1,1,1,1,102.0,85.87,14.0,0.0,0.3333,0.3333,0.3333,0.3333,0.3333,0.3333,2026-10-10,2026-10-10T15:33:05-04:00,Batter damage by pitch type.
801126,brock rodden,R,FA,Other,1,1,1,0,0,0,0,0,0,70.0,70.0,77.0,0.0,0.0,0.0,0.0,0.0,0.0,0.0,2026-10-10,2026-10-10T15:33:05-04:00,Batter damage by pitch type.
801501,nate furman,L,CU,Curveball,1,1,0,0,0,0,0,0,0,88.5,88.5,-1.0,0.0,0.0,0.0,0.0,0.0,0.0,0.0,2026-10-10,2026-10-10T15:33:05-04:00,Batter damage by pitch type.
801501,nate furman,L,FC,Cutter,0,0,0,0,0,0,0,0,0,,,,,,,,,,,2026-10-10,2026-10-10T15:33:05-04:00,Batter damage by pitch type.
801501,nate furman,L,FF,4-Seam Fastball,1,2,2,0,0,0,0,0,1,78.7,75.65,43.5,0.0,0.0,0.0,0.0,0.0,0.0,0.5,2026-10-10,2026-10-10T15:33:05-04:00,Batter damage by pitch type.
801501,nate furman,L,SI,Sinker,0,1,1,0,0,0,0,0,1,80.5,80.5,21.0,,,0.0,,,0.0,1.0,2026-10-10,2026-10-10T15:33:05-04:00,Batter damage by pitch type.
801501,nate furman,L,SL,Slider,1,0,0,0,0,0,0,0,0,,,,0.0,0.0,,0.0,0.0,,,2026-10-10,2026-10-10T15:33:05-04:00,Batter damage by pitch type.
801501,nate furman,L,ST,Sweeper,1,0,0,0,0,0,0,0,0,,,,0.0,0.0,,0.0,0.0,,,2026-10-10,2026-10-10T15:33:05-04:00,Batter damage by pitch type.
802139,jj wetherholt,L,CH,Changeup,3,4,3,0,0,1,0,1,1,96.1,80.75,28.5,0.0,0.0,0.0,0.3333,0.0,0.25,0.25,2026-10-10,2026-10-10T15:33:05-04:00,Batter damage by pitch type.
802139,jj wetherholt,L,CU,Curveball,4,3,1,0,0,0,0,1,1,89.5,83.9,-12.67,0.0,0.0,0.0,0.0,0.0,0.3333,0.3333,2026-10-10,2026-10-10T15:33:05-04:00,Batter damage by pitch type.
802139,jj wetherholt,L,FC,Cutter,1,0,0,0,0,0,0,0,0,,,,0.0,0.0,,0.0,0.0,,,2026-10-10,2026-10-10T15:33:05-04:00,Batter damage by pitch type.
802139,jj wetherholt,L,FF,4-Seam Fastball,13,19,11,0,1,4,1,1,3,102.8,84.28,16.84,0.0,0.0769,0.0526,0.3077,0.0769,0.0526,0.1579,2026-10-10,2026-10-10T15:33:05-04:00,Batter damage by pitch type.
802139,jj wetherholt,L,FS,Split-Finger,1,1,0,0,0,0,0,0,0,95.5,95.5,-10.0,0.0,0.0,0.0,0.0,0.0,0.0,0.0,2026-10-10,2026-10-10T15:33:05-04:00,Batter damage by pitch type.
802139,jj wetherholt,L,KC,Knuckle Curve,1,0,0,0,0,0,0,0,0,,,,0.0,0.0,,0.0,0.0,,,2026-10-10,2026-10-10T15:33:05-04:00,Batter damage by pitch type.
802139,jj wetherholt,L,SI,Sinker,4,7,3,0,0,1,0,0,3,98.3,69.29,-2.86,0.0,0.0,0.0,0.25,0.0,0.0,0.4286,2026-10-10,2026-10-10T15:33:05-04:00,Batter damage by pitch type.
802139,jj wetherholt,L,SL,Slider,3,4,2,0,0,1,0,2,1,95.8,79.4,-0.75,0.0,0.0,0.0,0.3333,0.0,0.5,0.25,2026-10-10,2026-10-10T15:33:05-04:00,Batter damage by pitch type.
802139,jj wetherholt,L,ST,Sweeper,3,3,1,0,0,1,0,1,1,98.5,88.47,12.67,0.0,0.0,0.0,0.3333,0.0,0.3333,0.3333,2026-10-10,2026-10-10T15:33:05-04:00,Batter damage by pitch type.
802139,jj wetherholt,L,SV,Slurve,0,0,0,0,0,0,0,0,0,,,,,,,,,,,2026-10-10,2026-10-10T15:33:05-04:00,Batter damage by pitch type.
802415,chandler simpson,L,CH,Changeup,8,9,4,0,0,0,0,2,2,98.4,67.53,1.33,0.0,0.0,0.0,0.0,0.0,0.2222,0.2222,2026-10-10,2026-10-10T15:33:05-04:00,Batter damage by pitch type.
802415,chandler simpson,L,CU,Curveball,2,2,2,0,0,0,0,2,1,91.4,90.75,26.5,0.0,0.0,0.0,0.0,0.0,1.0,0.5,2026-10-10,2026-10-10T15:33:05-04:00,Batter damage by pitch type.
802415,chandler simpson,L,FC,Cutter,4,6,1,0,0,0,0,1,1,99.1,89.0,-12.17,0.0,0.0,0.0,0.0,0.0,0.1667,0.1667,2026-10-10,2026-10-10T15:33:05-04:00,Batter damage by pitch type.
802415,chandler simpson,L,FF,4-Seam Fastball,20,24,14,0,0,2,0,1,7,101.5,80.31,11.17,0.0,0.0,0.0,0.1,0.0,0.0417,0.2917,2026-10-10,2026-10-10T15:33:05-04:00,Batter damage by pitch type.
802415,chandler simpson,L,FS,Split-Finger,0,0,0,0,0,0,0,0,0,,,,,,,,,,,2026-10-10,2026-10-10T15:33:05-04:00,Batter damage by pitch type.
802415,chandler simpson,L,SI,Sinker,20,31,9,0,0,0,0,0,2,105.3,78.48,-5.61,0.0,0.0,0.0,0.0,0.0,0.0,0.0645,2026-10-10,2026-10-10T15:33:05-04:00,Batter damage by pitch type.
802415,chandler simpson,L,SL,Slider,6,6,2,0,0,0,0,1,2,89.8,75.73,-9.67,0.0,0.0,0.0,0.0,0.0,0.1667,0.3333,2026-10-10,2026-10-10T15:33:05-04:00,Batter damage by pitch type.
802415,chandler simpson,L,ST,Sweeper,3,4,2,0,0,0,0,0,0,82.8,69.35,29.5,0.0,0.0,0.0,0.0,0.0,0.0,0.0,2026-10-10,2026-10-10T15:33:05-04:00,Batter damage by pitch type.
803011,sam antonacci,L,CH,Changeup,5,4,1,0,0,1,0,0,1,95.4,75.3,-9.75,0.0,0.0,0.0,0.2,0.0,0.0,0.25,2026-10-10,2026-10-10T15:33:05-04:00,Batter damage by pitch type.
803011,sam antonacci,L,CU,Curveball,6,5,2,0,0,1,0,1,2,100.2,81.38,-3.6,0.0,0.0,0.0,0.1667,0.0,0.2,0.4,2026-10-10,2026-10-10T15:33:05-04:00,Batter damage by pitch type.
803011,sam antonacci,L,FC,Cutter,8,12,6,0,0,4,1,1,3,104.0,85.63,11.75,0.0,0.0,0.0,0.5,0.125,0.0833,0.25,2026-10-10,2026-10-10T15:33:05-04:00,Batter damage by pitch type.
803011,sam antonacci,L,FF,4-Seam Fastball,26,45,40,0,2,9,0,5,21,102.5,83.85,26.76,0.0,0.0769,0.0444,0.3462,0.0,0.1111,0.4667,2026-10-10,2026-10-10T15:33:05-04:00,Batter damage by pitch type.
803011,sam antonacci,L,FS,Split-Finger,1,2,0,0,0,0,0,0,1,88.3,85.2,-12.5,0.0,0.0,0.0,0.0,0.0,0.0,0.5,2026-10-10,2026-10-10T15:33:05-04:00,Batter damage by pitch type.
803011,sam antonacci,L,KC,Knuckle Curve,5,3,1,0,0,1,0,1,1,98.1,88.0,-12.33,0.0,0.0,0.0,0.2,0.0,0.3333,0.3333,2026-10-10,2026-10-10T15:33:05-04:00,Batter damage by pitch type.
803011,sam antonacci,L,SI,Sinker,11,11,6,0,0,1,0,3,5,101.9,89.75,8.18,0.0,0.0,0.0,0.0909,0.0,0.2727,0.4545,2026-10-10,2026-10-10T15:33:05-04:00,Batter damage by pitch type.
803011,sam antonacci,L,SL,Slider,9,12,9,0,0,2,0,0,5,102.5,81.92,15.92,0.0,0.0,0.0,0.2222,0.0,0.0,0.4167,2026-10-10,2026-10-10T15:33:05-04:00,Batter damage by pitch type.
803011,sam antonacci,L,ST,Sweeper,7,6,3,0,1,1,1,1,1,105.5,86.4,23.67,0.0,0.1429,0.1667,0.1429,0.1429,0.1667,0.1667,2026-10-10,2026-10-10T15:33:05-04:00,Batter damage by pitch type.
803011,sam antonacci,L,SV,Slurve,0,0,0,0,0,0,0,0,0,,,,,,,,,,,2026-10-10,2026-10-10T15:33:05-04:00,Batter damage by pitch type.
804606,konnor griffin,R,CH,Changeup,10,15,7,0,0,0,0,0,6,109.0,77.81,9.53,0.0,0.0,0.0,0.0,0.0,0.0,0.4,2026-10-10,2026-10-10T15:33:05-04:00,Batter damage by pitch type.
804606,konnor griffin,R,CU,Curveball,4,8,3,0,0,1,1,0,2,108.1,80.75,-2.0,0.0,0.0,0.0,0.25,0.25,0.0,0.25,2026-10-10,2026-10-10T15:33:05-04:00,Batter damage by pitch type.
804606,konnor griffin,R,FC,Cutter,5,10,8,0,0,1,0,1,2,107.1,77.87,26.3,0.0,0.0,0.0,0.2,0.0,0.1,0.2,2026-10-10,2026-10-10T15:33:05-04:00,Batter damage by pitch type.
804606,konnor griffin,R,FF,4-Seam Fastball,23,32,27,1,2,6,3,6,16,107.9,82.52,24.72,0.0435,0.087,0.0625,0.2609,0.1304,0.1875,0.5,2026-10-10,2026-10-10T15:33:05-04:00,Batter damage by pitch type.
804606,konnor griffin,R,FS,Split-Finger,1,3,3,0,0,0,0,1,1,89.5,76.37,38.67,0.0,0.0,0.0,0.0,0.0,0.3333,0.3333,2026-10-10,2026-10-10T15:33:05-04:00,Batter damage by pitch type.
804606,konnor griffin,R,KC,Knuckle Curve,1,0,0,0,0,0,0,0,0,,,,0.0,0.0,,0.0,0.0,,,2026-10-10,2026-10-10T15:33:05-04:00,Batter damage by pitch type.
804606,konnor griffin,R,SI,Sinker,14,19,9,0,0,2,0,0,3,108.1,86.03,4.47,0.0,0.0,0.0,0.1429,0.0,0.0,0.1579,2026-10-10,2026-10-10T15:33:05-04:00,Batter damage by pitch type.
804606,konnor griffin,R,SL,Slider,9,13,10,0,0,4,1,2,5,107.6,87.66,17.54,0.0,0.0,0.0,0.4444,0.1111,0.1538,0.3846,2026-10-10,2026-10-10T15:33:05-04:00,Batter damage by pitch type.
804606,konnor griffin,R,ST,Sweeper,4,7,3,0,0,0,0,0,0,89.6,79.29,5.29,0.0,0.0,0.0,0.0,0.0,0.0,0.0,2026-10-10,2026-10-10T15:33:05-04:00,Batter damage by pitch type.
804668,rafael flores,R,CH,Changeup,3,6,1,0,0,0,0,0,1,89.5,72.28,-24.67,0.0,0.0,0.0,0.0,0.0,0.0,0.1667,2026-10-10,2026-10-10T15:33:05-04:00,Batter damage by pitch type.
804668,rafael flores,R,CU,Curveball,2,1,0,0,0,0,0,0,0,64.5,64.5,-36.0,0.0,0.0,0.0,0.0,0.0,0.0,0.0,2026-10-10,2026-10-10T15:33:05-04:00,Batter damage by pitch type.
804668,rafael flores,R,FC,Cutter,6,4,1,0,0,0,0,0,0,93.0,87.33,3.0,0.0,0.0,0.0,0.0,0.0,0.0,0.0,2026-10-10,2026-10-10T15:33:05-04:00,Batter damage by pitch type.
804668,rafael flores,R,FF,4-Seam Fastball,12,19,17,1,1,4,1,4,7,105.1,85.97,37.11,0.0833,0.0833,0.0526,0.3333,0.0833,0.2105,0.3684,2026-10-10,2026-10-10T15:33:05-04:00,Batter damage by pitch type.
804668,rafael flores,R,FS,Split-Finger,2,2,0,0,0,0,0,0,1,75.2,68.75,-5.5,0.0,0.0,0.0,0.0,0.0,0.0,0.5,2026-10-10,2026-10-10T15:33:05-04:00,Batter damage by pitch type.
804668,rafael flores,R,KC,Knuckle Curve,2,1,1,0,0,0,0,0,1,76.4,76.4,24.0,0.0,0.0,0.0,0.0,0.0,0.0,1.0,2026-10-10,2026-10-10T15:33:05-04:00,Batter damage by pitch type.
804668,rafael flores,R,SI,Sinker,12,11,4,1,1,2,1,1,3,107.6,91.07,5.91,0.0833,0.0833,0.0909,0.1667,0.0833,0.0909,0.2727,2026-10-10,2026-10-10T15:33:05-04:00,Batter damage by pitch type.
804668,rafael flores,R,SL,Slider,6,9,5,1,2,3,2,3,4,110.2,83.17,4.33,0.1667,0.3333,0.2222,0.5,0.3333,0.3333,0.4444,2026-10-10,2026-10-10T15:33:05-04:00,Batter damage by pitch type.
804668,rafael flores,R,ST,Sweeper,1,2,1,0,0,1,0,1,0,104.3,79.7,13.0,0.0,0.0,0.0,1.0,0.0,0.5,0.0,2026-10-10,2026-10-10T15:33:05-04:00,Batter damage by pitch type.
804668,rafael flores,R,SV,Slurve,2,0,0,0,0,0,0,0,0,,,,0.0,0.0,,0.0,0.0,,,2026-10-10,2026-10-10T15:33:05-04:00,Batter damage by pitch type.
805249,otto kemp,R,FF,4-Seam Fastball,0,0,0,0,0,0,0,0,0,,,,,,,,,,,2026-10-10,2026-10-10T15:33:05-04:00,Batter damage by pitch type.
805249,otto kemp,R,SL,Slider,1,1,0,0,0,0,0,0,0,84.1,84.1,-26.0,0.0,0.0,0.0,0.0,0.0,0.0,0.0,2026-10-10,2026-10-10T15:33:05-04:00,Batter damage by pitch type.
805300,jakob marsee,L,CH,Changeup,6,5,1,0,0,0,0,0,0,100.8,75.92,-7.0,0.0,0.0,0.0,0.0,0.0,0.0,0.0,2026-10-10,2026-10-10T15:33:05-04:00,Batter damage by pitch type.
805300,jakob marsee,L,CU,Curveball,4,6,4,1,0,1,0,2,2,96.3,76.87,11.0,0.25,0.0,0.0,0.25,0.0,0.3333,0.3333,2026-10-10,2026-10-10T15:33:05-04:00,Batter damage by pitch type.
805300,jakob marsee,L,FC,Cutter,4,5,3,0,0,0,0,0,1,89.1,72.82,31.2,0.0,0.0,0.0,0.0,0.0,0.0,0.2,2026-10-10,2026-10-10T15:33:05-04:00,Batter damage by pitch type.
805300,jakob marsee,L,FF,4-Seam Fastball,24,30,26,1,1,1,1,5,12,103.9,79.9,31.27,0.0417,0.0417,0.0333,0.0417,0.0417,0.1667,0.4,2026-10-10,2026-10-10T15:33:05-04:00,Batter damage by pitch type.
805300,jakob marsee,L,FS,Split-Finger,3,2,2,0,0,1,0,1,1,96.3,83.75,30.5,0.0,0.0,0.0,0.3333,0.0,0.5,0.5,2026-10-10,2026-10-10T15:33:05-04:00,Batter damage by pitch type.
805300,jakob marsee,L,KC,Knuckle Curve,1,0,0,0,0,0,0,0,0,,,,0.0,0.0,,0.0,0.0,,,2026-10-10,2026-10-10T15:33:05-04:00,Batter damage by pitch type.
805300,jakob marsee,L,SI,Sinker,7,12,6,0,0,2,1,1,4,101.5,79.46,6.17,0.0,0.0,0.0,0.2857,0.1429,0.0833,0.3333,2026-10-10,2026-10-10T15:33:05-04:00,Batter damage by pitch type.
805300,jakob marsee,L,SL,Slider,7,16,10,0,1,2,0,3,6,99.7,75.53,10.31,0.0,0.1429,0.0625,0.2857,0.0,0.1875,0.375,2026-10-10,2026-10-10T15:33:05-04:00,Batter damage by pitch type.
805300,jakob marsee,L,ST,Sweeper,0,3,2,0,0,0,0,0,0,78.8,74.37,29.33,,,0.0,,,0.0,0.0,2026-10-10,2026-10-10T15:33:05-04:00,Batter damage by pitch type.
805300,jakob marsee,L,SV,Slurve,1,0,0,0,0,0,0,0,0,,,,0.0,0.0,,0.0,0.0,,,2026-10-10,2026-10-10T15:33:05-04:00,Batter damage by pitch type.
805346,ben ross,R,CH,Changeup,6,6,2,0,1,1,0,2,3,98.5,77.22,-4.83,0.0,0.1667,0.1667,0.1667,0.0,0.3333,0.5,2026-10-10,2026-10-10T15:33:05-04:00,Batter damage by pitch type.
805346,ben ross,R,CU,Curveball,0,0,0,0,0,0,0,0,0,,,,,,,,,,,2026-10-10,2026-10-10T15:33:05-04:00,Batter damage by pitch type.
805346,ben ross,R,FC,Cutter,2,2,1,0,0,0,0,0,0,83.4,82.45,27.0,0.0,0.0,0.0,0.0,0.0,0.0,0.0,2026-10-10,2026-10-10T15:33:05-04:00,Batter damage by pitch type.
805346,ben ross,R,FF,4-Seam Fastball,5,3,3,0,1,2,1,1,2,100.6,81.8,30.0,0.0,0.2,0.3333,0.4,0.2,0.3333,0.6667,2026-10-10,2026-10-10T15:33:05-04:00,Batter damage by pitch type.
805346,ben ross,R,SI,Sinker,1,2,0,0,0,0,0,0,0,96.3,91.05,-12.5,0.0,0.0,0.0,0.0,0.0,0.0,0.0,2026-10-10,2026-10-10T15:33:05-04:00,Batter damage by pitch type.
805346,ben ross,R,SL,Slider,3,3,1,0,0,0,0,0,0,77.9,48.3,3.67,0.0,0.0,0.0,0.0,0.0,0.0,0.0,2026-10-10,2026-10-10T15:33:05-04:00,Batter damage by pitch type.
805346,ben ross,R,ST,Sweeper,0,2,1,0,0,0,0,0,0,66.9,66.3,31.5,,,0.0,,,0.0,0.0,2026-10-10,2026-10-10T15:33:05-04:00,Batter damage by pitch type.
805367,chase meidroth,R,CH,Changeup,17,16,9,2,2,2,2,6,8,103.9,78.61,3.94,0.1176,0.1176,0.125,0.1176,0.1176,0.375,0.5,2026-10-10,2026-10-10T15:33:05-04:00,Batter damage by pitch type.
805367,chase meidroth,R,CU,Curveball,5,10,2,0,0,1,0,2,3,110.2,81.28,-17.3,0.0,0.0,0.0,0.2,0.0,0.2,0.3,2026-10-10,2026-10-10T15:33:05-04:00,Batter damage by pitch type.
805367,chase meidroth,R,FC,Cutter,3,7,6,0,0,2,0,1,3,101.3,81.96,29.29,0.0,0.0,0.0,0.6667,0.0,0.1429,0.4286,2026-10-10,2026-10-10T15:33:05-04:00,Batter damage by pitch type.
805367,chase meidroth,R,FF,4-Seam Fastball,31,41,28,2,2,6,3,7,11,103.7,84.87,22.37,0.0645,0.0645,0.0488,0.1935,0.0968,0.1707,0.2683,2026-10-10,2026-10-10T15:33:05-04:00,Batter damage by pitch type.
805367,chase meidroth,R,FS,Split-Finger,3,6,3,0,0,0,0,0,1,98.9,75.97,20.5,0.0,0.0,0.0,0.0,0.0,0.0,0.1667,2026-10-10,2026-10-10T15:33:05-04:00,Batter damage by pitch type.
805367,chase meidroth,R,KC,Knuckle Curve,2,2,1,0,0,1,1,0,1,101.1,79.35,-13.5,0.0,0.0,0.0,0.5,0.5,0.0,0.5,2026-10-10,2026-10-10T15:33:05-04:00,Batter damage by pitch type.
805367,chase meidroth,R,SI,Sinker,9,8,5,0,0,0,0,2,2,97.7,79.62,22.12,0.0,0.0,0.0,0.0,0.0,0.25,0.25,2026-10-10,2026-10-10T15:33:05-04:00,Batter damage by pitch type.
805367,chase meidroth,R,SL,Slider,10,12,5,1,1,2,1,4,3,102.0,84.69,3.17,0.1,0.1,0.0833,0.2,0.1,0.3333,0.25,2026-10-10,2026-10-10T15:33:05-04:00,Batter damage by pitch type.
805367,chase meidroth,R,ST,Sweeper,5,9,5,0,0,0,0,1,2,94.4,65.98,7.22,0.0,0.0,0.0,0.0,0.0,0.1111,0.2222,2026-10-10,2026-10-10T15:33:05-04:00,Batter damage by pitch type.
805367,chase meidroth,R,SV,Slurve,0,0,0,0,0,0,0,0,0,,,,,,,,,,,2026-10-10,2026-10-10T15:33:05-04:00,Batter damage by pitch type.
805805,walker jenkins,L,CH,Changeup,6,7,3,0,0,1,0,1,1,101.0,78.6,11.0,0.0,0.0,0.0,0.1667,0.0,0.1429,0.1429,2026-10-10,2026-10-10T15:33:05-04:00,Batter damage by pitch type.
805805,walker jenkins,L,CU,Curveball,6,5,3,1,2,2,2,2,2,105.2,91.48,14.2,0.1667,0.3333,0.4,0.3333,0.3333,0.4,0.4,2026-10-10,2026-10-10T15:33:05-04:00,Batter damage by pitch type.
805805,walker jenkins,L,FC,Cutter,3,5,2,0,0,0,0,0,0,105.4,81.68,21.4,0.0,0.0,0.0,0.0,0.0,0.0,0.0,2026-10-10,2026-10-10T15:33:05-04:00,Batter damage by pitch type.
805805,walker jenkins,L,FF,4-Seam Fastball,15,26,19,2,2,2,2,4,9,103.4,81.55,24.58,0.1333,0.1333,0.0769,0.1333,0.1333,0.1538,0.3462,2026-10-10,2026-10-10T15:33:05-04:00,Batter damage by pitch type.
805805,walker jenkins,L,FS,Split-Finger,0,1,0,0,0,0,0,0,0,93.5,93.5,-15.0,,,0.0,,,0.0,0.0,2026-10-10,2026-10-10T15:33:05-04:00,Batter damage by pitch type.
805805,walker jenkins,L,SI,Sinker,6,6,4,0,0,1,0,0,2,99.8,87.77,11.5,0.0,0.0,0.0,0.1667,0.0,0.0,0.3333,2026-10-10,2026-10-10T15:33:05-04:00,Batter damage by pitch type.
805805,walker jenkins,L,SL,Slider,9,9,7,0,0,1,0,5,4,97.1,88.26,16.89,0.0,0.0,0.0,0.1111,0.0,0.5556,0.4444,2026-10-10,2026-10-10T15:33:05-04:00,Batter damage by pitch type.
805805,walker jenkins,L,ST,Sweeper,7,10,6,0,0,1,0,2,0,96.8,69.7,23.4,0.0,0.0,0.0,0.1429,0.0,0.2,0.0,2026-10-10,2026-10-10T15:33:05-04:00,Batter damage by pitch type.
805805,walker jenkins,L,SV,Slurve,0,0,0,0,0,0,0,0,0,,,,,,,,,,,2026-10-10,2026-10-10T15:33:05-04:00,Batter damage by pitch type.
805808,kevin mcgonigle,L,CH,Changeup,5,6,4,1,2,2,1,3,4,106.0,92.22,7.83,0.2,0.4,0.3333,0.4,0.2,0.5,0.6667,2026-10-10,2026-10-10T15:33:05-04:00,Batter damage by pitch type.
805808,kevin mcgonigle,L,CU,Curveball,3,6,3,0,0,0,0,1,0,87.9,75.35,6.17,0.0,0.0,0.0,0.0,0.0,0.1667,0.0,2026-10-10,2026-10-10T15:33:05-04:00,Batter damage by pitch type.
805808,kevin mcgonigle,L,FC,Cutter,6,5,4,0,0,1,0,2,2,103.0,72.24,15.4,0.0,0.0,0.0,0.1667,0.0,0.4,0.4,2026-10-10,2026-10-10T15:33:05-04:00,Batter damage by pitch type.
805808,kevin mcgonigle,L,FF,4-Seam Fastball,28,34,20,1,1,4,1,0,16,103.3,83.5,17.68,0.0357,0.0357,0.0294,0.1429,0.0357,0.0,0.4706,2026-10-10,2026-10-10T15:33:05-04:00,Batter damage by pitch type.
805808,kevin mcgonigle,L,FS,Split-Finger,1,1,0,0,0,0,0,0,0,33.0,33.0,-72.0,0.0,0.0,0.0,0.0,0.0,0.0,0.0,2026-10-10,2026-10-10T15:33:05-04:00,Batter damage by pitch type.
805808,kevin mcgonigle,L,KC,Knuckle Curve,1,1,1,0,0,1,0,1,1,99.9,99.9,12.0,0.0,0.0,0.0,1.0,0.0,1.0,1.0,2026-10-10,2026-10-10T15:33:05-04:00,Batter damage by pitch type.
805808,kevin mcgonigle,L,SI,Sinker,12,21,15,0,0,6,0,4,9,105.1,82.8,16.52,0.0,0.0,0.0,0.5,0.0,0.1905,0.4286,2026-10-10,2026-10-10T15:33:05-04:00,Batter damage by pitch type.
805808,kevin mcgonigle,L,SL,Slider,8,9,3,0,0,3,0,2,2,98.7,77.9,-14.0,0.0,0.0,0.0,0.375,0.0,0.2222,0.2222,2026-10-10,2026-10-10T15:33:05-04:00,Batter damage by pitch type.
805808,kevin mcgonigle,L,ST,Sweeper,8,9,6,0,2,5,3,3,4,103.8,90.6,8.33,0.0,0.25,0.2222,0.625,0.375,0.3333,0.4444,2026-10-10,2026-10-10T15:33:05-04:00,Batter damage by pitch type.
805808,kevin mcgonigle,L,SV,Slurve,0,0,0,0,0,0,0,0,0,,,,,,,,,,,2026-10-10,2026-10-10T15:33:05-04:00,Batter damage by pitch type.
805811,bryce eldridge,L,CH,Changeup,2,3,0,0,0,0,0,0,0,103.3,81.33,-15.0,0.0,0.0,0.0,0.0,0.0,0.0,0.0,2026-10-10,2026-10-10T15:33:05-04:00,Batter damage by pitch type.
805811,bryce eldridge,L,CU,Curveball,2,3,2,0,1,1,1,1,2,105.6,87.17,18.67,0.0,0.5,0.3333,0.5,0.5,0.3333,0.6667,2026-10-10,2026-10-10T15:33:05-04:00,Batter damage by pitch type.
805811,bryce eldridge,L,FC,Cutter,1,0,0,0,0,0,0,0,0,,,,0.0,0.0,,0.0,0.0,,,2026-10-10,2026-10-10T15:33:05-04:00,Batter damage by pitch type.
805811,bryce eldridge,L,FF,4-Seam Fastball,10,10,5,0,0,0,0,1,3,100.7,89.37,17.5,0.0,0.0,0.0,0.0,0.0,0.1,0.3,2026-10-10,2026-10-10T15:33:05-04:00,Batter damage by pitch type.
805811,bryce eldridge,L,FS,Split-Finger,0,0,0,0,0,0,0,0,0,,,,,,,,,,,2026-10-10,2026-10-10T15:33:05-04:00,Batter damage by pitch type.
805811,bryce eldridge,L,KC,Knuckle Curve,1,0,0,0,0,0,0,0,0,,,,0.0,0.0,,0.0,0.0,,,2026-10-10,2026-10-10T15:33:05-04:00,Batter damage by pitch type.
805811,bryce eldridge,L,PO,Pitch Out,0,0,0,0,0,0,0,0,0,,,,,,,,,,,2026-10-10,2026-10-10T15:33:05-04:00,Batter damage by pitch type.
805811,bryce eldridge,L,SI,Sinker,2,8,5,0,0,1,0,1,1,109.2,85.53,24.88,0.0,0.0,0.0,0.5,0.0,0.125,0.125,2026-10-10,2026-10-10T15:33:05-04:00,Batter damage by pitch type.
805811,bryce eldridge,L,SL,Slider,10,7,4,1,1,2,1,2,2,112.7,88.73,15.29,0.1,0.1,0.1429,0.2,0.1,0.2857,0.2857,2026-10-10,2026-10-10T15:33:05-04:00,Batter damage by pitch type.
805811,bryce eldridge,L,ST,Sweeper,0,0,0,0,0,0,0,0,0,,,,,,,,,,,2026-10-10,2026-10-10T15:33:05-04:00,Batter damage by pitch type.
805999,a. j. ewing,L,CH,Changeup,7,6,1,0,0,0,0,1,0,87.5,58.73,-5.33,0.0,0.0,0.0,0.0,0.0,0.1667,0.0,2026-10-10,2026-10-10T15:33:05-04:00,Batter damage by pitch type.
805999,a. j. ewing,L,CU,Curveball,5,5,5,2,2,2,2,2,4,104.7,89.2,27.4,0.4,0.4,0.4,0.4,0.4,0.4,0.8,2026-10-10,2026-10-10T15:33:05-04:00,Batter damage by pitch type.
805999,a. j. ewing,L,FC,Cutter,2,8,6,0,0,0,0,0,1,97.8,78.5,36.25,0.0,0.0,0.0,0.0,0.0,0.0,0.125,2026-10-10,2026-10-10T15:33:05-04:00,Batter damage by pitch type.
805999,a. j. ewing,L,FF,4-Seam Fastball,17,16,11,1,2,5,2,2,9,107.1,88.26,14.31,0.0588,0.1176,0.125,0.2941,0.1176,0.125,0.5625,2026-10-10,2026-10-10T15:33:05-04:00,Batter damage by pitch type.
805999,a. j. ewing,L,FS,Split-Finger,1,2,0,0,0,0,0,0,0,72.4,63.7,-24.0,0.0,0.0,0.0,0.0,0.0,0.0,0.0,2026-10-10,2026-10-10T15:33:05-04:00,Batter damage by pitch type.
805999,a. j. ewing,L,KC,Knuckle Curve,2,2,1,0,0,0,0,0,1,93.5,85.7,9.0,0.0,0.0,0.0,0.0,0.0,0.0,0.5,2026-10-10,2026-10-10T15:33:05-04:00,Batter damage by pitch type.
805999,a. j. ewing,L,SI,Sinker,14,15,7,0,0,2,0,2,4,106.6,86.94,-2.6,0.0,0.0,0.0,0.1429,0.0,0.1333,0.2667,2026-10-10,2026-10-10T15:33:05-04:00,Batter damage by pitch type.
805999,a. j. ewing,L,SL,Slider,9,11,5,0,0,1,0,2,3,103.7,80.64,8.18,0.0,0.0,0.0,0.1111,0.0,0.1818,0.2727,2026-10-10,2026-10-10T15:33:05-04:00,Batter damage by pitch type.
805999,a. j. ewing,L,ST,Sweeper,5,3,2,0,1,1,0,0,2,98.9,79.1,9.33,0.0,0.2,0.3333,0.2,0.0,0.0,0.6667,2026-10-10,2026-10-10T15:33:05-04:00,Batter damage by pitch type.
806146,george lombard,R,CH,Changeup,4,8,4,0,0,1,0,1,2,102.7,75.32,-1.0,0.0,0.0,0.0,0.25,0.0,0.125,0.25,2026-10-10,2026-10-10T15:33:05-04:00,Batter damage by pitch type.
806146,george lombard,R,CU,Curveball,6,4,3,1,1,1,1,1,1,103.8,84.25,29.5,0.1667,0.1667,0.25,0.1667,0.1667,0.25,0.25,2026-10-10,2026-10-10T15:33:05-04:00,Batter damage by pitch type.
806146,george lombard,R,FC,Cutter,8,20,10,1,1,2,1,3,6,108.7,81.25,12.1,0.125,0.125,0.05,0.25,0.125,0.15,0.3,2026-10-10,2026-10-10T15:33:05-04:00,Batter damage by pitch type.
806146,george lombard,R,FF,4-Seam Fastball,16,19,15,0,3,5,1,2,6,111.1,90.39,32.26,0.0,0.1875,0.1579,0.3125,0.0625,0.1053,0.3158,2026-10-10,2026-10-10T15:33:05-04:00,Batter damage by pitch type.
806146,george lombard,R,FS,Split-Finger,1,0,0,0,0,0,0,0,0,,,,0.0,0.0,,0.0,0.0,,,2026-10-10,2026-10-10T15:33:05-04:00,Batter damage by pitch type.
806146,george lombard,R,SI,Sinker,33,40,19,2,3,7,2,5,7,110.2,83.34,12.78,0.0606,0.0909,0.075,0.2121,0.0606,0.125,0.175,2026-10-10,2026-10-10T15:33:05-04:00,Batter damage by pitch type.
806146,george lombard,R,SL,Slider,4,3,2,0,0,1,0,1,2,102.0,95.33,9.0,0.0,0.0,0.0,0.25,0.0,0.3333,0.6667,2026-10-10,2026-10-10T15:33:05-04:00,Batter damage by pitch type.
806146,george lombard,R,ST,Sweeper,6,4,3,0,0,0,0,2,2,94.4,82.72,13.5,0.0,0.0,0.0,0.0,0.0,0.5,0.5,2026-10-10,2026-10-10T15:33:05-04:00,Batter damage by pitch type.
806198,cooper pratt,R,CH,Changeup,9,11,4,0,0,0,0,1,3,102.2,82.39,-0.55,0.0,0.0,0.0,0.0,0.0,0.0909,0.2727,2026-10-10,2026-10-10T15:33:05-04:00,Batter damage by pitch type.
806198,cooper pratt,R,CU,Curveball,5,3,2,0,0,1,0,0,2,99.9,95.93,20.67,0.0,0.0,0.0,0.2,0.0,0.0,0.6667,2026-10-10,2026-10-10T15:33:05-04:00,Batter damage by pitch type.
806198,cooper pratt,R,EP,Eephus,1,1,1,0,0,1,0,0,1,104.8,104.8,9.0,0.0,0.0,0.0,1.0,0.0,0.0,1.0,2026-10-10,2026-10-10T15:33:05-04:00,Batter damage by pitch type.
806198,cooper pratt,R,FC,Cutter,3,7,3,0,0,1,0,1,2,100.7,83.99,1.71,0.0,0.0,0.0,0.3333,0.0,0.1429,0.2857,2026-10-10,2026-10-10T15:33:05-04:00,Batter damage by pitch type.
806198,cooper pratt,R,FF,4-Seam Fastball,15,18,12,0,0,0,0,1,6,98.1,84.09,21.06,0.0,0.0,0.0,0.0,0.0,0.0556,0.3333,2026-10-10,2026-10-10T15:33:05-04:00,Batter damage by pitch type.
806198,cooper pratt,R,FS,Split-Finger,2,5,3,0,0,0,0,0,2,89.1,80.2,3.6,0.0,0.0,0.0,0.0,0.0,0.0,0.4,2026-10-10,2026-10-10T15:33:05-04:00,Batter damage by pitch type.
806198,cooper pratt,R,KC,Knuckle Curve,0,1,1,0,0,0,0,0,1,39.9,39.9,23.0,,,0.0,,,0.0,1.0,2026-10-10,2026-10-10T15:33:05-04:00,Batter damage by pitch type.
806198,cooper pratt,R,SI,Sinker,17,20,6,0,1,4,0,0,6,102.8,84.11,-9.95,0.0,0.0588,0.05,0.2353,0.0,0.0,0.3,2026-10-10,2026-10-10T15:33:05-04:00,Batter damage by pitch type.
806198,cooper pratt,R,SL,Slider,7,9,8,0,0,2,0,4,7,103.9,88.2,13.22,0.0,0.0,0.0,0.2857,0.0,0.4444,0.7778,2026-10-10,2026-10-10T15:33:05-04:00,Batter damage by pitch type.
806198,cooper pratt,R,ST,Sweeper,3,7,5,0,0,0,0,1,3,88.6,77.96,19.43,0.0,0.0,0.0,0.0,0.0,0.1429,0.4286,2026-10-10,2026-10-10T15:33:05-04:00,Batter damage by pitch type.
806367,turner hill,L,CH,Changeup,2,3,2,0,0,0,0,0,2,72.2,71.67,9.67,0.0,0.0,0.0,0.0,0.0,0.0,0.6667,2026-10-10,2026-10-10T15:33:05-04:00,Batter damage by pitch type.
806367,turner hill,L,CU,Curveball,5,6,5,1,1,2,0,2,2,98.9,88.03,28.67,0.2,0.2,0.1667,0.4,0.0,0.3333,0.3333,2026-10-10,2026-10-10T15:33:05-04:00,Batter damage by pitch type.
806367,turner hill,L,FC,Cutter,1,1,1,0,0,0,0,1,1,88.6,88.6,19.0,0.0,0.0,0.0,0.0,0.0,1.0,1.0,2026-10-10,2026-10-10T15:33:05-04:00,Batter damage by pitch type.
806367,turner hill,L,FF,4-Seam Fastball,19,31,26,0,1,4,1,5,10,103.7,83.72,29.87,0.0,0.0526,0.0323,0.2105,0.0526,0.1613,0.3226,2026-10-10,2026-10-10T15:33:05-04:00,Batter damage by pitch type.
806367,turner hill,L,FS,Split-Finger,0,1,1,0,0,0,0,0,0,73.2,73.2,47.0,,,0.0,,,0.0,0.0,2026-10-10,2026-10-10T15:33:05-04:00,Batter damage by pitch type.
806367,turner hill,L,KC,Knuckle Curve,0,0,0,0,0,0,0,0,0,,,,,,,,,,,2026-10-10,2026-10-10T15:33:05-04:00,Batter damage by pitch type.
806367,turner hill,L,SI,Sinker,12,17,10,0,0,1,0,0,4,101.2,82.44,16.71,0.0,0.0,0.0,0.0833,0.0,0.0,0.2353,2026-10-10,2026-10-10T15:33:05-04:00,Batter damage by pitch type.
806367,turner hill,L,SL,Slider,6,3,2,0,0,0,0,0,1,90.7,84.97,20.67,0.0,0.0,0.0,0.0,0.0,0.0,0.3333,2026-10-10,2026-10-10T15:33:05-04:00,Batter damage by pitch type.
806367,turner hill,L,ST,Sweeper,1,3,3,0,0,0,0,1,1,93.5,79.2,42.33,0.0,0.0,0.0,0.0,0.0,0.3333,0.3333,2026-10-10,2026-10-10T15:33:05-04:00,Batter damage by pitch type.
806956,ethan salas,L,CH,Changeup,1,4,4,0,0,0,0,0,0,72.9,37.55,44.75,0.0,0.0,0.0,0.0,0.0,0.0,0.0,2026-10-10,2026-10-10T15:33:05-04:00,Batter damage by pitch type.
806956,ethan salas,L,CU,Curveball,2,0,0,0,0,0,0,0,0,,,,0.0,0.0,,0.0,0.0,,,2026-10-10,2026-10-10T15:33:05-04:00,Batter damage by pitch type.
806956,ethan salas,L,FC,Cutter,4,7,6,0,0,1,0,2,2,100.6,83.01,36.0,0.0,0.0,0.0,0.25,0.0,0.2857,0.2857,2026-10-10,2026-10-10T15:33:05-04:00,Batter damage by pitch type.
806956,ethan salas,L,FF,4-Seam Fastball,16,25,23,2,1,5,1,5,12,108.3,84.75,29.12,0.125,0.0625,0.04,0.3125,0.0625,0.2,0.48,2026-10-10,2026-10-10T15:33:05-04:00,Batter damage by pitch type.
806956,ethan salas,L,FS,Split-Finger,4,6,2,0,0,0,0,1,0,108.1,86.18,5.33,0.0,0.0,0.0,0.0,0.0,0.1667,0.0,2026-10-10,2026-10-10T15:33:05-04:00,Batter damage by pitch type.
806956,ethan salas,L,KC,Knuckle Curve,1,0,0,0,0,0,0,0,0,,,,0.0,0.0,,0.0,0.0,,,2026-10-10,2026-10-10T15:33:05-04:00,Batter damage by pitch type.
806956,ethan salas,L,SI,Sinker,5,6,2,0,0,0,0,1,1,105.2,88.48,16.0,0.0,0.0,0.0,0.0,0.0,0.1667,0.1667,2026-10-10,2026-10-10T15:33:05-04:00,Batter damage by pitch type.
806956,ethan salas,L,SL,Slider,3,2,2,0,0,0,0,0,1,84.0,78.95,29.0,0.0,0.0,0.0,0.0,0.0,0.0,0.5,2026-10-10,2026-10-10T15:33:05-04:00,Batter damage by pitch type.
806956,ethan salas,L,ST,Sweeper,3,3,3,0,0,0,0,0,1,94.6,90.93,38.67,0.0,0.0,0.0,0.0,0.0,0.0,0.3333,2026-10-10,2026-10-10T15:33:05-04:00,Batter damage by pitch type.
807712,luke keaschall,R,CH,Changeup,4,4,1,0,0,0,0,0,0,93.1,66.03,-16.25,0.0,0.0,0.0,0.0,0.0,0.0,0.0,2026-10-10,2026-10-10T15:33:05-04:00,Batter damage by pitch type.
807712,luke keaschall,R,CU,Curveball,7,8,4,0,1,2,1,2,1,107.7,82.72,8.12,0.0,0.1429,0.125,0.2857,0.1429,0.25,0.125,2026-10-10,2026-10-10T15:33:05-04:00,Batter damage by pitch type.
807712,luke keaschall,R,FC,Cutter,4,5,4,0,0,1,0,0,2,100.0,81.56,24.4,0.0,0.0,0.0,0.25,0.0,0.0,0.4,2026-10-10,2026-10-10T15:33:05-04:00,Batter damage by pitch type.
807712,luke keaschall,R,FF,4-Seam Fastball,28,42,30,0,1,7,1,7,13,108.3,80.3,20.79,0.0,0.0357,0.0238,0.25,0.0357,0.1667,0.3095,2026-10-10,2026-10-10T15:33:05-04:00,Batter damage by pitch type.
807712,luke keaschall,R,FS,Split-Finger,1,1,1,0,0,1,0,1,1,97.9,97.9,11.0,0.0,0.0,0.0,1.0,0.0,1.0,1.0,2026-10-10,2026-10-10T15:33:05-04:00,Batter damage by pitch type.
807712,luke keaschall,R,SI,Sinker,6,7,1,0,0,0,0,0,0,101.3,78.39,-10.57,0.0,0.0,0.0,0.0,0.0,0.0,0.0,2026-10-10,2026-10-10T15:33:05-04:00,Batter damage by pitch type.
807712,luke keaschall,R,SL,Slider,10,13,7,1,1,1,1,3,3,102.6,76.62,7.92,0.1,0.1,0.0769,0.1,0.1,0.2308,0.2308,2026-10-10,2026-10-10T15:33:05-04:00,Batter damage by pitch type.
807712,luke keaschall,R,ST,Sweeper,6,7,5,0,0,1,0,0,1,99.7,82.19,25.14,0.0,0.0,0.0,0.1667,0.0,0.0,0.1429,2026-10-10,2026-10-10T15:33:05-04:00,Batter damage by pitch type.
807712,luke keaschall,R,SV,Slurve,1,2,2,0,0,0,0,0,1,81.4,79.05,45.0,0.0,0.0,0.0,0.0,0.0,0.0,0.5,2026-10-10,2026-10-10T15:33:05-04:00,Batter damage by pitch type.
807713,matt shaw,R,CH,Changeup,6,8,4,0,0,0,0,2,2,94.5,70.12,-5.5,0.0,0.0,0.0,0.0,0.0,0.25,0.25,2026-10-10,2026-10-10T15:33:05-04:00,Batter damage by pitch type.
807713,matt shaw,R,CU,Curveball,3,3,2,0,0,0,0,0,1,83.2,74.17,14.0,0.0,0.0,0.0,0.0,0.0,0.0,0.3333,2026-10-10,2026-10-10T15:33:05-04:00,Batter damage by pitch type.
807713,matt shaw,R,FC,Cutter,2,0,0,0,0,0,0,0,0,,,,0.0,0.0,,0.0,0.0,,,2026-10-10,2026-10-10T15:33:05-04:00,Batter damage by pitch type.
807713,matt shaw,R,FF,4-Seam Fastball,6,7,7,0,0,1,0,0,2,100.3,84.31,48.57,0.0,0.0,0.0,0.1667,0.0,0.0,0.2857,2026-10-10,2026-10-10T15:33:05-04:00,Batter damage by pitch type.
807713,matt shaw,R,FS,Split-Finger,1,1,1,0,0,0,0,1,0,27.6,27.6,57.0,0.0,0.0,0.0,0.0,0.0,1.0,0.0,2026-10-10,2026-10-10T15:33:05-04:00,Batter damage by pitch type.
807713,matt shaw,R,SI,Sinker,7,6,4,0,0,1,0,0,3,104.6,88.5,23.0,0.0,0.0,0.0,0.1429,0.0,0.0,0.5,2026-10-10,2026-10-10T15:33:05-04:00,Batter damage by pitch type.
807713,matt shaw,R,SL,Slider,0,0,0,0,0,0,0,0,0,,,,,,,,,,,2026-10-10,2026-10-10T15:33:05-04:00,Batter damage by pitch type.
807713,matt shaw,R,ST,Sweeper,3,5,4,0,0,1,0,0,0,97.2,76.8,37.2,0.0,0.0,0.0,0.3333,0.0,0.0,0.0,2026-10-10,2026-10-10T15:33:05-04:00,Batter damage by pitch type.
807713,matt shaw,R,SV,Slurve,1,0,0,0,0,0,0,0,0,,,,0.0,0.0,,0.0,0.0,,,2026-10-10,2026-10-10T15:33:05-04:00,Batter damage by pitch type.
807726,john peck,R,CH,Changeup,5,2,2,0,0,0,0,1,0,90.4,59.45,54.0,0.0,0.0,0.0,0.0,0.0,0.5,0.0,2026-10-10,2026-10-10T15:33:05-04:00,Batter damage by pitch type.
807726,john peck,R,CU,Curveball,1,0,0,0,0,0,0,0,0,,,,0.0,0.0,,0.0,0.0,,,2026-10-10,2026-10-10T15:33:05-04:00,Batter damage by pitch type.
807726,john peck,R,FC,Cutter,6,6,4,0,0,2,0,0,1,105.1,82.8,17.83,0.0,0.0,0.0,0.3333,0.0,0.0,0.1667,2026-10-10,2026-10-10T15:33:05-04:00,Batter damage by pitch type.
807726,john peck,R,FF,4-Seam Fastball,18,25,20,0,0,3,0,0,6,106.7,84.49,34.92,0.0,0.0,0.0,0.1667,0.0,0.0,0.24,2026-10-10,2026-10-10T15:33:05-04:00,Batter damage by pitch type.
807726,john peck,R,FS,Split-Finger,0,0,0,0,0,0,0,0,0,,,,,,,,,,,2026-10-10,2026-10-10T15:33:05-04:00,Batter damage by pitch type.
807726,john peck,R,KC,Knuckle Curve,0,0,0,0,0,0,0,0,0,,,,,,,,,,,2026-10-10,2026-10-10T15:33:05-04:00,Batter damage by pitch type.
807726,john peck,R,SI,Sinker,8,12,4,0,1,2,1,0,2,100.9,86.97,-7.5,0.0,0.125,0.0833,0.25,0.125,0.0,0.1667,2026-10-10,2026-10-10T15:33:05-04:00,Batter damage by pitch type.
807726,john peck,R,SL,Slider,9,10,5,0,1,4,1,1,3,103.3,87.8,6.3,0.0,0.1111,0.1,0.4444,0.1111,0.1,0.3,2026-10-10,2026-10-10T15:33:05-04:00,Batter damage by pitch type.
807726,john peck,R,ST,Sweeper,4,4,3,0,0,0,0,0,2,94.7,85.9,17.5,0.0,0.0,0.0,0.0,0.0,0.0,0.5,2026-10-10,2026-10-10T15:33:05-04:00,Batter damage by pitch type.
807727,charles mcadoo,R,CH,Changeup,6,5,2,0,0,0,0,2,2,88.4,78.7,7.4,0.0,0.0,0.0,0.0,0.0,0.4,0.4,2026-10-10,2026-10-10T15:33:05-04:00,Batter damage by pitch type.
807727,charles mcadoo,R,CU,Curveball,0,1,0,0,0,0,0,0,0,75.6,75.6,-21.0,,,0.0,,,0.0,0.0,2026-10-10,2026-10-10T15:33:05-04:00,Batter damage by pitch type.
807727,charles mcadoo,R,FC,Cutter,2,3,3,0,0,0,0,1,2,87.1,80.63,29.33,0.0,0.0,0.0,0.0,0.0,0.3333,0.6667,2026-10-10,2026-10-10T15:33:05-04:00,Batter damage by pitch type.
807727,charles mcadoo,R,FF,4-Seam Fastball,4,2,1,0,0,0,0,0,0,87.1,86.35,17.0,0.0,0.0,0.0,0.0,0.0,0.0,0.0,2026-10-10,2026-10-10T15:33:05-04:00,Batter damage by pitch type.
807727,charles mcadoo,R,FS,Split-Finger,1,1,1,0,0,0,0,1,1,93.9,93.9,12.0,0.0,0.0,0.0,0.0,0.0,1.0,1.0,2026-10-10,2026-10-10T15:33:05-04:00,Batter damage by pitch type.
807727,charles mcadoo,R,SI,Sinker,4,3,3,1,1,2,1,1,3,108.6,101.4,14.67,0.25,0.25,0.3333,0.5,0.25,0.3333,1.0,2026-10-10,2026-10-10T15:33:05-04:00,Batter damage by pitch type.
807727,charles mcadoo,R,SL,Slider,1,5,4,0,0,0,0,1,3,94.9,83.08,20.0,0.0,0.0,0.0,0.0,0.0,0.2,0.6,2026-10-10,2026-10-10T15:33:05-04:00,Batter damage by pitch type.
807727,charles mcadoo,R,ST,Sweeper,1,2,2,0,0,0,0,0,1,92.0,86.25,45.0,0.0,0.0,0.0,0.0,0.0,0.0,0.5,2026-10-10,2026-10-10T15:33:05-04:00,Batter damage by pitch type.
808959,munetaka murakami,L,CH,Changeup,8,7,3,0,0,0,0,1,0,87.9,69.6,3.14,0.0,0.0,0.0,0.0,0.0,0.1429,0.0,2026-10-10,2026-10-10T15:33:05-04:00,Batter damage by pitch type.
808959,munetaka murakami,L,CU,Curveball,10,6,4,1,2,2,2,2,2,109.1,88.48,12.0,0.1,0.2,0.3333,0.2,0.2,0.3333,0.3333,2026-10-10,2026-10-10T15:33:05-04:00,Batter damage by pitch type.
808959,munetaka murakami,L,FC,Cutter,4,5,4,0,0,0,0,0,1,93.6,83.86,32.6,0.0,0.0,0.0,0.0,0.0,0.0,0.2,2026-10-10,2026-10-10T15:33:05-04:00,Batter damage by pitch type.
808959,munetaka murakami,L,FF,4-Seam Fastball,24,25,21,0,2,8,3,5,9,113.0,90.64,29.68,0.0,0.0833,0.08,0.3333,0.125,0.2,0.36,2026-10-10,2026-10-10T15:33:05-04:00,Batter damage by pitch type.
808959,munetaka murakami,L,FS,Split-Finger,2,1,0,0,0,0,0,0,0,66.1,66.1,-59.0,0.0,0.0,0.0,0.0,0.0,0.0,0.0,2026-10-10,2026-10-10T15:33:05-04:00,Batter damage by pitch type.
808959,munetaka murakami,L,KC,Knuckle Curve,1,2,1,0,1,1,0,0,0,104.6,84.25,1.5,0.0,1.0,0.5,1.0,0.0,0.0,0.0,2026-10-10,2026-10-10T15:33:05-04:00,Batter damage by pitch type.
808959,munetaka murakami,L,PO,Pitch Out,0,0,0,0,0,0,0,0,0,,,,,,,,,,,2026-10-10,2026-10-10T15:33:05-04:00,Batter damage by pitch type.
808959,munetaka murakami,L,SI,Sinker,21,19,15,3,4,7,3,5,7,112.2,92.04,30.74,0.1429,0.1905,0.2105,0.3333,0.1429,0.2632,0.3684,2026-10-10,2026-10-10T15:33:05-04:00,Batter damage by pitch type.
808959,munetaka murakami,L,SL,Slider,19,17,7,1,1,3,0,2,3,106.0,83.32,1.29,0.0526,0.0526,0.0588,0.1579,0.0,0.1176,0.1765,2026-10-10,2026-10-10T15:33:05-04:00,Batter damage by pitch type.
808959,munetaka murakami,L,ST,Sweeper,8,7,6,0,1,3,1,1,3,107.1,83.86,43.57,0.0,0.125,0.1429,0.375,0.125,0.1429,0.4286,2026-10-10,2026-10-10T15:33:05-04:00,Batter damage by pitch type.
808959,munetaka murakami,L,SV,Slurve,1,0,0,0,0,0,0,0,0,,,,0.0,0.0,,0.0,0.0,,,2026-10-10,2026-10-10T15:33:05-04:00,Batter damage by pitch type.
808982,jung hoo lee,L,CH,Changeup,2,4,3,0,0,1,0,0,3,102.0,82.12,23.25,0.0,0.0,0.0,0.5,0.0,0.0,0.75,2026-10-10,2026-10-10T15:33:05-04:00,Batter damage by pitch type.
808982,jung hoo lee,L,CU,Curveball,1,5,0,0,0,0,0,0,0,100.5,86.92,-11.4,0.0,0.0,0.0,0.0,0.0,0.0,0.0,2026-10-10,2026-10-10T15:33:05-04:00,Batter damage by pitch type.
808982,jung hoo lee,L,FC,Cutter,1,1,0,0,0,0,0,0,0,97.5,97.5,-11.0,0.0,0.0,0.0,0.0,0.0,0.0,0.0,2026-10-10,2026-10-10T15:33:05-04:00,Batter damage by pitch type.
808982,jung hoo lee,L,FF,4-Seam Fastball,14,19,14,0,0,3,0,4,10,104.4,77.76,19.89,0.0,0.0,0.0,0.2143,0.0,0.2105,0.5263,2026-10-10,2026-10-10T15:33:05-04:00,Batter damage by pitch type.
808982,jung hoo lee,L,FS,Split-Finger,0,1,0,0,0,0,0,0,0,69.5,69.5,-36.0,,,0.0,,,0.0,0.0,2026-10-10,2026-10-10T15:33:05-04:00,Batter damage by pitch type.
808982,jung hoo lee,L,KC,Knuckle Curve,2,2,1,1,0,1,0,1,0,100.6,99.15,18.0,0.5,0.0,0.0,0.5,0.0,0.5,0.0,2026-10-10,2026-10-10T15:33:05-04:00,Batter damage by pitch type.
808982,jung hoo lee,L,SI,Sinker,5,6,3,0,0,1,0,3,2,100.8,90.75,-1.17,0.0,0.0,0.0,0.2,0.0,0.5,0.3333,2026-10-10,2026-10-10T15:33:05-04:00,Batter damage by pitch type.
808982,jung hoo lee,L,SL,Slider,8,12,6,0,0,1,0,3,2,104.8,79.34,11.58,0.0,0.0,0.0,0.125,0.0,0.25,0.1667,2026-10-10,2026-10-10T15:33:05-04:00,Batter damage by pitch type.
808982,jung hoo lee,L,ST,Sweeper,3,2,2,0,0,0,0,1,0,90.5,83.65,49.5,0.0,0.0,0.0,0.0,0.0,0.5,0.0,2026-10-10,2026-10-10T15:33:05-04:00,Batter damage by pitch type.
810938,ben williamson,R,CH,Changeup,3,5,3,0,1,1,0,1,1,97.8,72.34,12.6,0.0,0.3333,0.2,0.3333,0.0,0.2,0.2,2026-10-10,2026-10-10T15:33:05-04:00,Batter damage by pitch type.
810938,ben williamson,R,FC,Cutter,0,1,0,0,0,0,0,0,0,84.7,84.7,-15.0,,,0.0,,,0.0,0.0,2026-10-10,2026-10-10T15:33:05-04:00,Batter damage by pitch type.
810938,ben williamson,R,FF,4-Seam Fastball,6,7,4,0,0,0,0,1,3,100.7,88.23,20.0,0.0,0.0,0.0,0.0,0.0,0.1429,0.4286,2026-10-10,2026-10-10T15:33:05-04:00,Batter damage by pitch type.
810938,ben williamson,R,SI,Sinker,4,4,0,0,0,0,0,0,0,98.9,86.08,-23.25,0.0,0.0,0.0,0.0,0.0,0.0,0.0,2026-10-10,2026-10-10T15:33:05-04:00,Batter damage by pitch type.
810938,ben williamson,R,SL,Slider,2,1,1,0,0,0,0,1,0,87.2,87.2,35.0,0.0,0.0,0.0,0.0,0.0,1.0,0.0,2026-10-10,2026-10-10T15:33:05-04:00,Batter damage by pitch type.
810938,ben williamson,R,ST,Sweeper,1,2,1,0,0,1,0,0,0,96.4,94.0,9.0,0.0,0.0,0.0,1.0,0.0,0.0,0.0,2026-10-10,2026-10-10T15:33:05-04:00,Batter damage by pitch type.
811965,joshua kuroda-grauer,R,CU,Curveball,1,0,0,0,0,0,0,0,0,,,,0.0,0.0,,0.0,0.0,,,2026-10-10,2026-10-10T15:33:05-04:00,Batter damage by pitch type.
811965,joshua kuroda-grauer,R,FC,Cutter,0,0,0,0,0,0,0,0,0,,,,,,,,,,,2026-10-10,2026-10-10T15:33:05-04:00,Batter damage by pitch type.
811965,joshua kuroda-grauer,R,FF,4-Seam Fastball,7,6,2,0,0,0,0,0,1,109.2,91.47,-3.83,0.0,0.0,0.0,0.0,0.0,0.0,0.1667,2026-10-10,2026-10-10T15:33:05-04:00,Batter damage by pitch type.
811965,joshua kuroda-grauer,R,FS,Split-Finger,0,0,0,0,0,0,0,0,0,,,,,,,,,,,2026-10-10,2026-10-10T15:33:05-04:00,Batter damage by pitch type.
811965,joshua kuroda-grauer,R,SI,Sinker,0,0,0,0,0,0,0,0,0,,,,,,,,,,,2026-10-10,2026-10-10T15:33:05-04:00,Batter damage by pitch type.
811965,joshua kuroda-grauer,R,SL,Slider,2,3,3,0,0,0,0,2,1,90.1,84.87,37.67,0.0,0.0,0.0,0.0,0.0,0.6667,0.3333,2026-10-10,2026-10-10T15:33:05-04:00,Batter damage by pitch type.
811965,joshua kuroda-grauer,R,ST,Sweeper,2,5,3,0,0,0,0,0,1,95.4,78.38,15.4,0.0,0.0,0.0,0.0,0.0,0.0,0.2,2026-10-10,2026-10-10T15:33:05-04:00,Batter damage by pitch type.
813841,jonah cox,R,CH,Changeup,8,6,3,0,0,0,0,2,2,94.6,70.83,-1.17,0.0,0.0,0.0,0.0,0.0,0.3333,0.3333,2026-10-10,2026-10-10T15:33:05-04:00,Batter damage by pitch type.
813841,jonah cox,R,CU,Curveball,4,4,2,0,0,0,0,1,1,94.9,76.35,1.0,0.0,0.0,0.0,0.0,0.0,0.25,0.25,2026-10-10,2026-10-10T15:33:05-04:00,Batter damage by pitch type.
813841,jonah cox,R,FC,Cutter,3,4,3,0,0,0,0,0,1,97.6,85.75,31.75,0.0,0.0,0.0,0.0,0.0,0.0,0.25,2026-10-10,2026-10-10T15:33:05-04:00,Batter damage by pitch type.
813841,jonah cox,R,FF,4-Seam Fastball,33,39,26,0,0,2,0,2,20,103.9,76.09,16.59,0.0,0.0,0.0,0.0606,0.0,0.0513,0.5128,2026-10-10,2026-10-10T15:33:05-04:00,Batter damage by pitch type.
813841,jonah cox,R,FS,Split-Finger,0,1,0,0,0,0,0,0,0,70.3,70.3,5.0,,,0.0,,,0.0,0.0,2026-10-10,2026-10-10T15:33:05-04:00,Batter damage by pitch type.
813841,jonah cox,R,KC,Knuckle Curve,1,1,1,0,0,0,0,0,0,70.4,70.4,73.0,0.0,0.0,0.0,0.0,0.0,0.0,0.0,2026-10-10,2026-10-10T15:33:05-04:00,Batter damage by pitch type.
813841,jonah cox,R,SI,Sinker,8,7,4,0,0,2,0,1,4,98.3,75.8,-1.71,0.0,0.0,0.0,0.25,0.0,0.1429,0.5714,2026-10-10,2026-10-10T15:33:05-04:00,Batter damage by pitch type.
813841,jonah cox,R,SL,Slider,5,8,3,0,0,0,0,1,3,94.9,77.33,-12.0,0.0,0.0,0.0,0.0,0.0,0.125,0.375,2026-10-10,2026-10-10T15:33:05-04:00,Batter damage by pitch type.
813841,jonah cox,R,ST,Sweeper,3,1,0,0,0,0,0,0,0,61.1,61.1,4.0,0.0,0.0,0.0,0.0,0.0,0.0,0.0,2026-10-10,2026-10-10T15:33:05-04:00,Batter damage by pitch type.
814154,scott bandura,L,CH,Changeup,5,3,2,0,0,0,0,2,1,87.0,78.07,17.0,0.0,0.0,0.0,0.0,0.0,0.6667,0.3333,2026-10-10,2026-10-10T15:33:05-04:00,Batter damage by pitch type.
814154,scott bandura,L,CU,Curveball,3,3,2,0,0,0,0,0,0,79.0,77.37,32.0,0.0,0.0,0.0,0.0,0.0,0.0,0.0,2026-10-10,2026-10-10T15:33:05-04:00,Batter damage by pitch type.
814154,scott bandura,L,FC,Cutter,0,1,1,0,0,0,0,0,0,72.4,72.4,39.0,,,0.0,,,0.0,0.0,2026-10-10,2026-10-10T15:33:05-04:00,Batter damage by pitch type.
814154,scott bandura,L,FF,4-Seam Fastball,10,14,14,0,0,0,0,0,6,90.1,76.49,41.07,0.0,0.0,0.0,0.0,0.0,0.0,0.4286,2026-10-10,2026-10-10T15:33:05-04:00,Batter damage by pitch type.
814154,scott bandura,L,FS,Split-Finger,2,3,2,0,0,1,0,1,2,97.2,76.47,-5.0,0.0,0.0,0.0,0.5,0.0,0.3333,0.6667,2026-10-10,2026-10-10T15:33:05-04:00,Batter damage by pitch type.
814154,scott bandura,L,KC,Knuckle Curve,1,0,0,0,0,0,0,0,0,,,,0.0,0.0,,0.0,0.0,,,2026-10-10,2026-10-10T15:33:05-04:00,Batter damage by pitch type.
814154,scott bandura,L,SI,Sinker,1,2,0,0,0,0,0,0,0,79.0,74.2,-42.0,0.0,0.0,0.0,0.0,0.0,0.0,0.0,2026-10-10,2026-10-10T15:33:05-04:00,Batter damage by pitch type.
814154,scott bandura,L,SL,Slider,5,8,6,0,0,2,0,3,4,104.7,87.32,25.38,0.0,0.0,0.0,0.4,0.0,0.375,0.5,2026-10-10,2026-10-10T15:33:05-04:00,Batter damage by pitch type.
814154,scott bandura,L,ST,Sweeper,3,4,4,0,0,0,0,2,3,82.5,67.4,34.0,0.0,0.0,0.0,0.0,0.0,0.5,0.75,2026-10-10,2026-10-10T15:33:05-04:00,Batter damage by pitch type.
814430,brett callahan,L,CH,Changeup,3,5,3,0,0,0,0,1,1,99.3,81.1,22.6,0.0,0.0,0.0,0.0,0.0,0.2,0.2,2026-10-10,2026-10-10T15:33:05-04:00,Batter damage by pitch type.
814430,brett callahan,L,CU,Curveball,5,4,3,0,1,2,1,1,0,104.4,98.85,32.0,0.0,0.2,0.25,0.4,0.2,0.25,0.0,2026-10-10,2026-10-10T15:33:05-04:00,Batter damage by pitch type.
814430,brett callahan,L,FC,Cutter,3,5,4,0,0,1,0,2,1,97.9,72.08,29.8,0.0,0.0,0.0,0.3333,0.0,0.4,0.2,2026-10-10,2026-10-10T15:33:05-04:00,Batter damage by pitch type.
814430,brett callahan,L,FF,4-Seam Fastball,10,15,12,0,1,2,0,2,5,111.0,82.24,25.73,0.0,0.1,0.0667,0.2,0.0,0.1333,0.3333,2026-10-10,2026-10-10T15:33:05-04:00,Batter damage by pitch type.
814430,brett callahan,L,FS,Split-Finger,3,4,2,0,0,0,0,1,0,91.0,72.08,-10.75,0.0,0.0,0.0,0.0,0.0,0.25,0.0,2026-10-10,2026-10-10T15:33:05-04:00,Batter damage by pitch type.
814430,brett callahan,L,KC,Knuckle Curve,2,3,0,0,0,0,0,0,0,66.3,45.8,-46.67,0.0,0.0,0.0,0.0,0.0,0.0,0.0,2026-10-10,2026-10-10T15:33:05-04:00,Batter damage by pitch type.
814430,brett callahan,L,SI,Sinker,0,4,3,0,0,0,0,0,2,80.5,75.45,14.5,,,0.0,,,0.0,0.5,2026-10-10,2026-10-10T15:33:05-04:00,Batter damage by pitch type.
814430,brett callahan,L,SL,Slider,4,3,2,0,0,0,0,0,0,102.3,83.43,39.0,0.0,0.0,0.0,0.0,0.0,0.0,0.0,2026-10-10,2026-10-10T15:33:05-04:00,Batter damage by pitch type.
814430,brett callahan,L,ST,Sweeper,1,0,0,0,0,0,0,0,0,,,,0.0,0.0,,0.0,0.0,,,2026-10-10,2026-10-10T15:33:05-04:00,Batter damage by pitch type.
814439,ryan waldschmidt,R,CH,Changeup,2,1,1,0,0,0,0,0,0,73.3,73.3,60.0,0.0,0.0,0.0,0.0,0.0,0.0,0.0,2026-10-10,2026-10-10T15:33:05-04:00,Batter damage by pitch type.
814439,ryan waldschmidt,R,CU,Curveball,0,1,0,0,0,0,0,0,0,39.6,39.6,-27.0,,,0.0,,,0.0,0.0,2026-10-10,2026-10-10T15:33:05-04:00,Batter damage by pitch type.
814439,ryan waldschmidt,R,FC,Cutter,0,1,1,0,0,0,0,0,1,77.5,77.5,19.0,,,0.0,,,0.0,1.0,2026-10-10,2026-10-10T15:33:05-04:00,Batter damage by pitch type.
814439,ryan waldschmidt,R,FF,4-Seam Fastball,4,4,3,0,0,0,0,0,1,79.4,72.4,22.5,0.0,0.0,0.0,0.0,0.0,0.0,0.25,2026-10-10,2026-10-10T15:33:05-04:00,Batter damage by pitch type.
814439,ryan waldschmidt,R,FS,Split-Finger,2,0,0,0,0,0,0,0,0,,,,0.0,0.0,,0.0,0.0,,,2026-10-10,2026-10-10T15:33:05-04:00,Batter damage by pitch type.
814439,ryan waldschmidt,R,SI,Sinker,1,1,0,0,0,0,0,0,0,66.8,66.8,-33.0,0.0,0.0,0.0,0.0,0.0,0.0,0.0,2026-10-10,2026-10-10T15:33:05-04:00,Batter damage by pitch type.
814439,ryan waldschmidt,R,SL,Slider,3,1,1,0,0,1,0,1,1,98.4,98.4,19.0,0.0,0.0,0.0,0.3333,0.0,1.0,1.0,2026-10-10,2026-10-10T15:33:05-04:00,Batter damage by pitch type.
814439,ryan waldschmidt,R,ST,Sweeper,0,0,0,0,0,0,0,0,0,,,,,,,,,,,2026-10-10,2026-10-10T15:33:05-04:00,Batter damage by pitch type.
815589,bo davidson,L,CH,Changeup,2,1,0,0,0,0,0,0,0,74.3,74.3,6.0,0.0,0.0,0.0,0.0,0.0,0.0,0.0,2026-10-10,2026-10-10T15:33:05-04:00,Batter damage by pitch type.
815589,bo davidson,L,CU,Curveball,3,1,1,0,0,0,0,0,1,70.2,70.2,19.0,0.0,0.0,0.0,0.0,0.0,0.0,1.0,2026-10-10,2026-10-10T15:33:05-04:00,Batter damage by pitch type.
815589,bo davidson,L,FC,Cutter,1,2,1,0,0,1,0,1,1,103.8,92.0,-1.0,0.0,0.0,0.0,1.0,0.0,0.5,0.5,2026-10-10,2026-10-10T15:33:05-04:00,Batter damage by pitch type.
815589,bo davidson,L,FF,4-Seam Fastball,8,12,8,0,0,1,0,0,4,105.1,87.87,25.0,0.0,0.0,0.0,0.125,0.0,0.0,0.3333,2026-10-10,2026-10-10T15:33:05-04:00,Batter damage by pitch type.
815589,bo davidson,L,FS,Split-Finger,0,0,0,0,0,0,0,0,0,,,,,,,,,,,2026-10-10,2026-10-10T15:33:05-04:00,Batter damage by pitch type.
815589,bo davidson,L,SI,Sinker,2,2,1,0,0,1,0,0,1,102.3,99.8,3.5,0.0,0.0,0.0,0.5,0.0,0.0,0.5,2026-10-10,2026-10-10T15:33:05-04:00,Batter damage by pitch type.
815589,bo davidson,L,SL,Slider,5,5,2,0,0,0,0,0,0,84.7,68.22,10.4,0.0,0.0,0.0,0.0,0.0,0.0,0.0,2026-10-10,2026-10-10T15:33:05-04:00,Batter damage by pitch type.
815589,bo davidson,L,ST,Sweeper,1,1,1,0,0,0,0,0,0,91.5,91.5,47.0,0.0,0.0,0.0,0.0,0.0,0.0,0.0,2026-10-10,2026-10-10T15:33:05-04:00,Batter damage by pitch type.
815873,sean keys,L,CH,Changeup,3,3,1,0,0,0,0,0,2,85.8,75.1,0.67,0.0,0.0,0.0,0.0,0.0,0.0,0.6667,2026-10-10,2026-10-10T15:33:05-04:00,Batter damage by pitch type.
815873,sean keys,L,CU,Curveball,3,3,1,0,0,1,0,1,1,98.7,79.73,-13.33,0.0,0.0,0.0,0.3333,0.0,0.3333,0.3333,2026-10-10,2026-10-10T15:33:05-04:00,Batter damage by pitch type.
815873,sean keys,L,FC,Cutter,2,2,2,0,0,0,0,1,1,76.3,72.4,50.5,0.0,0.0,0.0,0.0,0.0,0.5,0.5,2026-10-10,2026-10-10T15:33:05-04:00,Batter damage by pitch type.
815873,sean keys,L,FF,4-Seam Fastball,5,8,7,0,1,1,1,1,5,105.0,85.42,30.0,0.0,0.2,0.125,0.2,0.2,0.125,0.625,2026-10-10,2026-10-10T15:33:05-04:00,Batter damage by pitch type.
815873,sean keys,L,FS,Split-Finger,1,2,1,0,0,1,0,1,1,95.5,77.0,-12.0,0.0,0.0,0.0,1.0,0.0,0.5,0.5,2026-10-10,2026-10-10T15:33:05-04:00,Batter damage by pitch type.
815873,sean keys,L,KC,Knuckle Curve,2,1,1,0,0,0,0,1,1,88.6,88.6,25.0,0.0,0.0,0.0,0.0,0.0,1.0,1.0,2026-10-10,2026-10-10T15:33:05-04:00,Batter damage by pitch type.
815873,sean keys,L,SI,Sinker,1,5,5,0,1,1,1,1,1,100.1,80.98,55.6,0.0,1.0,0.2,1.0,1.0,0.2,0.2,2026-10-10,2026-10-10T15:33:05-04:00,Batter damage by pitch type.
815873,sean keys,L,SL,Slider,3,2,1,0,0,0,0,0,0,66.9,62.5,18.0,0.0,0.0,0.0,0.0,0.0,0.0,0.0,2026-10-10,2026-10-10T15:33:05-04:00,Batter damage by pitch type.
815873,sean keys,L,ST,Sweeper,1,3,1,0,0,1,1,0,1,109.7,96.27,5.33,0.0,0.0,0.0,1.0,1.0,0.0,0.3333,2026-10-10,2026-10-10T15:33:05-04:00,Batter damage by pitch type.
823550,sung mun song,L,CH,Changeup,1,1,0,0,0,0,0,0,0,70.3,70.3,4.0,0.0,0.0,0.0,0.0,0.0,0.0,0.0,2026-10-10,2026-10-10T15:33:05-04:00,Batter damage by pitch type.
823550,sung mun song,L,FC,Cutter,0,1,1,0,0,0,0,0,0,70.1,70.1,47.0,,,0.0,,,0.0,0.0,2026-10-10,2026-10-10T15:33:05-04:00,Batter damage by pitch type.
823550,sung mun song,L,FF,4-Seam Fastball,4,7,4,0,0,0,0,0,2,102.9,76.46,24.43,0.0,0.0,0.0,0.0,0.0,0.0,0.2857,2026-10-10,2026-10-10T15:33:05-04:00,Batter damage by pitch type.
823550,sung mun song,L,SI,Sinker,0,0,0,0,0,0,0,0,0,,,,,,,,,,,2026-10-10,2026-10-10T15:33:05-04:00,Batter damage by pitch type.
823550,sung mun song,L,SL,Slider,2,1,0,0,0,0,0,0,0,69.8,69.8,-4.0,0.0,0.0,0.0,0.0,0.0,0.0,0.0,2026-10-10,2026-10-10T15:33:05-04:00,Batter damage by pitch type.
823550,sung mun song,L,ST,Sweeper,3,1,1,0,0,0,0,1,1,92.7,92.7,12.0,0.0,0.0,0.0,0.0,0.0,1.0,1.0,2026-10-10,2026-10-10T15:33:05-04:00,Batter damage by pitch type.
823550,sung mun song,L,SV,Slurve,1,0,0,0,0,0,0,0,0,,,,0.0,0.0,,0.0,0.0,,,2026-10-10,2026-10-10T15:33:05-04:00,Batter damage by pitch type.
828599,lucas spence,L,CH,Changeup,2,1,1,1,1,1,1,1,1,105.8,105.8,24.0,0.5,0.5,1.0,0.5,0.5,1.0,1.0,2026-10-10,2026-10-10T15:33:05-04:00,Batter damage by pitch type.
828599,lucas spence,L,CU,Curveball,1,1,0,0,0,0,0,0,0,60.6,60.6,-41.0,0.0,0.0,0.0,0.0,0.0,0.0,0.0,2026-10-10,2026-10-10T15:33:05-04:00,Batter damage by pitch type.
828599,lucas spence,L,FC,Cutter,0,5,4,0,0,1,0,0,2,96.3,75.04,31.6,,,0.0,,,0.0,0.4,2026-10-10,2026-10-10T15:33:05-04:00,Batter damage by pitch type.
828599,lucas spence,L,FF,4-Seam Fastball,16,10,9,3,2,5,3,4,7,102.0,83.68,32.1,0.1875,0.125,0.2,0.3125,0.1875,0.4,0.7,2026-10-10,2026-10-10T15:33:05-04:00,Batter damage by pitch type.
828599,lucas spence,L,FS,Split-Finger,1,2,2,0,0,1,0,1,2,106.4,88.75,21.0,0.0,0.0,0.0,1.0,0.0,0.5,1.0,2026-10-10,2026-10-10T15:33:05-04:00,Batter damage by pitch type.
828599,lucas spence,L,KC,Knuckle Curve,1,1,0,0,0,0,0,0,0,73.0,73.0,5.0,0.0,0.0,0.0,0.0,0.0,0.0,0.0,2026-10-10,2026-10-10T15:33:05-04:00,Batter damage by pitch type.
828599,lucas spence,L,SI,Sinker,4,2,0,0,0,0,0,0,0,102.8,95.1,-15.0,0.0,0.0,0.0,0.0,0.0,0.0,0.0,2026-10-10,2026-10-10T15:33:05-04:00,Batter damage by pitch type.
828599,lucas spence,L,SL,Slider,3,3,1,0,0,0,0,1,1,102.6,92.77,5.67,0.0,0.0,0.0,0.0,0.0,0.3333,0.3333,2026-10-10,2026-10-10T15:33:05-04:00,Batter damage by pitch type.
828599,lucas spence,L,ST,Sweeper,2,1,1,0,1,1,1,0,0,101.7,101.7,35.0,0.0,0.5,1.0,0.5,0.5,0.0,0.0,2026-10-10,2026-10-10T15:33:05-04:00,Batter damage by pitch type.
