window_days,pitcher_id,pitcher,p_throws,avg_release_speed,pa,bbe,air_bbe,hr,barrels,hard_air_bbe,blast_bbe,pulled_air_proxy_bbe,sweet_spot_bbe,max_ev,avg_ev,avg_la,hr_per_pa,barrel_per_pa,barrel_per_bbe,hard_air_per_pa,blast_per_pa,pulled_air_per_bbe,sweet_spot_per_bbe,slate_date,pull_timestamp,data_notes
7,519242,"Sale, Chris",L,89.59,24,31,17,2,4,6,4,5,11,108.4,88.8,11.74,0.0833,0.1667,0.129,0.25,0.1667,0.1613,0.3548,2026-10-10,2026-10-10T11:34:57-04:00,Pitcher rolling HR/contact vulnerability metrics from Statcast.
7,542888,"Armstrong, Shawn",R,88.76,11,18,13,0,1,3,2,5,6,115.8,82.91,29.39,0.0,0.0909,0.0556,0.2727,0.1818,0.2778,0.3333,2026-10-10,2026-10-10T11:34:57-04:00,Pitcher rolling HR/contact vulnerability metrics from Statcast.
7,543037,"Cole, Gerrit",R,92.39,21,34,25,1,2,6,1,5,8,107.1,83.17,28.29,0.0476,0.0952,0.0588,0.2857,0.0476,0.1471,0.2353,2026-10-10,2026-10-10T11:34:57-04:00,Pitcher rolling HR/contact vulnerability metrics from Statcast.
7,592094,"Adam, Jason",R,87.01,12,14,9,0,0,2,0,5,5,110.0,90.13,12.43,0.0,0.0,0.0,0.1667,0.0,0.3571,0.3571,2026-10-10,2026-10-10T11:34:57-04:00,Pitcher rolling HR/contact vulnerability metrics from Statcast.
7,592155,"Booser, Cam",L,92.55,5,7,4,0,1,1,1,2,2,102.9,88.14,11.43,0.0,0.2,0.1429,0.2,0.2,0.2857,0.2857,2026-10-10,2026-10-10T11:34:57-04:00,Pitcher rolling HR/contact vulnerability metrics from Statcast.
7,592662,"Ray, Robbie",L,92.28,19,22,12,1,1,1,1,3,9,113.3,80.53,10.64,0.0526,0.0526,0.0455,0.0526,0.0526,0.1364,0.4091,2026-10-10,2026-10-10T11:34:57-04:00,Pitcher rolling HR/contact vulnerability metrics from Statcast.
7,592779,"Stewart, Brock",R,92.21,4,5,1,0,0,0,0,0,0,101.1,86.5,-12.6,0.0,0.0,0.0,0.0,0.0,0.0,0.0,2026-10-10,2026-10-10T11:34:57-04:00,Pitcher rolling HR/contact vulnerability metrics from Statcast.
7,601713,"Pivetta, Nick",R,88.29,18,31,24,1,1,8,2,6,6,115.0,85.62,33.03,0.0556,0.0556,0.0323,0.4444,0.1111,0.1935,0.1935,2026-10-10,2026-10-10T11:34:57-04:00,Pitcher rolling HR/contact vulnerability metrics from Statcast.
7,605397,"Musgrove, Joe",R,91.2,7,14,8,0,0,1,0,0,3,103.7,80.23,13.57,0.0,0.0,0.0,0.1429,0.0,0.0,0.2143,2026-10-10,2026-10-10T11:34:57-04:00,Pitcher rolling HR/contact vulnerability metrics from Statcast.
7,605483,"Snell, Blake",L,89.43,19,20,9,0,0,4,0,2,6,106.3,82.95,6.1,0.0,0.0,0.0,0.2105,0.0,0.1,0.3,2026-10-10,2026-10-10T11:34:57-04:00,Pitcher rolling HR/contact vulnerability metrics from Statcast.
7,607192,"Glasnow, Tyler",R,92.76,20,23,14,0,1,4,0,2,4,106.8,85.64,22.65,0.0,0.05,0.0435,0.2,0.0,0.087,0.1739,2026-10-10,2026-10-10T11:34:57-04:00,Pitcher rolling HR/contact vulnerability metrics from Statcast.
7,607200,"Fedde, Erick",R,88.61,14,22,11,1,2,5,1,1,8,110.0,80.52,7.86,0.0714,0.1429,0.0909,0.3571,0.0714,0.0455,0.3636,2026-10-10,2026-10-10T11:34:57-04:00,Pitcher rolling HR/contact vulnerability metrics from Statcast.
7,607259,"Martinez, Nick",R,87.1,16,26,18,0,0,8,2,3,7,107.9,86.36,19.04,0.0,0.0,0.0,0.5,0.125,0.1154,0.2692,2026-10-10,2026-10-10T11:34:57-04:00,Pitcher rolling HR/contact vulnerability metrics from Statcast.
7,608331,"Fried, Max",L,88.26,22,28,13,2,1,5,1,7,5,107.3,84.61,0.64,0.0909,0.0455,0.0357,0.2273,0.0455,0.25,0.1786,2026-10-10,2026-10-10T11:34:57-04:00,Pitcher rolling HR/contact vulnerability metrics from Statcast.
7,608718,"Suter, Brent",L,88.51,11,16,11,0,0,2,0,0,7,105.7,83.32,22.62,0.0,0.0,0.0,0.1818,0.0,0.0,0.4375,2026-10-10,2026-10-10T11:34:57-04:00,Pitcher rolling HR/contact vulnerability metrics from Statcast.
7,621111,"Buehler, Walker",R,92.22,12,14,6,0,0,2,0,0,2,110.3,95.75,10.21,0.0,0.0,0.0,0.1667,0.0,0.0,0.1429,2026-10-10,2026-10-10T11:34:57-04:00,Pitcher rolling HR/contact vulnerability metrics from Statcast.
7,621112,"Blackburn, Paul",R,89.01,14,23,11,0,0,2,0,3,4,104.9,82.11,2.78,0.0,0.0,0.0,0.1429,0.0,0.1304,0.1739,2026-10-10,2026-10-10T11:34:57-04:00,Pitcher rolling HR/contact vulnerability metrics from Statcast.
7,621242,"Díaz, Edwin",R,95.3,10,15,10,0,1,2,1,2,6,104.4,80.22,19.33,0.0,0.1,0.0667,0.2,0.1,0.1333,0.4,2026-10-10,2026-10-10T11:34:57-04:00,Pitcher rolling HR/contact vulnerability metrics from Statcast.
7,622608,"Senzatela, Antonio",R,96.08,8,11,7,0,1,1,0,2,5,108.8,77.28,10.45,0.0,0.125,0.0909,0.125,0.0,0.1818,0.4545,2026-10-10,2026-10-10T11:34:57-04:00,Pitcher rolling HR/contact vulnerability metrics from Statcast.
7,623465,"Phillips, Evan",R,91.02,3,6,4,0,0,1,0,1,2,107.7,84.97,23.67,0.0,0.0,0.0,0.3333,0.0,0.1667,0.3333,2026-10-10,2026-10-10T11:34:57-04:00,Pitcher rolling HR/contact vulnerability metrics from Statcast.
7,628452,"Iglesias, Raisel",R,92.04,9,14,12,1,1,2,1,2,2,104.3,80.49,43.14,0.1111,0.1111,0.0714,0.2222,0.1111,0.1429,0.1429,2026-10-10,2026-10-10T11:34:57-04:00,Pitcher rolling HR/contact vulnerability metrics from Statcast.
7,641329,"Baker, Bryan",R,88.62,10,8,3,0,0,0,0,0,1,106.2,90.04,10.5,0.0,0.0,0.0,0.0,0.0,0.0,0.125,2026-10-10,2026-10-10T11:34:57-04:00,Pitcher rolling HR/contact vulnerability metrics from Statcast.
7,641743,"Kay, Anthony",L,91.85,12,19,9,0,0,1,0,3,5,109.3,80.73,5.58,0.0,0.0,0.0,0.0833,0.0,0.1579,0.2632,2026-10-10,2026-10-10T11:34:57-04:00,Pitcher rolling HR/contact vulnerability metrics from Statcast.
7,641816,"Mahle, Tyler",R,90.88,23,30,16,0,2,5,1,3,7,110.6,82.93,12.83,0.0,0.087,0.0667,0.2174,0.0435,0.1,0.2333,2026-10-10,2026-10-10T11:34:57-04:00,Pitcher rolling HR/contact vulnerability metrics from Statcast.
7,642547,"Peralta, Freddy",R,93.6,18,24,19,1,2,5,2,5,9,108.6,86.19,30.38,0.0556,0.1111,0.0833,0.2778,0.1111,0.2083,0.375,2026-10-10,2026-10-10T11:34:57-04:00,Pitcher rolling HR/contact vulnerability metrics from Statcast.
7,643377,"Jax, Griffin",R,91.39,8,6,4,0,0,2,0,2,2,101.7,84.72,9.5,0.0,0.0,0.0,0.25,0.0,0.3333,0.3333,2026-10-10,2026-10-10T11:34:57-04:00,Pitcher rolling HR/contact vulnerability metrics from Statcast.
7,650633,"King, Michael",R,91.11,27,38,22,0,0,5,3,1,7,107.1,81.41,17.13,0.0,0.0,0.0,0.1852,0.1111,0.0263,0.1842,2026-10-10,2026-10-10T11:34:57-04:00,Pitcher rolling HR/contact vulnerability metrics from Statcast.
7,656492,"Griffin, Foster",L,87.67,11,20,17,0,0,3,1,1,6,101.1,76.81,33.55,0.0,0.0,0.0,0.2727,0.0909,0.05,0.3,2026-10-10,2026-10-10T11:34:57-04:00,Pitcher rolling HR/contact vulnerability metrics from Statcast.
7,656550,"Holmes, Grant",R,90.58,5,6,3,1,1,1,1,3,2,103.2,89.82,9.0,0.2,0.2,0.1667,0.2,0.2,0.5,0.3333,2026-10-10,2026-10-10T11:34:57-04:00,Pitcher rolling HR/contact vulnerability metrics from Statcast.
7,656730,"Megill, Trevor",R,96.57,11,10,8,0,2,4,0,4,5,109.4,90.26,30.2,0.0,0.1818,0.2,0.3636,0.0,0.4,0.5,2026-10-10,2026-10-10T11:34:57-04:00,Pitcher rolling HR/contact vulnerability metrics from Statcast.
7,656794,"Newcomb, Sean",L,92.09,15,18,9,0,0,2,0,1,2,109.6,82.31,8.39,0.0,0.0,0.0,0.1333,0.0,0.0556,0.1111,2026-10-10,2026-10-10T11:34:57-04:00,Pitcher rolling HR/contact vulnerability metrics from Statcast.
7,656876,"Rasmussen, Drew",R,91.59,26,28,17,0,2,5,2,5,7,107.8,83.56,14.75,0.0,0.0769,0.0714,0.1923,0.0769,0.1786,0.25,2026-10-10,2026-10-10T11:34:57-04:00,Pitcher rolling HR/contact vulnerability metrics from Statcast.
7,656945,"Scott, Tanner",L,93.29,11,15,8,1,1,2,1,2,4,108.1,87.18,9.87,0.0909,0.0909,0.0667,0.1818,0.0909,0.1333,0.2667,2026-10-10,2026-10-10T11:34:57-04:00,Pitcher rolling HR/contact vulnerability metrics from Statcast.
7,663158,"Suarez, Robert",R,97.68,5,11,8,0,0,0,0,0,2,94.1,82.55,24.55,0.0,0.0,0.0,0.0,0.0,0.0,0.1818,2026-10-10,2026-10-10T11:34:57-04:00,Pitcher rolling HR/contact vulnerability metrics from Statcast.
7,663436,"Martin, Davis",R,89.42,6,11,7,0,0,0,0,0,1,87.6,76.24,19.45,0.0,0.0,0.0,0.0,0.0,0.0,0.0909,2026-10-10,2026-10-10T11:34:57-04:00,Pitcher rolling HR/contact vulnerability metrics from Statcast.
7,663460,"Bubic, Kris",L,88.42,4,7,5,0,0,0,0,0,1,92.3,86.06,28.71,0.0,0.0,0.0,0.0,0.0,0.0,0.1429,2026-10-10,2026-10-10T11:34:57-04:00,Pitcher rolling HR/contact vulnerability metrics from Statcast.
7,663542,"Hudson, Bryan",L,86.16,9,13,7,0,1,3,1,2,6,103.0,82.78,7.38,0.0,0.1111,0.0769,0.3333,0.1111,0.1538,0.4615,2026-10-10,2026-10-10T11:34:57-04:00,Pitcher rolling HR/contact vulnerability metrics from Statcast.
7,663855,"Hicks, Jordan",R,96.4,6,7,6,1,1,1,1,1,4,103.1,84.66,33.86,0.1667,0.1667,0.1429,0.1667,0.1667,0.1429,0.5714,2026-10-10,2026-10-10T11:34:57-04:00,Pitcher rolling HR/contact vulnerability metrics from Statcast.
7,668909,"Williams, Gavin",R,93.32,25,24,16,0,0,1,0,1,9,106.4,82.08,15.25,0.0,0.0,0.0,0.04,0.0,0.0417,0.375,2026-10-10,2026-10-10T11:34:57-04:00,Pitcher rolling HR/contact vulnerability metrics from Statcast.
7,668941,"Romero, JoJo",L,88.28,9,12,8,1,1,1,0,1,4,100.9,78.03,22.58,0.1111,0.1111,0.0833,0.1111,0.0,0.0833,0.3333,2026-10-10,2026-10-10T11:34:57-04:00,Pitcher rolling HR/contact vulnerability metrics from Statcast.
7,669084,"Hall, DL",L,92.12,11,14,8,0,0,0,0,1,4,108.0,84.23,11.71,0.0,0.0,0.0,0.0,0.0,0.0714,0.2857,2026-10-10,2026-10-10T11:34:57-04:00,Pitcher rolling HR/contact vulnerability metrics from Statcast.
7,669160,"May, Dustin",R,95.03,14,16,9,0,1,2,1,1,4,110.7,83.11,14.38,0.0,0.0714,0.0625,0.1429,0.0714,0.0625,0.25,2026-10-10,2026-10-10T11:34:57-04:00,Pitcher rolling HR/contact vulnerability metrics from Statcast.
7,669276,"Lee, Dylan",L,88.41,10,11,7,0,1,2,1,1,3,105.9,88.33,23.91,0.0,0.1,0.0909,0.2,0.1,0.0909,0.2727,2026-10-10,2026-10-10T11:34:57-04:00,Pitcher rolling HR/contact vulnerability metrics from Statcast.
7,669373,"Skubal, Tarik",L,93.7,22,31,20,1,1,2,1,3,8,106.1,84.17,22.26,0.0455,0.0455,0.0323,0.0909,0.0455,0.0968,0.2581,2026-10-10,2026-10-10T11:34:57-04:00,Pitcher rolling HR/contact vulnerability metrics from Statcast.
7,670167,"Schreiber, John",R,92.13,3,4,3,0,0,1,0,1,2,100.6,80.83,17.25,0.0,0.0,0.0,0.3333,0.0,0.25,0.5,2026-10-10,2026-10-10T11:34:57-04:00,Pitcher rolling HR/contact vulnerability metrics from Statcast.
7,670280,"Bednar, David",R,91.53,8,8,5,0,0,1,0,2,2,109.9,88.7,27.5,0.0,0.0,0.0,0.125,0.0,0.25,0.25,2026-10-10,2026-10-10T11:34:57-04:00,Pitcher rolling HR/contact vulnerability metrics from Statcast.
7,670970,"Morejon, Adrian",L,95.61,9,9,4,1,1,1,1,0,5,105.8,90.54,5.89,0.1111,0.1111,0.1111,0.1111,0.1111,0.0,0.5556,2026-10-10,2026-10-10T11:34:57-04:00,Pitcher rolling HR/contact vulnerability metrics from Statcast.
7,671922,"Smith, Cade",R,94.14,18,22,11,1,1,2,1,1,2,109.6,83.74,17.09,0.0556,0.0556,0.0455,0.1111,0.0556,0.0455,0.0909,2026-10-10,2026-10-10T11:34:57-04:00,Pitcher rolling HR/contact vulnerability metrics from Statcast.
7,673513,"Matsui, Yuki",L,88.49,16,21,13,0,1,4,1,2,7,110.1,86.08,20.48,0.0,0.0625,0.0476,0.25,0.0625,0.0952,0.3333,2026-10-10,2026-10-10T11:34:57-04:00,Pitcher rolling HR/contact vulnerability metrics from Statcast.
7,676282,"Cantillo, Joey",L,86.18,7,8,4,0,0,1,0,1,3,97.9,81.76,2.38,0.0,0.0,0.0,0.1429,0.0,0.125,0.375,2026-10-10,2026-10-10T11:34:57-04:00,Pitcher rolling HR/contact vulnerability metrics from Statcast.
7,676440,"Bibee, Tanner",R,92.29,3,0,0,0,0,0,0,0,0,,,,0.0,0.0,,0.0,0.0,,,2026-10-10,2026-10-10T11:34:57-04:00,Pitcher rolling HR/contact vulnerability metrics from Statcast.
7,676879,"Ashby, Aaron",L,93.86,19,21,12,0,0,0,0,2,5,113.9,82.27,20.76,0.0,0.0,0.0,0.0,0.0,0.0952,0.2381,2026-10-10,2026-10-10T11:34:57-04:00,Pitcher rolling HR/contact vulnerability metrics from Statcast.
7,677960,"Weathers, Ryan",L,89.6,6,6,2,0,0,0,0,0,0,94.8,79.9,-0.67,0.0,0.0,0.0,0.0,0.0,0.0,0.0,2026-10-10,2026-10-10T11:34:57-04:00,Pitcher rolling HR/contact vulnerability metrics from Statcast.
7,678061,"Kerr, Ray",L,87.05,11,9,6,0,0,2,0,4,2,98.9,78.08,16.11,0.0,0.0,0.0,0.1818,0.0,0.4444,0.2222,2026-10-10,2026-10-10T11:34:57-04:00,Pitcher rolling HR/contact vulnerability metrics from Statcast.
7,680732,"Burke, Sean",R,88.95,18,25,17,0,0,2,0,2,5,102.3,83.18,24.2,0.0,0.0,0.0,0.1111,0.0,0.08,0.2,2026-10-10,2026-10-10T11:34:57-04:00,Pitcher rolling HR/contact vulnerability metrics from Statcast.
7,681870,"Sabrowski, Erik",L,91.39,14,17,12,0,1,4,1,4,6,106.1,86.82,24.94,0.0,0.0714,0.0588,0.2857,0.0714,0.2353,0.3529,2026-10-10,2026-10-10T11:34:57-04:00,Pitcher rolling HR/contact vulnerability metrics from Statcast.
7,681911,"Vesia, Alex",L,89.42,6,10,8,0,1,3,0,2,4,107.8,88.81,35.0,0.0,0.1667,0.1,0.5,0.0,0.2,0.4,2026-10-10,2026-10-10T11:34:57-04:00,Pitcher rolling HR/contact vulnerability metrics from Statcast.
7,682120,"Herrin, Tim",L,85.06,10,11,7,0,0,1,0,1,3,110.9,84.73,17.36,0.0,0.0,0.0,0.1,0.0,0.0909,0.2727,2026-10-10,2026-10-10T11:34:57-04:00,Pitcher rolling HR/contact vulnerability metrics from Statcast.
7,682842,"Uribe, Abner",R,94.78,17,20,11,0,1,2,1,1,4,106.7,79.2,13.7,0.0,0.0588,0.05,0.1176,0.0588,0.05,0.2,2026-10-10,2026-10-10T11:34:57-04:00,Pitcher rolling HR/contact vulnerability metrics from Statcast.
7,682982,"Espino, Daniel",R,96.02,8,7,5,0,0,1,1,2,3,106.0,89.89,16.29,0.0,0.0,0.0,0.125,0.125,0.2857,0.4286,2026-10-10,2026-10-10T11:34:57-04:00,Pitcher rolling HR/contact vulnerability metrics from Statcast.
7,682989,"Mederos, Victor",R,95.1,4,3,3,1,1,1,1,2,2,109.9,88.63,33.67,0.25,0.25,0.3333,0.25,0.25,0.6667,0.6667,2026-10-10,2026-10-10T11:34:57-04:00,Pitcher rolling HR/contact vulnerability metrics from Statcast.
7,683618,"Henriquez, Edgardo",R,98.38,11,13,7,0,1,4,0,3,7,107.2,91.86,11.62,0.0,0.0909,0.0769,0.3636,0.0,0.2308,0.5385,2026-10-10,2026-10-10T11:34:57-04:00,Pitcher rolling HR/contact vulnerability metrics from Statcast.
7,683769,"Gaddis, Hunter",R,89.78,14,15,12,0,0,4,0,5,7,102.0,81.74,17.73,0.0,0.0,0.0,0.2857,0.0,0.3333,0.4667,2026-10-10,2026-10-10T11:34:57-04:00,Pitcher rolling HR/contact vulnerability metrics from Statcast.
7,687330,"Kelly, Kevin",R,87.82,1,1,0,0,0,0,0,0,0,87.4,87.4,-37.0,0.0,0.0,0.0,0.0,0.0,0.0,0.0,2026-10-10,2026-10-10T11:34:57-04:00,Pitcher rolling HR/contact vulnerability metrics from Statcast.
7,687396,"Headrick, Brent",L,89.13,6,10,7,0,0,1,0,1,1,99.9,79.89,33.1,0.0,0.0,0.0,0.1667,0.0,0.1,0.1,2026-10-10,2026-10-10T11:34:57-04:00,Pitcher rolling HR/contact vulnerability metrics from Statcast.
7,688107,"Gasser, Robert",L,90.43,17,20,12,1,1,3,1,2,5,110.6,79.74,17.95,0.0588,0.0588,0.05,0.1765,0.0588,0.1,0.25,2026-10-10,2026-10-10T11:34:57-04:00,Pitcher rolling HR/contact vulnerability metrics from Statcast.
7,689266,"Dodd, Dylan",L,91.55,15,22,17,0,0,3,0,5,7,105.4,81.02,28.68,0.0,0.0,0.0,0.2,0.0,0.2273,0.3182,2026-10-10,2026-10-10T11:34:57-04:00,Pitcher rolling HR/contact vulnerability metrics from Statcast.
7,689818,"Sandlin, David",R,87.61,7,7,4,0,0,0,0,0,1,91.1,73.36,13.43,0.0,0.0,0.0,0.0,0.0,0.0,0.1429,2026-10-10,2026-10-10T11:34:57-04:00,Pitcher rolling HR/contact vulnerability metrics from Statcast.
7,691799,"Taylor, Grant",R,90.77,24,21,13,0,2,7,2,3,8,108.2,90.63,8.43,0.0,0.0833,0.0952,0.2917,0.0833,0.1429,0.381,2026-10-10,2026-10-10T11:34:57-04:00,Pitcher rolling HR/contact vulnerability metrics from Statcast.
7,693645,"Schlittler, Cam",R,94.95,23,35,22,0,2,5,1,3,10,112.4,84.98,19.09,0.0,0.087,0.0571,0.2174,0.0435,0.0857,0.2857,2026-10-10,2026-10-10T11:34:57-04:00,Pitcher rolling HR/contact vulnerability metrics from Statcast.
7,693855,"Seymour, Ian",L,87.74,15,19,12,1,2,3,1,2,3,105.0,77.3,22.84,0.0667,0.1333,0.1053,0.2,0.0667,0.1053,0.1579,2026-10-10,2026-10-10T11:34:57-04:00,Pitcher rolling HR/contact vulnerability metrics from Statcast.
7,694819,"Misiorowski, Jacob",R,98.25,18,35,23,0,0,2,0,2,10,105.1,80.73,18.46,0.0,0.0,0.0,0.1111,0.0,0.0571,0.2857,2026-10-10,2026-10-10T11:34:57-04:00,Pitcher rolling HR/contact vulnerability metrics from Statcast.
7,695243,"Miller, Mason",R,94.62,15,11,9,0,0,3,0,0,6,109.5,91.23,20.64,0.0,0.0,0.0,0.2,0.0,0.0,0.5455,2026-10-10,2026-10-10T11:34:57-04:00,Pitcher rolling HR/contact vulnerability metrics from Statcast.
7,696146,"Smith, Hagen",L,90.46,21,17,13,0,0,1,0,4,5,104.3,80.68,24.65,0.0,0.0,0.0,0.0476,0.0,0.2353,0.2941,2026-10-10,2026-10-10T11:34:57-04:00,Pitcher rolling HR/contact vulnerability metrics from Statcast.
7,699134,"Rodriguez, Bradgley",R,95.8,19,27,16,0,0,5,0,1,6,107.2,84.41,10.19,0.0,0.0,0.0,0.2632,0.0,0.037,0.2222,2026-10-10,2026-10-10T11:34:57-04:00,Pitcher rolling HR/contact vulnerability metrics from Statcast.
7,699823,"Davis, Tyler",R,89.7,13,21,18,0,0,3,0,3,10,109.4,82.79,31.43,0.0,0.0,0.0,0.2308,0.0,0.1429,0.4762,2026-10-10,2026-10-10T11:34:57-04:00,Pitcher rolling HR/contact vulnerability metrics from Statcast.
7,700363,"Smith-Shawver, AJ",R,90.39,13,17,15,2,1,6,0,3,10,106.9,88.44,22.24,0.1538,0.0769,0.0588,0.4615,0.0,0.1765,0.5882,2026-10-10,2026-10-10T11:34:57-04:00,Pitcher rolling HR/contact vulnerability metrics from Statcast.
7,701656,"Henderson, Logan",R,89.26,22,24,19,0,0,4,1,5,9,106.6,83.21,26.67,0.0,0.0,0.0,0.1818,0.0455,0.2083,0.375,2026-10-10,2026-10-10T11:34:57-04:00,Pitcher rolling HR/contact vulnerability metrics from Statcast.
7,702273,"Schultz, Noah",L,89.36,13,16,8,0,0,1,0,0,3,106.5,82.78,14.12,0.0,0.0,0.0,0.0769,0.0,0.0,0.1875,2026-10-10,2026-10-10T11:34:57-04:00,Pitcher rolling HR/contact vulnerability metrics from Statcast.
7,800048,"Messick, Parker",L,92.07,31,44,30,1,2,6,1,3,15,112.2,82.37,17.73,0.0323,0.0645,0.0455,0.1935,0.0323,0.0682,0.3409,2026-10-10,2026-10-10T11:34:57-04:00,Pitcher rolling HR/contact vulnerability metrics from Statcast.
7,800311,"Fuentes, Didier",R,92.1,15,17,12,1,1,1,1,1,5,108.8,85.0,18.47,0.0667,0.0667,0.0588,0.0667,0.0667,0.0588,0.2941,2026-10-10,2026-10-10T11:34:57-04:00,Pitcher rolling HR/contact vulnerability metrics from Statcast.
7,808963,"Sasaki, Roki",R,94.43,8,8,3,0,0,0,0,0,2,109.8,79.89,-1.88,0.0,0.0,0.0,0.0,0.0,0.0,0.25,2026-10-10,2026-10-10T11:34:57-04:00,Pitcher rolling HR/contact vulnerability metrics from Statcast.
7,808967,"Yamamoto, Yoshinobu",R,91.5,26,29,19,0,0,0,0,4,10,109.5,76.83,17.0,0.0,0.0,0.0,0.0,0.0,0.1379,0.3448,2026-10-10,2026-10-10T11:34:57-04:00,Pitcher rolling HR/contact vulnerability metrics from Statcast.
14,434378,"Verlander, Justin",R,87.09,20,34,29,2,2,6,2,6,8,104.7,82.29,36.26,0.1,0.1,0.0588,0.3,0.1,0.1765,0.2353,2026-10-10,2026-10-10T11:34:57-04:00,Pitcher rolling HR/contact vulnerability metrics from Statcast.
14,453286,"Scherzer, Max",R,86.08,27,40,35,0,0,7,0,8,10,109.6,79.51,39.62,0.0,0.0,0.0,0.2593,0.0,0.2,0.25,2026-10-10,2026-10-10T11:34:57-04:00,Pitcher rolling HR/contact vulnerability metrics from Statcast.
14,489446,"Yates, Kirby",R,87.07,6,10,7,0,0,1,0,1,2,103.4,85.7,28.4,0.0,0.0,0.0,0.1667,0.0,0.1,0.2,2026-10-10,2026-10-10T11:34:57-04:00,Pitcher rolling HR/contact vulnerability metrics from Statcast.
14,500779,"Quintana, Jose",L,84.52,13,18,15,2,1,3,1,4,6,107.8,80.64,30.5,0.1538,0.0769,0.0556,0.2308,0.0769,0.2222,0.3333,2026-10-10,2026-10-10T11:34:57-04:00,Pitcher rolling HR/contact vulnerability metrics from Statcast.
14,519242,"Sale, Chris",L,87.95,54,64,37,2,5,11,6,10,19,108.4,86.15,14.69,0.037,0.0926,0.0781,0.2037,0.1111,0.1562,0.2969,2026-10-10,2026-10-10T11:34:57-04:00,Pitcher rolling HR/contact vulnerability metrics from Statcast.
14,542888,"Armstrong, Shawn",R,88.74,14,22,17,0,2,5,2,6,7,115.8,84.64,32.73,0.0,0.1429,0.0909,0.3571,0.1429,0.2727,0.3182,2026-10-10,2026-10-10T11:34:57-04:00,Pitcher rolling HR/contact vulnerability metrics from Statcast.
14,543037,"Cole, Gerrit",R,92.39,21,34,25,1,2,6,1,5,8,107.1,83.17,28.29,0.0476,0.0952,0.0588,0.2857,0.0476,0.1471,0.2353,2026-10-10,2026-10-10T11:34:57-04:00,Pitcher rolling HR/contact vulnerability metrics from Statcast.
14,543135,"Eovaldi, Nathan",R,86.29,18,27,14,0,0,3,0,2,7,105.5,85.1,16.22,0.0,0.0,0.0,0.1667,0.0,0.0741,0.2593,2026-10-10,2026-10-10T11:34:57-04:00,Pitcher rolling HR/contact vulnerability metrics from Statcast.
14,543238,"Gose, Anthony",L,90.92,3,5,3,1,0,1,0,1,1,104.0,89.02,20.0,0.3333,0.0,0.0,0.3333,0.0,0.2,0.2,2026-10-10,2026-10-10T11:34:57-04:00,Pitcher rolling HR/contact vulnerability metrics from Statcast.
14,543243,"Gray, Sonny",R,88.6,19,24,13,1,1,3,1,4,8,108.5,86.28,16.88,0.0526,0.0526,0.0417,0.1579,0.0526,0.1667,0.3333,2026-10-10,2026-10-10T11:34:57-04:00,Pitcher rolling HR/contact vulnerability metrics from Statcast.
14,547973,"Chapman, Aroldis",L,95.61,3,3,3,0,0,0,0,0,1,78.5,73.9,43.33,0.0,0.0,0.0,0.0,0.0,0.0,0.3333,2026-10-10,2026-10-10T11:34:57-04:00,Pitcher rolling HR/contact vulnerability metrics from Statcast.
14,548384,"Raley, Brooks",L,87.75,4,6,4,0,0,0,0,1,1,102.5,83.08,28.67,0.0,0.0,0.0,0.0,0.0,0.1667,0.1667,2026-10-10,2026-10-10T11:34:57-04:00,Pitcher rolling HR/contact vulnerability metrics from Statcast.
14,554430,"Wheeler, Zack",R,90.55,40,70,40,2,2,6,2,11,15,110.0,81.58,12.83,0.05,0.05,0.0286,0.15,0.05,0.1571,0.2143,2026-10-10,2026-10-10T11:34:57-04:00,Pitcher rolling HR/contact vulnerability metrics from Statcast.
14,571510,"Boyd, Matthew",L,87.62,17,24,20,3,4,5,3,6,7,108.0,83.79,33.67,0.1765,0.2353,0.1667,0.2941,0.1765,0.25,0.2917,2026-10-10,2026-10-10T11:34:57-04:00,Pitcher rolling HR/contact vulnerability metrics from Statcast.
14,571927,"Matz, Steven",L,88.03,3,3,1,0,0,1,0,0,0,103.3,94.47,16.33,0.0,0.0,0.0,0.3333,0.0,0.0,0.0,2026-10-10,2026-10-10T11:34:57-04:00,Pitcher rolling HR/contact vulnerability metrics from Statcast.
14,571948,"Milner, Hoby",L,82.97,8,11,5,0,0,0,0,0,2,108.1,73.55,5.73,0.0,0.0,0.0,0.0,0.0,0.0,0.1818,2026-10-10,2026-10-10T11:34:57-04:00,Pitcher rolling HR/contact vulnerability metrics from Statcast.
14,573124,"Rogers, Taylor",L,87.59,4,6,4,0,0,1,1,1,2,101.0,80.03,20.0,0.0,0.0,0.0,0.25,0.25,0.1667,0.3333,2026-10-10,2026-10-10T11:34:57-04:00,Pitcher rolling HR/contact vulnerability metrics from Statcast.
14,579328,"Kikuchi, Yusei",L,87.88,23,36,21,0,0,2,0,2,10,105.2,80.28,14.39,0.0,0.0,0.0,0.087,0.0,0.0556,0.2778,2026-10-10,2026-10-10T11:34:57-04:00,Pitcher rolling HR/contact vulnerability metrics from Statcast.
14,592094,"Adam, Jason",R,87.13,15,18,13,0,0,2,0,6,5,110.0,86.28,21.89,0.0,0.0,0.0,0.1333,0.0,0.3333,0.2778,2026-10-10,2026-10-10T11:34:57-04:00,Pitcher rolling HR/contact vulnerability metrics from Statcast.
14,592155,"Booser, Cam",L,91.4,9,13,7,0,1,2,1,2,4,102.9,84.01,6.08,0.0,0.1111,0.0769,0.2222,0.1111,0.1538,0.3077,2026-10-10,2026-10-10T11:34:57-04:00,Pitcher rolling HR/contact vulnerability metrics from Statcast.
14,592332,"Gausman, Kevin",R,88.41,15,19,8,0,0,4,0,4,4,107.5,84.65,4.37,0.0,0.0,0.0,0.2667,0.0,0.2105,0.2105,2026-10-10,2026-10-10T11:34:57-04:00,Pitcher rolling HR/contact vulnerability metrics from Statcast.
14,592662,"Ray, Robbie",L,92.28,19,22,12,1,1,1,1,3,9,113.3,80.53,10.64,0.0526,0.0526,0.0455,0.0526,0.0526,0.1364,0.4091,2026-10-10,2026-10-10T11:34:57-04:00,Pitcher rolling HR/contact vulnerability metrics from Statcast.
14,592779,"Stewart, Brock",R,91.88,9,9,4,0,0,1,0,1,0,101.1,78.22,2.22,0.0,0.0,0.0,0.1111,0.0,0.1111,0.0,2026-10-10,2026-10-10T11:34:57-04:00,Pitcher rolling HR/contact vulnerability metrics from Statcast.
14,596001,"Junis, Jakob",R,87.94,8,9,5,0,0,1,0,1,3,104.9,74.8,10.89,0.0,0.0,0.0,0.125,0.0,0.1111,0.3333,2026-10-10,2026-10-10T11:34:57-04:00,Pitcher rolling HR/contact vulnerability metrics from Statcast.
14,596133,"Weaver, Luke",R,92.25,3,2,1,0,0,0,0,0,1,73.7,72.9,12.0,0.0,0.0,0.0,0.0,0.0,0.0,0.5,2026-10-10,2026-10-10T11:34:57-04:00,Pitcher rolling HR/contact vulnerability metrics from Statcast.
14,601713,"Pivetta, Nick",R,88.94,33,46,34,1,1,12,2,11,10,115.0,85.72,28.98,0.0303,0.0303,0.0217,0.3636,0.0606,0.2391,0.2174,2026-10-10,2026-10-10T11:34:57-04:00,Pitcher rolling HR/contact vulnerability metrics from Statcast.
14,605397,"Musgrove, Joe",R,91.32,13,20,11,0,0,1,0,1,5,103.7,80.8,14.3,0.0,0.0,0.0,0.0769,0.0,0.05,0.25,2026-10-10,2026-10-10T11:34:57-04:00,Pitcher rolling HR/contact vulnerability metrics from Statcast.
14,605400,"Nola, Aaron",R,87.52,16,21,16,2,2,9,3,10,12,111.9,88.49,16.38,0.125,0.125,0.0952,0.5625,0.1875,0.4762,0.5714,2026-10-10,2026-10-10T11:34:57-04:00,Pitcher rolling HR/contact vulnerability metrics from Statcast.
14,605447,"Romano, Jordan",R,87.39,6,6,4,1,1,3,1,1,2,104.4,89.5,20.17,0.1667,0.1667,0.1667,0.5,0.1667,0.1667,0.3333,2026-10-10,2026-10-10T11:34:57-04:00,Pitcher rolling HR/contact vulnerability metrics from Statcast.
14,605483,"Snell, Blake",L,90.51,35,44,26,0,1,6,1,8,13,106.3,82.54,14.59,0.0,0.0286,0.0227,0.1714,0.0286,0.1818,0.2955,2026-10-10,2026-10-10T11:34:57-04:00,Pitcher rolling HR/contact vulnerability metrics from Statcast.
14,607067,"Rea, Colin",R,89.51,6,8,5,0,0,1,0,1,2,98.5,87.49,20.0,0.0,0.0,0.0,0.1667,0.0,0.125,0.25,2026-10-10,2026-10-10T11:34:57-04:00,Pitcher rolling HR/contact vulnerability metrics from Statcast.
14,607192,"Glasnow, Tyler",R,92.76,20,23,14,0,1,4,0,2,4,106.8,85.64,22.65,0.0,0.05,0.0435,0.2,0.0,0.087,0.1739,2026-10-10,2026-10-10T11:34:57-04:00,Pitcher rolling HR/contact vulnerability metrics from Statcast.
14,607200,"Fedde, Erick",R,88.8,21,32,18,1,3,8,2,2,11,110.0,81.96,11.66,0.0476,0.1429,0.0938,0.381,0.0952,0.0625,0.3438,2026-10-10,2026-10-10T11:34:57-04:00,Pitcher rolling HR/contact vulnerability metrics from Statcast.
14,607259,"Martinez, Nick",R,87.7,32,46,31,0,2,13,3,8,13,116.8,86.55,17.67,0.0,0.0625,0.0435,0.4062,0.0938,0.1739,0.2826,2026-10-10,2026-10-10T11:34:57-04:00,Pitcher rolling HR/contact vulnerability metrics from Statcast.
14,607536,"Freeland, Kyle",L,87.18,20,27,18,2,2,4,3,6,11,111.5,85.11,19.0,0.1,0.1,0.0741,0.2,0.15,0.2222,0.4074,2026-10-10,2026-10-10T11:34:57-04:00,Pitcher rolling HR/contact vulnerability metrics from Statcast.
14,608331,"Fried, Max",L,87.58,44,64,40,3,2,11,3,15,14,112.5,82.27,12.19,0.0682,0.0455,0.0312,0.25,0.0682,0.2344,0.2188,2026-10-10,2026-10-10T11:34:57-04:00,Pitcher rolling HR/contact vulnerability metrics from Statcast.
14,608379,"Wacha, Michael",R,87.23,26,37,29,2,2,9,4,13,15,107.9,85.64,27.24,0.0769,0.0769,0.0541,0.3462,0.1538,0.3514,0.4054,2026-10-10,2026-10-10T11:34:57-04:00,Pitcher rolling HR/contact vulnerability metrics from Statcast.
14,608718,"Suter, Brent",L,87.69,21,28,16,0,2,4,2,0,11,105.7,81.9,12.18,0.0,0.0952,0.0714,0.1905,0.0952,0.0,0.3929,2026-10-10,2026-10-10T11:34:57-04:00,Pitcher rolling HR/contact vulnerability metrics from Statcast.
14,621016,"Cuas, Jose",R,88.04,5,8,6,0,1,2,1,3,3,104.5,83.85,21.12,0.0,0.2,0.125,0.4,0.2,0.375,0.375,2026-10-10,2026-10-10T11:34:57-04:00,Pitcher rolling HR/contact vulnerability metrics from Statcast.
14,621074,"Rucker, Michael",R,88.78,7,6,2,0,0,0,0,0,2,99.1,76.53,5.33,0.0,0.0,0.0,0.0,0.0,0.0,0.3333,2026-10-10,2026-10-10T11:34:57-04:00,Pitcher rolling HR/contact vulnerability metrics from Statcast.
14,621097,"Waguespack, Jacob",R,86.62,6,8,5,0,1,3,2,1,2,111.7,90.76,11.25,0.0,0.1667,0.125,0.5,0.3333,0.125,0.25,2026-10-10,2026-10-10T11:34:57-04:00,Pitcher rolling HR/contact vulnerability metrics from Statcast.
14,621111,"Buehler, Walker",R,91.98,30,36,17,1,1,5,1,2,6,110.3,88.05,6.11,0.0333,0.0333,0.0278,0.1667,0.0333,0.0556,0.1667,2026-10-10,2026-10-10T11:34:57-04:00,Pitcher rolling HR/contact vulnerability metrics from Statcast.
14,621112,"Blackburn, Paul",R,88.93,19,31,13,0,1,4,0,4,6,107.9,83.62,0.77,0.0,0.0526,0.0323,0.2105,0.0,0.129,0.1935,2026-10-10,2026-10-10T11:34:57-04:00,Pitcher rolling HR/contact vulnerability metrics from Statcast.
14,621237,"Alvarado, José",L,94.41,5,6,3,0,0,1,0,0,2,97.6,78.08,11.33,0.0,0.0,0.0,0.2,0.0,0.0,0.3333,2026-10-10,2026-10-10T11:34:57-04:00,Pitcher rolling HR/contact vulnerability metrics from Statcast.
14,621242,"Díaz, Edwin",R,94.62,13,18,12,0,1,2,1,2,6,104.4,78.44,19.39,0.0,0.0769,0.0556,0.1538,0.0769,0.1111,0.3333,2026-10-10,2026-10-10T11:34:57-04:00,Pitcher rolling HR/contact vulnerability metrics from Statcast.
14,621345,"Minter, A.J.",L,89.87,4,4,4,1,1,1,1,3,2,104.1,88.58,40.0,0.25,0.25,0.25,0.25,0.25,0.75,0.5,2026-10-10,2026-10-10T11:34:57-04:00,Pitcher rolling HR/contact vulnerability metrics from Statcast.
14,621383,"Banks, Tanner",L,88.15,5,7,6,0,0,3,0,1,2,96.1,83.96,25.86,0.0,0.0,0.0,0.6,0.0,0.1429,0.2857,2026-10-10,2026-10-10T11:34:57-04:00,Pitcher rolling HR/contact vulnerability metrics from Statcast.
14,622088,"Antone, Tejay",R,87.03,3,2,2,0,0,0,0,1,1,85.5,77.0,49.0,0.0,0.0,0.0,0.0,0.0,0.5,0.5,2026-10-10,2026-10-10T11:34:57-04:00,Pitcher rolling HR/contact vulnerability metrics from Statcast.
14,622554,"Domínguez, Seranthony",R,97.54,3,5,4,0,0,0,0,0,2,107.3,84.2,24.8,0.0,0.0,0.0,0.0,0.0,0.0,0.4,2026-10-10,2026-10-10T11:34:57-04:00,Pitcher rolling HR/contact vulnerability metrics from Statcast.
14,622608,"Senzatela, Antonio",R,95.36,9,12,8,0,1,1,0,2,5,108.8,77.32,14.0,0.0,0.1111,0.0833,0.1111,0.0,0.1667,0.4167,2026-10-10,2026-10-10T11:34:57-04:00,Pitcher rolling HR/contact vulnerability metrics from Statcast.
14,622694,"Hernández, Elieser",R,83.06,3,4,3,0,0,0,0,0,0,86.1,74.02,39.5,0.0,0.0,0.0,0.0,0.0,0.0,0.0,2026-10-10,2026-10-10T11:34:57-04:00,Pitcher rolling HR/contact vulnerability metrics from Statcast.
14,623149,"Sewald, Paul",R,87.39,4,9,7,0,0,1,0,1,2,104.4,86.74,36.44,0.0,0.0,0.0,0.25,0.0,0.1111,0.2222,2026-10-10,2026-10-10T11:34:57-04:00,Pitcher rolling HR/contact vulnerability metrics from Statcast.
14,623211,"Brazobán, Huascar",R,94.09,7,10,4,0,0,2,0,1,3,100.6,82.27,2.6,0.0,0.0,0.0,0.2857,0.0,0.1,0.3,2026-10-10,2026-10-10T11:34:57-04:00,Pitcher rolling HR/contact vulnerability metrics from Statcast.
14,623352,"Hader, Josh",L,92.07,10,16,13,0,0,4,0,4,3,108.8,90.02,36.12,0.0,0.0,0.0,0.4,0.0,0.25,0.1875,2026-10-10,2026-10-10T11:34:57-04:00,Pitcher rolling HR/contact vulnerability metrics from Statcast.
14,623465,"Phillips, Evan",R,91.97,10,14,10,0,1,2,1,4,4,107.7,86.41,26.0,0.0,0.1,0.0714,0.2,0.1,0.2857,0.2857,2026-10-10,2026-10-10T11:34:57-04:00,Pitcher rolling HR/contact vulnerability metrics from Statcast.
14,628452,"Iglesias, Raisel",R,91.78,20,26,20,1,1,5,1,5,7,106.6,84.2,27.92,0.05,0.05,0.0385,0.25,0.05,0.1923,0.2692,2026-10-10,2026-10-10T11:34:57-04:00,Pitcher rolling HR/contact vulnerability metrics from Statcast.
14,640455,"Manaea, Sean",L,86.86,26,39,25,2,2,9,1,7,8,111.2,85.87,24.05,0.0769,0.0769,0.0513,0.3462,0.0385,0.1795,0.2051,2026-10-10,2026-10-10T11:34:57-04:00,Pitcher rolling HR/contact vulnerability metrics from Statcast.
14,641302,"Alexander, Tyler",L,87.03,9,9,7,0,0,3,0,3,3,103.4,84.36,29.78,0.0,0.0,0.0,0.3333,0.0,0.3333,0.3333,2026-10-10,2026-10-10T11:34:57-04:00,Pitcher rolling HR/contact vulnerability metrics from Statcast.
14,641329,"Baker, Bryan",R,88.62,10,8,3,0,0,0,0,0,1,106.2,90.04,10.5,0.0,0.0,0.0,0.0,0.0,0.0,0.125,2026-10-10,2026-10-10T11:34:57-04:00,Pitcher rolling HR/contact vulnerability metrics from Statcast.
14,641743,"Kay, Anthony",L,90.48,36,44,22,0,0,5,0,7,16,109.3,81.06,5.09,0.0,0.0,0.0,0.1389,0.0,0.1591,0.3636,2026-10-10,2026-10-10T11:34:57-04:00,Pitcher rolling HR/contact vulnerability metrics from Statcast.
14,641755,"Kinley, Tyler",R,84.9,3,4,4,0,0,1,0,2,2,97.6,83.78,39.5,0.0,0.0,0.0,0.3333,0.0,0.5,0.5,2026-10-10,2026-10-10T11:34:57-04:00,Pitcher rolling HR/contact vulnerability metrics from Statcast.
14,641816,"Mahle, Tyler",R,90.15,51,63,31,0,2,9,1,5,14,110.6,83.5,11.32,0.0,0.0392,0.0317,0.1765,0.0196,0.0794,0.2222,2026-10-10,2026-10-10T11:34:57-04:00,Pitcher rolling HR/contact vulnerability metrics from Statcast.
14,641835,"Mayza, Tim",L,93.83,1,1,0,0,0,0,0,0,0,99.7,99.7,-18.0,0.0,0.0,0.0,0.0,0.0,0.0,0.0,2026-10-10,2026-10-10T11:34:57-04:00,Pitcher rolling HR/contact vulnerability metrics from Statcast.
14,641927,"Ober, Bailey",R,83.39,26,27,20,2,3,10,3,10,12,108.2,89.51,22.96,0.0769,0.1154,0.1111,0.3846,0.1154,0.3704,0.4444,2026-10-10,2026-10-10T11:34:57-04:00,Pitcher rolling HR/contact vulnerability metrics from Statcast.
14,642100,"Speier, Gabe",L,93.39,3,6,6,0,1,2,1,1,3,100.9,84.58,37.33,0.0,0.3333,0.1667,0.6667,0.3333,0.1667,0.5,2026-10-10,2026-10-10T11:34:57-04:00,Pitcher rolling HR/contact vulnerability metrics from Statcast.
14,642121,"Sulser, Cole",R,87.36,5,10,7,0,0,2,0,1,2,104.9,90.48,27.0,0.0,0.0,0.0,0.4,0.0,0.1,0.2,2026-10-10,2026-10-10T11:34:57-04:00,Pitcher rolling HR/contact vulnerability metrics from Statcast.
14,642207,"Williams, Devin",R,89.32,3,8,5,0,0,0,0,0,1,102.2,79.45,35.12,0.0,0.0,0.0,0.0,0.0,0.0,0.125,2026-10-10,2026-10-10T11:34:57-04:00,Pitcher rolling HR/contact vulnerability metrics from Statcast.
14,642397,"Soto, Gregory",L,89.62,3,4,2,0,0,0,0,0,1,101.9,75.8,19.75,0.0,0.0,0.0,0.0,0.0,0.0,0.25,2026-10-10,2026-10-10T11:34:57-04:00,Pitcher rolling HR/contact vulnerability metrics from Statcast.
14,642528,"Loáisiga, Jonathan",R,95.88,8,8,2,0,0,0,0,1,2,105.2,88.79,-1.12,0.0,0.0,0.0,0.0,0.0,0.125,0.25,2026-10-10,2026-10-10T11:34:57-04:00,Pitcher rolling HR/contact vulnerability metrics from Statcast.
14,642547,"Peralta, Freddy",R,93.6,18,24,19,1,2,5,2,5,9,108.6,86.19,30.38,0.0556,0.1111,0.0833,0.2778,0.1111,0.2083,0.375,2026-10-10,2026-10-10T11:34:57-04:00,Pitcher rolling HR/contact vulnerability metrics from Statcast.
14,642701,"Santana, Dennis",R,88.99,10,13,11,0,0,3,0,3,3,103.4,83.42,37.69,0.0,0.0,0.0,0.3,0.0,0.2308,0.2308,2026-10-10,2026-10-10T11:34:57-04:00,Pitcher rolling HR/contact vulnerability metrics from Statcast.
14,643377,"Jax, Griffin",R,91.38,18,23,12,0,0,5,1,4,6,105.0,81.81,6.43,0.0,0.0,0.0,0.2778,0.0556,0.1739,0.2609,2026-10-10,2026-10-10T11:34:57-04:00,Pitcher rolling HR/contact vulnerability metrics from Statcast.
14,645261,"Alcantara, Sandy",R,93.86,4,4,3,0,0,0,0,2,2,101.6,88.88,12.5,0.0,0.0,0.0,0.0,0.0,0.5,0.5,2026-10-10,2026-10-10T11:34:57-04:00,Pitcher rolling HR/contact vulnerability metrics from Statcast.
14,647336,"Soroka, Michael",R,87.43,19,26,19,1,1,8,1,7,12,105.9,85.23,20.15,0.0526,0.0526,0.0385,0.4211,0.0526,0.2692,0.4615,2026-10-10,2026-10-10T11:34:57-04:00,Pitcher rolling HR/contact vulnerability metrics from Statcast.
14,650556,"Abreu, Bryan",R,93.48,13,14,9,1,1,1,1,1,3,102.0,76.33,25.5,0.0769,0.0769,0.0714,0.0769,0.0769,0.0714,0.2143,2026-10-10,2026-10-10T11:34:57-04:00,Pitcher rolling HR/contact vulnerability metrics from Statcast.
14,650633,"King, Michael",R,90.51,53,60,35,0,0,7,3,5,9,107.1,82.42,19.72,0.0,0.0,0.0,0.1321,0.0566,0.0833,0.15,2026-10-10,2026-10-10T11:34:57-04:00,Pitcher rolling HR/contact vulnerability metrics from Statcast.
14,650644,"Civale, Aaron",R,86.88,5,10,5,0,0,1,0,1,2,107.5,83.38,12.6,0.0,0.0,0.0,0.2,0.0,0.1,0.2,2026-10-10,2026-10-10T11:34:57-04:00,Pitcher rolling HR/contact vulnerability metrics from Statcast.
14,650911,"Sánchez, Cristopher",L,91.73,31,38,20,0,2,4,0,5,11,111.3,80.59,9.29,0.0,0.0645,0.0526,0.129,0.0,0.1316,0.2895,2026-10-10,2026-10-10T11:34:57-04:00,Pitcher rolling HR/contact vulnerability metrics from Statcast.
14,655889,"Rodríguez, Manuel",R,92.21,11,9,3,0,0,1,0,0,1,96.2,83.59,0.67,0.0,0.0,0.0,0.0909,0.0,0.0,0.1111,2026-10-10,2026-10-10T11:34:57-04:00,Pitcher rolling HR/contact vulnerability metrics from Statcast.
14,656240,"Blewett, Scott",R,91.15,10,17,8,1,1,4,1,2,7,108.9,86.18,3.29,0.1,0.1,0.0588,0.4,0.1,0.1176,0.4118,2026-10-10,2026-10-10T11:34:57-04:00,Pitcher rolling HR/contact vulnerability metrics from Statcast.
14,656288,"Canning, Griffin",R,91.13,14,23,12,0,0,2,0,3,10,107.6,85.67,6.91,0.0,0.0,0.0,0.1429,0.0,0.1304,0.4348,2026-10-10,2026-10-10T11:34:57-04:00,Pitcher rolling HR/contact vulnerability metrics from Statcast.
14,656427,"Flaherty, Jack",R,88.56,7,6,4,0,0,1,0,2,2,97.2,82.78,16.17,0.0,0.0,0.0,0.1429,0.0,0.3333,0.3333,2026-10-10,2026-10-10T11:34:57-04:00,Pitcher rolling HR/contact vulnerability metrics from Statcast.
14,656464,"Ginkel, Kevin",R,90.49,6,8,4,0,0,0,0,1,0,87.9,76.72,22.0,0.0,0.0,0.0,0.0,0.0,0.125,0.0,2026-10-10,2026-10-10T11:34:57-04:00,Pitcher rolling HR/contact vulnerability metrics from Statcast.
14,656492,"Griffin, Foster",L,87.67,11,20,17,0,0,3,1,1,6,101.1,76.81,33.55,0.0,0.0,0.0,0.2727,0.0909,0.05,0.3,2026-10-10,2026-10-10T11:34:57-04:00,Pitcher rolling HR/contact vulnerability metrics from Statcast.
14,656529,"Hentges, Sam",L,91.14,5,7,6,0,0,0,0,1,5,95.6,80.56,24.71,0.0,0.0,0.0,0.0,0.0,0.1429,0.7143,2026-10-10,2026-10-10T11:34:57-04:00,Pitcher rolling HR/contact vulnerability metrics from Statcast.
14,656550,"Holmes, Grant",R,90.97,13,15,6,1,1,2,1,4,4,103.2,88.13,-2.27,0.0769,0.0769,0.0667,0.1538,0.0769,0.2667,0.2667,2026-10-10,2026-10-10T11:34:57-04:00,Pitcher rolling HR/contact vulnerability metrics from Statcast.
14,656557,"Houck, Tanner",R,89.63,13,22,13,2,2,4,2,4,7,109.3,79.71,16.77,0.1538,0.1538,0.0909,0.3077,0.1538,0.1818,0.3182,2026-10-10,2026-10-10T11:34:57-04:00,Pitcher rolling HR/contact vulnerability metrics from Statcast.
14,656638,"Lange, Alex",R,92.36,5,10,6,2,1,3,1,2,2,109.2,84.35,11.4,0.4,0.2,0.1,0.6,0.2,0.2,0.2,2026-10-10,2026-10-10T11:34:57-04:00,Pitcher rolling HR/contact vulnerability metrics from Statcast.
14,656641,"Latz, Jacob",L,89.28,3,6,4,0,0,0,0,0,2,99.2,77.68,18.0,0.0,0.0,0.0,0.0,0.0,0.0,0.3333,2026-10-10,2026-10-10T11:34:57-04:00,Pitcher rolling HR/contact vulnerability metrics from Statcast.
14,656730,"Megill, Trevor",R,96.57,11,10,8,0,2,4,0,4,5,109.4,90.26,30.2,0.0,0.1818,0.2,0.3636,0.0,0.4,0.5,2026-10-10,2026-10-10T11:34:57-04:00,Pitcher rolling HR/contact vulnerability metrics from Statcast.
14,656756,"Montgomery, Jordan",L,86.64,10,13,9,0,1,2,1,5,4,100.2,77.83,16.62,0.0,0.1,0.0769,0.2,0.1,0.3846,0.3077,2026-10-10,2026-10-10T11:34:57-04:00,Pitcher rolling HR/contact vulnerability metrics from Statcast.
14,656794,"Newcomb, Sean",L,91.67,29,36,21,1,1,4,1,4,6,110.3,85.58,17.92,0.0345,0.0345,0.0278,0.1379,0.0345,0.1111,0.1667,2026-10-10,2026-10-10T11:34:57-04:00,Pitcher rolling HR/contact vulnerability metrics from Statcast.
14,656848,"Petersen, Michael",R,96.92,5,11,9,0,1,1,0,0,1,104.9,86.26,49.91,0.0,0.2,0.0909,0.2,0.0,0.0,0.0909,2026-10-10,2026-10-10T11:34:57-04:00,Pitcher rolling HR/contact vulnerability metrics from Statcast.
14,656849,"Peterson, David",L,89.69,5,10,8,0,0,1,0,0,3,107.3,80.79,28.5,0.0,0.0,0.0,0.2,0.0,0.0,0.3,2026-10-10,2026-10-10T11:34:57-04:00,Pitcher rolling HR/contact vulnerability metrics from Statcast.
14,656876,"Rasmussen, Drew",R,91.59,26,28,17,0,2,5,2,5,7,107.8,83.56,14.75,0.0,0.0769,0.0714,0.1923,0.0769,0.1786,0.25,2026-10-10,2026-10-10T11:34:57-04:00,Pitcher rolling HR/contact vulnerability metrics from Statcast.
14,656945,"Scott, Tanner",L,93.62,15,22,14,1,1,3,1,2,7,108.1,82.19,16.64,0.0667,0.0667,0.0455,0.2,0.0667,0.0909,0.3182,2026-10-10,2026-10-10T11:34:57-04:00,Pitcher rolling HR/contact vulnerability metrics from Statcast.
14,656986,"Sousa, Bennett",L,89.33,5,5,3,0,0,1,0,0,2,98.8,72.2,20.2,0.0,0.0,0.0,0.2,0.0,0.0,0.4,2026-10-10,2026-10-10T11:34:57-04:00,Pitcher rolling HR/contact vulnerability metrics from Statcast.
14,657097,"Webb, Jacob",R,87.63,8,12,7,0,0,1,0,1,3,107.3,87.68,17.25,0.0,0.0,0.0,0.125,0.0,0.0833,0.25,2026-10-10,2026-10-10T11:34:57-04:00,Pitcher rolling HR/contact vulnerability metrics from Statcast.
14,657514,"Bernardino, Brennan",L,81.68,5,5,4,0,1,2,1,2,3,101.9,90.46,14.6,0.0,0.2,0.2,0.4,0.2,0.4,0.6,2026-10-10,2026-10-10T11:34:57-04:00,Pitcher rolling HR/contact vulnerability metrics from Statcast.
14,660825,"Bazardo, Eduard",R,94.53,6,7,6,0,0,1,0,1,5,95.4,80.09,18.71,0.0,0.0,0.0,0.1667,0.0,0.1429,0.7143,2026-10-10,2026-10-10T11:34:57-04:00,Pitcher rolling HR/contact vulnerability metrics from Statcast.
14,661395,"Duran, Jhoan",R,97.41,15,16,9,1,2,4,1,3,2,106.0,85.71,8.81,0.0667,0.1333,0.125,0.2667,0.0667,0.1875,0.125,2026-10-10,2026-10-10T11:34:57-04:00,Pitcher rolling HR/contact vulnerability metrics from Statcast.
14,663158,"Suarez, Robert",R,96.45,13,22,17,0,0,2,0,5,6,107.3,83.99,22.86,0.0,0.0,0.0,0.1538,0.0,0.2273,0.2727,2026-10-10,2026-10-10T11:34:57-04:00,Pitcher rolling HR/contact vulnerability metrics from Statcast.
14,663372,"Feltner, Ryan",R,89.49,17,20,15,0,0,5,1,3,6,106.6,84.31,31.65,0.0,0.0,0.0,0.2941,0.0588,0.15,0.3,2026-10-10,2026-10-10T11:34:57-04:00,Pitcher rolling HR/contact vulnerability metrics from Statcast.
14,663436,"Martin, Davis",R,89.02,13,20,11,0,0,2,0,2,3,103.9,78.28,12.7,0.0,0.0,0.0,0.1538,0.0,0.1,0.15,2026-10-10,2026-10-10T11:34:57-04:00,Pitcher rolling HR/contact vulnerability metrics from Statcast.
14,663460,"Bubic, Kris",L,89.97,8,13,9,0,0,1,0,0,2,97.3,82.61,25.38,0.0,0.0,0.0,0.125,0.0,0.0,0.1538,2026-10-10,2026-10-10T11:34:57-04:00,Pitcher rolling HR/contact vulnerability metrics from Statcast.
14,663542,"Hudson, Bryan",L,86.35,14,17,10,0,1,4,1,3,8,103.8,80.83,8.76,0.0,0.0714,0.0588,0.2857,0.0714,0.1765,0.4706,2026-10-10,2026-10-10T11:34:57-04:00,Pitcher rolling HR/contact vulnerability metrics from Statcast.
14,663558,"Morán, Jovani",L,88.65,4,6,4,0,1,1,1,1,1,101.0,73.4,19.83,0.0,0.25,0.1667,0.25,0.25,0.1667,0.1667,2026-10-10,2026-10-10T11:34:57-04:00,Pitcher rolling HR/contact vulnerability metrics from Statcast.
14,663567,"Lambert, Peter",R,88.33,19,33,20,0,0,3,0,5,9,108.2,79.11,14.33,0.0,0.0,0.0,0.1579,0.0,0.1515,0.2727,2026-10-10,2026-10-10T11:34:57-04:00,Pitcher rolling HR/contact vulnerability metrics from Statcast.
14,663623,"Irvin, Jake",R,88.15,24,36,20,2,2,6,2,5,13,109.0,82.81,12.17,0.0833,0.0833,0.0556,0.25,0.0833,0.1389,0.3611,2026-10-10,2026-10-10T11:34:57-04:00,Pitcher rolling HR/contact vulnerability metrics from Statcast.
14,663738,"Lynch IV, Daniel",L,90.41,23,30,16,2,2,4,2,8,5,112.0,79.72,10.2,0.087,0.087,0.0667,0.1739,0.087,0.2667,0.1667,2026-10-10,2026-10-10T11:34:57-04:00,Pitcher rolling HR/contact vulnerability metrics from Statcast.
14,663767,"Shugart, Chase",R,91.12,7,7,6,0,0,1,0,1,3,100.2,82.04,26.57,0.0,0.0,0.0,0.1429,0.0,0.1429,0.4286,2026-10-10,2026-10-10T11:34:57-04:00,Pitcher rolling HR/contact vulnerability metrics from Statcast.
14,663776,"Sandoval, Patrick",L,86.34,22,39,26,0,1,5,1,8,16,106.0,78.76,17.31,0.0,0.0455,0.0256,0.2273,0.0455,0.2051,0.4103,2026-10-10,2026-10-10T11:34:57-04:00,Pitcher rolling HR/contact vulnerability metrics from Statcast.
14,663855,"Hicks, Jordan",R,96.33,19,22,18,1,1,1,1,2,6,106.5,81.34,31.23,0.0526,0.0526,0.0455,0.0526,0.0526,0.0909,0.2727,2026-10-10,2026-10-10T11:34:57-04:00,Pitcher rolling HR/contact vulnerability metrics from Statcast.
14,663878,"Pearson, Nate",R,96.54,3,2,1,0,0,0,0,0,0,93.1,79.95,-6.0,0.0,0.0,0.0,0.0,0.0,0.0,0.0,2026-10-10,2026-10-10T11:34:57-04:00,Pitcher rolling HR/contact vulnerability metrics from Statcast.
14,663893,"Little, Brendon",L,91.83,3,2,0,0,0,0,0,0,0,96.1,93.35,-11.5,0.0,0.0,0.0,0.0,0.0,0.0,0.0,2026-10-10,2026-10-10T11:34:57-04:00,Pitcher rolling HR/contact vulnerability metrics from Statcast.
14,663941,"Beck, Tristan",R,90.56,7,6,5,0,1,1,1,2,3,105.2,91.4,23.0,0.0,0.1429,0.1667,0.1429,0.1429,0.3333,0.5,2026-10-10,2026-10-10T11:34:57-04:00,Pitcher rolling HR/contact vulnerability metrics from Statcast.
14,663992,"Lovelady, Richard",L,87.48,7,8,5,1,1,1,1,0,4,102.5,77.66,-0.62,0.1429,0.1429,0.125,0.1429,0.1429,0.0,0.5,2026-10-10,2026-10-10T11:34:57-04:00,Pitcher rolling HR/contact vulnerability metrics from Statcast.
14,664129,"Hartlieb, Geoff",R,89.93,8,10,6,0,0,1,0,1,3,99.7,81.06,12.9,0.0,0.0,0.0,0.125,0.0,0.1,0.3,2026-10-10,2026-10-10T11:34:57-04:00,Pitcher rolling HR/contact vulnerability metrics from Statcast.
14,664199,"Clarke, Taylor",R,92.56,6,7,5,0,0,1,0,1,1,99.0,90.14,29.0,0.0,0.0,0.0,0.1667,0.0,0.1429,0.1429,2026-10-10,2026-10-10T11:34:57-04:00,Pitcher rolling HR/contact vulnerability metrics from Statcast.
14,664353,"Urquidy, José",R,86.23,14,20,13,0,0,4,0,3,4,103.1,85.66,23.7,0.0,0.0,0.0,0.2857,0.0,0.15,0.2,2026-10-10,2026-10-10T11:34:57-04:00,Pitcher rolling HR/contact vulnerability metrics from Statcast.
14,665152,"Kremer, Dean",R,86.74,23,27,18,1,0,4,0,5,5,101.1,80.63,25.15,0.0435,0.0,0.0,0.1739,0.0,0.1852,0.1852,2026-10-10,2026-10-10T11:34:57-04:00,Pitcher rolling HR/contact vulnerability metrics from Statcast.
14,665660,"Alvarado, Elvis",R,94.93,4,5,4,0,0,0,0,0,1,94.3,86.46,39.2,0.0,0.0,0.0,0.0,0.0,0.0,0.2,2026-10-10,2026-10-10T11:34:57-04:00,Pitcher rolling HR/contact vulnerability metrics from Statcast.
14,665871,"Assad, Javier",R,92.18,5,5,3,0,0,1,0,1,1,99.3,83.4,19.2,0.0,0.0,0.0,0.2,0.0,0.2,0.2,2026-10-10,2026-10-10T11:34:57-04:00,Pitcher rolling HR/contact vulnerability metrics from Statcast.
14,666129,"Garrett, Braxton",L,86.6,21,21,13,0,0,2,0,5,7,102.0,82.12,17.38,0.0,0.0,0.0,0.0952,0.0,0.2381,0.3333,2026-10-10,2026-10-10T11:34:57-04:00,Pitcher rolling HR/contact vulnerability metrics from Statcast.
14,666171,"Zeferjahn, Ryan",R,89.93,6,10,7,0,0,1,0,1,2,95.7,76.19,24.8,0.0,0.0,0.0,0.1667,0.0,0.1,0.2,2026-10-10,2026-10-10T11:34:57-04:00,Pitcher rolling HR/contact vulnerability metrics from Statcast.
14,666200,"Luzardo, Jesús",L,91.56,24,25,12,0,0,1,1,3,9,101.5,78.68,-1.84,0.0,0.0,0.0,0.0417,0.0417,0.12,0.36,2026-10-10,2026-10-10T11:34:57-04:00,Pitcher rolling HR/contact vulnerability metrics from Statcast.
14,666661,"Morillo, Juan",R,96.51,6,8,3,0,0,1,0,1,3,101.5,83.8,0.75,0.0,0.0,0.0,0.1667,0.0,0.125,0.375,2026-10-10,2026-10-10T11:34:57-04:00,Pitcher rolling HR/contact vulnerability metrics from Statcast.
14,666808,"Doval, Camilo",R,93.1,7,3,3,0,0,0,0,0,1,92.8,87.2,48.33,0.0,0.0,0.0,0.0,0.0,0.0,0.3333,2026-10-10,2026-10-10T11:34:57-04:00,Pitcher rolling HR/contact vulnerability metrics from Statcast.
14,667652,"Ralston, Jack",R,87.18,8,13,9,1,2,3,2,2,5,104.9,82.62,21.38,0.125,0.25,0.1538,0.375,0.25,0.1538,0.3846,2026-10-10,2026-10-10T11:34:57-04:00,Pitcher rolling HR/contact vulnerability metrics from Statcast.
14,668674,"Erceg, Lucas",R,95.18,4,7,4,0,0,0,0,0,0,101.4,72.21,21.57,0.0,0.0,0.0,0.0,0.0,0.0,0.0,2026-10-10,2026-10-10T11:34:57-04:00,Pitcher rolling HR/contact vulnerability metrics from Statcast.
14,668909,"Williams, Gavin",R,93.32,25,24,16,0,0,1,0,1,9,106.4,82.08,15.25,0.0,0.0,0.0,0.04,0.0,0.0417,0.375,2026-10-10,2026-10-10T11:34:57-04:00,Pitcher rolling HR/contact vulnerability metrics from Statcast.
14,668933,"Ashcraft, Graham",R,94.1,4,4,2,0,0,0,0,0,2,82.6,75.55,23.25,0.0,0.0,0.0,0.0,0.0,0.0,0.5,2026-10-10,2026-10-10T11:34:57-04:00,Pitcher rolling HR/contact vulnerability metrics from Statcast.
14,668941,"Romero, JoJo",L,88.5,14,19,10,1,1,1,0,1,5,100.9,78.17,14.68,0.0714,0.0714,0.0526,0.0714,0.0,0.0526,0.2632,2026-10-10,2026-10-10T11:34:57-04:00,Pitcher rolling HR/contact vulnerability metrics from Statcast.
14,668964,"Myers, Tobias",R,84.35,4,5,3,0,0,0,0,1,2,99.3,80.84,9.8,0.0,0.0,0.0,0.0,0.0,0.2,0.4,2026-10-10,2026-10-10T11:34:57-04:00,Pitcher rolling HR/contact vulnerability metrics from Statcast.
14,668984,"Legumina, Casey",R,88.27,5,7,4,0,0,3,0,2,2,106.3,88.54,2.43,0.0,0.0,0.0,0.6,0.0,0.2857,0.2857,2026-10-10,2026-10-10T11:34:57-04:00,Pitcher rolling HR/contact vulnerability metrics from Statcast.
14,669020,"Rolison, Ryan",L,89.22,4,3,1,0,0,0,0,0,1,107.1,84.3,-7.67,0.0,0.0,0.0,0.0,0.0,0.0,0.3333,2026-10-10,2026-10-10T11:34:57-04:00,Pitcher rolling HR/contact vulnerability metrics from Statcast.
14,669022,"Gore, MacKenzie",L,88.81,9,11,9,0,1,3,1,5,6,104.5,88.77,23.09,0.0,0.1111,0.0909,0.3333,0.1111,0.4545,0.5455,2026-10-10,2026-10-10T11:34:57-04:00,Pitcher rolling HR/contact vulnerability metrics from Statcast.
14,669062,"Miller, Erik",L,92.71,5,8,5,1,1,1,1,2,3,108.0,85.65,10.62,0.2,0.2,0.125,0.2,0.2,0.25,0.375,2026-10-10,2026-10-10T11:34:57-04:00,Pitcher rolling HR/contact vulnerability metrics from Statcast.
14,669084,"Hall, DL",L,91.47,17,22,15,0,1,1,1,3,6,108.0,82.72,16.82,0.0,0.0588,0.0455,0.0588,0.0588,0.1364,0.2727,2026-10-10,2026-10-10T11:34:57-04:00,Pitcher rolling HR/contact vulnerability metrics from Statcast.
14,669160,"May, Dustin",R,94.54,27,36,24,1,2,4,2,2,11,111.6,83.15,21.83,0.037,0.0741,0.0556,0.1481,0.0741,0.0556,0.3056,2026-10-10,2026-10-10T11:34:57-04:00,Pitcher rolling HR/contact vulnerability metrics from Statcast.
14,669194,"Nelson, Ryne",R,94.89,6,10,5,0,0,0,0,0,1,104.6,79.38,11.4,0.0,0.0,0.0,0.0,0.0,0.0,0.1,2026-10-10,2026-10-10T11:34:57-04:00,Pitcher rolling HR/contact vulnerability metrics from Statcast.
14,669199,"Bachar, Lake",R,90.2,6,6,5,0,0,0,0,0,2,82.6,68.65,32.67,0.0,0.0,0.0,0.0,0.0,0.0,0.3333,2026-10-10,2026-10-10T11:34:57-04:00,Pitcher rolling HR/contact vulnerability metrics from Statcast.
14,669270,"Kuhnel, Joel",R,91.28,4,2,1,0,0,0,0,0,0,89.5,89.2,21.5,0.0,0.0,0.0,0.0,0.0,0.0,0.0,2026-10-10,2026-10-10T11:34:57-04:00,Pitcher rolling HR/contact vulnerability metrics from Statcast.
14,669276,"Lee, Dylan",L,88.36,20,27,18,2,3,4,3,5,6,111.7,86.36,23.19,0.1,0.15,0.1111,0.2,0.15,0.1852,0.2222,2026-10-10,2026-10-10T11:34:57-04:00,Pitcher rolling HR/contact vulnerability metrics from Statcast.
14,669302,"Gilbert, Logan",R,89.28,13,11,6,0,0,2,0,0,2,103.1,76.14,4.64,0.0,0.0,0.0,0.1538,0.0,0.0,0.1818,2026-10-10,2026-10-10T11:34:57-04:00,Pitcher rolling HR/contact vulnerability metrics from Statcast.
14,669373,"Skubal, Tarik",L,93.7,22,31,20,1,1,2,1,3,8,106.1,84.17,22.26,0.0455,0.0455,0.0323,0.0909,0.0455,0.0968,0.2581,2026-10-10,2026-10-10T11:34:57-04:00,Pitcher rolling HR/contact vulnerability metrics from Statcast.
14,669387,"Mlodzinski, Carmen",R,89.87,12,9,2,0,0,1,1,0,1,108.6,89.99,-13.11,0.0,0.0,0.0,0.0833,0.0833,0.0,0.1111,2026-10-10,2026-10-10T11:34:57-04:00,Pitcher rolling HR/contact vulnerability metrics from Statcast.
14,669467,"Pallante, Andre",R,90.24,25,36,20,1,2,4,2,3,14,106.4,83.39,9.44,0.04,0.08,0.0556,0.16,0.08,0.0833,0.3889,2026-10-10,2026-10-10T11:34:57-04:00,Pitcher rolling HR/contact vulnerability metrics from Statcast.
14,669620,"Basso, Brady",L,86.97,8,10,7,0,0,2,0,2,5,105.7,79.99,7.8,0.0,0.0,0.0,0.25,0.0,0.2,0.5,2026-10-10,2026-10-10T11:34:57-04:00,Pitcher rolling HR/contact vulnerability metrics from Statcast.
14,669711,"Weissert, Greg",R,92.65,3,6,4,0,0,1,0,0,1,99.7,84.92,41.5,0.0,0.0,0.0,0.3333,0.0,0.0,0.1667,2026-10-10,2026-10-10T11:34:57-04:00,Pitcher rolling HR/contact vulnerability metrics from Statcast.
14,669713,"Wesneski, Hayden",R,88.73,27,28,14,0,0,6,0,5,10,113.7,85.29,0.79,0.0,0.0,0.0,0.2222,0.0,0.1786,0.3571,2026-10-10,2026-10-10T11:34:57-04:00,Pitcher rolling HR/contact vulnerability metrics from Statcast.
14,669854,"Blanco, Ronel",R,88.41,7,5,2,0,0,0,0,1,1,90.4,81.84,4.2,0.0,0.0,0.0,0.0,0.0,0.2,0.2,2026-10-10,2026-10-10T11:34:57-04:00,Pitcher rolling HR/contact vulnerability metrics from Statcast.
14,669947,"Scholtens, Jesse",R,87.85,13,21,13,2,1,6,2,3,5,117.1,87.99,14.57,0.1538,0.0769,0.0476,0.4615,0.1538,0.1429,0.2381,2026-10-10,2026-10-10T11:34:57-04:00,Pitcher rolling HR/contact vulnerability metrics from Statcast.
14,670167,"Schreiber, John",R,91.13,6,6,4,0,0,1,0,1,3,100.6,84.5,17.17,0.0,0.0,0.0,0.1667,0.0,0.1667,0.5,2026-10-10,2026-10-10T11:34:57-04:00,Pitcher rolling HR/contact vulnerability metrics from Statcast.
14,670280,"Bednar, David",R,91.52,12,12,8,0,0,1,0,3,3,109.9,85.72,27.08,0.0,0.0,0.0,0.0833,0.0,0.25,0.25,2026-10-10,2026-10-10T11:34:57-04:00,Pitcher rolling HR/contact vulnerability metrics from Statcast.
14,670950,"Richards, Trevor",R,87.49,11,19,13,1,1,1,1,3,5,110.0,81.16,24.63,0.0909,0.0909,0.0526,0.0909,0.0909,0.1579,0.2632,2026-10-10,2026-10-10T11:34:57-04:00,Pitcher rolling HR/contact vulnerability metrics from Statcast.
14,670970,"Morejon, Adrian",L,96.27,19,22,14,1,2,5,1,1,8,105.8,85.2,13.86,0.0526,0.1053,0.0909,0.2632,0.0526,0.0455,0.3636,2026-10-10,2026-10-10T11:34:57-04:00,Pitcher rolling HR/contact vulnerability metrics from Statcast.
14,670990,"Ramírez, Yohan",R,86.93,7,8,5,0,0,3,0,1,5,103.1,88.35,1.12,0.0,0.0,0.0,0.4286,0.0,0.125,0.625,2026-10-10,2026-10-10T11:34:57-04:00,Pitcher rolling HR/contact vulnerability metrics from Statcast.
14,671111,"Peralta, Sammy",L,83.64,10,14,7,0,0,1,0,1,3,108.1,80.62,12.36,0.0,0.0,0.0,0.1,0.0,0.0714,0.2143,2026-10-10,2026-10-10T11:34:57-04:00,Pitcher rolling HR/contact vulnerability metrics from Statcast.
14,671162,"Thomas, Connor",L,86.28,4,4,3,0,1,1,0,0,2,99.2,84.22,21.25,0.0,0.25,0.25,0.25,0.0,0.0,0.5,2026-10-10,2026-10-10T11:34:57-04:00,Pitcher rolling HR/contact vulnerability metrics from Statcast.
14,671345,"Foley, Jason",R,92.4,8,12,6,0,0,2,0,2,5,103.5,86.54,3.17,0.0,0.0,0.0,0.25,0.0,0.1667,0.4167,2026-10-10,2026-10-10T11:34:57-04:00,Pitcher rolling HR/contact vulnerability metrics from Statcast.
14,671922,"Smith, Cade",R,93.96,20,25,14,1,1,2,1,1,4,109.6,84.66,18.28,0.05,0.05,0.04,0.1,0.05,0.04,0.16,2026-10-10,2026-10-10T11:34:57-04:00,Pitcher rolling HR/contact vulnerability metrics from Statcast.
14,672335,"Pérez, Cionel",L,91.86,4,4,3,0,0,1,0,0,1,96.3,67.32,19.75,0.0,0.0,0.0,0.25,0.0,0.0,0.25,2026-10-10,2026-10-10T11:34:57-04:00,Pitcher rolling HR/contact vulnerability metrics from Statcast.
14,672782,"Gómez, Yoendrys",R,92.29,3,5,4,0,0,0,0,0,1,93.7,84.42,40.0,0.0,0.0,0.0,0.0,0.0,0.0,0.2,2026-10-10,2026-10-10T11:34:57-04:00,Pitcher rolling HR/contact vulnerability metrics from Statcast.
14,672841,"Vargas, Carlos",R,96.88,6,8,3,0,0,0,0,0,2,94.0,67.81,-8.75,0.0,0.0,0.0,0.0,0.0,0.0,0.25,2026-10-10,2026-10-10T11:34:57-04:00,Pitcher rolling HR/contact vulnerability metrics from Statcast.
14,673380,"Núñez, Dedniel",R,92.69,3,2,1,0,0,0,0,0,0,98.8,89.95,24.5,0.0,0.0,0.0,0.0,0.0,0.0,0.0,2026-10-10,2026-10-10T11:34:57-04:00,Pitcher rolling HR/contact vulnerability metrics from Statcast.
14,673513,"Matsui, Yuki",L,88.79,20,28,20,0,1,4,1,2,7,110.1,84.52,27.79,0.0,0.05,0.0357,0.2,0.05,0.0714,0.25,2026-10-10,2026-10-10T11:34:57-04:00,Pitcher rolling HR/contact vulnerability metrics from Statcast.
14,674003,"Bradford, Cody",L,84.25,6,7,7,1,1,2,1,4,4,105.2,82.43,34.57,0.1667,0.1667,0.1429,0.3333,0.1667,0.5714,0.5714,2026-10-10,2026-10-10T11:34:57-04:00,Pitcher rolling HR/contact vulnerability metrics from Statcast.
14,675660,"Drohan, Shane",L,93.08,5,5,2,0,0,1,0,0,0,97.9,76.44,5.4,0.0,0.0,0.0,0.2,0.0,0.0,0.0,2026-10-10,2026-10-10T11:34:57-04:00,Pitcher rolling HR/contact vulnerability metrics from Statcast.
14,675920,"Lonsway, Seth",L,88.29,3,2,1,0,0,0,0,1,1,90.5,77.75,4.5,0.0,0.0,0.0,0.0,0.0,0.5,0.5,2026-10-10,2026-10-10T11:34:57-04:00,Pitcher rolling HR/contact vulnerability metrics from Statcast.
14,676083,"Junk, Janson",R,89.97,18,22,14,1,2,4,1,3,5,104.2,84.71,16.68,0.0556,0.1111,0.0909,0.2222,0.0556,0.1364,0.2273,2026-10-10,2026-10-10T11:34:57-04:00,Pitcher rolling HR/contact vulnerability metrics from Statcast.
14,676263,"Dreyer, Jack",L,90.35,7,12,8,0,1,1,1,0,8,100.2,77.88,14.5,0.0,0.1429,0.0833,0.1429,0.1429,0.0,0.6667,2026-10-10,2026-10-10T11:34:57-04:00,Pitcher rolling HR/contact vulnerability metrics from Statcast.
14,676272,"Miller, Bobby",R,88.92,9,11,7,0,0,2,1,0,5,107.7,85.18,11.64,0.0,0.0,0.0,0.2222,0.1111,0.0,0.4545,2026-10-10,2026-10-10T11:34:57-04:00,Pitcher rolling HR/contact vulnerability metrics from Statcast.
14,676282,"Cantillo, Joey",L,86.18,7,8,4,0,0,1,0,1,3,97.9,81.76,2.38,0.0,0.0,0.0,0.1429,0.0,0.125,0.375,2026-10-10,2026-10-10T11:34:57-04:00,Pitcher rolling HR/contact vulnerability metrics from Statcast.
14,676395,"Garcia, Robert",L,89.44,6,10,4,0,1,1,1,2,3,101.9,87.25,11.5,0.0,0.1667,0.1,0.1667,0.1667,0.2,0.3,2026-10-10,2026-10-10T11:34:57-04:00,Pitcher rolling HR/contact vulnerability metrics from Statcast.
14,676428,"Hurter, Brant",L,84.65,6,5,1,0,0,0,0,1,1,105.0,85.76,-9.4,0.0,0.0,0.0,0.0,0.0,0.2,0.2,2026-10-10,2026-10-10T11:34:57-04:00,Pitcher rolling HR/contact vulnerability metrics from Statcast.
14,676440,"Bibee, Tanner",R,88.51,28,33,21,0,3,4,2,6,12,109.9,81.03,15.48,0.0,0.1071,0.0909,0.1429,0.0714,0.1818,0.3636,2026-10-10,2026-10-10T11:34:57-04:00,Pitcher rolling HR/contact vulnerability metrics from Statcast.
14,676477,"Whitlock, Garrett",R,91.96,10,12,9,1,0,5,0,2,2,106.4,90.34,32.83,0.1,0.0,0.0,0.5,0.0,0.1667,0.1667,2026-10-10,2026-10-10T11:34:57-04:00,Pitcher rolling HR/contact vulnerability metrics from Statcast.
14,676510,"Hoffman, Nolan",R,88.37,3,2,1,0,0,1,0,1,1,95.5,95.5,-1.0,0.0,0.0,0.0,0.3333,0.0,0.5,0.5,2026-10-10,2026-10-10T11:34:57-04:00,Pitcher rolling HR/contact vulnerability metrics from Statcast.
14,676534,"Faucher, Calvin",R,92.51,6,9,7,0,0,1,0,0,3,98.5,69.78,19.56,0.0,0.0,0.0,0.1667,0.0,0.0,0.3333,2026-10-10,2026-10-10T11:34:57-04:00,Pitcher rolling HR/contact vulnerability metrics from Statcast.
14,676620,"Weiman, Blake",L,84.94,5,4,4,0,1,2,0,2,2,106.9,88.9,31.25,0.0,0.2,0.25,0.4,0.0,0.5,0.5,2026-10-10,2026-10-10T11:34:57-04:00,Pitcher rolling HR/contact vulnerability metrics from Statcast.
14,676661,"Lazar, Max",R,91.71,7,7,4,0,0,1,0,2,3,95.6,83.14,10.14,0.0,0.0,0.0,0.1429,0.0,0.2857,0.4286,2026-10-10,2026-10-10T11:34:57-04:00,Pitcher rolling HR/contact vulnerability metrics from Statcast.
14,676879,"Ashby, Aaron",L,93.6,25,27,15,0,0,0,0,2,7,113.9,81.63,18.59,0.0,0.0,0.0,0.0,0.0,0.0741,0.2593,2026-10-10,2026-10-10T11:34:57-04:00,Pitcher rolling HR/contact vulnerability metrics from Statcast.
14,676979,"Crochet, Garrett",L,93.39,4,4,1,0,0,1,0,0,2,101.4,77.4,-14.25,0.0,0.0,0.0,0.25,0.0,0.0,0.5,2026-10-10,2026-10-10T11:34:57-04:00,Pitcher rolling HR/contact vulnerability metrics from Statcast.
14,677865,"Bruihl, Justin",L,83.96,6,7,2,0,1,1,0,0,2,100.3,85.87,6.14,0.0,0.1667,0.1429,0.1667,0.0,0.0,0.2857,2026-10-10,2026-10-10T11:34:57-04:00,Pitcher rolling HR/contact vulnerability metrics from Statcast.
14,677944,"Cecconi, Slade",R,91.32,3,3,2,0,0,1,0,1,1,105.6,89.97,10.33,0.0,0.0,0.0,0.3333,0.0,0.3333,0.3333,2026-10-10,2026-10-10T11:34:57-04:00,Pitcher rolling HR/contact vulnerability metrics from Statcast.
14,677955,"Hill, Jaden",R,90.79,4,3,3,0,0,3,0,0,1,101.1,97.5,26.67,0.0,0.0,0.0,0.75,0.0,0.0,0.3333,2026-10-10,2026-10-10T11:34:57-04:00,Pitcher rolling HR/contact vulnerability metrics from Statcast.
14,677960,"Weathers, Ryan",L,89.6,6,6,2,0,0,0,0,0,0,94.8,79.9,-0.67,0.0,0.0,0.0,0.0,0.0,0.0,0.0,2026-10-10,2026-10-10T11:34:57-04:00,Pitcher rolling HR/contact vulnerability metrics from Statcast.
14,678022,"Perkins, Jack",R,91.15,22,22,14,3,2,3,2,5,9,106.7,78.54,9.86,0.1364,0.0909,0.0909,0.1364,0.0909,0.2273,0.4091,2026-10-10,2026-10-10T11:34:57-04:00,Pitcher rolling HR/contact vulnerability metrics from Statcast.
14,678061,"Kerr, Ray",L,88.14,23,26,15,0,0,5,0,6,3,108.2,81.55,12.12,0.0,0.0,0.0,0.2174,0.0,0.2308,0.1154,2026-10-10,2026-10-10T11:34:57-04:00,Pitcher rolling HR/contact vulnerability metrics from Statcast.
14,678394,"Bello, Brayan",R,92.71,4,4,4,1,1,2,2,2,3,108.6,94.3,27.75,0.25,0.25,0.25,0.5,0.5,0.5,0.75,2026-10-10,2026-10-10T11:34:57-04:00,Pitcher rolling HR/contact vulnerability metrics from Statcast.
14,678606,"Ferrer, José A.",L,95.05,7,8,5,0,0,1,0,1,4,95.1,75.36,1.88,0.0,0.0,0.0,0.1429,0.0,0.125,0.5,2026-10-10,2026-10-10T11:34:57-04:00,Pitcher rolling HR/contact vulnerability metrics from Statcast.
14,679885,"Martinez, Justin",R,99.4,8,3,3,0,0,0,0,0,0,90.8,85.5,55.33,0.0,0.0,0.0,0.0,0.0,0.0,0.0,2026-10-10,2026-10-10T11:34:57-04:00,Pitcher rolling HR/contact vulnerability metrics from Statcast.
14,680723,"Rom, Drew",L,88.64,11,20,16,0,1,3,1,5,8,106.4,84.85,23.5,0.0,0.0909,0.05,0.2727,0.0909,0.25,0.4,2026-10-10,2026-10-10T11:34:57-04:00,Pitcher rolling HR/contact vulnerability metrics from Statcast.
14,680732,"Burke, Sean",R,88.34,34,45,33,3,3,11,1,7,13,111.5,85.72,26.49,0.0882,0.0882,0.0667,0.3235,0.0294,0.1556,0.2889,2026-10-10,2026-10-10T11:34:57-04:00,Pitcher rolling HR/contact vulnerability metrics from Statcast.
14,680736,"Wrobleski, Justin",L,94.73,7,6,2,0,0,0,0,0,0,100.0,92.38,17.67,0.0,0.0,0.0,0.0,0.0,0.0,0.0,2026-10-10,2026-10-10T11:34:57-04:00,Pitcher rolling HR/contact vulnerability metrics from Statcast.
14,680742,"Bowlan, Jonathan",R,95.91,5,6,4,1,1,1,1,1,1,107.2,83.38,7.83,0.2,0.2,0.1667,0.2,0.2,0.1667,0.1667,2026-10-10,2026-10-10T11:34:57-04:00,Pitcher rolling HR/contact vulnerability metrics from Statcast.
14,680744,"Madden, Ty",R,90.67,9,8,6,0,0,1,0,1,1,97.9,83.09,20.12,0.0,0.0,0.0,0.1111,0.0,0.125,0.125,2026-10-10,2026-10-10T11:34:57-04:00,Pitcher rolling HR/contact vulnerability metrics from Statcast.
14,680755,"Fisher, Braydon",R,87.49,5,4,4,0,0,0,0,1,1,91.6,85.18,65.25,0.0,0.0,0.0,0.0,0.0,0.25,0.25,2026-10-10,2026-10-10T11:34:57-04:00,Pitcher rolling HR/contact vulnerability metrics from Statcast.
14,680767,"Vodnik, Victor",R,95.3,6,6,2,0,0,0,0,0,0,108.4,89.8,9.5,0.0,0.0,0.0,0.0,0.0,0.0,0.0,2026-10-10,2026-10-10T11:34:57-04:00,Pitcher rolling HR/contact vulnerability metrics from Statcast.
14,680899,"Tolman, Erik",L,89.52,6,8,6,0,0,1,0,0,4,101.6,86.11,18.38,0.0,0.0,0.0,0.1667,0.0,0.0,0.5,2026-10-10,2026-10-10T11:34:57-04:00,Pitcher rolling HR/contact vulnerability metrics from Statcast.
14,681190,"Vásquez, Randy",R,92.43,21,29,21,0,1,6,2,7,14,110.2,84.96,16.52,0.0,0.0476,0.0345,0.2857,0.0952,0.2414,0.4828,2026-10-10,2026-10-10T11:34:57-04:00,Pitcher rolling HR/contact vulnerability metrics from Statcast.
14,681217,"Silseth, Chase",R,93.85,4,3,3,1,1,2,1,1,3,102.9,91.33,25.33,0.25,0.25,0.3333,0.5,0.25,0.3333,1.0,2026-10-10,2026-10-10T11:34:57-04:00,Pitcher rolling HR/contact vulnerability metrics from Statcast.
14,681320,"Lavender, Nate",L,88.52,3,4,2,0,0,1,0,0,1,103.9,80.92,6.5,0.0,0.0,0.0,0.3333,0.0,0.0,0.25,2026-10-10,2026-10-10T11:34:57-04:00,Pitcher rolling HR/contact vulnerability metrics from Statcast.
14,681544,"Olds, Wyatt",R,91.84,10,10,6,0,1,1,0,0,2,108.6,73.85,23.8,0.0,0.1,0.1,0.1,0.0,0.0,0.2,2026-10-10,2026-10-10T11:34:57-04:00,Pitcher rolling HR/contact vulnerability metrics from Statcast.
14,681810,"Warren, Austin",R,91.14,6,7,2,0,1,1,1,1,1,108.0,92.11,8.71,0.0,0.1667,0.1429,0.1667,0.1667,0.1429,0.1429,2026-10-10,2026-10-10T11:34:57-04:00,Pitcher rolling HR/contact vulnerability metrics from Statcast.
14,681867,"Criswell, Cooper",R,88.29,5,4,2,0,1,1,0,0,2,99.0,82.55,9.25,0.0,0.2,0.25,0.2,0.0,0.0,0.5,2026-10-10,2026-10-10T11:34:57-04:00,Pitcher rolling HR/contact vulnerability metrics from Statcast.
14,681870,"Sabrowski, Erik",L,91.39,14,17,12,0,1,4,1,4,6,106.1,86.82,24.94,0.0,0.0714,0.0588,0.2857,0.0714,0.2353,0.3529,2026-10-10,2026-10-10T11:34:57-04:00,Pitcher rolling HR/contact vulnerability metrics from Statcast.
14,681895,"Sisk, Evan",L,86.08,4,3,2,0,0,2,0,2,2,103.8,94.03,-6.33,0.0,0.0,0.0,0.5,0.0,0.6667,0.6667,2026-10-10,2026-10-10T11:34:57-04:00,Pitcher rolling HR/contact vulnerability metrics from Statcast.
14,681911,"Vesia, Alex",L,89.24,12,15,11,0,1,4,0,2,5,107.8,85.69,27.33,0.0,0.0833,0.0667,0.3333,0.0,0.1333,0.3333,2026-10-10,2026-10-10T11:34:57-04:00,Pitcher rolling HR/contact vulnerability metrics from Statcast.
14,681916,"Smith, Dylan",R,92.38,4,2,2,0,1,1,1,1,0,105.4,95.4,34.0,0.0,0.25,0.5,0.25,0.25,0.5,0.0,2026-10-10,2026-10-10T11:34:57-04:00,Pitcher rolling HR/contact vulnerability metrics from Statcast.
14,681973,"Hendrickson, Josh",L,85.81,8,14,7,0,0,2,0,1,3,100.4,78.9,4.5,0.0,0.0,0.0,0.25,0.0,0.0714,0.2143,2026-10-10,2026-10-10T11:34:57-04:00,Pitcher rolling HR/contact vulnerability metrics from Statcast.
14,682120,"Herrin, Tim",L,85.06,10,11,7,0,0,1,0,1,3,110.9,84.73,17.36,0.0,0.0,0.0,0.1,0.0,0.0909,0.2727,2026-10-10,2026-10-10T11:34:57-04:00,Pitcher rolling HR/contact vulnerability metrics from Statcast.
14,682227,"Williamson, Brandon",L,88.05,16,20,15,1,1,2,1,4,9,101.7,79.67,23.15,0.0625,0.0625,0.05,0.125,0.0625,0.2,0.45,2026-10-10,2026-10-10T11:34:57-04:00,Pitcher rolling HR/contact vulnerability metrics from Statcast.
14,682254,"Montgomery, Mason",L,97.04,8,11,6,1,0,2,1,1,3,100.9,87.62,12.45,0.125,0.0,0.0,0.25,0.125,0.0909,0.2727,2026-10-10,2026-10-10T11:34:57-04:00,Pitcher rolling HR/contact vulnerability metrics from Statcast.
14,682825,"Mey, Luis",R,91.08,3,4,3,0,0,1,0,0,1,103.7,83.12,17.5,0.0,0.0,0.0,0.3333,0.0,0.0,0.25,2026-10-10,2026-10-10T11:34:57-04:00,Pitcher rolling HR/contact vulnerability metrics from Statcast.
14,682842,"Uribe, Abner",R,94.78,17,20,11,0,1,2,1,1,4,106.7,79.2,13.7,0.0,0.0588,0.05,0.1176,0.0588,0.05,0.2,2026-10-10,2026-10-10T11:34:57-04:00,Pitcher rolling HR/contact vulnerability metrics from Statcast.
14,682982,"Espino, Daniel",R,96.02,8,7,5,0,0,1,1,2,3,106.0,89.89,16.29,0.0,0.0,0.0,0.125,0.125,0.2857,0.4286,2026-10-10,2026-10-10T11:34:57-04:00,Pitcher rolling HR/contact vulnerability metrics from Statcast.
14,682989,"Mederos, Victor",R,93.22,12,14,8,1,1,2,1,3,4,109.9,81.54,12.64,0.0833,0.0833,0.0714,0.1667,0.0833,0.2143,0.2857,2026-10-10,2026-10-10T11:34:57-04:00,Pitcher rolling HR/contact vulnerability metrics from Statcast.
14,683000,"Cornelio, Riley",R,89.0,7,8,2,0,0,0,0,1,0,105.8,77.8,-13.62,0.0,0.0,0.0,0.0,0.0,0.125,0.0,2026-10-10,2026-10-10T11:34:57-04:00,Pitcher rolling HR/contact vulnerability metrics from Statcast.
14,683003,"Jones, Jared",R,93.85,13,20,10,0,0,1,0,1,3,99.2,81.44,12.25,0.0,0.0,0.0,0.0769,0.0,0.05,0.15,2026-10-10,2026-10-10T11:34:57-04:00,Pitcher rolling HR/contact vulnerability metrics from Statcast.
14,683175,"Phillips, Connor",R,91.1,5,9,6,0,0,1,1,0,3,109.7,85.39,23.67,0.0,0.0,0.0,0.2,0.2,0.0,0.3333,2026-10-10,2026-10-10T11:34:57-04:00,Pitcher rolling HR/contact vulnerability metrics from Statcast.
14,683363,"Wilkinson, Matt",L,86.65,11,12,11,1,1,1,1,2,2,102.2,87.11,44.17,0.0909,0.0909,0.0833,0.0909,0.0909,0.1667,0.1667,2026-10-10,2026-10-10T11:34:57-04:00,Pitcher rolling HR/contact vulnerability metrics from Statcast.
14,683618,"Henriquez, Edgardo",R,98.38,11,13,7,0,1,4,0,3,7,107.2,91.86,11.62,0.0,0.0909,0.0769,0.3636,0.0,0.2308,0.5385,2026-10-10,2026-10-10T11:34:57-04:00,Pitcher rolling HR/contact vulnerability metrics from Statcast.
14,683769,"Gaddis, Hunter",R,89.78,14,15,12,0,0,4,0,5,7,102.0,81.74,17.73,0.0,0.0,0.0,0.2857,0.0,0.3333,0.4667,2026-10-10,2026-10-10T11:34:57-04:00,Pitcher rolling HR/contact vulnerability metrics from Statcast.
14,684007,"Imanaga, Shota",L,82.66,4,1,1,1,1,1,1,1,1,103.2,103.2,32.0,0.25,0.25,1.0,0.25,0.25,1.0,1.0,2026-10-10,2026-10-10T11:34:57-04:00,Pitcher rolling HR/contact vulnerability metrics from Statcast.
14,684516,"Rincon, Hancel",R,91.59,3,2,0,0,0,0,0,0,0,88.5,84.0,-20.5,0.0,0.0,0.0,0.0,0.0,0.0,0.0,2026-10-10,2026-10-10T11:34:57-04:00,Pitcher rolling HR/contact vulnerability metrics from Statcast.
14,684665,"Murphy, Luke",R,95.8,1,1,1,0,0,0,0,0,1,83.4,83.4,31.0,0.0,0.0,0.0,0.0,0.0,0.0,1.0,2026-10-10,2026-10-10T11:34:57-04:00,Pitcher rolling HR/contact vulnerability metrics from Statcast.
14,684974,"Yoho, Craig",R,87.74,4,4,3,0,0,1,0,2,3,104.2,88.72,1.25,0.0,0.0,0.0,0.25,0.0,0.5,0.75,2026-10-10,2026-10-10T11:34:57-04:00,Pitcher rolling HR/contact vulnerability metrics from Statcast.
14,685112,"McCambley, Zach",R,89.86,6,4,1,0,0,0,0,1,0,82.9,69.95,-15.0,0.0,0.0,0.0,0.0,0.0,0.25,0.0,2026-10-10,2026-10-10T11:34:57-04:00,Pitcher rolling HR/contact vulnerability metrics from Statcast.
14,685464,"Winquest, Cade",R,90.68,5,7,6,0,0,0,0,1,4,94.6,76.41,22.43,0.0,0.0,0.0,0.0,0.0,0.1429,0.5714,2026-10-10,2026-10-10T11:34:57-04:00,Pitcher rolling HR/contact vulnerability metrics from Statcast.
14,686613,"Brown, Hunter",R,92.94,9,11,8,0,0,1,0,3,5,96.6,81.55,22.73,0.0,0.0,0.0,0.1111,0.0,0.2727,0.4545,2026-10-10,2026-10-10T11:34:57-04:00,Pitcher rolling HR/contact vulnerability metrics from Statcast.
14,686730,"Spiers, Carson",R,84.63,7,14,6,1,1,1,1,3,3,108.6,86.54,11.0,0.1429,0.1429,0.0714,0.1429,0.1429,0.2143,0.2143,2026-10-10,2026-10-10T11:34:57-04:00,Pitcher rolling HR/contact vulnerability metrics from Statcast.
14,686751,"Johnson, Seth",R,91.07,8,7,6,0,0,0,0,1,1,106.8,74.29,34.14,0.0,0.0,0.0,0.0,0.0,0.1429,0.1429,2026-10-10,2026-10-10T11:34:57-04:00,Pitcher rolling HR/contact vulnerability metrics from Statcast.
14,686934,"McFarlane, Alex",R,95.56,12,13,8,1,3,3,2,3,6,105.1,88.95,10.77,0.0833,0.25,0.2308,0.25,0.1667,0.2308,0.4615,2026-10-10,2026-10-10T11:34:57-04:00,Pitcher rolling HR/contact vulnerability metrics from Statcast.
14,687134,"Blalock, Bradley",R,91.89,13,20,15,1,1,3,1,3,6,108.0,84.69,24.65,0.0769,0.0769,0.05,0.2308,0.0769,0.15,0.3,2026-10-10,2026-10-10T11:34:57-04:00,Pitcher rolling HR/contact vulnerability metrics from Statcast.
14,687273,"Mathews, Quinn",L,88.55,21,26,15,1,2,5,3,1,5,106.8,84.93,13.54,0.0476,0.0952,0.0769,0.2381,0.1429,0.0385,0.1923,2026-10-10,2026-10-10T11:34:57-04:00,Pitcher rolling HR/contact vulnerability metrics from Statcast.
14,687330,"Kelly, Kevin",R,87.82,1,1,0,0,0,0,0,0,0,87.4,87.4,-37.0,0.0,0.0,0.0,0.0,0.0,0.0,0.0,2026-10-10,2026-10-10T11:34:57-04:00,Pitcher rolling HR/contact vulnerability metrics from Statcast.
14,687396,"Headrick, Brent",L,88.94,7,11,8,0,0,1,0,1,1,99.9,80.29,34.27,0.0,0.0,0.0,0.1429,0.0,0.0909,0.0909,2026-10-10,2026-10-10T11:34:57-04:00,Pitcher rolling HR/contact vulnerability metrics from Statcast.
14,687792,"Herz, DJ",L,88.54,16,26,17,2,4,4,3,2,9,110.8,83.02,11.85,0.125,0.25,0.1538,0.25,0.1875,0.0769,0.3462,2026-10-10,2026-10-10T11:34:57-04:00,Pitcher rolling HR/contact vulnerability metrics from Statcast.
14,687911,"King, Bryan",L,89.59,12,16,10,0,0,3,0,1,7,108.9,83.62,9.0,0.0,0.0,0.0,0.25,0.0,0.0625,0.4375,2026-10-10,2026-10-10T11:34:57-04:00,Pitcher rolling HR/contact vulnerability metrics from Statcast.
14,687941,"Gamboa, Alec",L,92.84,6,11,7,0,0,2,0,4,6,106.4,82.07,5.18,0.0,0.0,0.0,0.3333,0.0,0.3636,0.5455,2026-10-10,2026-10-10T11:34:57-04:00,Pitcher rolling HR/contact vulnerability metrics from Statcast.
14,688107,"Gasser, Robert",L,90.43,17,20,12,1,1,3,1,2,5,110.6,79.74,17.95,0.0588,0.0588,0.05,0.1765,0.0588,0.1,0.25,2026-10-10,2026-10-10T11:34:57-04:00,Pitcher rolling HR/contact vulnerability metrics from Statcast.
14,688158,"Morgan, David",R,94.51,5,2,0,0,0,0,0,0,0,97.9,79.85,-40.0,0.0,0.0,0.0,0.0,0.0,0.0,0.0,2026-10-10,2026-10-10T11:34:57-04:00,Pitcher rolling HR/contact vulnerability metrics from Statcast.
14,688297,"Roycroft, Chris",R,93.7,10,11,5,0,0,0,0,1,2,111.5,80.5,4.64,0.0,0.0,0.0,0.0,0.0,0.0909,0.1818,2026-10-10,2026-10-10T11:34:57-04:00,Pitcher rolling HR/contact vulnerability metrics from Statcast.
14,689225,"Brieske, Beau",R,91.63,11,12,8,0,0,1,0,2,5,104.9,82.08,20.42,0.0,0.0,0.0,0.0909,0.0,0.1667,0.4167,2026-10-10,2026-10-10T11:34:57-04:00,Pitcher rolling HR/contact vulnerability metrics from Statcast.
14,689254,"Fluharty, Mason",L,88.37,2,2,1,0,0,0,0,0,0,96.4,79.9,19.0,0.0,0.0,0.0,0.0,0.0,0.0,0.0,2026-10-10,2026-10-10T11:34:57-04:00,Pitcher rolling HR/contact vulnerability metrics from Statcast.
14,689266,"Dodd, Dylan",L,91.55,25,35,28,1,1,7,0,8,10,109.3,84.24,32.57,0.04,0.04,0.0286,0.28,0.0,0.2286,0.2857,2026-10-10,2026-10-10T11:34:57-04:00,Pitcher rolling HR/contact vulnerability metrics from Statcast.
14,689818,"Sandlin, David",R,90.09,12,12,7,0,0,0,0,1,3,91.1,74.05,11.75,0.0,0.0,0.0,0.0,0.0,0.0833,0.25,2026-10-10,2026-10-10T11:34:57-04:00,Pitcher rolling HR/contact vulnerability metrics from Statcast.
14,689981,"Ryan, River",R,94.03,9,10,7,1,1,1,1,1,5,101.8,83.83,20.5,0.1111,0.1111,0.1,0.1111,0.1111,0.1,0.5,2026-10-10,2026-10-10T11:34:57-04:00,Pitcher rolling HR/contact vulnerability metrics from Statcast.
14,690978,"Fulton, Dax",L,90.31,12,12,9,0,0,3,0,1,5,107.9,84.83,16.17,0.0,0.0,0.0,0.25,0.0,0.0833,0.4167,2026-10-10,2026-10-10T11:34:57-04:00,Pitcher rolling HR/contact vulnerability metrics from Statcast.
14,690986,"Harrison, Kyle",L,92.39,7,5,4,0,0,1,0,1,1,103.3,78.62,19.0,0.0,0.0,0.0,0.1429,0.0,0.2,0.2,2026-10-10,2026-10-10T11:34:57-04:00,Pitcher rolling HR/contact vulnerability metrics from Statcast.
14,691725,"Painter, Andrew",R,94.89,12,13,8,0,0,1,0,3,2,99.6,88.72,13.69,0.0,0.0,0.0,0.0833,0.0,0.2308,0.1538,2026-10-10,2026-10-10T11:34:57-04:00,Pitcher rolling HR/contact vulnerability metrics from Statcast.
14,691799,"Taylor, Grant",R,91.82,35,33,20,0,2,9,2,4,11,108.2,85.39,10.06,0.0,0.0571,0.0606,0.2571,0.0571,0.1212,0.3333,2026-10-10,2026-10-10T11:34:57-04:00,Pitcher rolling HR/contact vulnerability metrics from Statcast.
14,693308,"Frasso, Nick",R,91.89,3,5,3,0,0,0,0,0,1,96.5,82.74,23.6,0.0,0.0,0.0,0.0,0.0,0.0,0.2,2026-10-10,2026-10-10T11:34:57-04:00,Pitcher rolling HR/contact vulnerability metrics from Statcast.
14,693313,"Seymour, Carson",R,93.99,6,5,2,0,0,1,0,0,1,100.7,88.14,-2.2,0.0,0.0,0.0,0.1667,0.0,0.0,0.2,2026-10-10,2026-10-10T11:34:57-04:00,Pitcher rolling HR/contact vulnerability metrics from Statcast.
14,693645,"Schlittler, Cam",R,94.88,45,67,44,0,2,5,1,5,18,112.4,81.46,23.06,0.0,0.0444,0.0299,0.1111,0.0222,0.0746,0.2687,2026-10-10,2026-10-10T11:34:57-04:00,Pitcher rolling HR/contact vulnerability metrics from Statcast.
14,693686,"Miles, Spencer",R,91.12,7,12,10,0,1,1,1,2,5,105.5,73.58,24.83,0.0,0.1429,0.0833,0.1429,0.1429,0.1667,0.4167,2026-10-10,2026-10-10T11:34:57-04:00,Pitcher rolling HR/contact vulnerability metrics from Statcast.
14,693855,"Seymour, Ian",L,87.79,16,20,12,1,2,3,1,2,3,105.0,77.27,20.5,0.0625,0.125,0.1,0.1875,0.0625,0.1,0.15,2026-10-10,2026-10-10T11:34:57-04:00,Pitcher rolling HR/contact vulnerability metrics from Statcast.
14,694037,"Palencia, Daniel",R,96.21,7,11,8,1,2,3,2,3,6,107.5,86.31,18.91,0.1429,0.2857,0.1818,0.4286,0.2857,0.2727,0.5455,2026-10-10,2026-10-10T11:34:57-04:00,Pitcher rolling HR/contact vulnerability metrics from Statcast.
14,694477,"Patrick, Chad",R,93.34,5,9,6,1,1,2,1,2,2,104.7,85.66,26.56,0.2,0.2,0.1111,0.4,0.2,0.2222,0.2222,2026-10-10,2026-10-10T11:34:57-04:00,Pitcher rolling HR/contact vulnerability metrics from Statcast.
14,694494,"Johnson, Ty",R,89.45,6,16,13,0,0,1,0,1,4,106.9,81.54,33.12,0.0,0.0,0.0,0.1667,0.0,0.0625,0.25,2026-10-10,2026-10-10T11:34:57-04:00,Pitcher rolling HR/contact vulnerability metrics from Statcast.
14,694680,"Martin, Trevor",R,90.31,7,12,9,0,0,3,0,1,4,98.8,80.08,16.58,0.0,0.0,0.0,0.4286,0.0,0.0833,0.3333,2026-10-10,2026-10-10T11:34:57-04:00,Pitcher rolling HR/contact vulnerability metrics from Statcast.
14,694795,"Ekness, Josh",R,97.77,3,4,4,0,0,1,0,1,3,96.9,89.45,29.5,0.0,0.0,0.0,0.3333,0.0,0.25,0.75,2026-10-10,2026-10-10T11:34:57-04:00,Pitcher rolling HR/contact vulnerability metrics from Statcast.
14,694819,"Misiorowski, Jacob",R,97.46,37,55,39,0,0,7,0,6,17,105.1,82.58,22.6,0.0,0.0,0.0,0.1892,0.0,0.1091,0.3091,2026-10-10,2026-10-10T11:34:57-04:00,Pitcher rolling HR/contact vulnerability metrics from Statcast.
14,694820,"Roxby, Braxton",R,88.49,7,7,5,0,0,1,0,0,4,106.0,88.6,23.14,0.0,0.0,0.0,0.1429,0.0,0.0,0.5714,2026-10-10,2026-10-10T11:34:57-04:00,Pitcher rolling HR/contact vulnerability metrics from Statcast.
14,695076,"Lowder, Rhett",R,90.44,22,32,22,0,1,4,1,4,12,104.7,82.36,15.0,0.0,0.0455,0.0312,0.1818,0.0455,0.125,0.375,2026-10-10,2026-10-10T11:34:57-04:00,Pitcher rolling HR/contact vulnerability metrics from Statcast.
14,695243,"Miller, Mason",R,95.23,27,22,15,0,0,5,0,1,13,109.5,87.92,14.45,0.0,0.0,0.0,0.1852,0.0,0.0455,0.5909,2026-10-10,2026-10-10T11:34:57-04:00,Pitcher rolling HR/contact vulnerability metrics from Statcast.
14,695378,"Sinclair, Jack",R,87.88,3,5,4,0,0,0,0,0,2,93.4,81.44,29.2,0.0,0.0,0.0,0.0,0.0,0.0,0.4,2026-10-10,2026-10-10T11:34:57-04:00,Pitcher rolling HR/contact vulnerability metrics from Statcast.
14,696146,"Smith, Hagen",L,89.8,32,29,18,0,0,1,0,4,9,110.0,80.9,16.62,0.0,0.0,0.0,0.0312,0.0,0.1379,0.3103,2026-10-10,2026-10-10T11:34:57-04:00,Pitcher rolling HR/contact vulnerability metrics from Statcast.
14,696270,"Johnson, Ryan",R,86.82,27,35,25,0,1,4,0,8,10,106.6,78.63,24.51,0.0,0.037,0.0286,0.1481,0.0,0.2286,0.2857,2026-10-10,2026-10-10T11:34:57-04:00,Pitcher rolling HR/contact vulnerability metrics from Statcast.
14,699008,"Kelly, Antwone",R,92.24,10,10,7,2,2,3,2,3,5,109.8,85.25,19.4,0.2,0.2,0.2,0.3,0.2,0.3,0.5,2026-10-10,2026-10-10T11:34:57-04:00,Pitcher rolling HR/contact vulnerability metrics from Statcast.
14,699044,"Ullola, Miguel",R,91.55,14,18,14,1,2,5,2,3,5,106.0,88.49,29.94,0.0714,0.1429,0.1111,0.3571,0.1429,0.1667,0.2778,2026-10-10,2026-10-10T11:34:57-04:00,Pitcher rolling HR/contact vulnerability metrics from Statcast.
14,699134,"Rodriguez, Bradgley",R,95.44,33,43,25,0,0,8,0,3,10,107.2,85.76,13.0,0.0,0.0,0.0,0.2424,0.0,0.0698,0.2326,2026-10-10,2026-10-10T11:34:57-04:00,Pitcher rolling HR/contact vulnerability metrics from Statcast.
14,699823,"Davis, Tyler",R,89.76,15,23,19,1,0,3,0,4,11,109.4,82.64,30.0,0.0667,0.0,0.0,0.2,0.0,0.1739,0.4783,2026-10-10,2026-10-10T11:34:57-04:00,Pitcher rolling HR/contact vulnerability metrics from Statcast.
14,700187,"Taylor, Troy",R,92.4,5,6,5,1,0,2,1,2,3,102.6,96.03,23.83,0.2,0.0,0.0,0.4,0.2,0.3333,0.5,2026-10-10,2026-10-10T11:34:57-04:00,Pitcher rolling HR/contact vulnerability metrics from Statcast.
14,700363,"Smith-Shawver, AJ",R,90.46,18,20,17,3,2,8,2,4,10,110.2,90.58,22.3,0.1667,0.1111,0.1,0.4444,0.1111,0.2,0.5,2026-10-10,2026-10-10T11:34:57-04:00,Pitcher rolling HR/contact vulnerability metrics from Statcast.
14,700669,"Graceffo, Gordon",R,92.1,10,10,7,0,2,3,1,2,5,107.0,87.41,24.0,0.0,0.2,0.2,0.3,0.1,0.2,0.5,2026-10-10,2026-10-10T11:34:57-04:00,Pitcher rolling HR/contact vulnerability metrics from Statcast.
14,701121,"VanWey, Logan",R,88.57,5,10,10,0,0,0,0,1,0,93.3,77.46,54.7,0.0,0.0,0.0,0.0,0.0,0.1,0.0,2026-10-10,2026-10-10T11:34:57-04:00,Pitcher rolling HR/contact vulnerability metrics from Statcast.
14,701474,"Davitt, Duncan",R,88.83,12,13,9,1,2,3,2,2,5,104.2,88.99,25.38,0.0833,0.1667,0.1538,0.25,0.1667,0.1538,0.3846,2026-10-10,2026-10-10T11:34:57-04:00,Pitcher rolling HR/contact vulnerability metrics from Statcast.
14,701519,"Adams, Travis",R,92.17,8,12,7,0,0,2,0,1,4,106.4,87.65,17.5,0.0,0.0,0.0,0.25,0.0,0.0833,0.3333,2026-10-10,2026-10-10T11:34:57-04:00,Pitcher rolling HR/contact vulnerability metrics from Statcast.
14,701542,"Warren, Will",R,92.14,6,7,6,1,1,1,1,1,1,102.6,86.8,35.86,0.1667,0.1667,0.1429,0.1667,0.1667,0.1429,0.1429,2026-10-10,2026-10-10T11:34:57-04:00,Pitcher rolling HR/contact vulnerability metrics from Statcast.
14,701656,"Henderson, Logan",R,89.26,22,24,19,0,0,4,1,5,9,106.6,83.21,26.67,0.0,0.0,0.0,0.1818,0.0455,0.2083,0.375,2026-10-10,2026-10-10T11:34:57-04:00,Pitcher rolling HR/contact vulnerability metrics from Statcast.
14,702021,"Dion, Will",L,85.29,8,14,12,0,0,1,0,2,6,101.2,81.41,22.64,0.0,0.0,0.0,0.125,0.0,0.1429,0.4286,2026-10-10,2026-10-10T11:34:57-04:00,Pitcher rolling HR/contact vulnerability metrics from Statcast.
14,702056,"Yesavage, Trey",R,87.85,9,9,7,1,1,1,1,3,3,103.3,84.39,24.56,0.1111,0.1111,0.1111,0.1111,0.1111,0.3333,0.3333,2026-10-10,2026-10-10T11:34:57-04:00,Pitcher rolling HR/contact vulnerability metrics from Statcast.
14,702193,"Morris, Andrew",R,93.46,5,6,4,1,1,2,0,2,0,105.7,92.8,36.67,0.2,0.2,0.1667,0.4,0.0,0.3333,0.0,2026-10-10,2026-10-10T11:34:57-04:00,Pitcher rolling HR/contact vulnerability metrics from Statcast.
14,702273,"Schultz, Noah",L,89.93,26,36,23,2,3,8,3,5,9,106.5,86.11,18.53,0.0769,0.1154,0.0833,0.3077,0.1154,0.1389,0.25,2026-10-10,2026-10-10T11:34:57-04:00,Pitcher rolling HR/contact vulnerability metrics from Statcast.
14,702275,"Ritchie, JR",R,89.11,26,40,20,1,2,5,1,6,9,109.3,81.41,13.15,0.0385,0.0769,0.05,0.1923,0.0385,0.15,0.225,2026-10-10,2026-10-10T11:34:57-04:00,Pitcher rolling HR/contact vulnerability metrics from Statcast.
14,702352,"Bivens, Spencer",R,92.92,5,6,5,0,1,1,1,0,3,101.1,78.28,26.5,0.0,0.2,0.1667,0.2,0.2,0.0,0.5,2026-10-10,2026-10-10T11:34:57-04:00,Pitcher rolling HR/contact vulnerability metrics from Statcast.
14,703615,"Cabrera, Jose",R,91.48,10,16,13,2,2,4,1,4,3,108.3,82.62,30.81,0.2,0.2,0.125,0.4,0.1,0.25,0.1875,2026-10-10,2026-10-10T11:34:57-04:00,Pitcher rolling HR/contact vulnerability metrics from Statcast.
14,800048,"Messick, Parker",L,91.64,47,73,46,1,3,10,2,9,23,114.2,81.15,17.12,0.0213,0.0638,0.0411,0.2128,0.0426,0.1233,0.3151,2026-10-10,2026-10-10T11:34:57-04:00,Pitcher rolling HR/contact vulnerability metrics from Statcast.
14,800311,"Fuentes, Didier",R,92.11,28,35,22,2,3,4,2,2,9,108.8,87.68,15.49,0.0714,0.1071,0.0857,0.1429,0.0714,0.0571,0.2571,2026-10-10,2026-10-10T11:34:57-04:00,Pitcher rolling HR/contact vulnerability metrics from Statcast.
14,801139,"Tolle, Payton",L,91.79,19,38,31,0,1,3,0,4,16,110.3,80.58,30.82,0.0,0.0526,0.0263,0.1579,0.0,0.1053,0.4211,2026-10-10,2026-10-10T11:34:57-04:00,Pitcher rolling HR/contact vulnerability metrics from Statcast.
14,804619,"Klein, John",R,88.59,16,21,12,0,1,4,1,3,5,106.7,77.53,12.95,0.0,0.0625,0.0476,0.25,0.0625,0.1429,0.2381,2026-10-10,2026-10-10T11:34:57-04:00,Pitcher rolling HR/contact vulnerability metrics from Statcast.
14,804636,"Tong, Jonah",R,90.76,20,19,16,0,1,4,1,4,8,113.0,81.81,30.42,0.0,0.05,0.0526,0.2,0.05,0.2105,0.4211,2026-10-10,2026-10-10T11:34:57-04:00,Pitcher rolling HR/contact vulnerability metrics from Statcast.
14,804926,"Peterson, Austin",R,87.04,19,20,14,2,3,7,5,3,7,109.0,91.69,22.1,0.1053,0.1579,0.15,0.3684,0.2632,0.15,0.35,2026-10-10,2026-10-10T11:34:57-04:00,Pitcher rolling HR/contact vulnerability metrics from Statcast.
14,805123,"Blubaugh, AJ",R,90.68,9,13,10,0,0,1,0,1,2,98.0,80.91,34.62,0.0,0.0,0.0,0.1111,0.0,0.0769,0.1538,2026-10-10,2026-10-10T11:34:57-04:00,Pitcher rolling HR/contact vulnerability metrics from Statcast.
14,805299,"Garcia, Brandyn",L,93.52,5,7,7,0,0,1,0,2,4,95.2,76.74,29.14,0.0,0.0,0.0,0.2,0.0,0.2857,0.5714,2026-10-10,2026-10-10T11:34:57-04:00,Pitcher rolling HR/contact vulnerability metrics from Statcast.
14,805345,"Harris, Trent",R,89.58,9,14,8,1,1,2,1,4,6,106.9,81.76,13.07,0.1111,0.1111,0.0714,0.2222,0.1111,0.2857,0.4286,2026-10-10,2026-10-10T11:34:57-04:00,Pitcher rolling HR/contact vulnerability metrics from Statcast.
14,806188,"Gibson, Cade",L,87.09,2,2,1,0,0,0,0,0,0,101.2,96.15,16.5,0.0,0.0,0.0,0.0,0.0,0.0,0.0,2026-10-10,2026-10-10T11:34:57-04:00,Pitcher rolling HR/contact vulnerability metrics from Statcast.
14,807739,"Anderson, Kade",L,89.41,15,15,8,0,0,1,0,2,2,106.6,80.47,20.27,0.0,0.0,0.0,0.0667,0.0,0.1333,0.1333,2026-10-10,2026-10-10T11:34:57-04:00,Pitcher rolling HR/contact vulnerability metrics from Statcast.
14,808963,"Sasaki, Roki",R,94.32,11,12,6,0,0,0,0,0,2,109.8,78.87,5.58,0.0,0.0,0.0,0.0,0.0,0.0,0.1667,2026-10-10,2026-10-10T11:34:57-04:00,Pitcher rolling HR/contact vulnerability metrics from Statcast.
14,808967,"Yamamoto, Yoshinobu",R,91.5,26,29,19,0,0,0,0,4,10,109.5,76.83,17.0,0.0,0.0,0.0,0.0,0.0,0.1379,0.3448,2026-10-10,2026-10-10T11:34:57-04:00,Pitcher rolling HR/contact vulnerability metrics from Statcast.
14,811315,"Hopkins, Brody",R,93.44,4,5,3,0,0,0,0,0,1,91.9,78.9,11.8,0.0,0.0,0.0,0.0,0.0,0.0,0.2,2026-10-10,2026-10-10T11:34:57-04:00,Pitcher rolling HR/contact vulnerability metrics from Statcast.
14,813349,"Early, Connelly",L,88.66,10,11,6,0,1,1,0,2,2,97.7,87.16,11.09,0.0,0.1,0.0909,0.1,0.0,0.1818,0.1818,2026-10-10,2026-10-10T11:34:57-04:00,Pitcher rolling HR/contact vulnerability metrics from Statcast.
14,814305,"Tur, Yunior",R,89.46,12,17,14,2,1,4,2,4,6,109.0,85.89,29.88,0.1667,0.0833,0.0588,0.3333,0.1667,0.2353,0.3529,2026-10-10,2026-10-10T11:34:57-04:00,Pitcher rolling HR/contact vulnerability metrics from Statcast.
14,814490,"Pecko, Ethan",R,88.21,10,13,7,0,0,0,0,3,5,98.0,84.34,13.92,0.0,0.0,0.0,0.0,0.0,0.2308,0.3846,2026-10-10,2026-10-10T11:34:57-04:00,Pitcher rolling HR/contact vulnerability metrics from Statcast.
14,815081,"Manfredi, Mark",L,91.36,7,8,5,0,0,2,0,2,2,101.4,88.96,15.5,0.0,0.0,0.0,0.2857,0.0,0.25,0.25,2026-10-10,2026-10-10T11:34:57-04:00,Pitcher rolling HR/contact vulnerability metrics from Statcast.
14,815083,"Farris, Mitch",L,84.91,11,11,5,1,1,2,1,3,4,106.6,84.83,6.64,0.0909,0.0909,0.0909,0.1818,0.0909,0.2727,0.3636,2026-10-10,2026-10-10T11:34:57-04:00,Pitcher rolling HR/contact vulnerability metrics from Statcast.
14,837227,"Imai, Tatsuya",R,88.66,3,5,5,0,0,0,0,1,0,90.1,74.84,59.6,0.0,0.0,0.0,0.0,0.0,0.2,0.0,2026-10-10,2026-10-10T11:34:57-04:00,Pitcher rolling HR/contact vulnerability metrics from Statcast.
30,434378,"Verlander, Justin",R,87.09,20,34,29,2,2,6,2,6,8,104.7,82.29,36.26,0.1,0.1,0.0588,0.3,0.1,0.1765,0.2353,2026-10-10,2026-10-10T11:34:57-04:00,Pitcher rolling HR/contact vulnerability metrics from Statcast.
30,445276,"Jansen, Kenley",R,90.63,17,20,16,0,1,4,1,1,4,103.3,83.62,32.9,0.0,0.0588,0.05,0.2353,0.0588,0.05,0.2,2026-10-10,2026-10-10T11:34:57-04:00,Pitcher rolling HR/contact vulnerability metrics from Statcast.
30,453286,"Scherzer, Max",R,86.34,93,127,107,2,3,23,4,30,37,109.6,81.92,34.76,0.0215,0.0323,0.0236,0.2473,0.043,0.2362,0.2913,2026-10-10,2026-10-10T11:34:57-04:00,Pitcher rolling HR/contact vulnerability metrics from Statcast.
30,489446,"Yates, Kirby",R,87.06,9,17,11,0,0,2,1,1,3,103.4,84.94,24.65,0.0,0.0,0.0,0.2222,0.1111,0.0588,0.1765,2026-10-10,2026-10-10T11:34:57-04:00,Pitcher rolling HR/contact vulnerability metrics from Statcast.
30,500779,"Quintana, Jose",L,84.5,31,44,29,4,4,10,4,10,13,111.7,80.82,17.5,0.129,0.129,0.0909,0.3226,0.129,0.2273,0.2955,2026-10-10,2026-10-10T11:34:57-04:00,Pitcher rolling HR/contact vulnerability metrics from Statcast.
30,518876,"Kelly, Merrill",R,89.68,63,98,60,1,1,8,1,14,23,110.6,80.42,15.38,0.0159,0.0159,0.0102,0.127,0.0159,0.1429,0.2347,2026-10-10,2026-10-10T11:34:57-04:00,Pitcher rolling HR/contact vulnerability metrics from Statcast.
30,518886,"Kimbrel, Craig",R,91.9,7,10,8,0,0,2,0,2,6,103.8,86.49,20.7,0.0,0.0,0.0,0.2857,0.0,0.2,0.6,2026-10-10,2026-10-10T11:34:57-04:00,Pitcher rolling HR/contact vulnerability metrics from Statcast.
30,519242,"Sale, Chris",L,88.67,102,123,72,3,8,20,8,16,36,108.4,84.5,14.1,0.0294,0.0784,0.065,0.1961,0.0784,0.1301,0.2927,2026-10-10,2026-10-10T11:34:57-04:00,Pitcher rolling HR/contact vulnerability metrics from Statcast.
30,527048,"Pérez, Martín",L,84.26,75,90,45,1,0,6,0,11,24,111.7,80.0,9.04,0.0133,0.0,0.0,0.08,0.0,0.1222,0.2667,2026-10-10,2026-10-10T11:34:57-04:00,Pitcher rolling HR/contact vulnerability metrics from Statcast.
30,529017,"Cornielle, Alexander",R,89.94,7,13,11,1,2,2,2,2,4,106.7,87.09,34.38,0.1429,0.2857,0.1538,0.2857,0.2857,0.1538,0.3077,2026-10-10,2026-10-10T11:34:57-04:00,Pitcher rolling HR/contact vulnerability metrics from Statcast.
30,542888,"Armstrong, Shawn",R,88.54,19,33,25,0,2,6,2,8,9,115.8,82.06,30.09,0.0,0.1053,0.0606,0.3158,0.1053,0.2424,0.2727,2026-10-10,2026-10-10T11:34:57-04:00,Pitcher rolling HR/contact vulnerability metrics from Statcast.
30,543037,"Cole, Gerrit",R,91.75,88,134,96,6,7,21,4,21,35,111.9,83.49,25.43,0.0682,0.0795,0.0522,0.2386,0.0455,0.1567,0.2612,2026-10-10,2026-10-10T11:34:57-04:00,Pitcher rolling HR/contact vulnerability metrics from Statcast.
30,543135,"Eovaldi, Nathan",R,86.57,58,76,44,0,2,12,2,10,21,107.3,81.81,15.33,0.0,0.0345,0.0263,0.2069,0.0345,0.1316,0.2763,2026-10-10,2026-10-10T11:34:57-04:00,Pitcher rolling HR/contact vulnerability metrics from Statcast.
30,543238,"Gose, Anthony",L,91.28,24,28,21,1,1,8,3,10,10,106.1,84.8,18.86,0.0417,0.0417,0.0357,0.3333,0.125,0.3571,0.3571,2026-10-10,2026-10-10T11:34:57-04:00,Pitcher rolling HR/contact vulnerability metrics from Statcast.
30,543243,"Gray, Sonny",R,87.7,91,129,69,2,6,21,4,16,37,110.0,83.12,10.31,0.022,0.0659,0.0465,0.2308,0.044,0.124,0.2868,2026-10-10,2026-10-10T11:34:57-04:00,Pitcher rolling HR/contact vulnerability metrics from Statcast.
30,544150,"Suárez, Albert",R,86.99,15,22,17,0,0,3,0,3,8,105.1,81.06,29.77,0.0,0.0,0.0,0.2,0.0,0.1364,0.3636,2026-10-10,2026-10-10T11:34:57-04:00,Pitcher rolling HR/contact vulnerability metrics from Statcast.
30,547179,"Lorenzen, Michael",R,89.94,17,19,15,1,1,3,1,4,7,106.2,84.54,25.37,0.0588,0.0588,0.0526,0.1765,0.0588,0.2105,0.3684,2026-10-10,2026-10-10T11:34:57-04:00,Pitcher rolling HR/contact vulnerability metrics from Statcast.
30,547973,"Chapman, Aroldis",L,93.09,15,14,11,0,0,1,1,0,4,105.2,81.12,34.86,0.0,0.0,0.0,0.0667,0.0667,0.0,0.2857,2026-10-10,2026-10-10T11:34:57-04:00,Pitcher rolling HR/contact vulnerability metrics from Statcast.
30,548384,"Raley, Brooks",L,86.17,16,23,15,1,2,4,0,4,6,110.1,84.55,20.7,0.0625,0.125,0.087,0.25,0.0,0.1739,0.2609,2026-10-10,2026-10-10T11:34:57-04:00,Pitcher rolling HR/contact vulnerability metrics from Statcast.
30,552640,"Kittredge, Andrew",R,91.74,13,17,10,0,1,1,1,1,3,109.4,84.09,17.47,0.0,0.0769,0.0588,0.0769,0.0769,0.0588,0.1765,2026-10-10,2026-10-10T11:34:57-04:00,Pitcher rolling HR/contact vulnerability metrics from Statcast.
30,554430,"Wheeler, Zack",R,90.58,115,165,97,2,4,18,4,22,40,110.0,80.16,13.03,0.0174,0.0348,0.0242,0.1565,0.0348,0.1333,0.2424,2026-10-10,2026-10-10T11:34:57-04:00,Pitcher rolling HR/contact vulnerability metrics from Statcast.
30,571510,"Boyd, Matthew",L,86.17,87,126,87,3,4,18,5,18,39,108.1,83.72,20.73,0.0345,0.046,0.0317,0.2069,0.0575,0.1429,0.3095,2026-10-10,2026-10-10T11:34:57-04:00,Pitcher rolling HR/contact vulnerability metrics from Statcast.
30,571882,"Law, Derek",R,89.63,8,12,8,0,0,2,0,2,5,104.4,83.43,20.58,0.0,0.0,0.0,0.25,0.0,0.1667,0.4167,2026-10-10,2026-10-10T11:34:57-04:00,Pitcher rolling HR/contact vulnerability metrics from Statcast.
30,571927,"Matz, Steven",L,88.75,26,31,19,1,1,5,0,5,8,110.2,79.98,15.58,0.0385,0.0385,0.0323,0.1923,0.0,0.1613,0.2581,2026-10-10,2026-10-10T11:34:57-04:00,Pitcher rolling HR/contact vulnerability metrics from Statcast.
30,571948,"Milner, Hoby",L,82.63,17,18,6,0,0,0,0,0,3,108.1,77.49,-2.11,0.0,0.0,0.0,0.0,0.0,0.0,0.1667,2026-10-10,2026-10-10T11:34:57-04:00,Pitcher rolling HR/contact vulnerability metrics from Statcast.
30,572955,"Johnson, Pierce",R,90.62,23,30,21,1,1,3,1,4,7,107.6,83.32,23.73,0.0435,0.0435,0.0333,0.1304,0.0435,0.1333,0.2333,2026-10-10,2026-10-10T11:34:57-04:00,Pitcher rolling HR/contact vulnerability metrics from Statcast.
30,573009,"Mantiply, Joe",L,83.62,18,28,17,1,3,5,3,7,11,107.3,79.31,10.29,0.0556,0.1667,0.1071,0.2778,0.1667,0.25,0.3929,2026-10-10,2026-10-10T11:34:57-04:00,Pitcher rolling HR/contact vulnerability metrics from Statcast.
30,573124,"Rogers, Taylor",L,85.57,36,42,26,1,1,6,2,9,12,108.3,82.88,17.9,0.0278,0.0278,0.0238,0.1667,0.0556,0.2143,0.2857,2026-10-10,2026-10-10T11:34:57-04:00,Pitcher rolling HR/contact vulnerability metrics from Statcast.
30,573204,"Thielbar, Caleb",L,85.33,16,21,15,0,1,1,1,6,5,107.2,78.93,26.24,0.0,0.0625,0.0476,0.0625,0.0625,0.2857,0.2381,2026-10-10,2026-10-10T11:34:57-04:00,Pitcher rolling HR/contact vulnerability metrics from Statcast.
30,579328,"Kikuchi, Yusei",L,89.87,89,135,87,0,3,18,4,11,43,112.4,84.03,18.64,0.0,0.0337,0.0222,0.2022,0.0449,0.0815,0.3185,2026-10-10,2026-10-10T11:34:57-04:00,Pitcher rolling HR/contact vulnerability metrics from Statcast.
30,592094,"Adam, Jason",R,87.39,23,26,17,0,1,6,1,6,7,110.0,87.11,16.58,0.0,0.0435,0.0385,0.2609,0.0435,0.2308,0.2692,2026-10-10,2026-10-10T11:34:57-04:00,Pitcher rolling HR/contact vulnerability metrics from Statcast.
30,592155,"Booser, Cam",L,90.75,24,34,21,0,1,3,1,8,11,102.9,83.93,11.68,0.0,0.0417,0.0294,0.125,0.0417,0.2353,0.3235,2026-10-10,2026-10-10T11:34:57-04:00,Pitcher rolling HR/contact vulnerability metrics from Statcast.
30,592332,"Gausman, Kevin",R,87.18,60,91,51,2,4,14,5,7,20,111.8,81.94,13.4,0.0333,0.0667,0.044,0.2333,0.0833,0.0769,0.2198,2026-10-10,2026-10-10T11:34:57-04:00,Pitcher rolling HR/contact vulnerability metrics from Statcast.
30,592662,"Ray, Robbie",L,90.03,83,113,83,3,2,14,3,14,42,113.3,80.84,22.29,0.0361,0.0241,0.0177,0.1687,0.0361,0.1239,0.3717,2026-10-10,2026-10-10T11:34:57-04:00,Pitcher rolling HR/contact vulnerability metrics from Statcast.
30,592773,"Stanek, Ryne",R,93.59,21,22,14,0,0,1,0,0,6,107.5,81.2,18.27,0.0,0.0,0.0,0.0476,0.0,0.0,0.2727,2026-10-10,2026-10-10T11:34:57-04:00,Pitcher rolling HR/contact vulnerability metrics from Statcast.
30,592779,"Stewart, Brock",R,91.75,25,35,16,1,1,4,2,2,6,108.6,81.45,8.23,0.04,0.04,0.0286,0.16,0.08,0.0571,0.1714,2026-10-10,2026-10-10T11:34:57-04:00,Pitcher rolling HR/contact vulnerability metrics from Statcast.
30,592866,"Williams, Trevor",R,84.95,24,27,18,1,1,4,0,6,8,110.2,79.37,22.15,0.0417,0.0417,0.037,0.1667,0.0,0.2222,0.2963,2026-10-10,2026-10-10T11:34:57-04:00,Pitcher rolling HR/contact vulnerability metrics from Statcast.
30,593958,"Rodriguez, Eduardo",L,88.44,78,118,80,4,5,14,6,18,23,110.3,81.22,23.74,0.0513,0.0641,0.0424,0.1795,0.0769,0.1525,0.1949,2026-10-10,2026-10-10T11:34:57-04:00,Pitcher rolling HR/contact vulnerability metrics from Statcast.
30,593974,"Peralta, Wandy",L,92.66,29,37,17,1,3,8,1,7,14,106.8,88.04,9.97,0.0345,0.1034,0.0811,0.2759,0.0345,0.1892,0.3784,2026-10-10,2026-10-10T11:34:57-04:00,Pitcher rolling HR/contact vulnerability metrics from Statcast.
30,594027,"Guerrero, Tyron",R,99.67,7,12,9,0,0,1,0,0,6,96.5,80.62,22.42,0.0,0.0,0.0,0.1429,0.0,0.0,0.5,2026-10-10,2026-10-10T11:34:57-04:00,Pitcher rolling HR/contact vulnerability metrics from Statcast.
30,594798,"deGrom, Jacob",R,93.31,86,116,80,1,2,17,2,16,40,106.2,82.71,19.31,0.0116,0.0233,0.0172,0.1977,0.0233,0.1379,0.3448,2026-10-10,2026-10-10T11:34:57-04:00,Pitcher rolling HR/contact vulnerability metrics from Statcast.
30,595014,"Treinen, Blake",R,91.55,21,29,16,1,1,5,1,3,7,114.3,86.81,14.07,0.0476,0.0476,0.0345,0.2381,0.0476,0.1034,0.2414,2026-10-10,2026-10-10T11:34:57-04:00,Pitcher rolling HR/contact vulnerability metrics from Statcast.
30,596001,"Junis, Jakob",R,87.27,30,38,18,1,1,5,1,5,13,112.4,82.23,2.63,0.0333,0.0333,0.0263,0.1667,0.0333,0.1316,0.3421,2026-10-10,2026-10-10T11:34:57-04:00,Pitcher rolling HR/contact vulnerability metrics from Statcast.
30,596117,"Stubbs, Garrett",R,41.48,9,9,7,1,2,4,2,5,5,106.2,93.67,18.56,0.1111,0.2222,0.2222,0.4444,0.2222,0.5556,0.5556,2026-10-10,2026-10-10T11:34:57-04:00,Pitcher rolling HR/contact vulnerability metrics from Statcast.
30,596133,"Weaver, Luke",R,92.37,22,29,23,1,1,4,0,4,9,109.6,82.47,29.97,0.0455,0.0455,0.0345,0.1818,0.0,0.1379,0.3103,2026-10-10,2026-10-10T11:34:57-04:00,Pitcher rolling HR/contact vulnerability metrics from Statcast.
30,601713,"Pivetta, Nick",R,88.7,90,128,94,3,6,31,5,24,39,115.4,86.25,26.61,0.0333,0.0667,0.0469,0.3444,0.0556,0.1875,0.3047,2026-10-10,2026-10-10T11:34:57-04:00,Pitcher rolling HR/contact vulnerability metrics from Statcast.
30,605135,"Bassitt, Chris",R,86.97,72,109,74,1,3,18,4,17,33,111.9,82.64,18.28,0.0139,0.0417,0.0275,0.25,0.0556,0.156,0.3028,2026-10-10,2026-10-10T11:34:57-04:00,Pitcher rolling HR/contact vulnerability metrics from Statcast.
30,605242,"Fulmer, Michael",R,86.53,21,25,17,1,2,6,1,5,6,108.2,83.22,18.0,0.0476,0.0952,0.08,0.2857,0.0476,0.2,0.24,2026-10-10,2026-10-10T11:34:57-04:00,Pitcher rolling HR/contact vulnerability metrics from Statcast.
30,605280,"Holmes, Clay",R,87.47,70,71,34,1,1,8,0,9,15,110.8,84.91,3.63,0.0143,0.0143,0.0141,0.1143,0.0,0.1268,0.2113,2026-10-10,2026-10-10T11:34:57-04:00,Pitcher rolling HR/contact vulnerability metrics from Statcast.
30,605397,"Musgrove, Joe",R,91.32,13,20,11,0,0,1,0,1,5,103.7,80.8,14.3,0.0,0.0,0.0,0.0769,0.0,0.05,0.25,2026-10-10,2026-10-10T11:34:57-04:00,Pitcher rolling HR/contact vulnerability metrics from Statcast.
30,605400,"Nola, Aaron",R,85.79,90,111,62,6,7,24,6,18,39,111.9,84.45,10.07,0.0667,0.0778,0.0631,0.2667,0.0667,0.1622,0.3514,2026-10-10,2026-10-10T11:34:57-04:00,Pitcher rolling HR/contact vulnerability metrics from Statcast.
30,605447,"Romano, Jordan",R,86.97,28,36,25,2,2,10,1,2,10,107.6,86.33,21.97,0.0714,0.0714,0.0556,0.3571,0.0357,0.0556,0.2778,2026-10-10,2026-10-10T11:34:57-04:00,Pitcher rolling HR/contact vulnerability metrics from Statcast.
30,605483,"Snell, Blake",L,89.65,61,80,49,0,1,9,1,12,26,115.8,82.54,15.44,0.0,0.0164,0.0125,0.1475,0.0164,0.15,0.325,2026-10-10,2026-10-10T11:34:57-04:00,Pitcher rolling HR/contact vulnerability metrics from Statcast.
30,605488,"Springs, Jeffrey",L,85.88,58,84,58,2,5,14,7,13,22,108.4,81.0,24.68,0.0345,0.0862,0.0595,0.2414,0.1207,0.1548,0.2619,2026-10-10,2026-10-10T11:34:57-04:00,Pitcher rolling HR/contact vulnerability metrics from Statcast.
30,606996,"Hart, Kyle",L,89.22,19,15,8,0,2,4,2,4,5,114.0,82.59,9.2,0.0,0.1053,0.1333,0.2105,0.1053,0.2667,0.3333,2026-10-10,2026-10-10T11:34:57-04:00,Pitcher rolling HR/contact vulnerability metrics from Statcast.
30,607067,"Rea, Colin",R,89.9,12,19,13,0,0,4,0,1,7,102.0,83.05,20.47,0.0,0.0,0.0,0.3333,0.0,0.0526,0.3684,2026-10-10,2026-10-10T11:34:57-04:00,Pitcher rolling HR/contact vulnerability metrics from Statcast.
30,607074,"Rodón, Carlos",L,90.21,73,78,47,1,3,12,3,15,27,111.5,82.1,10.6,0.0137,0.0411,0.0385,0.1644,0.0411,0.1923,0.3462,2026-10-10,2026-10-10T11:34:57-04:00,Pitcher rolling HR/contact vulnerability metrics from Statcast.
30,607192,"Glasnow, Tyler",R,91.52,89,82,51,2,4,12,3,18,20,110.4,83.03,18.62,0.0225,0.0449,0.0488,0.1348,0.0337,0.2195,0.2439,2026-10-10,2026-10-10T11:34:57-04:00,Pitcher rolling HR/contact vulnerability metrics from Statcast.
30,607200,"Fedde, Erick",R,88.57,75,106,65,2,7,25,6,15,36,117.4,83.25,15.94,0.0267,0.0933,0.066,0.3333,0.08,0.1415,0.3396,2026-10-10,2026-10-10T11:34:57-04:00,Pitcher rolling HR/contact vulnerability metrics from Statcast.
30,607259,"Martinez, Nick",R,88.53,95,141,97,3,4,23,5,27,37,116.8,81.31,22.43,0.0316,0.0421,0.0284,0.2421,0.0526,0.1915,0.2624,2026-10-10,2026-10-10T11:34:57-04:00,Pitcher rolling HR/contact vulnerability metrics from Statcast.
30,607536,"Freeland, Kyle",L,86.39,59,77,52,5,8,19,8,16,28,111.7,88.03,18.43,0.0847,0.1356,0.1039,0.322,0.1356,0.2078,0.3636,2026-10-10,2026-10-10T11:34:57-04:00,Pitcher rolling HR/contact vulnerability metrics from Statcast.
30,607625,"Lugo, Seth",R,86.43,66,76,47,5,7,15,4,20,22,113.6,82.48,18.13,0.0758,0.1061,0.0921,0.2273,0.0606,0.2632,0.2895,2026-10-10,2026-10-10T11:34:57-04:00,Pitcher rolling HR/contact vulnerability metrics from Statcast.
30,608331,"Fried, Max",L,86.56,110,147,83,4,5,19,5,22,37,112.7,80.68,11.52,0.0364,0.0455,0.034,0.1727,0.0455,0.1497,0.2517,2026-10-10,2026-10-10T11:34:57-04:00,Pitcher rolling HR/contact vulnerability metrics from Statcast.
30,608372,"Sugano, Tomoyuki",R,88.23,65,84,63,4,4,18,3,20,24,111.8,84.14,27.8,0.0615,0.0615,0.0476,0.2769,0.0462,0.2381,0.2857,2026-10-10,2026-10-10T11:34:57-04:00,Pitcher rolling HR/contact vulnerability metrics from Statcast.
30,608379,"Wacha, Michael",R,87.19,76,119,92,6,6,23,10,29,38,111.1,82.32,26.5,0.0789,0.0789,0.0504,0.3026,0.1316,0.2437,0.3193,2026-10-10,2026-10-10T11:34:57-04:00,Pitcher rolling HR/contact vulnerability metrics from Statcast.
30,608718,"Suter, Brent",L,87.16,33,47,28,1,3,5,3,2,17,105.7,83.9,13.55,0.0303,0.0909,0.0638,0.1515,0.0909,0.0426,0.3617,2026-10-10,2026-10-10T11:34:57-04:00,Pitcher rolling HR/contact vulnerability metrics from Statcast.
30,615698,"Quantrill, Cal",R,90.33,26,31,21,1,0,4,1,5,13,107.1,83.54,19.26,0.0385,0.0,0.0,0.1538,0.0385,0.1613,0.4194,2026-10-10,2026-10-10T11:34:57-04:00,Pitcher rolling HR/contact vulnerability metrics from Statcast.
30,621016,"Cuas, Jose",R,89.73,23,26,14,0,1,3,1,3,5,104.5,82.92,12.31,0.0,0.0435,0.0385,0.1304,0.0435,0.1154,0.1923,2026-10-10,2026-10-10T11:34:57-04:00,Pitcher rolling HR/contact vulnerability metrics from Statcast.
30,621074,"Rucker, Michael",R,89.37,26,34,19,0,0,2,0,2,4,108.2,78.76,14.06,0.0,0.0,0.0,0.0769,0.0,0.0588,0.1176,2026-10-10,2026-10-10T11:34:57-04:00,Pitcher rolling HR/contact vulnerability metrics from Statcast.
30,621097,"Waguespack, Jacob",R,87.03,38,44,29,0,1,5,2,6,13,111.7,79.51,17.32,0.0,0.0263,0.0227,0.1316,0.0526,0.1364,0.2955,2026-10-10,2026-10-10T11:34:57-04:00,Pitcher rolling HR/contact vulnerability metrics from Statcast.
30,621111,"Buehler, Walker",R,90.2,76,103,59,3,4,15,6,10,28,110.3,84.82,12.48,0.0395,0.0526,0.0388,0.1974,0.0789,0.0971,0.2718,2026-10-10,2026-10-10T11:34:57-04:00,Pitcher rolling HR/contact vulnerability metrics from Statcast.
30,621112,"Blackburn, Paul",R,89.23,46,64,31,0,1,8,0,9,14,108.7,84.3,6.58,0.0,0.0217,0.0156,0.1739,0.0,0.1406,0.2188,2026-10-10,2026-10-10T11:34:57-04:00,Pitcher rolling HR/contact vulnerability metrics from Statcast.
30,621237,"Alvarado, José",L,94.99,35,46,32,0,0,8,0,7,17,104.1,80.14,20.78,0.0,0.0,0.0,0.2286,0.0,0.1522,0.3696,2026-10-10,2026-10-10T11:34:57-04:00,Pitcher rolling HR/contact vulnerability metrics from Statcast.
30,621242,"Díaz, Edwin",R,94.29,27,38,27,0,1,4,1,3,10,104.4,78.96,24.82,0.0,0.037,0.0263,0.1481,0.037,0.0789,0.2632,2026-10-10,2026-10-10T11:34:57-04:00,Pitcher rolling HR/contact vulnerability metrics from Statcast.
30,621345,"Minter, A.J.",L,90.42,36,47,33,4,5,10,3,14,18,107.6,82.1,13.89,0.1111,0.1389,0.1064,0.2778,0.0833,0.2979,0.383,2026-10-10,2026-10-10T11:34:57-04:00,Pitcher rolling HR/contact vulnerability metrics from Statcast.
30,621383,"Banks, Tanner",L,87.42,30,40,27,1,1,6,1,7,15,108.8,79.85,14.05,0.0333,0.0333,0.025,0.2,0.0333,0.175,0.375,2026-10-10,2026-10-10T11:34:57-04:00,Pitcher rolling HR/contact vulnerability metrics from Statcast.
30,622088,"Antone, Tejay",R,86.83,27,24,14,0,1,3,0,4,7,104.4,83.05,14.21,0.0,0.037,0.0417,0.1111,0.0,0.1667,0.2917,2026-10-10,2026-10-10T11:34:57-04:00,Pitcher rolling HR/contact vulnerability metrics from Statcast.
30,622491,"Castillo, Luis",R,90.88,25,31,27,1,2,5,2,8,14,104.5,85.08,30.26,0.04,0.08,0.0645,0.2,0.08,0.2581,0.4516,2026-10-10,2026-10-10T11:34:57-04:00,Pitcher rolling HR/contact vulnerability metrics from Statcast.
30,622554,"Domínguez, Seranthony",R,92.85,30,39,33,0,0,6,0,9,11,107.3,80.13,32.15,0.0,0.0,0.0,0.2,0.0,0.2308,0.2821,2026-10-10,2026-10-10T11:34:57-04:00,Pitcher rolling HR/contact vulnerability metrics from Statcast.
30,622608,"Senzatela, Antonio",R,94.92,32,47,25,1,2,5,1,5,15,108.8,80.74,8.72,0.0312,0.0625,0.0426,0.1562,0.0312,0.1064,0.3191,2026-10-10,2026-10-10T11:34:57-04:00,Pitcher rolling HR/contact vulnerability metrics from Statcast.
30,622694,"Hernández, Elieser",R,83.06,3,4,3,0,0,0,0,0,0,86.1,74.02,39.5,0.0,0.0,0.0,0.0,0.0,0.0,0.0,2026-10-10,2026-10-10T11:34:57-04:00,Pitcher rolling HR/contact vulnerability metrics from Statcast.
30,623149,"Sewald, Paul",R,86.7,22,37,31,1,1,4,1,3,11,106.5,81.44,35.76,0.0455,0.0455,0.027,0.1818,0.0455,0.0811,0.2973,2026-10-10,2026-10-10T11:34:57-04:00,Pitcher rolling HR/contact vulnerability metrics from Statcast.
30,623211,"Brazobán, Huascar",R,94.02,18,27,12,0,1,5,1,3,6,107.1,85.06,9.26,0.0,0.0556,0.037,0.2778,0.0556,0.1111,0.2222,2026-10-10,2026-10-10T11:34:57-04:00,Pitcher rolling HR/contact vulnerability metrics from Statcast.
30,623352,"Hader, Josh",L,92.07,29,48,36,0,0,6,0,7,10,108.8,83.1,29.92,0.0,0.0,0.0,0.2069,0.0,0.1458,0.2083,2026-10-10,2026-10-10T11:34:57-04:00,Pitcher rolling HR/contact vulnerability metrics from Statcast.
30,623454,"Anderson, Drew",R,89.25,42,57,34,2,3,5,3,7,17,109.3,80.56,13.19,0.0476,0.0714,0.0526,0.119,0.0714,0.1228,0.2982,2026-10-10,2026-10-10T11:34:57-04:00,Pitcher rolling HR/contact vulnerability metrics from Statcast.
30,623465,"Phillips, Evan",R,92.6,23,32,23,1,2,4,2,5,8,114.1,83.31,23.91,0.0435,0.087,0.0625,0.1739,0.087,0.1562,0.25,2026-10-10,2026-10-10T11:34:57-04:00,Pitcher rolling HR/contact vulnerability metrics from Statcast.
30,623474,"Herget, Jimmy",R,86.31,37,49,31,2,4,10,4,9,13,109.0,84.62,16.39,0.0541,0.1081,0.0816,0.2703,0.1081,0.1837,0.2653,2026-10-10,2026-10-10T11:34:57-04:00,Pitcher rolling HR/contact vulnerability metrics from Statcast.
30,624133,"Suarez, Ranger",L,86.04,69,87,50,2,2,12,1,12,26,108.4,83.29,11.95,0.029,0.029,0.023,0.1739,0.0145,0.1379,0.2989,2026-10-10,2026-10-10T11:34:57-04:00,Pitcher rolling HR/contact vulnerability metrics from Statcast.
30,624431,"Trevino, Jose",R,43.53,9,10,5,1,1,3,1,3,4,109.3,81.4,16.5,0.1111,0.1111,0.1,0.3333,0.1111,0.3,0.4,2026-10-10,2026-10-10T11:34:57-04:00,Pitcher rolling HR/contact vulnerability metrics from Statcast.
30,625643,"López, Reynaldo",R,87.27,17,19,13,0,0,3,0,5,10,102.9,80.99,18.42,0.0,0.0,0.0,0.1765,0.0,0.2632,0.5263,2026-10-10,2026-10-10T11:34:57-04:00,Pitcher rolling HR/contact vulnerability metrics from Statcast.
30,628452,"Iglesias, Raisel",R,91.07,41,53,34,2,2,8,2,9,15,106.8,83.93,20.83,0.0488,0.0488,0.0377,0.1951,0.0488,0.1698,0.283,2026-10-10,2026-10-10T11:34:57-04:00,Pitcher rolling HR/contact vulnerability metrics from Statcast.
30,640448,"Finnegan, Kyle",R,91.15,10,19,16,1,3,4,2,4,10,107.3,88.67,30.74,0.1,0.3,0.1579,0.4,0.2,0.2105,0.5263,2026-10-10,2026-10-10T11:34:57-04:00,Pitcher rolling HR/contact vulnerability metrics from Statcast.
30,640455,"Manaea, Sean",L,86.11,71,94,61,4,5,20,3,16,21,111.2,83.9,22.78,0.0563,0.0704,0.0532,0.2817,0.0423,0.1702,0.2234,2026-10-10,2026-10-10T11:34:57-04:00,Pitcher rolling HR/contact vulnerability metrics from Statcast.
30,641302,"Alexander, Tyler",L,87.45,37,51,37,1,1,9,2,9,15,104.8,80.96,24.45,0.027,0.027,0.0196,0.2432,0.0541,0.1765,0.2941,2026-10-10,2026-10-10T11:34:57-04:00,Pitcher rolling HR/contact vulnerability metrics from Statcast.
30,641329,"Baker, Bryan",R,90.06,34,42,27,0,1,6,0,6,7,107.9,84.47,25.45,0.0,0.0294,0.0238,0.1765,0.0,0.1429,0.1667,2026-10-10,2026-10-10T11:34:57-04:00,Pitcher rolling HR/contact vulnerability metrics from Statcast.
30,641401,"Brogdon, Connor",R,88.83,3,6,4,0,0,0,0,0,0,99.3,83.72,26.83,0.0,0.0,0.0,0.0,0.0,0.0,0.0,2026-10-10,2026-10-10T11:34:57-04:00,Pitcher rolling HR/contact vulnerability metrics from Statcast.
30,641743,"Kay, Anthony",L,89.5,92,112,64,1,3,18,4,23,41,112.0,83.17,9.12,0.0109,0.0326,0.0268,0.1957,0.0435,0.2054,0.3661,2026-10-10,2026-10-10T11:34:57-04:00,Pitcher rolling HR/contact vulnerability metrics from Statcast.
30,641755,"Kinley, Tyler",R,87.3,27,38,23,1,1,5,1,6,11,107.1,78.77,20.16,0.037,0.037,0.0263,0.1852,0.037,0.1579,0.2895,2026-10-10,2026-10-10T11:34:57-04:00,Pitcher rolling HR/contact vulnerability metrics from Statcast.
30,641816,"Mahle, Tyler",R,89.9,120,151,84,3,6,18,4,15,33,110.6,83.63,15.69,0.025,0.05,0.0397,0.15,0.0333,0.0993,0.2185,2026-10-10,2026-10-10T11:34:57-04:00,Pitcher rolling HR/contact vulnerability metrics from Statcast.
30,641835,"Mayza, Tim",L,92.86,28,37,20,1,1,5,2,2,9,108.4,83.66,10.32,0.0357,0.0357,0.027,0.1786,0.0714,0.0541,0.2432,2026-10-10,2026-10-10T11:34:57-04:00,Pitcher rolling HR/contact vulnerability metrics from Statcast.
30,641927,"Ober, Bailey",R,82.86,63,85,56,3,5,16,5,19,24,108.2,82.93,21.41,0.0476,0.0794,0.0588,0.254,0.0794,0.2235,0.2824,2026-10-10,2026-10-10T11:34:57-04:00,Pitcher rolling HR/contact vulnerability metrics from Statcast.
30,641941,"Pagán, Emilio",R,90.43,23,32,21,0,2,7,2,4,12,110.8,84.18,24.75,0.0,0.087,0.0625,0.3043,0.087,0.125,0.375,2026-10-10,2026-10-10T11:34:57-04:00,Pitcher rolling HR/contact vulnerability metrics from Statcast.
30,642048,"Saucedo, Tayler",L,86.6,20,23,13,0,0,1,0,3,5,102.6,71.25,16.09,0.0,0.0,0.0,0.05,0.0,0.1304,0.2174,2026-10-10,2026-10-10T11:34:57-04:00,Pitcher rolling HR/contact vulnerability metrics from Statcast.
30,642100,"Speier, Gabe",L,93.65,24,31,24,0,2,3,2,2,12,104.8,80.39,26.03,0.0,0.0833,0.0645,0.125,0.0833,0.0645,0.3871,2026-10-10,2026-10-10T11:34:57-04:00,Pitcher rolling HR/contact vulnerability metrics from Statcast.
30,642121,"Sulser, Cole",R,88.29,27,36,28,0,1,7,1,6,11,113.7,85.87,26.81,0.0,0.037,0.0278,0.2593,0.037,0.1667,0.3056,2026-10-10,2026-10-10T11:34:57-04:00,Pitcher rolling HR/contact vulnerability metrics from Statcast.
30,642207,"Williams, Devin",R,88.75,6,13,8,0,0,1,0,1,1,103.1,76.43,26.69,0.0,0.0,0.0,0.1667,0.0,0.0769,0.0769,2026-10-10,2026-10-10T11:34:57-04:00,Pitcher rolling HR/contact vulnerability metrics from Statcast.
30,642232,"Yarbrough, Ryan",L,80.68,42,63,44,0,1,7,1,8,19,106.0,76.96,21.7,0.0,0.0238,0.0159,0.1667,0.0238,0.127,0.3016,2026-10-10,2026-10-10T11:34:57-04:00,Pitcher rolling HR/contact vulnerability metrics from Statcast.
30,642376,"Yan, Jefry",L,93.96,34,40,26,1,2,7,3,6,10,112.9,83.32,21.6,0.0294,0.0588,0.05,0.2059,0.0882,0.15,0.25,2026-10-10,2026-10-10T11:34:57-04:00,Pitcher rolling HR/contact vulnerability metrics from Statcast.
30,642397,"Soto, Gregory",L,91.71,31,35,23,0,0,4,0,3,9,104.9,79.72,16.86,0.0,0.0,0.0,0.129,0.0,0.0857,0.2571,2026-10-10,2026-10-10T11:34:57-04:00,Pitcher rolling HR/contact vulnerability metrics from Statcast.
30,642528,"Loáisiga, Jonathan",R,95.51,30,35,14,0,0,1,0,4,10,105.2,80.32,-5.2,0.0,0.0,0.0,0.0333,0.0,0.1143,0.2857,2026-10-10,2026-10-10T11:34:57-04:00,Pitcher rolling HR/contact vulnerability metrics from Statcast.
30,642547,"Peralta, Freddy",R,92.04,81,119,93,1,2,9,2,16,43,112.2,80.74,29.12,0.0123,0.0247,0.0168,0.1111,0.0247,0.1345,0.3613,2026-10-10,2026-10-10T11:34:57-04:00,Pitcher rolling HR/contact vulnerability metrics from Statcast.
30,642585,"Bautista, Félix",R,90.2,10,9,7,1,1,4,0,4,5,105.7,86.31,16.33,0.1,0.1,0.1111,0.4,0.0,0.4444,0.5556,2026-10-10,2026-10-10T11:34:57-04:00,Pitcher rolling HR/contact vulnerability metrics from Statcast.
30,642701,"Santana, Dennis",R,89.18,35,44,35,1,1,8,1,11,13,109.6,81.41,30.86,0.0286,0.0286,0.0227,0.2286,0.0286,0.25,0.2955,2026-10-10,2026-10-10T11:34:57-04:00,Pitcher rolling HR/contact vulnerability metrics from Statcast.
30,643377,"Jax, Griffin",R,91.36,54,64,31,0,0,7,1,6,15,106.0,81.67,9.86,0.0,0.0,0.0,0.1296,0.0185,0.0938,0.2344,2026-10-10,2026-10-10T11:34:57-04:00,Pitcher rolling HR/contact vulnerability metrics from Statcast.
30,643511,"Rogers, Tyler",R,79.57,21,31,13,1,1,3,1,2,9,112.9,79.96,-5.68,0.0476,0.0476,0.0323,0.1429,0.0476,0.0645,0.2903,2026-10-10,2026-10-10T11:34:57-04:00,Pitcher rolling HR/contact vulnerability metrics from Statcast.
30,645261,"Alcantara, Sandy",R,92.09,63,87,49,2,2,10,1,11,24,106.7,83.95,12.91,0.0317,0.0317,0.023,0.1587,0.0159,0.1264,0.2759,2026-10-10,2026-10-10T11:34:57-04:00,Pitcher rolling HR/contact vulnerability metrics from Statcast.
30,647336,"Soroka, Michael",R,87.76,62,84,57,3,3,15,3,12,26,107.3,81.09,19.49,0.0484,0.0484,0.0357,0.2419,0.0484,0.1429,0.3095,2026-10-10,2026-10-10T11:34:57-04:00,Pitcher rolling HR/contact vulnerability metrics from Statcast.
30,650556,"Abreu, Bryan",R,92.88,36,47,30,3,3,6,3,6,12,107.2,79.56,22.26,0.0833,0.0833,0.0638,0.1667,0.0833,0.1277,0.2553,2026-10-10,2026-10-10T11:34:57-04:00,Pitcher rolling HR/contact vulnerability metrics from Statcast.
30,650633,"King, Michael",R,90.06,124,158,98,2,3,21,5,19,39,108.1,81.79,19.34,0.0161,0.0242,0.019,0.1694,0.0403,0.1203,0.2468,2026-10-10,2026-10-10T11:34:57-04:00,Pitcher rolling HR/contact vulnerability metrics from Statcast.
30,650644,"Civale, Aaron",R,86.34,42,58,36,1,1,5,0,11,12,107.5,81.06,20.69,0.0238,0.0238,0.0172,0.119,0.0,0.1897,0.2069,2026-10-10,2026-10-10T11:34:57-04:00,Pitcher rolling HR/contact vulnerability metrics from Statcast.
30,650911,"Sánchez, Cristopher",L,91.51,110,142,77,3,8,17,7,19,38,111.3,83.51,10.21,0.0273,0.0727,0.0563,0.1545,0.0636,0.1338,0.2676,2026-10-10,2026-10-10T11:34:57-04:00,Pitcher rolling HR/contact vulnerability metrics from Statcast.
30,650960,"Duarte, Daniel",R,88.55,4,2,1,0,0,0,0,1,1,71.1,58.05,-11.0,0.0,0.0,0.0,0.0,0.0,0.5,0.5,2026-10-10,2026-10-10T11:34:57-04:00,Pitcher rolling HR/contact vulnerability metrics from Statcast.
30,655889,"Rodríguez, Manuel",R,92.21,11,9,3,0,0,1,0,0,1,96.2,83.59,0.67,0.0,0.0,0.0,0.0909,0.0,0.0,0.1111,2026-10-10,2026-10-10T11:34:57-04:00,Pitcher rolling HR/contact vulnerability metrics from Statcast.
30,656240,"Blewett, Scott",R,90.88,43,56,30,4,4,11,4,12,20,110.8,84.53,7.86,0.093,0.093,0.0714,0.2558,0.093,0.2143,0.3571,2026-10-10,2026-10-10T11:34:57-04:00,Pitcher rolling HR/contact vulnerability metrics from Statcast.
30,656271,"Burke, Brock",L,92.63,22,24,15,0,2,5,0,3,10,105.8,81.6,15.71,0.0,0.0909,0.0833,0.2273,0.0,0.125,0.4167,2026-10-10,2026-10-10T11:34:57-04:00,Pitcher rolling HR/contact vulnerability metrics from Statcast.
30,656288,"Canning, Griffin",R,91.39,35,46,27,1,1,6,2,6,19,107.6,85.61,12.2,0.0286,0.0286,0.0217,0.1714,0.0571,0.1304,0.413,2026-10-10,2026-10-10T11:34:57-04:00,Pitcher rolling HR/contact vulnerability metrics from Statcast.
30,656302,"Cease, Dylan",R,88.13,41,43,33,0,2,3,3,6,15,107.2,78.33,26.81,0.0,0.0488,0.0465,0.0732,0.0732,0.1395,0.3488,2026-10-10,2026-10-10T11:34:57-04:00,Pitcher rolling HR/contact vulnerability metrics from Statcast.
30,656427,"Flaherty, Jack",R,88.56,7,6,4,0,0,1,0,2,2,97.2,82.78,16.17,0.0,0.0,0.0,0.1429,0.0,0.3333,0.3333,2026-10-10,2026-10-10T11:34:57-04:00,Pitcher rolling HR/contact vulnerability metrics from Statcast.
30,656464,"Ginkel, Kevin",R,91.91,30,43,28,2,2,6,1,5,10,108.2,85.93,21.93,0.0667,0.0667,0.0465,0.2,0.0333,0.1163,0.2326,2026-10-10,2026-10-10T11:34:57-04:00,Pitcher rolling HR/contact vulnerability metrics from Statcast.
30,656492,"Griffin, Foster",L,86.72,58,70,43,0,1,11,2,10,21,106.5,79.01,15.14,0.0,0.0172,0.0143,0.1897,0.0345,0.1429,0.3,2026-10-10,2026-10-10T11:34:57-04:00,Pitcher rolling HR/contact vulnerability metrics from Statcast.
30,656529,"Hentges, Sam",L,92.15,19,19,14,0,0,1,0,2,9,103.8,83.42,21.26,0.0,0.0,0.0,0.0526,0.0,0.1053,0.4737,2026-10-10,2026-10-10T11:34:57-04:00,Pitcher rolling HR/contact vulnerability metrics from Statcast.
30,656546,"Hoffman, Jeff",R,89.88,24,18,10,0,0,2,0,2,5,105.3,79.31,12.83,0.0,0.0,0.0,0.0833,0.0,0.1111,0.2778,2026-10-10,2026-10-10T11:34:57-04:00,Pitcher rolling HR/contact vulnerability metrics from Statcast.
30,656550,"Holmes, Grant",R,90.47,72,85,41,4,7,16,7,22,25,110.7,89.21,5.38,0.0556,0.0972,0.0824,0.2222,0.0972,0.2588,0.2941,2026-10-10,2026-10-10T11:34:57-04:00,Pitcher rolling HR/contact vulnerability metrics from Statcast.
30,656557,"Houck, Tanner",R,89.63,13,22,13,2,2,4,2,4,7,109.3,79.71,16.77,0.1538,0.1538,0.0909,0.3077,0.1538,0.1818,0.3182,2026-10-10,2026-10-10T11:34:57-04:00,Pitcher rolling HR/contact vulnerability metrics from Statcast.
30,656638,"Lange, Alex",R,92.37,26,32,20,4,5,11,4,7,9,109.2,86.38,10.34,0.1538,0.1923,0.1562,0.4231,0.1538,0.2188,0.2812,2026-10-10,2026-10-10T11:34:57-04:00,Pitcher rolling HR/contact vulnerability metrics from Statcast.
30,656641,"Latz, Jacob",L,91.39,35,42,32,2,4,10,5,9,18,108.2,83.93,25.62,0.0571,0.1143,0.0952,0.2857,0.1429,0.2143,0.4286,2026-10-10,2026-10-10T11:34:57-04:00,Pitcher rolling HR/contact vulnerability metrics from Statcast.
30,656730,"Megill, Trevor",R,95.58,34,44,36,0,2,10,1,9,11,109.4,83.47,32.23,0.0,0.0588,0.0455,0.2941,0.0294,0.2045,0.25,2026-10-10,2026-10-10T11:34:57-04:00,Pitcher rolling HR/contact vulnerability metrics from Statcast.
30,656756,"Montgomery, Jordan",L,86.55,38,57,32,0,1,4,1,7,10,106.3,78.7,13.7,0.0,0.0263,0.0175,0.1053,0.0263,0.1228,0.1754,2026-10-10,2026-10-10T11:34:57-04:00,Pitcher rolling HR/contact vulnerability metrics from Statcast.
30,656794,"Newcomb, Sean",L,91.83,53,70,44,3,5,10,4,9,18,110.6,83.53,15.91,0.0566,0.0943,0.0714,0.1887,0.0755,0.1286,0.2571,2026-10-10,2026-10-10T11:34:57-04:00,Pitcher rolling HR/contact vulnerability metrics from Statcast.
30,656848,"Petersen, Michael",R,95.48,32,45,35,0,3,6,2,1,14,109.6,82.9,31.8,0.0,0.0938,0.0667,0.1875,0.0625,0.0222,0.3111,2026-10-10,2026-10-10T11:34:57-04:00,Pitcher rolling HR/contact vulnerability metrics from Statcast.
30,656849,"Peterson, David",L,89.71,69,95,63,1,3,11,2,9,25,107.9,81.25,19.46,0.0145,0.0435,0.0316,0.1594,0.029,0.0947,0.2632,2026-10-10,2026-10-10T11:34:57-04:00,Pitcher rolling HR/contact vulnerability metrics from Statcast.
30,656876,"Rasmussen, Drew",R,92.08,97,119,69,0,5,12,4,18,29,110.8,82.7,15.39,0.0,0.0515,0.042,0.1237,0.0412,0.1513,0.2437,2026-10-10,2026-10-10T11:34:57-04:00,Pitcher rolling HR/contact vulnerability metrics from Statcast.
30,656945,"Scott, Tanner",L,94.2,34,44,30,1,1,6,1,3,14,108.1,83.02,18.93,0.0294,0.0294,0.0227,0.1765,0.0294,0.0682,0.3182,2026-10-10,2026-10-10T11:34:57-04:00,Pitcher rolling HR/contact vulnerability metrics from Statcast.
30,656986,"Sousa, Bennett",L,88.66,37,49,32,2,2,9,3,8,13,107.9,82.48,19.76,0.0541,0.0541,0.0408,0.2432,0.0811,0.1633,0.2653,2026-10-10,2026-10-10T11:34:57-04:00,Pitcher rolling HR/contact vulnerability metrics from Statcast.
30,657097,"Webb, Jacob",R,88.32,28,34,23,1,2,4,0,6,10,110.7,85.08,25.41,0.0357,0.0714,0.0588,0.1429,0.0,0.1765,0.2941,2026-10-10,2026-10-10T11:34:57-04:00,Pitcher rolling HR/contact vulnerability metrics from Statcast.
30,657277,"Webb, Logan",R,88.53,24,33,16,1,2,3,2,5,6,111.1,78.55,9.12,0.0417,0.0833,0.0606,0.125,0.0833,0.1515,0.1818,2026-10-10,2026-10-10T11:34:57-04:00,Pitcher rolling HR/contact vulnerability metrics from Statcast.
30,657376,"Schmidt, Clarke",R,88.3,4,6,4,0,0,0,0,0,2,88.5,70.92,12.83,0.0,0.0,0.0,0.0,0.0,0.0,0.3333,2026-10-10,2026-10-10T11:34:57-04:00,Pitcher rolling HR/contact vulnerability metrics from Statcast.
30,657514,"Bernardino, Brennan",L,85.41,27,27,17,0,1,3,1,3,9,103.6,84.97,16.15,0.0,0.037,0.037,0.1111,0.037,0.1111,0.3333,2026-10-10,2026-10-10T11:34:57-04:00,Pitcher rolling HR/contact vulnerability metrics from Statcast.
30,657612,"Hill, Tim",L,86.58,21,28,10,2,2,4,2,4,5,106.7,81.56,-3.93,0.0952,0.0952,0.0714,0.1905,0.0952,0.1429,0.1786,2026-10-10,2026-10-10T11:34:57-04:00,Pitcher rolling HR/contact vulnerability metrics from Statcast.
30,657746,"Ryan, Joe",R,87.45,72,93,56,3,3,15,5,14,29,116.8,82.86,17.77,0.0417,0.0417,0.0323,0.2083,0.0694,0.1505,0.3118,2026-10-10,2026-10-10T11:34:57-04:00,Pitcher rolling HR/contact vulnerability metrics from Statcast.
30,660787,"De los Santos, Yerry",R,91.06,10,12,8,2,2,4,2,5,5,112.8,87.75,16.42,0.2,0.2,0.1667,0.4,0.2,0.4167,0.4167,2026-10-10,2026-10-10T11:34:57-04:00,Pitcher rolling HR/contact vulnerability metrics from Statcast.
30,660825,"Bazardo, Eduard",R,92.97,22,24,18,2,2,7,3,7,10,108.6,87.82,21.83,0.0909,0.0909,0.0833,0.3182,0.1364,0.2917,0.4167,2026-10-10,2026-10-10T11:34:57-04:00,Pitcher rolling HR/contact vulnerability metrics from Statcast.
30,660853,"De Los Santos, Enyel",R,89.65,22,28,24,3,2,6,2,4,6,105.8,83.44,33.07,0.1364,0.0909,0.0714,0.2727,0.0909,0.1429,0.2143,2026-10-10,2026-10-10T11:34:57-04:00,Pitcher rolling HR/contact vulnerability metrics from Statcast.
30,661395,"Duran, Jhoan",R,97.34,34,47,32,2,3,7,2,6,12,106.0,83.28,16.57,0.0588,0.0882,0.0638,0.2059,0.0588,0.1277,0.2553,2026-10-10,2026-10-10T11:34:57-04:00,Pitcher rolling HR/contact vulnerability metrics from Statcast.
30,661563,"Gil, Luis",R,92.22,29,42,36,0,0,8,1,11,11,107.4,82.08,39.17,0.0,0.0,0.0,0.2759,0.0345,0.2619,0.2619,2026-10-10,2026-10-10T11:34:57-04:00,Pitcher rolling HR/contact vulnerability metrics from Statcast.
30,662253,"Muñoz, Andrés",R,96.35,19,27,15,2,1,2,0,2,2,108.2,83.62,12.63,0.1053,0.0526,0.037,0.1053,0.0,0.0741,0.0741,2026-10-10,2026-10-10T11:34:57-04:00,Pitcher rolling HR/contact vulnerability metrics from Statcast.
30,663158,"Suarez, Robert",R,96.58,17,29,23,0,0,3,0,6,7,107.3,82.04,24.1,0.0,0.0,0.0,0.1765,0.0,0.2069,0.2414,2026-10-10,2026-10-10T11:34:57-04:00,Pitcher rolling HR/contact vulnerability metrics from Statcast.
30,663372,"Feltner, Ryan",R,89.05,70,102,65,1,3,18,2,13,27,110.9,84.19,21.84,0.0143,0.0429,0.0294,0.2571,0.0286,0.1275,0.2647,2026-10-10,2026-10-10T11:34:57-04:00,Pitcher rolling HR/contact vulnerability metrics from Statcast.
30,663423,"Thornton, Trent",R,92.31,4,4,2,0,0,2,1,2,1,101.3,94.47,21.5,0.0,0.0,0.0,0.5,0.25,0.5,0.25,2026-10-10,2026-10-10T11:34:57-04:00,Pitcher rolling HR/contact vulnerability metrics from Statcast.
30,663436,"Martin, Davis",R,89.35,51,61,27,1,2,7,1,8,11,108.0,84.97,5.26,0.0196,0.0392,0.0328,0.1373,0.0196,0.1311,0.1803,2026-10-10,2026-10-10T11:34:57-04:00,Pitcher rolling HR/contact vulnerability metrics from Statcast.
30,663460,"Bubic, Kris",L,90.12,23,38,22,0,0,2,1,0,6,109.8,81.75,18.39,0.0,0.0,0.0,0.087,0.0435,0.0,0.1579,2026-10-10,2026-10-10T11:34:57-04:00,Pitcher rolling HR/contact vulnerability metrics from Statcast.
30,663542,"Hudson, Bryan",L,85.7,38,52,29,1,3,10,2,7,21,115.8,84.09,9.54,0.0263,0.0789,0.0577,0.2632,0.0526,0.1346,0.4038,2026-10-10,2026-10-10T11:34:57-04:00,Pitcher rolling HR/contact vulnerability metrics from Statcast.
30,663554,"Mize, Casey",R,89.1,64,72,43,4,4,14,5,17,22,108.8,83.73,15.69,0.0625,0.0625,0.0556,0.2188,0.0781,0.2361,0.3056,2026-10-10,2026-10-10T11:34:57-04:00,Pitcher rolling HR/contact vulnerability metrics from Statcast.
30,663558,"Morán, Jovani",L,88.82,20,23,14,0,1,1,1,3,5,101.9,74.49,19.0,0.0,0.05,0.0435,0.05,0.05,0.1304,0.2174,2026-10-10,2026-10-10T11:34:57-04:00,Pitcher rolling HR/contact vulnerability metrics from Statcast.
30,663559,"Falter, Bailey",L,89.34,6,8,4,0,0,2,1,2,2,105.4,87.19,4.75,0.0,0.0,0.0,0.3333,0.1667,0.25,0.25,2026-10-10,2026-10-10T11:34:57-04:00,Pitcher rolling HR/contact vulnerability metrics from Statcast.
30,663567,"Lambert, Peter",R,89.45,80,119,85,3,4,19,4,20,41,110.5,79.98,20.68,0.0375,0.05,0.0336,0.2375,0.05,0.1681,0.3445,2026-10-10,2026-10-10T11:34:57-04:00,Pitcher rolling HR/contact vulnerability metrics from Statcast.
30,663574,"Santillan, Tony",R,89.93,13,15,12,0,1,3,0,2,3,99.8,82.77,29.53,0.0,0.0769,0.0667,0.2308,0.0,0.1333,0.2,2026-10-10,2026-10-10T11:34:57-04:00,Pitcher rolling HR/contact vulnerability metrics from Statcast.
30,663623,"Irvin, Jake",R,89.11,64,90,61,5,5,11,5,13,30,110.0,81.96,21.71,0.0781,0.0781,0.0556,0.1719,0.0781,0.1444,0.3333,2026-10-10,2026-10-10T11:34:57-04:00,Pitcher rolling HR/contact vulnerability metrics from Statcast.
30,663687,"Harris, Hogan",L,89.77,26,39,24,1,2,5,1,3,13,106.2,82.52,13.87,0.0385,0.0769,0.0513,0.1923,0.0385,0.0769,0.3333,2026-10-10,2026-10-10T11:34:57-04:00,Pitcher rolling HR/contact vulnerability metrics from Statcast.
30,663738,"Lynch IV, Daniel",L,89.29,62,83,44,5,6,11,6,15,16,112.0,82.97,13.6,0.0806,0.0968,0.0723,0.1774,0.0968,0.1807,0.1928,2026-10-10,2026-10-10T11:34:57-04:00,Pitcher rolling HR/contact vulnerability metrics from Statcast.
30,663765,"Woodford, Jake",R,89.45,8,6,3,1,1,2,1,2,2,110.1,86.87,9.5,0.125,0.125,0.1667,0.25,0.125,0.3333,0.3333,2026-10-10,2026-10-10T11:34:57-04:00,Pitcher rolling HR/contact vulnerability metrics from Statcast.
30,663767,"Shugart, Chase",R,90.89,29,37,26,0,1,4,1,6,8,103.2,81.81,25.16,0.0,0.0345,0.027,0.1379,0.0345,0.1622,0.2162,2026-10-10,2026-10-10T11:34:57-04:00,Pitcher rolling HR/contact vulnerability metrics from Statcast.
30,663776,"Sandoval, Patrick",L,87.6,68,106,72,1,3,11,3,16,36,106.3,78.92,21.44,0.0147,0.0441,0.0283,0.1618,0.0441,0.1509,0.3396,2026-10-10,2026-10-10T11:34:57-04:00,Pitcher rolling HR/contact vulnerability metrics from Statcast.
30,663795,"Hagenman, Justin",R,87.05,17,31,18,1,1,5,1,5,7,116.2,81.64,16.13,0.0588,0.0588,0.0323,0.2941,0.0588,0.1613,0.2258,2026-10-10,2026-10-10T11:34:57-04:00,Pitcher rolling HR/contact vulnerability metrics from Statcast.
30,663855,"Hicks, Jordan",R,95.76,37,50,40,1,1,3,2,4,15,106.5,80.55,29.86,0.027,0.027,0.02,0.0811,0.0541,0.08,0.3,2026-10-10,2026-10-10T11:34:57-04:00,Pitcher rolling HR/contact vulnerability metrics from Statcast.
30,663878,"Pearson, Nate",R,94.04,38,39,24,1,3,5,2,7,14,110.7,84.88,14.69,0.0263,0.0789,0.0769,0.1316,0.0526,0.1795,0.359,2026-10-10,2026-10-10T11:34:57-04:00,Pitcher rolling HR/contact vulnerability metrics from Statcast.
30,663893,"Little, Brendon",L,91.28,21,16,7,0,0,0,0,2,4,98.6,85.63,1.88,0.0,0.0,0.0,0.0,0.0,0.125,0.25,2026-10-10,2026-10-10T11:34:57-04:00,Pitcher rolling HR/contact vulnerability metrics from Statcast.
30,663903,"Singer, Brady",R,86.79,67,80,53,5,11,21,8,15,30,110.3,83.13,13.61,0.0746,0.1642,0.1375,0.3134,0.1194,0.1875,0.375,2026-10-10,2026-10-10T11:34:57-04:00,Pitcher rolling HR/contact vulnerability metrics from Statcast.
30,663941,"Beck, Tristan",R,90.96,19,26,15,0,1,3,1,3,9,105.2,81.06,11.27,0.0,0.0526,0.0385,0.1579,0.0526,0.1154,0.3462,2026-10-10,2026-10-10T11:34:57-04:00,Pitcher rolling HR/contact vulnerability metrics from Statcast.
30,663947,"Holton, Tyler",L,87.45,14,19,11,0,0,3,0,1,5,106.9,79.34,12.32,0.0,0.0,0.0,0.2143,0.0,0.0526,0.2632,2026-10-10,2026-10-10T11:34:57-04:00,Pitcher rolling HR/contact vulnerability metrics from Statcast.
30,663969,"Phillips, Tyler",R,88.31,47,49,25,2,3,6,2,5,15,111.5,84.12,9.63,0.0426,0.0638,0.0612,0.1277,0.0426,0.102,0.3061,2026-10-10,2026-10-10T11:34:57-04:00,Pitcher rolling HR/contact vulnerability metrics from Statcast.
30,663992,"Lovelady, Richard",L,86.2,26,39,26,1,1,1,1,7,14,102.5,77.99,16.49,0.0385,0.0385,0.0256,0.0385,0.0385,0.1795,0.359,2026-10-10,2026-10-10T11:34:57-04:00,Pitcher rolling HR/contact vulnerability metrics from Statcast.
30,664062,"Gonsolin, Tony",R,88.51,15,16,8,1,1,4,1,1,3,110.4,79.46,0.88,0.0667,0.0667,0.0625,0.2667,0.0667,0.0625,0.1875,2026-10-10,2026-10-10T11:34:57-04:00,Pitcher rolling HR/contact vulnerability metrics from Statcast.
30,664126,"Fairbanks, Pete",R,88.95,6,6,4,0,0,0,0,2,2,103.0,86.65,17.17,0.0,0.0,0.0,0.0,0.0,0.3333,0.3333,2026-10-10,2026-10-10T11:34:57-04:00,Pitcher rolling HR/contact vulnerability metrics from Statcast.
30,664129,"Hartlieb, Geoff",R,90.41,36,39,22,0,1,7,2,5,14,110.8,85.3,9.08,0.0,0.0278,0.0256,0.1944,0.0556,0.1282,0.359,2026-10-10,2026-10-10T11:34:57-04:00,Pitcher rolling HR/contact vulnerability metrics from Statcast.
30,664199,"Clarke, Taylor",R,92.35,37,51,35,1,3,11,3,13,20,109.0,87.08,16.2,0.027,0.0811,0.0588,0.2973,0.0811,0.2549,0.3922,2026-10-10,2026-10-10T11:34:57-04:00,Pitcher rolling HR/contact vulnerability metrics from Statcast.
30,664285,"Valdez, Framber",L,85.97,70,81,37,1,1,7,1,9,13,110.2,81.54,6.79,0.0143,0.0143,0.0123,0.1,0.0143,0.1111,0.1605,2026-10-10,2026-10-10T11:34:57-04:00,Pitcher rolling HR/contact vulnerability metrics from Statcast.
30,664299,"Javier, Cristian",R,87.8,53,72,57,1,3,11,2,18,25,107.4,80.1,23.76,0.0189,0.0566,0.0417,0.2075,0.0377,0.25,0.3472,2026-10-10,2026-10-10T11:34:57-04:00,Pitcher rolling HR/contact vulnerability metrics from Statcast.
30,664353,"Urquidy, José",R,86.44,33,45,31,0,1,8,1,7,14,108.9,83.51,23.69,0.0,0.0303,0.0222,0.2424,0.0303,0.1556,0.3111,2026-10-10,2026-10-10T11:34:57-04:00,Pitcher rolling HR/contact vulnerability metrics from Statcast.
30,664991,"Wolfram, Grant",L,91.71,24,32,19,0,1,3,1,1,11,108.0,81.37,15.78,0.0,0.0417,0.0312,0.125,0.0417,0.0312,0.3438,2026-10-10,2026-10-10T11:34:57-04:00,Pitcher rolling HR/contact vulnerability metrics from Statcast.
30,665152,"Kremer, Dean",R,87.08,64,87,64,2,3,13,4,12,22,109.1,79.93,28.15,0.0312,0.0469,0.0345,0.2031,0.0625,0.1379,0.2529,2026-10-10,2026-10-10T11:34:57-04:00,Pitcher rolling HR/contact vulnerability metrics from Statcast.
30,665622,"Medina, Luis",R,92.07,28,22,16,0,1,4,0,7,7,108.2,85.84,19.0,0.0,0.0357,0.0455,0.1429,0.0,0.3182,0.3182,2026-10-10,2026-10-10T11:34:57-04:00,Pitcher rolling HR/contact vulnerability metrics from Statcast.
30,665660,"Alvarado, Elvis",R,95.81,30,34,26,2,1,5,1,9,8,107.6,85.23,27.65,0.0667,0.0333,0.0294,0.1667,0.0333,0.2647,0.2353,2026-10-10,2026-10-10T11:34:57-04:00,Pitcher rolling HR/contact vulnerability metrics from Statcast.
30,665665,"Sanmartin, Reiver",L,88.32,5,5,2,0,0,1,0,0,1,104.0,88.94,-0.8,0.0,0.0,0.0,0.2,0.0,0.0,0.2,2026-10-10,2026-10-10T11:34:57-04:00,Pitcher rolling HR/contact vulnerability metrics from Statcast.
30,665795,"Cabrera, Edward",R,94.4,21,23,11,1,1,2,1,2,5,107.6,79.12,4.96,0.0476,0.0476,0.0435,0.0952,0.0476,0.087,0.2174,2026-10-10,2026-10-10T11:34:57-04:00,Pitcher rolling HR/contact vulnerability metrics from Statcast.
30,665871,"Assad, Javier",R,90.89,32,43,25,1,1,4,2,3,9,110.9,79.48,16.56,0.0312,0.0312,0.0233,0.125,0.0625,0.0698,0.2093,2026-10-10,2026-10-10T11:34:57-04:00,Pitcher rolling HR/contact vulnerability metrics from Statcast.
30,666126,"Cortes, Carlos",L,73.67,8,8,4,0,0,2,1,0,2,100.0,84.03,10.62,0.0,0.0,0.0,0.25,0.125,0.0,0.25,2026-10-10,2026-10-10T11:34:57-04:00,Pitcher rolling HR/contact vulnerability metrics from Statcast.
30,666129,"Garrett, Braxton",L,86.6,21,21,13,0,0,2,0,5,7,102.0,82.12,17.38,0.0,0.0,0.0,0.0952,0.0,0.2381,0.3333,2026-10-10,2026-10-10T11:34:57-04:00,Pitcher rolling HR/contact vulnerability metrics from Statcast.
30,666157,"Lodolo, Nick",L,89.36,80,97,59,3,3,14,3,14,33,109.7,82.68,12.59,0.0375,0.0375,0.0309,0.175,0.0375,0.1443,0.3402,2026-10-10,2026-10-10T11:34:57-04:00,Pitcher rolling HR/contact vulnerability metrics from Statcast.
30,666171,"Zeferjahn, Ryan",R,90.79,27,43,22,0,0,2,1,2,9,104.8,79.5,14.28,0.0,0.0,0.0,0.0741,0.037,0.0465,0.2093,2026-10-10,2026-10-10T11:34:57-04:00,Pitcher rolling HR/contact vulnerability metrics from Statcast.
30,666200,"Luzardo, Jesús",L,91.56,24,25,12,0,0,1,1,3,9,101.5,78.68,-1.84,0.0,0.0,0.0,0.0417,0.0417,0.12,0.36,2026-10-10,2026-10-10T11:34:57-04:00,Pitcher rolling HR/contact vulnerability metrics from Statcast.
30,666277,"Soriano, George",R,91.11,18,24,15,0,0,0,0,1,4,101.5,79.88,20.5,0.0,0.0,0.0,0.0,0.0,0.0417,0.1667,2026-10-10,2026-10-10T11:34:57-04:00,Pitcher rolling HR/contact vulnerability metrics from Statcast.
30,666661,"Morillo, Juan",R,96.9,27,31,15,0,0,3,0,3,8,110.0,80.22,4.68,0.0,0.0,0.0,0.1111,0.0,0.0968,0.2581,2026-10-10,2026-10-10T11:34:57-04:00,Pitcher rolling HR/contact vulnerability metrics from Statcast.
30,666808,"Doval, Camilo",R,93.92,22,20,12,0,2,5,1,3,8,107.6,90.47,8.15,0.0,0.0909,0.1,0.2273,0.0455,0.15,0.4,2026-10-10,2026-10-10T11:34:57-04:00,Pitcher rolling HR/contact vulnerability metrics from Statcast.
30,666974,"Cano, Yennier",R,92.45,17,19,9,0,0,1,0,1,6,103.4,85.37,4.47,0.0,0.0,0.0,0.0588,0.0,0.0526,0.3158,2026-10-10,2026-10-10T11:34:57-04:00,Pitcher rolling HR/contact vulnerability metrics from Statcast.
30,667297,"Nance, Tommy",R,89.58,24,19,13,1,2,6,1,6,7,106.0,86.85,14.68,0.0417,0.0833,0.1053,0.25,0.0417,0.3158,0.3684,2026-10-10,2026-10-10T11:34:57-04:00,Pitcher rolling HR/contact vulnerability metrics from Statcast.
30,667652,"Ralston, Jack",R,87.01,38,49,39,4,6,10,6,9,18,108.4,80.19,27.0,0.1053,0.1579,0.1224,0.2632,0.1579,0.1837,0.3673,2026-10-10,2026-10-10T11:34:57-04:00,Pitcher rolling HR/contact vulnerability metrics from Statcast.
30,667755,"Soriano, José",R,92.14,64,70,31,2,3,9,4,10,15,111.7,81.03,2.1,0.0312,0.0469,0.0429,0.1406,0.0625,0.1429,0.2143,2026-10-10,2026-10-10T11:34:57-04:00,Pitcher rolling HR/contact vulnerability metrics from Statcast.
30,668674,"Erceg, Lucas",R,94.87,20,25,13,0,0,0,0,0,4,101.4,76.36,13.56,0.0,0.0,0.0,0.0,0.0,0.0,0.16,2026-10-10,2026-10-10T11:34:57-04:00,Pitcher rolling HR/contact vulnerability metrics from Statcast.
30,668678,"Gallen, Zac",R,88.49,17,26,16,0,0,3,0,4,6,99.2,81.99,14.62,0.0,0.0,0.0,0.1765,0.0,0.1538,0.2308,2026-10-10,2026-10-10T11:34:57-04:00,Pitcher rolling HR/contact vulnerability metrics from Statcast.
30,668831,"Stallings, Garrett",R,86.25,21,17,11,0,0,3,0,3,3,100.6,82.34,24.24,0.0,0.0,0.0,0.1429,0.0,0.1765,0.1765,2026-10-10,2026-10-10T11:34:57-04:00,Pitcher rolling HR/contact vulnerability metrics from Statcast.
30,668834,"McGee, Easton",R,85.22,5,8,5,0,0,2,0,4,3,96.9,82.54,2.25,0.0,0.0,0.0,0.4,0.0,0.5,0.375,2026-10-10,2026-10-10T11:34:57-04:00,Pitcher rolling HR/contact vulnerability metrics from Statcast.
30,668909,"Williams, Gavin",R,91.67,91,106,63,1,3,11,2,11,32,108.2,81.54,13.13,0.011,0.033,0.0283,0.1209,0.022,0.1038,0.3019,2026-10-10,2026-10-10T11:34:57-04:00,Pitcher rolling HR/contact vulnerability metrics from Statcast.
30,668933,"Ashcraft, Graham",R,94.52,32,40,22,0,1,3,3,2,13,112.5,79.63,14.07,0.0,0.0312,0.025,0.0938,0.0938,0.05,0.325,2026-10-10,2026-10-10T11:34:57-04:00,Pitcher rolling HR/contact vulnerability metrics from Statcast.
30,668941,"Romero, JoJo",L,88.14,37,46,23,2,2,4,1,4,13,107.6,80.04,6.59,0.0541,0.0541,0.0435,0.1081,0.027,0.087,0.2826,2026-10-10,2026-10-10T11:34:57-04:00,Pitcher rolling HR/contact vulnerability metrics from Statcast.
30,668964,"Myers, Tobias",R,84.81,25,28,21,0,0,3,0,9,9,109.1,82.83,26.5,0.0,0.0,0.0,0.12,0.0,0.3214,0.3214,2026-10-10,2026-10-10T11:34:57-04:00,Pitcher rolling HR/contact vulnerability metrics from Statcast.
30,668970,"Hollowell, Gavin",R,87.82,2,1,0,0,0,0,0,0,0,99.8,99.8,5.0,0.0,0.0,0.0,0.0,0.0,0.0,0.0,2026-10-10,2026-10-10T11:34:57-04:00,Pitcher rolling HR/contact vulnerability metrics from Statcast.
30,668984,"Legumina, Casey",R,90.12,30,39,26,3,2,9,2,6,9,110.1,82.69,17.9,0.1,0.0667,0.0513,0.3,0.0667,0.1538,0.2308,2026-10-10,2026-10-10T11:34:57-04:00,Pitcher rolling HR/contact vulnerability metrics from Statcast.
30,669020,"Rolison, Ryan",L,90.45,31,48,30,0,1,6,1,5,16,107.1,77.84,14.38,0.0,0.0323,0.0208,0.1935,0.0323,0.1042,0.3333,2026-10-10,2026-10-10T11:34:57-04:00,Pitcher rolling HR/contact vulnerability metrics from Statcast.
30,669022,"Gore, MacKenzie",L,89.5,66,91,55,1,7,17,7,20,26,112.3,85.49,14.27,0.0152,0.1061,0.0769,0.2576,0.1061,0.2198,0.2857,2026-10-10,2026-10-10T11:34:57-04:00,Pitcher rolling HR/contact vulnerability metrics from Statcast.
30,669060,"Wilson, Bryse",R,91.65,6,9,7,2,2,2,2,3,6,109.6,87.93,17.67,0.3333,0.3333,0.2222,0.3333,0.3333,0.3333,0.6667,2026-10-10,2026-10-10T11:34:57-04:00,Pitcher rolling HR/contact vulnerability metrics from Statcast.
30,669062,"Miller, Erik",L,92.18,37,36,24,1,2,5,1,6,15,108.0,83.31,11.36,0.027,0.0541,0.0556,0.1351,0.027,0.1667,0.4167,2026-10-10,2026-10-10T11:34:57-04:00,Pitcher rolling HR/contact vulnerability metrics from Statcast.
30,669084,"Hall, DL",L,91.08,53,58,36,1,4,7,3,10,16,108.0,83.25,12.4,0.0189,0.0755,0.069,0.1321,0.0566,0.1724,0.2759,2026-10-10,2026-10-10T11:34:57-04:00,Pitcher rolling HR/contact vulnerability metrics from Statcast.
30,669160,"May, Dustin",R,93.66,73,100,64,3,6,12,6,11,27,112.3,83.16,17.87,0.0411,0.0822,0.06,0.1644,0.0822,0.11,0.27,2026-10-10,2026-10-10T11:34:57-04:00,Pitcher rolling HR/contact vulnerability metrics from Statcast.
30,669165,"Hurt, Kyle",R,92.2,7,7,4,0,0,1,0,1,1,99.4,87.57,10.14,0.0,0.0,0.0,0.1429,0.0,0.1429,0.1429,2026-10-10,2026-10-10T11:34:57-04:00,Pitcher rolling HR/contact vulnerability metrics from Statcast.
30,669194,"Nelson, Ryne",R,93.91,19,29,16,0,1,3,1,4,8,108.1,85.05,12.83,0.0,0.0526,0.0345,0.1579,0.0526,0.1379,0.2759,2026-10-10,2026-10-10T11:34:57-04:00,Pitcher rolling HR/contact vulnerability metrics from Statcast.
30,669199,"Bachar, Lake",R,90.39,33,43,28,0,0,2,0,3,11,103.8,78.75,22.05,0.0,0.0,0.0,0.0606,0.0,0.0698,0.2558,2026-10-10,2026-10-10T11:34:57-04:00,Pitcher rolling HR/contact vulnerability metrics from Statcast.
30,669203,"Burnes, Corbin",R,87.37,34,43,30,5,5,13,5,11,16,113.2,86.5,20.47,0.1471,0.1471,0.1163,0.3824,0.1471,0.2558,0.3721,2026-10-10,2026-10-10T11:34:57-04:00,Pitcher rolling HR/contact vulnerability metrics from Statcast.
30,669270,"Kuhnel, Joel",R,93.12,32,36,21,1,3,8,3,6,14,112.0,84.29,10.58,0.0312,0.0938,0.0833,0.25,0.0938,0.1667,0.3889,2026-10-10,2026-10-10T11:34:57-04:00,Pitcher rolling HR/contact vulnerability metrics from Statcast.
30,669276,"Lee, Dylan",L,87.74,40,52,35,2,4,10,4,15,13,111.7,83.03,20.08,0.05,0.1,0.0769,0.25,0.1,0.2885,0.25,2026-10-10,2026-10-10T11:34:57-04:00,Pitcher rolling HR/contact vulnerability metrics from Statcast.
30,669302,"Gilbert, Logan",R,89.52,91,99,59,3,4,12,3,10,29,110.9,80.43,16.39,0.033,0.044,0.0404,0.1319,0.033,0.101,0.2929,2026-10-10,2026-10-10T11:34:57-04:00,Pitcher rolling HR/contact vulnerability metrics from Statcast.
30,669310,"Van Eyk, CJ",R,87.07,20,36,21,1,4,7,5,7,11,112.3,83.02,9.22,0.05,0.2,0.1111,0.35,0.25,0.1944,0.3056,2026-10-10,2026-10-10T11:34:57-04:00,Pitcher rolling HR/contact vulnerability metrics from Statcast.
30,669330,"Wells, Tyler",R,89.45,7,6,6,0,0,1,0,2,3,99.1,82.73,43.17,0.0,0.0,0.0,0.1429,0.0,0.3333,0.5,2026-10-10,2026-10-10T11:34:57-04:00,Pitcher rolling HR/contact vulnerability metrics from Statcast.
30,669358,"Baz, Shane",R,89.21,48,63,39,1,3,8,3,11,17,108.2,83.45,13.7,0.0208,0.0625,0.0476,0.1667,0.0625,0.1746,0.2698,2026-10-10,2026-10-10T11:34:57-04:00,Pitcher rolling HR/contact vulnerability metrics from Statcast.
30,669373,"Skubal, Tarik",L,93.23,94,111,73,2,3,12,5,11,38,107.0,81.96,18.96,0.0213,0.0319,0.027,0.1277,0.0532,0.0991,0.3423,2026-10-10,2026-10-10T11:34:57-04:00,Pitcher rolling HR/contact vulnerability metrics from Statcast.
30,669387,"Mlodzinski, Carmen",R,89.47,41,47,23,1,1,4,1,2,7,108.6,83.68,9.7,0.0244,0.0244,0.0213,0.0976,0.0244,0.0426,0.1489,2026-10-10,2026-10-10T11:34:57-04:00,Pitcher rolling HR/contact vulnerability metrics from Statcast.
30,669432,"Rogers, Trevor",L,89.68,70,87,64,3,4,9,5,12,26,108.3,81.23,23.1,0.0429,0.0571,0.046,0.1286,0.0714,0.1379,0.2989,2026-10-10,2026-10-10T11:34:57-04:00,Pitcher rolling HR/contact vulnerability metrics from Statcast.
30,669438,"Englert, Mason",R,84.36,22,32,18,4,4,8,2,4,6,109.1,84.73,16.78,0.1818,0.1818,0.125,0.3636,0.0909,0.125,0.1875,2026-10-10,2026-10-10T11:34:57-04:00,Pitcher rolling HR/contact vulnerability metrics from Statcast.
30,669461,"Liberatore, Matthew",L,86.72,67,77,49,3,5,19,4,19,25,109.4,86.09,17.42,0.0448,0.0746,0.0649,0.2836,0.0597,0.2468,0.3247,2026-10-10,2026-10-10T11:34:57-04:00,Pitcher rolling HR/contact vulnerability metrics from Statcast.
30,669467,"Pallante, Andre",R,90.58,77,95,42,2,3,10,3,10,25,112.7,83.18,4.39,0.026,0.039,0.0316,0.1299,0.039,0.1053,0.2632,2026-10-10,2026-10-10T11:34:57-04:00,Pitcher rolling HR/contact vulnerability metrics from Statcast.
30,669620,"Basso, Brady",L,87.94,38,56,38,1,1,10,1,10,17,111.1,84.04,24.79,0.0263,0.0263,0.0179,0.2632,0.0263,0.1786,0.3036,2026-10-10,2026-10-10T11:34:57-04:00,Pitcher rolling HR/contact vulnerability metrics from Statcast.
30,669684,"Murphy, Chris",L,88.87,16,25,22,2,2,5,1,6,7,110.1,82.55,29.12,0.125,0.125,0.08,0.3125,0.0625,0.24,0.28,2026-10-10,2026-10-10T11:34:57-04:00,Pitcher rolling HR/contact vulnerability metrics from Statcast.
30,669711,"Weissert, Greg",R,91.53,29,38,27,0,0,5,0,6,10,101.4,83.55,26.5,0.0,0.0,0.0,0.1724,0.0,0.1579,0.2632,2026-10-10,2026-10-10T11:34:57-04:00,Pitcher rolling HR/contact vulnerability metrics from Statcast.
30,669713,"Wesneski, Hayden",R,88.94,66,82,46,1,1,13,2,12,23,115.8,83.84,10.46,0.0152,0.0152,0.0122,0.197,0.0303,0.1463,0.2805,2026-10-10,2026-10-10T11:34:57-04:00,Pitcher rolling HR/contact vulnerability metrics from Statcast.
30,669854,"Blanco, Ronel",R,88.05,25,29,22,2,1,4,2,7,11,111.5,83.6,26.97,0.08,0.04,0.0345,0.16,0.08,0.2414,0.3793,2026-10-10,2026-10-10T11:34:57-04:00,Pitcher rolling HR/contact vulnerability metrics from Statcast.
30,669923,"Kirby, George",R,92.84,74,87,55,2,2,15,1,14,33,109.0,82.79,13.45,0.027,0.027,0.023,0.2027,0.0135,0.1609,0.3793,2026-10-10,2026-10-10T11:34:57-04:00,Pitcher rolling HR/contact vulnerability metrics from Statcast.
30,669947,"Scholtens, Jesse",R,87.85,13,21,13,2,1,6,2,3,5,117.1,87.99,14.57,0.1538,0.0769,0.0476,0.4615,0.1538,0.1429,0.2381,2026-10-10,2026-10-10T11:34:57-04:00,Pitcher rolling HR/contact vulnerability metrics from Statcast.
30,670036,"Festa, Matt",R,89.6,17,35,25,1,1,1,1,3,7,107.3,82.68,27.14,0.0588,0.0588,0.0286,0.0588,0.0588,0.0857,0.2,2026-10-10,2026-10-10T11:34:57-04:00,Pitcher rolling HR/contact vulnerability metrics from Statcast.
30,670062,"Garcia, Julian",R,87.42,18,19,11,0,0,3,0,4,7,102.4,81.88,11.68,0.0,0.0,0.0,0.1667,0.0,0.2105,0.3684,2026-10-10,2026-10-10T11:34:57-04:00,Pitcher rolling HR/contact vulnerability metrics from Statcast.
30,670103,"Burgos, Raymond",L,84.39,19,27,15,0,0,2,0,5,6,107.9,80.24,17.48,0.0,0.0,0.0,0.1053,0.0,0.1852,0.2222,2026-10-10,2026-10-10T11:34:57-04:00,Pitcher rolling HR/contact vulnerability metrics from Statcast.
30,670167,"Schreiber, John",R,90.8,35,41,24,0,0,6,0,8,9,105.4,85.11,14.41,0.0,0.0,0.0,0.1714,0.0,0.1951,0.2195,2026-10-10,2026-10-10T11:34:57-04:00,Pitcher rolling HR/contact vulnerability metrics from Statcast.
30,670245,"Watson, Ryan",R,86.37,20,19,12,0,0,2,0,3,9,98.7,81.98,16.47,0.0,0.0,0.0,0.1,0.0,0.1579,0.4737,2026-10-10,2026-10-10T11:34:57-04:00,Pitcher rolling HR/contact vulnerability metrics from Statcast.
30,670280,"Bednar, David",R,90.87,42,50,28,1,2,6,1,10,12,109.9,81.83,11.82,0.0238,0.0476,0.04,0.1429,0.0238,0.2,0.24,2026-10-10,2026-10-10T11:34:57-04:00,Pitcher rolling HR/contact vulnerability metrics from Statcast.
30,670329,"Garcia, Rico",R,89.76,19,25,15,0,0,2,1,5,5,111.7,82.78,19.52,0.0,0.0,0.0,0.1053,0.0526,0.2,0.2,2026-10-10,2026-10-10T11:34:57-04:00,Pitcher rolling HR/contact vulnerability metrics from Statcast.
30,670950,"Richards, Trevor",R,87.68,56,85,62,2,7,15,6,17,28,115.4,83.95,22.59,0.0357,0.125,0.0824,0.2679,0.1071,0.2,0.3294,2026-10-10,2026-10-10T11:34:57-04:00,Pitcher rolling HR/contact vulnerability metrics from Statcast.
30,670970,"Morejon, Adrian",L,96.84,45,46,31,1,2,10,1,3,14,106.7,83.96,17.02,0.0222,0.0444,0.0435,0.2222,0.0222,0.0652,0.3043,2026-10-10,2026-10-10T11:34:57-04:00,Pitcher rolling HR/contact vulnerability metrics from Statcast.
30,670990,"Ramírez, Yohan",R,88.21,27,28,13,0,0,4,0,2,7,113.8,81.22,6.79,0.0,0.0,0.0,0.1481,0.0,0.0714,0.25,2026-10-10,2026-10-10T11:34:57-04:00,Pitcher rolling HR/contact vulnerability metrics from Statcast.
30,671096,"Abbott, Andrew",L,87.79,65,73,55,4,4,15,5,13,20,110.9,83.23,24.04,0.0615,0.0615,0.0548,0.2308,0.0769,0.1781,0.274,2026-10-10,2026-10-10T11:34:57-04:00,Pitcher rolling HR/contact vulnerability metrics from Statcast.
30,671111,"Peralta, Sammy",L,83.69,52,70,44,1,0,12,0,16,25,108.1,81.41,15.5,0.0192,0.0,0.0,0.2308,0.0,0.2286,0.3571,2026-10-10,2026-10-10T11:34:57-04:00,Pitcher rolling HR/contact vulnerability metrics from Statcast.
30,671162,"Thomas, Connor",L,88.4,39,56,26,0,1,6,0,2,10,102.8,83.26,4.48,0.0,0.0256,0.0179,0.1538,0.0,0.0357,0.1786,2026-10-10,2026-10-10T11:34:57-04:00,Pitcher rolling HR/contact vulnerability metrics from Statcast.
30,671345,"Foley, Jason",R,91.3,30,45,21,1,2,7,1,8,18,107.0,83.13,2.51,0.0333,0.0667,0.0444,0.2333,0.0333,0.1778,0.4,2026-10-10,2026-10-10T11:34:57-04:00,Pitcher rolling HR/contact vulnerability metrics from Statcast.
30,671737,"Bradley, Taj",R,92.94,73,87,61,0,3,14,3,9,40,109.5,82.87,18.07,0.0,0.0411,0.0345,0.1918,0.0411,0.1034,0.4598,2026-10-10,2026-10-10T11:34:57-04:00,Pitcher rolling HR/contact vulnerability metrics from Statcast.
30,671922,"Smith, Cade",R,94.06,47,55,36,1,2,5,1,3,14,109.6,83.47,21.04,0.0213,0.0426,0.0364,0.1064,0.0213,0.0545,0.2545,2026-10-10,2026-10-10T11:34:57-04:00,Pitcher rolling HR/contact vulnerability metrics from Statcast.
30,671936,"Macko, Adam",L,89.12,14,16,15,2,1,5,1,6,13,108.4,91.6,23.38,0.1429,0.0714,0.0625,0.3571,0.0714,0.375,0.8125,2026-10-10,2026-10-10T11:34:57-04:00,Pitcher rolling HR/contact vulnerability metrics from Statcast.
30,672282,"Detmers, Reid",L,88.16,68,82,57,2,5,14,8,11,26,113.1,83.98,19.4,0.0294,0.0735,0.061,0.2059,0.1176,0.1341,0.3171,2026-10-10,2026-10-10T11:34:57-04:00,Pitcher rolling HR/contact vulnerability metrics from Statcast.
30,672335,"Pérez, Cionel",L,90.4,17,36,24,0,0,4,0,2,6,106.5,79.96,25.0,0.0,0.0,0.0,0.2353,0.0,0.0556,0.1667,2026-10-10,2026-10-10T11:34:57-04:00,Pitcher rolling HR/contact vulnerability metrics from Statcast.
30,672442,"Cruz, Yovanny",R,96.17,23,28,17,1,1,3,1,4,9,108.5,83.36,12.57,0.0435,0.0435,0.0357,0.1304,0.0435,0.1429,0.3214,2026-10-10,2026-10-10T11:34:57-04:00,Pitcher rolling HR/contact vulnerability metrics from Statcast.
30,672456,"Montero, Keider",R,88.89,33,49,39,0,0,3,0,11,15,108.4,79.63,27.47,0.0,0.0,0.0,0.0909,0.0,0.2245,0.3061,2026-10-10,2026-10-10T11:34:57-04:00,Pitcher rolling HR/contact vulnerability metrics from Statcast.
30,672782,"Gómez, Yoendrys",R,92.58,31,36,30,0,1,6,1,9,16,110.7,80.9,25.94,0.0,0.0323,0.0278,0.1935,0.0323,0.25,0.4444,2026-10-10,2026-10-10T11:34:57-04:00,Pitcher rolling HR/contact vulnerability metrics from Statcast.
30,672841,"Vargas, Carlos",R,94.19,38,50,27,1,2,4,2,5,17,109.5,79.65,9.96,0.0263,0.0526,0.04,0.1053,0.0526,0.1,0.34,2026-10-10,2026-10-10T11:34:57-04:00,Pitcher rolling HR/contact vulnerability metrics from Statcast.
30,673380,"Núñez, Dedniel",R,93.16,18,19,14,1,2,3,2,4,7,104.6,88.24,26.37,0.0556,0.1111,0.1053,0.1667,0.1111,0.2105,0.3684,2026-10-10,2026-10-10T11:34:57-04:00,Pitcher rolling HR/contact vulnerability metrics from Statcast.
30,673513,"Matsui, Yuki",L,88.39,47,84,56,0,1,8,1,7,21,110.1,79.67,22.37,0.0,0.0213,0.0119,0.1702,0.0213,0.0833,0.25,2026-10-10,2026-10-10T11:34:57-04:00,Pitcher rolling HR/contact vulnerability metrics from Statcast.
30,673540,"Senga, Kodai",R,90.14,19,21,19,1,2,3,1,4,11,109.6,80.73,28.24,0.0526,0.1053,0.0952,0.1579,0.0526,0.1905,0.5238,2026-10-10,2026-10-10T11:34:57-04:00,Pitcher rolling HR/contact vulnerability metrics from Statcast.
30,674003,"Bradford, Cody",L,84.8,41,59,39,2,3,8,2,11,19,111.5,82.12,17.97,0.0488,0.0732,0.0508,0.1951,0.0488,0.1864,0.322,2026-10-10,2026-10-10T11:34:57-04:00,Pitcher rolling HR/contact vulnerability metrics from Statcast.
30,674073,"Weisenburger, Jack",R,90.34,32,42,29,0,1,5,1,3,10,108.6,80.6,20.26,0.0,0.0312,0.0238,0.1562,0.0312,0.0714,0.2381,2026-10-10,2026-10-10T11:34:57-04:00,Pitcher rolling HR/contact vulnerability metrics from Statcast.
30,674444,"Cruz, Steven",R,97.15,17,16,12,2,3,3,2,2,7,107.1,87.36,28.94,0.1176,0.1765,0.1875,0.1765,0.1176,0.125,0.4375,2026-10-10,2026-10-10T11:34:57-04:00,Pitcher rolling HR/contact vulnerability metrics from Statcast.
30,674841,"Alvarez, Andrew",L,86.89,72,84,48,2,4,11,1,9,24,112.6,84.41,14.29,0.0278,0.0556,0.0476,0.1528,0.0139,0.1071,0.2857,2026-10-10,2026-10-10T11:34:57-04:00,Pitcher rolling HR/contact vulnerability metrics from Statcast.
30,675512,"Melton, Troy",R,92.39,36,48,24,0,0,6,0,7,17,108.9,85.17,6.98,0.0,0.0,0.0,0.1667,0.0,0.1458,0.3542,2026-10-10,2026-10-10T11:34:57-04:00,Pitcher rolling HR/contact vulnerability metrics from Statcast.
30,675540,"Curry, Xzavion",R,87.09,16,21,18,4,4,6,2,7,6,110.4,90.25,34.9,0.25,0.25,0.1905,0.375,0.125,0.3333,0.2857,2026-10-10,2026-10-10T11:34:57-04:00,Pitcher rolling HR/contact vulnerability metrics from Statcast.
30,675660,"Drohan, Shane",L,91.4,44,51,37,2,2,12,2,10,15,111.8,85.22,21.9,0.0455,0.0455,0.0392,0.2727,0.0455,0.1961,0.2941,2026-10-10,2026-10-10T11:34:57-04:00,Pitcher rolling HR/contact vulnerability metrics from Statcast.
30,675848,"Mejia, Juan",R,90.11,37,48,32,0,1,7,0,10,11,113.0,82.4,19.48,0.0,0.027,0.0208,0.1892,0.0,0.2083,0.2292,2026-10-10,2026-10-10T11:34:57-04:00,Pitcher rolling HR/contact vulnerability metrics from Statcast.
30,675920,"Lonsway, Seth",L,88.29,3,2,1,0,0,0,0,1,1,90.5,77.75,4.5,0.0,0.0,0.0,0.0,0.0,0.5,0.5,2026-10-10,2026-10-10T11:34:57-04:00,Pitcher rolling HR/contact vulnerability metrics from Statcast.
30,676083,"Junk, Janson",R,89.1,51,86,60,2,4,11,4,10,21,109.7,80.83,20.12,0.0392,0.0784,0.0465,0.2157,0.0784,0.1163,0.2442,2026-10-10,2026-10-10T11:34:57-04:00,Pitcher rolling HR/contact vulnerability metrics from Statcast.
30,676263,"Dreyer, Jack",L,89.52,30,37,26,0,2,4,2,3,17,109.9,80.75,18.95,0.0,0.0667,0.0541,0.1333,0.0667,0.0811,0.4595,2026-10-10,2026-10-10T11:34:57-04:00,Pitcher rolling HR/contact vulnerability metrics from Statcast.
30,676272,"Miller, Bobby",R,89.27,20,26,16,1,1,5,3,3,12,107.7,86.48,9.38,0.05,0.05,0.0385,0.25,0.15,0.1154,0.4615,2026-10-10,2026-10-10T11:34:57-04:00,Pitcher rolling HR/contact vulnerability metrics from Statcast.
30,676282,"Cantillo, Joey",L,85.26,60,75,37,0,0,9,1,8,23,108.3,79.23,2.51,0.0,0.0,0.0,0.15,0.0167,0.1067,0.3067,2026-10-10,2026-10-10T11:34:57-04:00,Pitcher rolling HR/contact vulnerability metrics from Statcast.
30,676395,"Garcia, Robert",L,89.87,34,45,27,1,2,6,2,10,10,107.5,81.7,18.91,0.0294,0.0588,0.0444,0.1765,0.0588,0.2222,0.2222,2026-10-10,2026-10-10T11:34:57-04:00,Pitcher rolling HR/contact vulnerability metrics from Statcast.
30,676428,"Hurter, Brant",L,86.57,38,43,22,0,0,7,0,6,15,108.8,84.11,8.33,0.0,0.0,0.0,0.1842,0.0,0.1395,0.3488,2026-10-10,2026-10-10T11:34:57-04:00,Pitcher rolling HR/contact vulnerability metrics from Statcast.
30,676440,"Bibee, Tanner",R,87.89,79,105,68,2,7,14,5,18,34,109.9,82.49,20.32,0.0253,0.0886,0.0667,0.1772,0.0633,0.1714,0.3238,2026-10-10,2026-10-10T11:34:57-04:00,Pitcher rolling HR/contact vulnerability metrics from Statcast.
30,676454,"Cellucci, Brendan",L,88.7,30,28,20,0,1,3,2,5,9,105.4,84.3,22.61,0.0,0.0333,0.0357,0.1,0.0667,0.1786,0.3214,2026-10-10,2026-10-10T11:34:57-04:00,Pitcher rolling HR/contact vulnerability metrics from Statcast.
30,676467,"Gordon, Colton",L,87.7,20,29,18,0,0,4,1,5,9,105.7,86.15,18.66,0.0,0.0,0.0,0.2,0.05,0.1724,0.3103,2026-10-10,2026-10-10T11:34:57-04:00,Pitcher rolling HR/contact vulnerability metrics from Statcast.
30,676477,"Whitlock, Garrett",R,90.77,28,39,27,1,1,7,1,5,11,106.4,81.65,24.72,0.0357,0.0357,0.0256,0.25,0.0357,0.1282,0.2821,2026-10-10,2026-10-10T11:34:57-04:00,Pitcher rolling HR/contact vulnerability metrics from Statcast.
30,676510,"Hoffman, Nolan",R,88.42,28,22,13,0,0,4,1,4,8,102.1,80.7,7.77,0.0,0.0,0.0,0.1429,0.0357,0.1818,0.3636,2026-10-10,2026-10-10T11:34:57-04:00,Pitcher rolling HR/contact vulnerability metrics from Statcast.
30,676534,"Faucher, Calvin",R,92.57,30,36,23,0,0,3,0,2,8,109.0,76.93,16.17,0.0,0.0,0.0,0.1,0.0,0.0556,0.2222,2026-10-10,2026-10-10T11:34:57-04:00,Pitcher rolling HR/contact vulnerability metrics from Statcast.
30,676604,"Zuber, Tyler",R,91.39,23,32,22,2,2,5,1,6,9,107.0,84.75,17.09,0.087,0.087,0.0625,0.2174,0.0435,0.1875,0.2812,2026-10-10,2026-10-10T11:34:57-04:00,Pitcher rolling HR/contact vulnerability metrics from Statcast.
30,676617,"O'Brien, Riley",R,89.18,25,24,14,2,2,4,2,5,10,105.1,87.38,13.25,0.08,0.08,0.0833,0.16,0.08,0.2083,0.4167,2026-10-10,2026-10-10T11:34:57-04:00,Pitcher rolling HR/contact vulnerability metrics from Statcast.
30,676620,"Weiman, Blake",L,82.86,28,36,25,2,3,7,2,6,10,106.9,79.49,20.08,0.0714,0.1071,0.0833,0.25,0.0714,0.1667,0.2778,2026-10-10,2026-10-10T11:34:57-04:00,Pitcher rolling HR/contact vulnerability metrics from Statcast.
30,676661,"Lazar, Max",R,91.17,10,11,6,0,0,2,0,2,5,110.7,85.17,6.36,0.0,0.0,0.0,0.2,0.0,0.1818,0.4545,2026-10-10,2026-10-10T11:34:57-04:00,Pitcher rolling HR/contact vulnerability metrics from Statcast.
30,676742,"Sanders, Cam",R,89.6,14,14,7,0,0,2,0,1,2,105.1,80.09,8.71,0.0,0.0,0.0,0.1429,0.0,0.0714,0.1429,2026-10-10,2026-10-10T11:34:57-04:00,Pitcher rolling HR/contact vulnerability metrics from Statcast.
30,676879,"Ashby, Aaron",L,92.85,53,60,27,1,2,4,2,4,16,113.9,82.12,7.13,0.0189,0.0377,0.0333,0.0755,0.0377,0.0667,0.2667,2026-10-10,2026-10-10T11:34:57-04:00,Pitcher rolling HR/contact vulnerability metrics from Statcast.
30,676917,"Cavalli, Cade",R,91.05,43,51,28,1,1,3,1,4,13,117.2,81.96,9.27,0.0233,0.0233,0.0196,0.0698,0.0233,0.0784,0.2549,2026-10-10,2026-10-10T11:34:57-04:00,Pitcher rolling HR/contact vulnerability metrics from Statcast.
30,676979,"Crochet, Garrett",L,93.39,4,4,1,0,0,1,0,0,2,101.4,77.4,-14.25,0.0,0.0,0.0,0.25,0.0,0.0,0.5,2026-10-10,2026-10-10T11:34:57-04:00,Pitcher rolling HR/contact vulnerability metrics from Statcast.
30,677020,"Walker, Josh",L,89.41,27,39,26,0,0,5,0,6,9,107.0,77.85,17.95,0.0,0.0,0.0,0.1852,0.0,0.1538,0.2308,2026-10-10,2026-10-10T11:34:57-04:00,Pitcher rolling HR/contact vulnerability metrics from Statcast.
30,677865,"Bruihl, Justin",L,84.13,32,46,23,0,3,5,2,5,14,111.1,77.98,5.93,0.0,0.0938,0.0652,0.1562,0.0625,0.1087,0.3043,2026-10-10,2026-10-10T11:34:57-04:00,Pitcher rolling HR/contact vulnerability metrics from Statcast.
30,677944,"Cecconi, Slade",R,91.25,18,18,13,0,0,3,1,3,5,109.8,83.48,26.61,0.0,0.0,0.0,0.1667,0.0556,0.1667,0.2778,2026-10-10,2026-10-10T11:34:57-04:00,Pitcher rolling HR/contact vulnerability metrics from Statcast.
30,677955,"Hill, Jaden",R,91.72,22,28,23,0,1,7,0,6,12,105.3,88.21,28.86,0.0,0.0455,0.0357,0.3182,0.0,0.2143,0.4286,2026-10-10,2026-10-10T11:34:57-04:00,Pitcher rolling HR/contact vulnerability metrics from Statcast.
30,677958,"Rocker, Kumar",R,90.39,53,70,43,0,2,6,1,10,20,109.1,81.78,17.01,0.0,0.0377,0.0286,0.1132,0.0189,0.1429,0.2857,2026-10-10,2026-10-10T11:34:57-04:00,Pitcher rolling HR/contact vulnerability metrics from Statcast.
30,677960,"Weathers, Ryan",L,89.6,6,6,2,0,0,0,0,0,0,94.8,79.9,-0.67,0.0,0.0,0.0,0.0,0.0,0.0,0.0,2026-10-10,2026-10-10T11:34:57-04:00,Pitcher rolling HR/contact vulnerability metrics from Statcast.
30,677976,"Dobnak, Randy",R,87.27,54,72,39,1,1,12,3,8,18,108.1,86.0,12.54,0.0185,0.0185,0.0139,0.2222,0.0556,0.1111,0.25,2026-10-10,2026-10-10T11:34:57-04:00,Pitcher rolling HR/contact vulnerability metrics from Statcast.
30,678020,"Halvorsen, Seth",R,93.72,17,23,15,1,1,5,2,3,7,106.4,85.66,16.04,0.0588,0.0588,0.0435,0.2941,0.1176,0.1304,0.3043,2026-10-10,2026-10-10T11:34:57-04:00,Pitcher rolling HR/contact vulnerability metrics from Statcast.
30,678022,"Perkins, Jack",R,91.33,68,80,47,3,4,11,5,13,26,108.1,81.73,9.59,0.0441,0.0588,0.05,0.1618,0.0735,0.1625,0.325,2026-10-10,2026-10-10T11:34:57-04:00,Pitcher rolling HR/contact vulnerability metrics from Statcast.
30,678061,"Kerr, Ray",L,88.7,47,55,30,1,2,9,2,11,10,108.2,79.6,8.56,0.0213,0.0426,0.0364,0.1915,0.0426,0.2,0.1818,2026-10-10,2026-10-10T11:34:57-04:00,Pitcher rolling HR/contact vulnerability metrics from Statcast.
30,678394,"Bello, Brayan",R,93.14,53,67,41,2,2,12,3,10,23,110.9,82.34,15.13,0.0377,0.0377,0.0299,0.2264,0.0566,0.1493,0.3433,2026-10-10,2026-10-10T11:34:57-04:00,Pitcher rolling HR/contact vulnerability metrics from Statcast.
30,678606,"Ferrer, José A.",L,94.5,30,33,20,1,3,5,3,5,10,107.5,81.14,8.52,0.0333,0.1,0.0909,0.1667,0.1,0.1515,0.303,2026-10-10,2026-10-10T11:34:57-04:00,Pitcher rolling HR/contact vulnerability metrics from Statcast.
30,679885,"Martinez, Justin",R,99.0,27,20,13,0,0,1,0,1,1,105.3,87.76,26.6,0.0,0.0,0.0,0.037,0.0,0.05,0.05,2026-10-10,2026-10-10T11:34:57-04:00,Pitcher rolling HR/contact vulnerability metrics from Statcast.
30,680570,"Rodriguez, Grayson",R,87.96,74,100,57,2,3,14,3,17,28,109.2,83.18,12.14,0.027,0.0405,0.03,0.1892,0.0405,0.17,0.28,2026-10-10,2026-10-10T11:34:57-04:00,Pitcher rolling HR/contact vulnerability metrics from Statcast.
30,680604,"Castaño, Blas",R,91.18,13,23,12,0,1,5,1,1,7,108.9,85.33,13.83,0.0,0.0769,0.0435,0.3846,0.0769,0.0435,0.3043,2026-10-10,2026-10-10T11:34:57-04:00,Pitcher rolling HR/contact vulnerability metrics from Statcast.
30,680686,"Gray, Josiah",R,86.18,15,19,14,0,0,1,0,3,4,102.4,82.36,31.53,0.0,0.0,0.0,0.0667,0.0,0.1579,0.2105,2026-10-10,2026-10-10T11:34:57-04:00,Pitcher rolling HR/contact vulnerability metrics from Statcast.
30,680694,"Bradish, Kyle",R,92.24,17,21,14,2,2,6,3,2,12,106.8,87.67,12.48,0.1176,0.1176,0.0952,0.3529,0.1765,0.0952,0.5714,2026-10-10,2026-10-10T11:34:57-04:00,Pitcher rolling HR/contact vulnerability metrics from Statcast.
30,680723,"Rom, Drew",L,89.37,27,42,31,0,1,6,2,8,14,107.6,85.33,21.69,0.0,0.037,0.0238,0.2222,0.0741,0.1905,0.3333,2026-10-10,2026-10-10T11:34:57-04:00,Pitcher rolling HR/contact vulnerability metrics from Statcast.
30,680732,"Burke, Sean",R,88.65,102,142,95,4,7,25,3,17,42,111.5,83.82,22.17,0.0392,0.0686,0.0493,0.2451,0.0294,0.1197,0.2958,2026-10-10,2026-10-10T11:34:57-04:00,Pitcher rolling HR/contact vulnerability metrics from Statcast.
30,680736,"Wrobleski, Justin",L,93.17,35,44,24,0,1,3,0,3,8,106.0,84.62,17.43,0.0,0.0286,0.0227,0.0857,0.0,0.0682,0.1818,2026-10-10,2026-10-10T11:34:57-04:00,Pitcher rolling HR/contact vulnerability metrics from Statcast.
30,680742,"Bowlan, Jonathan",R,94.31,17,20,14,2,2,2,2,2,6,107.2,83.47,19.85,0.1176,0.1176,0.1,0.1176,0.1176,0.1,0.3,2026-10-10,2026-10-10T11:34:57-04:00,Pitcher rolling HR/contact vulnerability metrics from Statcast.
30,680744,"Madden, Ty",R,89.96,29,39,27,1,2,6,2,8,7,105.7,83.33,24.26,0.0345,0.069,0.0513,0.2069,0.069,0.2051,0.1795,2026-10-10,2026-10-10T11:34:57-04:00,Pitcher rolling HR/contact vulnerability metrics from Statcast.
30,680755,"Fisher, Braydon",R,86.39,21,20,16,1,1,5,1,7,7,108.7,87.64,29.5,0.0476,0.0476,0.05,0.2381,0.0476,0.35,0.35,2026-10-10,2026-10-10T11:34:57-04:00,Pitcher rolling HR/contact vulnerability metrics from Statcast.
30,680767,"Vodnik, Victor",R,94.09,38,45,26,0,0,5,1,6,9,108.4,84.9,16.8,0.0,0.0,0.0,0.1316,0.0263,0.1333,0.2,2026-10-10,2026-10-10T11:34:57-04:00,Pitcher rolling HR/contact vulnerability metrics from Statcast.
30,680880,"Holman, Grant",R,91.32,7,14,7,0,1,2,1,3,5,100.3,79.26,0.64,0.0,0.1429,0.0714,0.2857,0.1429,0.2143,0.3571,2026-10-10,2026-10-10T11:34:57-04:00,Pitcher rolling HR/contact vulnerability metrics from Statcast.
30,680899,"Tolman, Erik",L,90.85,34,47,33,1,2,7,2,6,18,111.1,82.32,21.15,0.0294,0.0588,0.0426,0.2059,0.0588,0.1277,0.383,2026-10-10,2026-10-10T11:34:57-04:00,Pitcher rolling HR/contact vulnerability metrics from Statcast.
30,680916,"Aleman, Franco",R,92.0,9,12,11,1,1,1,1,3,4,111.1,82.57,36.5,0.1111,0.1111,0.0833,0.1111,0.1111,0.25,0.3333,2026-10-10,2026-10-10T11:34:57-04:00,Pitcher rolling HR/contact vulnerability metrics from Statcast.
30,681035,"Scott, Christian",R,89.89,43,49,42,2,1,9,1,16,17,107.2,82.33,29.12,0.0465,0.0233,0.0204,0.2093,0.0233,0.3265,0.3469,2026-10-10,2026-10-10T11:34:57-04:00,Pitcher rolling HR/contact vulnerability metrics from Statcast.
30,681190,"Vásquez, Randy",R,92.88,47,77,58,1,2,14,3,14,32,110.4,85.04,20.32,0.0213,0.0426,0.026,0.2979,0.0638,0.1818,0.4156,2026-10-10,2026-10-10T11:34:57-04:00,Pitcher rolling HR/contact vulnerability metrics from Statcast.
30,681217,"Silseth, Chase",R,91.75,30,36,28,1,2,4,2,4,12,113.7,83.63,29.28,0.0333,0.0667,0.0556,0.1333,0.0667,0.1111,0.3333,2026-10-10,2026-10-10T11:34:57-04:00,Pitcher rolling HR/contact vulnerability metrics from Statcast.
30,681293,"Arrighetti, Spencer",R,83.86,33,37,22,1,2,10,1,7,12,106.7,82.5,12.65,0.0303,0.0606,0.0541,0.303,0.0303,0.1892,0.3243,2026-10-10,2026-10-10T11:34:57-04:00,Pitcher rolling HR/contact vulnerability metrics from Statcast.
30,681320,"Lavender, Nate",L,90.53,24,34,30,1,1,4,0,1,7,105.7,80.16,38.88,0.0417,0.0417,0.0294,0.1667,0.0,0.0294,0.2059,2026-10-10,2026-10-10T11:34:57-04:00,Pitcher rolling HR/contact vulnerability metrics from Statcast.
30,681402,"Varland, Gus",R,89.71,4,5,3,0,0,1,1,0,1,103.9,88.96,14.0,0.0,0.0,0.0,0.25,0.25,0.0,0.2,2026-10-10,2026-10-10T11:34:57-04:00,Pitcher rolling HR/contact vulnerability metrics from Statcast.
30,681517,"Leahy, Kyle",R,90.06,37,44,26,1,2,7,2,5,8,111.1,81.29,16.25,0.027,0.0541,0.0455,0.1892,0.0541,0.1136,0.1818,2026-10-10,2026-10-10T11:34:57-04:00,Pitcher rolling HR/contact vulnerability metrics from Statcast.
30,681544,"Olds, Wyatt",R,92.79,20,24,17,0,1,1,0,1,7,108.6,77.39,26.0,0.0,0.05,0.0417,0.05,0.0,0.0417,0.2917,2026-10-10,2026-10-10T11:34:57-04:00,Pitcher rolling HR/contact vulnerability metrics from Statcast.
30,681810,"Warren, Austin",R,89.33,24,27,15,0,1,2,1,3,7,108.4,82.71,14.11,0.0,0.0417,0.037,0.0833,0.0417,0.1111,0.2593,2026-10-10,2026-10-10T11:34:57-04:00,Pitcher rolling HR/contact vulnerability metrics from Statcast.
30,681867,"Criswell, Cooper",R,86.01,33,42,23,0,1,4,0,4,13,105.4,78.74,7.74,0.0,0.0303,0.0238,0.1212,0.0,0.0952,0.3095,2026-10-10,2026-10-10T11:34:57-04:00,Pitcher rolling HR/contact vulnerability metrics from Statcast.
30,681870,"Sabrowski, Erik",L,90.68,39,48,34,0,1,7,1,7,12,106.1,83.83,27.6,0.0,0.0256,0.0208,0.1795,0.0256,0.1458,0.25,2026-10-10,2026-10-10T11:34:57-04:00,Pitcher rolling HR/contact vulnerability metrics from Statcast.
30,681892,"Funderburk, Kody",L,90.95,18,25,16,0,0,3,0,2,10,106.0,80.45,18.12,0.0,0.0,0.0,0.1667,0.0,0.08,0.4,2026-10-10,2026-10-10T11:34:57-04:00,Pitcher rolling HR/contact vulnerability metrics from Statcast.
30,681895,"Sisk, Evan",L,84.95,11,7,4,0,0,2,0,3,4,103.8,75.49,-4.14,0.0,0.0,0.0,0.1818,0.0,0.4286,0.5714,2026-10-10,2026-10-10T11:34:57-04:00,Pitcher rolling HR/contact vulnerability metrics from Statcast.
30,681911,"Vesia, Alex",L,89.86,28,41,34,0,1,5,0,5,12,107.8,80.25,34.73,0.0,0.0357,0.0244,0.1786,0.0,0.122,0.2927,2026-10-10,2026-10-10T11:34:57-04:00,Pitcher rolling HR/contact vulnerability metrics from Statcast.
30,681916,"Smith, Dylan",R,92.22,29,37,26,0,1,5,1,4,12,105.4,82.98,19.49,0.0,0.0345,0.027,0.1724,0.0345,0.1081,0.3243,2026-10-10,2026-10-10T11:34:57-04:00,Pitcher rolling HR/contact vulnerability metrics from Statcast.
30,681973,"Hendrickson, Josh",L,86.14,17,23,12,0,0,5,0,4,5,103.0,82.68,5.91,0.0,0.0,0.0,0.2941,0.0,0.1739,0.2174,2026-10-10,2026-10-10T11:34:57-04:00,Pitcher rolling HR/contact vulnerability metrics from Statcast.
30,682052,"Lopez, Jacob",L,83.65,59,93,67,4,5,14,4,20,31,106.1,81.48,25.56,0.0678,0.0847,0.0538,0.2373,0.0678,0.2151,0.3333,2026-10-10,2026-10-10T11:34:57-04:00,Pitcher rolling HR/contact vulnerability metrics from Statcast.
30,682120,"Herrin, Tim",L,86.41,38,61,38,0,2,9,1,8,27,110.9,81.23,10.77,0.0,0.0526,0.0328,0.2368,0.0263,0.1311,0.4426,2026-10-10,2026-10-10T11:34:57-04:00,Pitcher rolling HR/contact vulnerability metrics from Statcast.
30,682227,"Williamson, Brandon",L,88.14,56,67,39,3,4,9,3,14,25,110.3,83.93,16.45,0.0536,0.0714,0.0597,0.1607,0.0536,0.209,0.3731,2026-10-10,2026-10-10T11:34:57-04:00,Pitcher rolling HR/contact vulnerability metrics from Statcast.
30,682243,"Miller, Bryce",R,90.55,70,96,66,3,5,11,5,10,32,107.3,81.21,19.12,0.0429,0.0714,0.0521,0.1571,0.0714,0.1042,0.3333,2026-10-10,2026-10-10T11:34:57-04:00,Pitcher rolling HR/contact vulnerability metrics from Statcast.
30,682254,"Montgomery, Mason",L,96.69,32,37,26,1,0,4,1,3,13,105.0,84.4,24.51,0.0312,0.0,0.0,0.125,0.0312,0.0811,0.3514,2026-10-10,2026-10-10T11:34:57-04:00,Pitcher rolling HR/contact vulnerability metrics from Statcast.
30,682274,"Hiraldo, Yaramil",R,90.49,11,15,11,0,0,0,0,2,3,115.5,78.81,35.07,0.0,0.0,0.0,0.0,0.0,0.1333,0.2,2026-10-10,2026-10-10T11:34:57-04:00,Pitcher rolling HR/contact vulnerability metrics from Statcast.
30,682608,"Gray, Peyton",R,89.81,5,5,4,0,0,2,0,1,2,108.6,90.02,23.0,0.0,0.0,0.0,0.4,0.0,0.2,0.4,2026-10-10,2026-10-10T11:34:57-04:00,Pitcher rolling HR/contact vulnerability metrics from Statcast.
30,682825,"Mey, Luis",R,92.6,39,48,26,1,2,9,3,9,17,110.5,84.83,12.46,0.0256,0.0513,0.0417,0.2308,0.0769,0.1875,0.3542,2026-10-10,2026-10-10T11:34:57-04:00,Pitcher rolling HR/contact vulnerability metrics from Statcast.
30,682842,"Uribe, Abner",R,95.08,46,49,26,0,2,5,2,4,14,110.2,81.45,9.88,0.0,0.0435,0.0408,0.1087,0.0435,0.0816,0.2857,2026-10-10,2026-10-10T11:34:57-04:00,Pitcher rolling HR/contact vulnerability metrics from Statcast.
30,682982,"Espino, Daniel",R,95.26,30,37,27,2,3,5,4,7,8,106.0,82.02,23.59,0.0667,0.1,0.0811,0.1667,0.1333,0.1892,0.2162,2026-10-10,2026-10-10T11:34:57-04:00,Pitcher rolling HR/contact vulnerability metrics from Statcast.
30,682989,"Mederos, Victor",R,94.04,26,28,16,1,1,4,1,6,9,109.9,83.46,13.61,0.0385,0.0385,0.0357,0.1538,0.0385,0.2143,0.3214,2026-10-10,2026-10-10T11:34:57-04:00,Pitcher rolling HR/contact vulnerability metrics from Statcast.
30,683000,"Cornelio, Riley",R,89.36,44,48,27,0,1,8,2,7,13,108.2,82.38,10.81,0.0,0.0227,0.0208,0.1818,0.0455,0.1458,0.2708,2026-10-10,2026-10-10T11:34:57-04:00,Pitcher rolling HR/contact vulnerability metrics from Statcast.
30,683003,"Jones, Jared",R,93.81,82,109,78,0,2,12,0,20,21,110.7,81.81,24.36,0.0,0.0244,0.0183,0.1463,0.0,0.1835,0.1927,2026-10-10,2026-10-10T11:34:57-04:00,Pitcher rolling HR/contact vulnerability metrics from Statcast.
30,683155,"Estes, Joey",R,85.91,16,24,22,3,3,5,3,8,10,106.9,83.25,34.46,0.1875,0.1875,0.125,0.3125,0.1875,0.3333,0.4167,2026-10-10,2026-10-10T11:34:57-04:00,Pitcher rolling HR/contact vulnerability metrics from Statcast.
30,683175,"Phillips, Connor",R,92.89,12,15,11,0,0,3,1,2,5,109.7,88.71,25.13,0.0,0.0,0.0,0.25,0.0833,0.1333,0.3333,2026-10-10,2026-10-10T11:34:57-04:00,Pitcher rolling HR/contact vulnerability metrics from Statcast.
30,683363,"Wilkinson, Matt",L,86.98,39,43,32,1,1,2,1,6,9,105.6,82.2,33.28,0.0256,0.0256,0.0233,0.0513,0.0256,0.1395,0.2093,2026-10-10,2026-10-10T11:34:57-04:00,Pitcher rolling HR/contact vulnerability metrics from Statcast.
30,683618,"Henriquez, Edgardo",R,98.34,22,30,20,0,1,6,0,6,10,110.0,87.25,20.57,0.0,0.0455,0.0333,0.2727,0.0,0.2,0.3333,2026-10-10,2026-10-10T11:34:57-04:00,Pitcher rolling HR/contact vulnerability metrics from Statcast.
30,683627,"Molina, Anthony",R,91.14,62,87,70,0,3,16,4,19,34,107.6,83.42,28.38,0.0,0.0484,0.0345,0.2581,0.0645,0.2184,0.3908,2026-10-10,2026-10-10T11:34:57-04:00,Pitcher rolling HR/contact vulnerability metrics from Statcast.
30,683769,"Gaddis, Hunter",R,89.6,52,72,48,2,2,13,3,18,25,110.6,81.52,18.47,0.0385,0.0385,0.0278,0.25,0.0577,0.25,0.3472,2026-10-10,2026-10-10T11:34:57-04:00,Pitcher rolling HR/contact vulnerability metrics from Statcast.
30,684007,"Imanaga, Shota",L,85.16,69,105,70,2,5,14,5,14,31,108.5,79.45,18.3,0.029,0.0725,0.0476,0.2029,0.0725,0.1333,0.2952,2026-10-10,2026-10-10T11:34:57-04:00,Pitcher rolling HR/contact vulnerability metrics from Statcast.
30,684516,"Rincon, Hancel",R,91.59,3,2,0,0,0,0,0,0,0,88.5,84.0,-20.5,0.0,0.0,0.0,0.0,0.0,0.0,0.0,2026-10-10,2026-10-10T11:34:57-04:00,Pitcher rolling HR/contact vulnerability metrics from Statcast.
30,684665,"Murphy, Luke",R,91.12,30,46,34,1,2,5,3,6,19,105.0,80.77,21.85,0.0333,0.0667,0.0435,0.1667,0.1,0.1304,0.413,2026-10-10,2026-10-10T11:34:57-04:00,Pitcher rolling HR/contact vulnerability metrics from Statcast.
30,684974,"Yoho, Craig",R,83.56,15,15,7,0,1,2,1,3,7,104.4,81.13,-6.53,0.0,0.0667,0.0667,0.1333,0.0667,0.2,0.4667,2026-10-10,2026-10-10T11:34:57-04:00,Pitcher rolling HR/contact vulnerability metrics from Statcast.
30,685112,"McCambley, Zach",R,90.03,17,18,9,1,2,4,3,4,4,104.6,85.89,7.0,0.0588,0.1176,0.1111,0.2353,0.1765,0.2222,0.2222,2026-10-10,2026-10-10T11:34:57-04:00,Pitcher rolling HR/contact vulnerability metrics from Statcast.
30,685126,"Eisert, Brandon",L,86.62,25,23,16,0,1,6,1,7,7,107.2,81.6,17.65,0.0,0.04,0.0435,0.24,0.04,0.3043,0.3043,2026-10-10,2026-10-10T11:34:57-04:00,Pitcher rolling HR/contact vulnerability metrics from Statcast.
30,685299,"Gordon, Tanner",R,87.96,67,98,74,4,9,19,10,22,33,111.0,84.62,25.77,0.0597,0.1343,0.0918,0.2836,0.1493,0.2245,0.3367,2026-10-10,2026-10-10T11:34:57-04:00,Pitcher rolling HR/contact vulnerability metrics from Statcast.
30,685464,"Winquest, Cade",R,91.5,29,32,22,1,1,2,0,2,14,103.1,79.42,14.84,0.0345,0.0345,0.0312,0.069,0.0,0.0625,0.4375,2026-10-10,2026-10-10T11:34:57-04:00,Pitcher rolling HR/contact vulnerability metrics from Statcast.
30,686218,"Sheehan, Emmet",R,87.97,39,61,36,0,0,4,0,8,15,104.4,77.83,15.16,0.0,0.0,0.0,0.1026,0.0,0.1311,0.2459,2026-10-10,2026-10-10T11:34:57-04:00,Pitcher rolling HR/contact vulnerability metrics from Statcast.
30,686560,"Collyer, Gavin",R,92.46,8,15,11,1,2,2,1,0,5,103.9,87.28,21.87,0.125,0.25,0.1333,0.25,0.125,0.0,0.3333,2026-10-10,2026-10-10T11:34:57-04:00,Pitcher rolling HR/contact vulnerability metrics from Statcast.
30,686613,"Brown, Hunter",R,92.91,74,94,51,0,1,7,2,3,25,111.4,81.29,11.97,0.0,0.0135,0.0106,0.0946,0.027,0.0319,0.266,2026-10-10,2026-10-10T11:34:57-04:00,Pitcher rolling HR/contact vulnerability metrics from Statcast.
30,686730,"Spiers, Carson",R,85.53,24,39,21,4,4,5,4,8,9,108.9,84.09,17.26,0.1667,0.1667,0.1026,0.2083,0.1667,0.2051,0.2308,2026-10-10,2026-10-10T11:34:57-04:00,Pitcher rolling HR/contact vulnerability metrics from Statcast.
30,686751,"Johnson, Seth",R,92.49,46,54,33,2,2,9,2,11,12,106.8,80.34,13.78,0.0435,0.0435,0.037,0.1957,0.0435,0.2037,0.2222,2026-10-10,2026-10-10T11:34:57-04:00,Pitcher rolling HR/contact vulnerability metrics from Statcast.
30,686930,"Barnett, Mason",R,89.06,44,50,37,2,1,10,1,9,20,106.1,84.1,22.38,0.0455,0.0227,0.02,0.2273,0.0227,0.18,0.4,2026-10-10,2026-10-10T11:34:57-04:00,Pitcher rolling HR/contact vulnerability metrics from Statcast.
30,686934,"McFarlane, Alex",R,96.01,33,35,24,1,3,7,2,5,13,105.1,87.42,17.97,0.0303,0.0909,0.0857,0.2121,0.0606,0.1429,0.3714,2026-10-10,2026-10-10T11:34:57-04:00,Pitcher rolling HR/contact vulnerability metrics from Statcast.
30,686973,"Varland, Louis",R,94.82,23,23,13,0,0,2,0,4,8,105.9,77.3,8.22,0.0,0.0,0.0,0.087,0.0,0.1739,0.3478,2026-10-10,2026-10-10T11:34:57-04:00,Pitcher rolling HR/contact vulnerability metrics from Statcast.
30,687064,"Young, Brandon",R,89.12,65,73,49,2,3,11,2,10,15,109.4,82.83,22.32,0.0308,0.0462,0.0411,0.1692,0.0308,0.137,0.2055,2026-10-10,2026-10-10T11:34:57-04:00,Pitcher rolling HR/contact vulnerability metrics from Statcast.
30,687134,"Blalock, Bradley",R,91.42,22,31,23,3,3,5,3,5,10,111.1,84.33,24.0,0.1364,0.1364,0.0968,0.2273,0.1364,0.1613,0.3226,2026-10-10,2026-10-10T11:34:57-04:00,Pitcher rolling HR/contact vulnerability metrics from Statcast.
30,687273,"Mathews, Quinn",L,87.63,75,85,54,2,5,16,5,15,26,111.6,84.07,17.67,0.0267,0.0667,0.0588,0.2133,0.0667,0.1765,0.3059,2026-10-10,2026-10-10T11:34:57-04:00,Pitcher rolling HR/contact vulnerability metrics from Statcast.
30,687309,"Hjerpe, Cooper",L,85.67,43,60,44,0,0,5,0,8,21,111.3,75.57,22.52,0.0,0.0,0.0,0.1163,0.0,0.1333,0.35,2026-10-10,2026-10-10T11:34:57-04:00,Pitcher rolling HR/contact vulnerability metrics from Statcast.
30,687312,"Hughes, Gabriel",R,88.46,33,59,37,2,4,11,3,2,25,104.9,84.14,15.98,0.0606,0.1212,0.0678,0.3333,0.0909,0.0339,0.4237,2026-10-10,2026-10-10T11:34:57-04:00,Pitcher rolling HR/contact vulnerability metrics from Statcast.
30,687330,"Kelly, Kevin",R,89.38,28,30,14,0,1,4,1,5,11,100.6,82.32,5.6,0.0,0.0357,0.0333,0.1429,0.0357,0.1667,0.3667,2026-10-10,2026-10-10T11:34:57-04:00,Pitcher rolling HR/contact vulnerability metrics from Statcast.
30,687396,"Headrick, Brent",L,89.16,37,52,40,1,1,5,0,9,11,105.5,79.62,30.83,0.027,0.027,0.0192,0.1351,0.0,0.1731,0.2115,2026-10-10,2026-10-10T11:34:57-04:00,Pitcher rolling HR/contact vulnerability metrics from Statcast.
30,687473,"Gusto, Ryan",R,87.69,70,93,73,2,5,19,4,21,36,109.7,84.09,25.04,0.0286,0.0714,0.0538,0.2714,0.0571,0.2258,0.3871,2026-10-10,2026-10-10T11:34:57-04:00,Pitcher rolling HR/contact vulnerability metrics from Statcast.
30,687562,"Bennett, Jake",L,87.31,37,62,40,0,2,8,2,6,21,110.2,82.49,16.77,0.0,0.0541,0.0323,0.2162,0.0541,0.0968,0.3387,2026-10-10,2026-10-10T11:34:57-04:00,Pitcher rolling HR/contact vulnerability metrics from Statcast.
30,687570,"Prielipp, Connor",L,90.53,68,93,62,0,1,11,1,8,28,109.8,80.73,18.37,0.0,0.0147,0.0108,0.1618,0.0147,0.086,0.3011,2026-10-10,2026-10-10T11:34:57-04:00,Pitcher rolling HR/contact vulnerability metrics from Statcast.
30,687792,"Herz, DJ",L,88.46,35,47,35,3,7,10,5,7,17,110.8,82.61,21.21,0.0857,0.2,0.1489,0.2857,0.1429,0.1489,0.3617,2026-10-10,2026-10-10T11:34:57-04:00,Pitcher rolling HR/contact vulnerability metrics from Statcast.
30,687911,"King, Bryan",L,89.97,38,57,34,1,0,6,0,4,11,108.9,81.67,13.09,0.0263,0.0,0.0,0.1579,0.0,0.0702,0.193,2026-10-10,2026-10-10T11:34:57-04:00,Pitcher rolling HR/contact vulnerability metrics from Statcast.
30,687924,"Aguiar, Julian",R,87.53,14,20,12,0,0,2,0,2,7,109.4,78.13,16.65,0.0,0.0,0.0,0.1429,0.0,0.1,0.35,2026-10-10,2026-10-10T11:34:57-04:00,Pitcher rolling HR/contact vulnerability metrics from Statcast.
30,687941,"Gamboa, Alec",L,92.51,29,51,29,0,1,6,0,9,16,108.8,84.05,11.16,0.0,0.0345,0.0196,0.2069,0.0,0.1765,0.3137,2026-10-10,2026-10-10T11:34:57-04:00,Pitcher rolling HR/contact vulnerability metrics from Statcast.
30,688107,"Gasser, Robert",L,88.85,83,107,75,2,7,20,4,18,28,114.7,81.99,24.76,0.0241,0.0843,0.0654,0.241,0.0482,0.1682,0.2617,2026-10-10,2026-10-10T11:34:57-04:00,Pitcher rolling HR/contact vulnerability metrics from Statcast.
30,688158,"Morgan, David",R,94.77,34,38,26,0,2,8,3,7,11,105.7,87.77,16.08,0.0,0.0588,0.0526,0.2353,0.0882,0.1842,0.2895,2026-10-10,2026-10-10T11:34:57-04:00,Pitcher rolling HR/contact vulnerability metrics from Statcast.
30,688297,"Roycroft, Chris",R,94.31,34,36,17,2,1,2,1,6,6,111.5,82.44,7.89,0.0588,0.0294,0.0278,0.0588,0.0294,0.1667,0.1667,2026-10-10,2026-10-10T11:34:57-04:00,Pitcher rolling HR/contact vulnerability metrics from Statcast.
30,688642,"Agnos, Zach",R,88.89,52,65,37,1,4,16,5,14,18,106.3,88.78,13.03,0.0192,0.0769,0.0615,0.3077,0.0962,0.2154,0.2769,2026-10-10,2026-10-10T11:34:57-04:00,Pitcher rolling HR/contact vulnerability metrics from Statcast.
30,688692,"Simpson, Jared",L,92.78,6,5,5,0,0,0,0,1,3,94.5,81.16,24.6,0.0,0.0,0.0,0.0,0.0,0.2,0.6,2026-10-10,2026-10-10T11:34:57-04:00,Pitcher rolling HR/contact vulnerability metrics from Statcast.
30,689017,"Knack, Landon",R,88.94,15,23,17,0,1,5,1,3,5,103.2,82.93,27.39,0.0,0.0667,0.0435,0.3333,0.0667,0.1304,0.2174,2026-10-10,2026-10-10T11:34:57-04:00,Pitcher rolling HR/contact vulnerability metrics from Statcast.
30,689147,"Kerkering, Orion",R,91.89,25,22,17,1,1,4,1,5,13,109.4,84.64,13.55,0.04,0.04,0.0455,0.16,0.04,0.2273,0.5909,2026-10-10,2026-10-10T11:34:57-04:00,Pitcher rolling HR/contact vulnerability metrics from Statcast.
30,689149,"Dallas, Chad",R,88.75,17,18,9,1,1,3,1,1,4,106.9,87.09,14.22,0.0588,0.0588,0.0556,0.1765,0.0588,0.0556,0.2222,2026-10-10,2026-10-10T11:34:57-04:00,Pitcher rolling HR/contact vulnerability metrics from Statcast.
30,689225,"Brieske, Beau",R,92.19,43,59,38,2,2,7,3,12,17,108.1,82.55,18.0,0.0465,0.0465,0.0339,0.1628,0.0698,0.2034,0.2881,2026-10-10,2026-10-10T11:34:57-04:00,Pitcher rolling HR/contact vulnerability metrics from Statcast.
30,689254,"Fluharty, Mason",L,88.11,21,27,20,0,0,5,0,3,8,109.2,80.21,25.41,0.0,0.0,0.0,0.2381,0.0,0.1111,0.2963,2026-10-10,2026-10-10T11:34:57-04:00,Pitcher rolling HR/contact vulnerability metrics from Statcast.
30,689266,"Dodd, Dylan",L,91.24,35,48,37,1,1,9,0,10,12,109.3,82.12,31.6,0.0286,0.0286,0.0208,0.2571,0.0,0.2083,0.25,2026-10-10,2026-10-10T11:34:57-04:00,Pitcher rolling HR/contact vulnerability metrics from Statcast.
30,689296,"Nunez, Anthony",R,89.81,26,32,20,0,1,5,1,7,10,108.7,83.33,14.72,0.0,0.0385,0.0312,0.1923,0.0385,0.2188,0.3125,2026-10-10,2026-10-10T11:34:57-04:00,Pitcher rolling HR/contact vulnerability metrics from Statcast.
30,689818,"Sandlin, David",R,90.38,73,85,45,1,3,11,3,14,22,110.1,82.33,10.27,0.0137,0.0411,0.0353,0.1507,0.0411,0.1647,0.2588,2026-10-10,2026-10-10T11:34:57-04:00,Pitcher rolling HR/contact vulnerability metrics from Statcast.
30,689981,"Ryan, River",R,92.85,21,21,14,1,1,3,1,7,10,109.3,82.42,13.57,0.0476,0.0476,0.0476,0.1429,0.0476,0.3333,0.4762,2026-10-10,2026-10-10T11:34:57-04:00,Pitcher rolling HR/contact vulnerability metrics from Statcast.
30,690279,"Adams, Mason",R,89.03,65,77,45,2,3,15,3,11,25,112.0,85.78,13.13,0.0308,0.0462,0.039,0.2308,0.0462,0.1429,0.3247,2026-10-10,2026-10-10T11:34:57-04:00,Pitcher rolling HR/contact vulnerability metrics from Statcast.
30,690440,"Hanner, Bradley",R,87.07,16,21,18,2,2,5,1,7,8,107.5,86.72,33.38,0.125,0.125,0.0952,0.3125,0.0625,0.3333,0.381,2026-10-10,2026-10-10T11:34:57-04:00,Pitcher rolling HR/contact vulnerability metrics from Statcast.
30,690829,"Joyce, Ben",R,97.58,17,17,12,1,3,4,2,6,7,110.5,88.19,17.35,0.0588,0.1765,0.1765,0.2353,0.1176,0.3529,0.4118,2026-10-10,2026-10-10T11:34:57-04:00,Pitcher rolling HR/contact vulnerability metrics from Statcast.
30,690925,"Beeter, Clayton",R,89.32,3,4,3,0,0,1,0,0,0,98.7,86.08,29.5,0.0,0.0,0.0,0.3333,0.0,0.0,0.0,2026-10-10,2026-10-10T11:34:57-04:00,Pitcher rolling HR/contact vulnerability metrics from Statcast.
30,690978,"Fulton, Dax",L,90.89,34,34,22,1,1,5,1,4,13,111.4,86.53,16.94,0.0294,0.0294,0.0294,0.1471,0.0294,0.1176,0.3824,2026-10-10,2026-10-10T11:34:57-04:00,Pitcher rolling HR/contact vulnerability metrics from Statcast.
30,690986,"Harrison, Kyle",L,90.64,34,43,30,0,1,6,0,7,16,109.7,83.23,16.09,0.0,0.0294,0.0233,0.1765,0.0,0.1628,0.3721,2026-10-10,2026-10-10T11:34:57-04:00,Pitcher rolling HR/contact vulnerability metrics from Statcast.
30,690997,"McLean, Nolan",R,91.74,76,97,63,2,4,14,3,10,27,109.6,83.22,18.3,0.0263,0.0526,0.0412,0.1842,0.0395,0.1031,0.2784,2026-10-10,2026-10-10T11:34:57-04:00,Pitcher rolling HR/contact vulnerability metrics from Statcast.
30,691384,"Perales, Luis",R,91.12,23,23,15,2,2,4,1,5,9,101.2,87.0,21.17,0.087,0.087,0.087,0.1739,0.0435,0.2174,0.3913,2026-10-10,2026-10-10T11:34:57-04:00,Pitcher rolling HR/contact vulnerability metrics from Statcast.
30,691587,"Pérez, Eury",R,91.56,79,116,75,3,4,14,2,15,36,111.6,81.34,19.71,0.038,0.0506,0.0345,0.1772,0.0253,0.1293,0.3103,2026-10-10,2026-10-10T11:34:57-04:00,Pitcher rolling HR/contact vulnerability metrics from Statcast.
30,691725,"Painter, Andrew",R,91.7,81,92,53,2,2,7,2,15,24,105.2,83.03,13.61,0.0247,0.0247,0.0217,0.0864,0.0247,0.163,0.2609,2026-10-10,2026-10-10T11:34:57-04:00,Pitcher rolling HR/contact vulnerability metrics from Statcast.
30,691769,"Abner, Philip",L,86.7,15,18,10,4,4,5,3,5,4,106.1,88.0,11.44,0.2667,0.2667,0.2222,0.3333,0.2,0.2778,0.2222,2026-10-10,2026-10-10T11:34:57-04:00,Pitcher rolling HR/contact vulnerability metrics from Statcast.
30,691799,"Taylor, Grant",R,92.16,72,76,47,1,4,17,4,12,29,108.2,84.66,10.17,0.0139,0.0556,0.0526,0.2361,0.0556,0.1579,0.3816,2026-10-10,2026-10-10T11:34:57-04:00,Pitcher rolling HR/contact vulnerability metrics from Statcast.
30,692064,"Rodríguez, José",R,92.27,16,16,12,0,0,2,0,6,7,105.6,73.46,22.56,0.0,0.0,0.0,0.125,0.0,0.375,0.4375,2026-10-10,2026-10-10T11:34:57-04:00,Pitcher rolling HR/contact vulnerability metrics from Statcast.
30,693308,"Frasso, Nick",R,90.68,34,43,25,3,1,5,1,6,10,107.4,80.49,14.19,0.0882,0.0294,0.0233,0.1471,0.0294,0.1395,0.2326,2026-10-10,2026-10-10T11:34:57-04:00,Pitcher rolling HR/contact vulnerability metrics from Statcast.
30,693313,"Seymour, Carson",R,95.29,29,32,15,1,1,5,1,5,8,102.8,83.54,6.31,0.0345,0.0345,0.0312,0.1724,0.0345,0.1562,0.25,2026-10-10,2026-10-10T11:34:57-04:00,Pitcher rolling HR/contact vulnerability metrics from Statcast.
30,693433,"Woo, Bryan",R,92.54,77,97,68,0,2,13,2,15,40,110.7,83.27,19.15,0.0,0.026,0.0206,0.1688,0.026,0.1546,0.4124,2026-10-10,2026-10-10T11:34:57-04:00,Pitcher rolling HR/contact vulnerability metrics from Statcast.
30,693645,"Schlittler, Cam",R,95.34,105,149,103,0,2,11,1,11,40,112.4,80.66,23.12,0.0,0.019,0.0134,0.1048,0.0095,0.0738,0.2685,2026-10-10,2026-10-10T11:34:57-04:00,Pitcher rolling HR/contact vulnerability metrics from Statcast.
30,693686,"Miles, Spencer",R,91.94,38,50,35,0,1,6,1,6,17,105.5,82.07,19.6,0.0,0.0263,0.02,0.1579,0.0263,0.12,0.34,2026-10-10,2026-10-10T11:34:57-04:00,Pitcher rolling HR/contact vulnerability metrics from Statcast.
30,693855,"Seymour, Ian",L,87.19,80,104,72,4,6,13,4,16,29,110.9,80.23,22.94,0.05,0.075,0.0577,0.1625,0.05,0.1538,0.2788,2026-10-10,2026-10-10T11:34:57-04:00,Pitcher rolling HR/contact vulnerability metrics from Statcast.
30,694037,"Palencia, Daniel",R,96.67,30,38,29,1,2,9,2,8,11,107.5,84.55,28.55,0.0333,0.0667,0.0526,0.3,0.0667,0.2105,0.2895,2026-10-10,2026-10-10T11:34:57-04:00,Pitcher rolling HR/contact vulnerability metrics from Statcast.
30,694297,"Pfaadt, Brandon",R,89.58,80,100,62,1,3,14,3,18,30,112.2,82.46,15.61,0.0125,0.0375,0.03,0.175,0.0375,0.18,0.3,2026-10-10,2026-10-10T11:34:57-04:00,Pitcher rolling HR/contact vulnerability metrics from Statcast.
30,694341,"Beck, Brendan",R,87.28,24,25,21,2,3,5,2,7,9,110.5,84.15,31.0,0.0833,0.125,0.12,0.2083,0.0833,0.28,0.36,2026-10-10,2026-10-10T11:34:57-04:00,Pitcher rolling HR/contact vulnerability metrics from Statcast.
30,694346,"Gibson, Trey",R,90.69,24,33,17,0,0,1,1,0,12,102.4,81.86,8.82,0.0,0.0,0.0,0.0417,0.0417,0.0,0.3636,2026-10-10,2026-10-10T11:34:57-04:00,Pitcher rolling HR/contact vulnerability metrics from Statcast.
30,694357,"Tiedemann, Ricky",L,87.81,9,7,6,0,0,0,0,2,4,86.2,76.07,30.0,0.0,0.0,0.0,0.0,0.0,0.2857,0.5714,2026-10-10,2026-10-10T11:34:57-04:00,Pitcher rolling HR/contact vulnerability metrics from Statcast.
30,694477,"Patrick, Chad",R,93.29,28,30,22,1,2,6,1,6,8,117.4,84.6,23.47,0.0357,0.0714,0.0667,0.2143,0.0357,0.2,0.2667,2026-10-10,2026-10-10T11:34:57-04:00,Pitcher rolling HR/contact vulnerability metrics from Statcast.
30,694494,"Johnson, Ty",R,89.37,26,43,36,1,2,4,0,7,14,113.7,80.88,35.26,0.0385,0.0769,0.0465,0.1538,0.0,0.1628,0.3256,2026-10-10,2026-10-10T11:34:57-04:00,Pitcher rolling HR/contact vulnerability metrics from Statcast.
30,694680,"Martin, Trevor",R,90.31,7,12,9,0,0,3,0,1,4,98.8,80.08,16.58,0.0,0.0,0.0,0.4286,0.0,0.0833,0.3333,2026-10-10,2026-10-10T11:34:57-04:00,Pitcher rolling HR/contact vulnerability metrics from Statcast.
30,694738,"Roupp, Landen",R,88.27,20,23,13,0,2,5,1,4,8,111.0,84.84,5.04,0.0,0.1,0.087,0.25,0.05,0.1739,0.3478,2026-10-10,2026-10-10T11:34:57-04:00,Pitcher rolling HR/contact vulnerability metrics from Statcast.
30,694753,"Curtis, Khristian",R,90.46,48,68,47,1,4,7,4,10,14,107.4,80.2,28.43,0.0208,0.0833,0.0588,0.1458,0.0833,0.1471,0.2059,2026-10-10,2026-10-10T11:34:57-04:00,Pitcher rolling HR/contact vulnerability metrics from Statcast.
30,694795,"Ekness, Josh",R,96.48,30,42,29,0,0,2,0,1,13,104.4,79.62,27.57,0.0,0.0,0.0,0.0667,0.0,0.0238,0.3095,2026-10-10,2026-10-10T11:34:57-04:00,Pitcher rolling HR/contact vulnerability metrics from Statcast.
30,694819,"Misiorowski, Jacob",R,97.82,67,98,71,0,0,11,0,10,31,105.1,82.81,24.21,0.0,0.0,0.0,0.1642,0.0,0.102,0.3163,2026-10-10,2026-10-10T11:34:57-04:00,Pitcher rolling HR/contact vulnerability metrics from Statcast.
30,694820,"Roxby, Braxton",R,87.78,14,17,12,0,0,2,0,2,5,106.0,84.65,28.82,0.0,0.0,0.0,0.1429,0.0,0.1176,0.2941,2026-10-10,2026-10-10T11:34:57-04:00,Pitcher rolling HR/contact vulnerability metrics from Statcast.
30,694918,"Tidwell, Blade",R,89.38,38,49,35,2,4,9,2,11,13,111.0,83.16,25.12,0.0526,0.1053,0.0816,0.2368,0.0526,0.2245,0.2653,2026-10-10,2026-10-10T11:34:57-04:00,Pitcher rolling HR/contact vulnerability metrics from Statcast.
30,694973,"Skenes, Paul",R,91.46,72,86,62,5,5,13,4,18,34,110.9,82.65,23.21,0.0694,0.0694,0.0581,0.1806,0.0556,0.2093,0.3953,2026-10-10,2026-10-10T11:34:57-04:00,Pitcher rolling HR/contact vulnerability metrics from Statcast.
30,695076,"Lowder, Rhett",R,90.28,62,72,46,1,4,11,3,14,24,110.0,85.55,16.08,0.0161,0.0645,0.0556,0.1774,0.0484,0.1944,0.3333,2026-10-10,2026-10-10T11:34:57-04:00,Pitcher rolling HR/contact vulnerability metrics from Statcast.
30,695239,"Ahlstrom, Robby",L,90.24,9,8,6,0,1,2,1,1,4,100.2,78.26,22.12,0.0,0.1111,0.125,0.2222,0.1111,0.125,0.5,2026-10-10,2026-10-10T11:34:57-04:00,Pitcher rolling HR/contact vulnerability metrics from Statcast.
30,695243,"Miller, Mason",R,95.44,58,52,36,1,3,8,2,2,25,110.8,84.55,17.9,0.0172,0.0517,0.0577,0.1379,0.0345,0.0385,0.4808,2026-10-10,2026-10-10T11:34:57-04:00,Pitcher rolling HR/contact vulnerability metrics from Statcast.
30,695378,"Sinclair, Jack",R,89.44,33,43,24,0,0,5,1,5,11,106.7,81.98,12.0,0.0,0.0,0.0,0.1515,0.0303,0.1163,0.2558,2026-10-10,2026-10-10T11:34:57-04:00,Pitcher rolling HR/contact vulnerability metrics from Statcast.
30,695380,"Hoppe, Alex",R,97.45,20,28,20,1,2,5,1,4,14,114.8,84.66,10.14,0.05,0.1,0.0714,0.25,0.05,0.1429,0.5,2026-10-10,2026-10-10T11:34:57-04:00,Pitcher rolling HR/contact vulnerability metrics from Statcast.
30,695418,"Lord, Brad",R,91.65,26,33,20,1,1,5,1,4,10,103.8,82.46,14.09,0.0385,0.0385,0.0303,0.1923,0.0385,0.1212,0.303,2026-10-10,2026-10-10T11:34:57-04:00,Pitcher rolling HR/contact vulnerability metrics from Statcast.
30,695445,"Lee, Chase",R,87.05,5,4,3,0,0,1,0,0,0,97.4,78.25,31.75,0.0,0.0,0.0,0.2,0.0,0.0,0.0,2026-10-10,2026-10-10T11:34:57-04:00,Pitcher rolling HR/contact vulnerability metrics from Statcast.
30,695505,"Burns, Chase",R,94.63,28,28,22,2,2,4,2,4,8,103.6,85.95,31.18,0.0714,0.0714,0.0714,0.1429,0.0714,0.1429,0.2857,2026-10-10,2026-10-10T11:34:57-04:00,Pitcher rolling HR/contact vulnerability metrics from Statcast.
30,695549,"Jobe, Jackson",R,91.58,69,75,50,2,3,10,4,12,21,106.4,83.25,19.85,0.029,0.0435,0.04,0.1449,0.058,0.16,0.28,2026-10-10,2026-10-10T11:34:57-04:00,Pitcher rolling HR/contact vulnerability metrics from Statcast.
30,695611,"Jump, Gage",L,88.68,12,17,9,2,1,3,0,5,5,102.8,82.08,8.12,0.1667,0.0833,0.0588,0.25,0.0,0.2941,0.2941,2026-10-10,2026-10-10T11:34:57-04:00,Pitcher rolling HR/contact vulnerability metrics from Statcast.
30,696062,"Dotel, Wilber",R,94.31,44,60,41,1,2,8,2,8,13,110.8,83.72,25.43,0.0227,0.0455,0.0333,0.1818,0.0455,0.1333,0.2167,2026-10-10,2026-10-10T11:34:57-04:00,Pitcher rolling HR/contact vulnerability metrics from Statcast.
30,696146,"Smith, Hagen",L,89.35,80,78,47,0,0,7,0,12,27,110.0,80.75,13.18,0.0,0.0,0.0,0.0875,0.0,0.1538,0.3462,2026-10-10,2026-10-10T11:34:57-04:00,Pitcher rolling HR/contact vulnerability metrics from Statcast.
30,696147,"Bachman, Sam",R,90.13,19,16,9,1,2,4,1,4,6,110.8,83.14,5.19,0.0526,0.1053,0.125,0.2105,0.0526,0.25,0.375,2026-10-10,2026-10-10T11:34:57-04:00,Pitcher rolling HR/contact vulnerability metrics from Statcast.
30,696149,"Chandler, Bubba",R,94.35,61,76,57,2,4,14,4,17,28,106.4,83.14,22.89,0.0328,0.0656,0.0526,0.2295,0.0656,0.2237,0.3684,2026-10-10,2026-10-10T11:34:57-04:00,Pitcher rolling HR/contact vulnerability metrics from Statcast.
30,696270,"Johnson, Ryan",R,86.25,74,96,67,0,3,11,2,18,27,111.4,77.6,22.94,0.0,0.0405,0.0312,0.1486,0.027,0.1875,0.2812,2026-10-10,2026-10-10T11:34:57-04:00,Pitcher rolling HR/contact vulnerability metrics from Statcast.
30,696519,"Natera Jr., Samy",L,92.16,7,12,9,0,0,1,0,2,3,101.2,75.89,19.33,0.0,0.0,0.0,0.1429,0.0,0.1667,0.25,2026-10-10,2026-10-10T11:34:57-04:00,Pitcher rolling HR/contact vulnerability metrics from Statcast.
30,697812,"Rock, Joe",L,90.37,3,4,4,0,0,0,0,0,2,81.3,68.67,37.0,0.0,0.0,0.0,0.0,0.0,0.0,0.5,2026-10-10,2026-10-10T11:34:57-04:00,Pitcher rolling HR/contact vulnerability metrics from Statcast.
30,699008,"Kelly, Antwone",R,94.15,45,60,46,2,3,13,3,9,23,109.8,83.48,23.77,0.0444,0.0667,0.05,0.2889,0.0667,0.15,0.3833,2026-10-10,2026-10-10T11:34:57-04:00,Pitcher rolling HR/contact vulnerability metrics from Statcast.
30,699044,"Ullola, Miguel",R,91.17,45,55,38,1,3,7,2,12,9,109.0,85.34,28.02,0.0222,0.0667,0.0545,0.1556,0.0444,0.2182,0.1636,2026-10-10,2026-10-10T11:34:57-04:00,Pitcher rolling HR/contact vulnerability metrics from Statcast.
30,699134,"Rodriguez, Bradgley",R,95.48,61,77,45,3,3,16,2,12,20,109.2,85.34,14.22,0.0492,0.0492,0.039,0.2623,0.0328,0.1558,0.2597,2026-10-10,2026-10-10T11:34:57-04:00,Pitcher rolling HR/contact vulnerability metrics from Statcast.
30,699151,"Paez, Jedixson",R,85.78,18,30,18,0,0,3,0,2,8,110.6,80.23,15.87,0.0,0.0,0.0,0.1667,0.0,0.0667,0.2667,2026-10-10,2026-10-10T11:34:57-04:00,Pitcher rolling HR/contact vulnerability metrics from Statcast.
30,699823,"Davis, Tyler",R,90.49,18,32,26,1,1,4,1,5,13,109.4,82.01,31.41,0.0556,0.0556,0.0312,0.2222,0.0556,0.1562,0.4062,2026-10-10,2026-10-10T11:34:57-04:00,Pitcher rolling HR/contact vulnerability metrics from Statcast.
30,700187,"Taylor, Troy",R,91.5,15,13,8,1,1,3,2,4,4,103.3,89.38,13.31,0.0667,0.0667,0.0769,0.2,0.1333,0.3077,0.3077,2026-10-10,2026-10-10T11:34:57-04:00,Pitcher rolling HR/contact vulnerability metrics from Statcast.
30,700241,"McGreevy, Michael",R,87.85,67,86,55,1,2,17,5,13,32,110.6,85.73,12.45,0.0149,0.0299,0.0233,0.2537,0.0746,0.1512,0.3721,2026-10-10,2026-10-10T11:34:57-04:00,Pitcher rolling HR/contact vulnerability metrics from Statcast.
30,700249,"Povich, Cade",L,88.19,18,24,17,1,1,2,1,2,6,107.5,83.08,24.38,0.0556,0.0556,0.0417,0.1111,0.0556,0.0833,0.25,2026-10-10,2026-10-10T11:34:57-04:00,Pitcher rolling HR/contact vulnerability metrics from Statcast.
30,700270,"Díaz, Yilber",R,90.0,6,6,4,0,0,1,0,1,1,107.7,85.98,25.0,0.0,0.0,0.0,0.1667,0.0,0.1667,0.1667,2026-10-10,2026-10-10T11:34:57-04:00,Pitcher rolling HR/contact vulnerability metrics from Statcast.
30,700363,"Smith-Shawver, AJ",R,89.56,54,86,63,5,4,19,6,12,32,110.2,83.74,22.16,0.0926,0.0741,0.0465,0.3519,0.1111,0.1395,0.3721,2026-10-10,2026-10-10T11:34:57-04:00,Pitcher rolling HR/contact vulnerability metrics from Statcast.
30,700669,"Graceffo, Gordon",R,90.92,35,39,26,0,2,9,1,4,13,107.0,84.82,21.15,0.0,0.0571,0.0513,0.2571,0.0286,0.1026,0.3333,2026-10-10,2026-10-10T11:34:57-04:00,Pitcher rolling HR/contact vulnerability metrics from Statcast.
30,700712,"Ureña, Walbert",R,94.92,73,90,46,1,3,12,1,12,26,115.1,82.53,7.72,0.0137,0.0411,0.0333,0.1644,0.0137,0.1333,0.2889,2026-10-10,2026-10-10T11:34:57-04:00,Pitcher rolling HR/contact vulnerability metrics from Statcast.
30,701121,"VanWey, Logan",R,89.87,25,49,36,1,1,4,0,4,14,108.4,80.86,23.47,0.04,0.04,0.0204,0.16,0.0,0.0816,0.2857,2026-10-10,2026-10-10T11:34:57-04:00,Pitcher rolling HR/contact vulnerability metrics from Statcast.
30,701474,"Davitt, Duncan",R,88.42,29,33,19,2,3,5,3,5,11,104.4,86.26,16.15,0.069,0.1034,0.0909,0.1724,0.1034,0.1515,0.3333,2026-10-10,2026-10-10T11:34:57-04:00,Pitcher rolling HR/contact vulnerability metrics from Statcast.
30,701519,"Adams, Travis",R,90.56,39,46,29,1,0,9,0,9,14,107.6,85.48,15.61,0.0256,0.0,0.0,0.2308,0.0,0.1957,0.3043,2026-10-10,2026-10-10T11:34:57-04:00,Pitcher rolling HR/contact vulnerability metrics from Statcast.
30,701542,"Warren, Will",R,88.65,66,71,43,1,1,10,2,11,16,108.4,86.25,19.79,0.0152,0.0152,0.0141,0.1515,0.0303,0.1549,0.2254,2026-10-10,2026-10-10T11:34:57-04:00,Pitcher rolling HR/contact vulnerability metrics from Statcast.
30,701656,"Henderson, Logan",R,88.87,66,92,65,2,2,11,2,15,25,113.1,80.7,26.45,0.0303,0.0303,0.0217,0.1667,0.0303,0.163,0.2717,2026-10-10,2026-10-10T11:34:57-04:00,Pitcher rolling HR/contact vulnerability metrics from Statcast.
30,702021,"Dion, Will",L,85.4,43,67,53,1,3,9,4,10,27,112.9,80.37,24.09,0.0233,0.0698,0.0448,0.2093,0.093,0.1493,0.403,2026-10-10,2026-10-10T11:34:57-04:00,Pitcher rolling HR/contact vulnerability metrics from Statcast.
30,702047,"Cook, Alex",R,92.42,7,7,5,0,0,0,0,0,3,94.9,80.69,22.57,0.0,0.0,0.0,0.0,0.0,0.0,0.4286,2026-10-10,2026-10-10T11:34:57-04:00,Pitcher rolling HR/contact vulnerability metrics from Statcast.
30,702056,"Yesavage, Trey",R,88.16,16,21,14,2,2,2,2,4,7,103.3,79.14,22.95,0.125,0.125,0.0952,0.125,0.125,0.1905,0.3333,2026-10-10,2026-10-10T11:34:57-04:00,Pitcher rolling HR/contact vulnerability metrics from Statcast.
30,702070,"Cameron, Noah",L,87.25,77,109,66,5,7,23,8,19,30,112.3,84.64,17.58,0.0649,0.0909,0.0642,0.2987,0.1039,0.1743,0.2752,2026-10-10,2026-10-10T11:34:57-04:00,Pitcher rolling HR/contact vulnerability metrics from Statcast.
30,702193,"Morris, Andrew",R,94.22,32,45,27,1,3,8,1,6,12,111.1,81.26,14.98,0.0312,0.0938,0.0667,0.25,0.0312,0.1333,0.2667,2026-10-10,2026-10-10T11:34:57-04:00,Pitcher rolling HR/contact vulnerability metrics from Statcast.
30,702273,"Schultz, Noah",L,90.39,46,61,38,2,3,9,3,12,15,106.5,83.19,16.95,0.0435,0.0652,0.0492,0.1957,0.0652,0.1967,0.2459,2026-10-10,2026-10-10T11:34:57-04:00,Pitcher rolling HR/contact vulnerability metrics from Statcast.
30,702275,"Ritchie, JR",R,89.92,70,97,52,4,5,14,5,13,27,109.4,80.09,10.76,0.0571,0.0714,0.0515,0.2,0.0714,0.134,0.2784,2026-10-10,2026-10-10T11:34:57-04:00,Pitcher rolling HR/contact vulnerability metrics from Statcast.
30,702352,"Bivens, Spencer",R,91.03,12,17,11,0,1,1,1,3,6,101.1,75.98,15.35,0.0,0.0833,0.0588,0.0833,0.0833,0.1765,0.3529,2026-10-10,2026-10-10T11:34:57-04:00,Pitcher rolling HR/contact vulnerability metrics from Statcast.
30,702566,"Murphy, Owen",R,87.19,27,37,27,3,3,8,3,11,15,105.6,84.86,20.22,0.1111,0.1111,0.0811,0.2963,0.1111,0.2973,0.4054,2026-10-10,2026-10-10T11:34:57-04:00,Pitcher rolling HR/contact vulnerability metrics from Statcast.
30,702752,"Pintaro, Jonathan",R,92.18,16,20,15,1,1,3,1,2,6,109.6,79.28,25.45,0.0625,0.0625,0.05,0.1875,0.0625,0.1,0.3,2026-10-10,2026-10-10T11:34:57-04:00,Pitcher rolling HR/contact vulnerability metrics from Statcast.
30,702885,"Perdomo, Cesar",L,89.35,69,89,59,3,5,21,5,17,29,107.5,84.74,18.69,0.0435,0.0725,0.0562,0.3043,0.0725,0.191,0.3258,2026-10-10,2026-10-10T11:34:57-04:00,Pitcher rolling HR/contact vulnerability metrics from Statcast.
30,703615,"Cabrera, Jose",R,91.48,10,16,13,2,2,4,1,4,3,108.3,82.62,30.81,0.2,0.2,0.125,0.4,0.1,0.25,0.1875,2026-10-10,2026-10-10T11:34:57-04:00,Pitcher rolling HR/contact vulnerability metrics from Statcast.
30,703725,"Gastelum, Luis",R,87.12,30,39,26,0,1,2,1,7,14,105.0,79.51,17.08,0.0,0.0333,0.0256,0.0667,0.0333,0.1795,0.359,2026-10-10,2026-10-10T11:34:57-04:00,Pitcher rolling HR/contact vulnerability metrics from Statcast.
30,800048,"Messick, Parker",L,91.33,115,175,113,2,5,19,5,24,49,114.2,80.29,19.12,0.0174,0.0435,0.0286,0.1652,0.0435,0.1371,0.28,2026-10-10,2026-10-10T11:34:57-04:00,Pitcher rolling HR/contact vulnerability metrics from Statcast.
30,800311,"Fuentes, Didier",R,93.07,61,84,59,3,5,9,3,8,28,109.1,83.61,18.96,0.0492,0.082,0.0595,0.1475,0.0492,0.0952,0.3333,2026-10-10,2026-10-10T11:34:57-04:00,Pitcher rolling HR/contact vulnerability metrics from Statcast.
30,800600,"Kent, Jackson",L,87.93,41,56,32,1,0,8,0,9,22,106.7,80.81,10.41,0.0244,0.0,0.0,0.1951,0.0,0.1607,0.3929,2026-10-10,2026-10-10T11:34:57-04:00,Pitcher rolling HR/contact vulnerability metrics from Statcast.
30,801139,"Tolle, Payton",L,92.39,71,107,76,0,1,6,1,11,35,110.3,79.74,23.63,0.0,0.0141,0.0093,0.0845,0.0141,0.1028,0.3271,2026-10-10,2026-10-10T11:34:57-04:00,Pitcher rolling HR/contact vulnerability metrics from Statcast.
30,801725,"De León, Luis",L,92.13,21,28,13,0,1,1,0,1,5,106.1,81.64,3.75,0.0,0.0476,0.0357,0.0476,0.0,0.0357,0.1786,2026-10-10,2026-10-10T11:34:57-04:00,Pitcher rolling HR/contact vulnerability metrics from Statcast.
30,802408,"Mautz, Brycen",L,87.61,27,27,17,0,1,4,3,5,12,108.5,80.67,8.26,0.0,0.037,0.037,0.1481,0.1111,0.1852,0.4444,2026-10-10,2026-10-10T11:34:57-04:00,Pitcher rolling HR/contact vulnerability metrics from Statcast.
30,804267,"Thornton, Zac",L,88.88,70,108,78,3,6,25,4,18,33,110.1,83.72,22.46,0.0429,0.0857,0.0556,0.3571,0.0571,0.1667,0.3056,2026-10-10,2026-10-10T11:34:57-04:00,Pitcher rolling HR/contact vulnerability metrics from Statcast.
30,804619,"Klein, John",R,88.59,16,21,12,0,1,4,1,3,5,106.7,77.53,12.95,0.0,0.0625,0.0476,0.25,0.0625,0.1429,0.2381,2026-10-10,2026-10-10T11:34:57-04:00,Pitcher rolling HR/contact vulnerability metrics from Statcast.
30,804636,"Tong, Jonah",R,90.46,66,80,53,0,2,11,2,9,23,113.0,81.01,20.35,0.0,0.0303,0.025,0.1667,0.0303,0.1125,0.2875,2026-10-10,2026-10-10T11:34:57-04:00,Pitcher rolling HR/contact vulnerability metrics from Statcast.
30,804926,"Peterson, Austin",R,87.04,19,20,14,2,3,7,5,3,7,109.0,91.69,22.1,0.1053,0.1579,0.15,0.3684,0.2632,0.15,0.35,2026-10-10,2026-10-10T11:34:57-04:00,Pitcher rolling HR/contact vulnerability metrics from Statcast.
30,805074,"Marte, Yunior",R,88.12,64,83,44,3,6,14,4,14,19,109.9,82.91,13.29,0.0469,0.0938,0.0723,0.2188,0.0625,0.1687,0.2289,2026-10-10,2026-10-10T11:34:57-04:00,Pitcher rolling HR/contact vulnerability metrics from Statcast.
30,805123,"Blubaugh, AJ",R,91.67,41,50,36,1,2,3,2,6,15,111.0,83.57,25.08,0.0244,0.0488,0.04,0.0732,0.0488,0.12,0.3,2026-10-10,2026-10-10T11:34:57-04:00,Pitcher rolling HR/contact vulnerability metrics from Statcast.
30,805299,"Garcia, Brandyn",L,94.4,29,26,16,1,1,2,1,5,9,109.7,78.98,9.77,0.0345,0.0345,0.0385,0.069,0.0345,0.1923,0.3462,2026-10-10,2026-10-10T11:34:57-04:00,Pitcher rolling HR/contact vulnerability metrics from Statcast.
30,805326,"Schweitzer, Tyler",L,90.89,8,12,8,0,1,3,2,3,3,111.5,82.83,16.5,0.0,0.125,0.0833,0.375,0.25,0.25,0.25,2026-10-10,2026-10-10T11:34:57-04:00,Pitcher rolling HR/contact vulnerability metrics from Statcast.
30,805345,"Harris, Trent",R,89.27,27,36,23,1,1,5,2,9,13,106.9,83.24,17.69,0.037,0.037,0.0278,0.1852,0.0741,0.25,0.3611,2026-10-10,2026-10-10T11:34:57-04:00,Pitcher rolling HR/contact vulnerability metrics from Statcast.
30,805427,"Sommers, Drew",L,92.36,26,24,12,1,1,3,1,1,6,111.0,84.69,10.12,0.0385,0.0385,0.0417,0.1154,0.0385,0.0417,0.25,2026-10-10,2026-10-10T11:34:57-04:00,Pitcher rolling HR/contact vulnerability metrics from Statcast.
30,805673,"Matthews, Zebby",R,90.22,45,57,34,1,1,12,2,9,17,110.8,84.92,17.44,0.0222,0.0222,0.0175,0.2667,0.0444,0.1579,0.2982,2026-10-10,2026-10-10T11:34:57-04:00,Pitcher rolling HR/contact vulnerability metrics from Statcast.
30,806188,"Gibson, Cade",L,86.1,26,34,15,1,1,2,1,4,8,105.2,80.33,8.56,0.0385,0.0385,0.0294,0.0769,0.0385,0.1176,0.2353,2026-10-10,2026-10-10T11:34:57-04:00,Pitcher rolling HR/contact vulnerability metrics from Statcast.
30,807739,"Anderson, Kade",L,88.77,59,80,48,0,3,9,2,13,26,106.9,81.97,15.16,0.0,0.0508,0.0375,0.1525,0.0339,0.1625,0.325,2026-10-10,2026-10-10T11:34:57-04:00,Pitcher rolling HR/contact vulnerability metrics from Statcast.
30,808825,"Sears, Andrew",L,89.38,41,49,36,2,2,7,2,9,15,105.1,82.23,23.86,0.0488,0.0488,0.0408,0.1707,0.0488,0.1837,0.3061,2026-10-10,2026-10-10T11:34:57-04:00,Pitcher rolling HR/contact vulnerability metrics from Statcast.
30,808963,"Sasaki, Roki",R,94.07,19,20,12,0,0,0,0,2,5,109.8,79.82,16.4,0.0,0.0,0.0,0.0,0.0,0.1,0.25,2026-10-10,2026-10-10T11:34:57-04:00,Pitcher rolling HR/contact vulnerability metrics from Statcast.
30,808967,"Yamamoto, Yoshinobu",R,90.72,76,90,52,1,1,2,1,10,25,109.5,77.86,14.58,0.0132,0.0132,0.0111,0.0263,0.0132,0.1111,0.2778,2026-10-10,2026-10-10T11:34:57-04:00,Pitcher rolling HR/contact vulnerability metrics from Statcast.
30,811315,"Hopkins, Brody",R,94.72,24,26,19,1,0,3,0,1,7,101.6,80.65,22.38,0.0417,0.0,0.0,0.125,0.0,0.0385,0.2692,2026-10-10,2026-10-10T11:34:57-04:00,Pitcher rolling HR/contact vulnerability metrics from Statcast.
30,813349,"Early, Connelly",L,88.66,10,11,6,0,1,1,0,2,2,97.7,87.16,11.09,0.0,0.1,0.0909,0.1,0.0,0.1818,0.1818,2026-10-10,2026-10-10T11:34:57-04:00,Pitcher rolling HR/contact vulnerability metrics from Statcast.
30,814305,"Tur, Yunior",R,90.2,31,40,27,2,1,7,2,9,12,109.0,83.94,21.5,0.0645,0.0323,0.025,0.2258,0.0645,0.225,0.3,2026-10-10,2026-10-10T11:34:57-04:00,Pitcher rolling HR/contact vulnerability metrics from Statcast.
30,814490,"Pecko, Ethan",R,88.66,63,91,60,1,4,11,4,12,26,112.0,82.65,21.6,0.0159,0.0635,0.044,0.1746,0.0635,0.1319,0.2857,2026-10-10,2026-10-10T11:34:57-04:00,Pitcher rolling HR/contact vulnerability metrics from Statcast.
30,815081,"Manfredi, Mark",L,90.66,29,35,23,1,2,7,2,7,9,111.4,87.17,19.14,0.0345,0.069,0.0571,0.2414,0.069,0.2,0.2571,2026-10-10,2026-10-10T11:34:57-04:00,Pitcher rolling HR/contact vulnerability metrics from Statcast.
30,815083,"Farris, Mitch",L,85.22,39,43,18,1,1,3,2,5,13,106.6,81.04,7.0,0.0256,0.0256,0.0233,0.0769,0.0513,0.1163,0.3023,2026-10-10,2026-10-10T11:34:57-04:00,Pitcher rolling HR/contact vulnerability metrics from Statcast.
30,820862,"Fermin, José",R,91.94,21,27,17,0,0,5,0,4,11,107.1,84.19,12.81,0.0,0.0,0.0,0.2381,0.0,0.1481,0.4074,2026-10-10,2026-10-10T11:34:57-04:00,Pitcher rolling HR/contact vulnerability metrics from Statcast.
30,837227,"Imai, Tatsuya",R,90.09,13,19,16,0,0,2,0,2,4,108.9,74.72,30.74,0.0,0.0,0.0,0.1538,0.0,0.1053,0.2105,2026-10-10,2026-10-10T11:34:57-04:00,Pitcher rolling HR/contact vulnerability metrics from Statcast.
