window_days,batter_id,player,team_recent,stand_recent,pa,bbe,air_bbe,hr,barrels,hard_air_bbe,blast_bbe,pulled_air_proxy_bbe,sweet_spot_bbe,max_ev,avg_ev,avg_la,hr_per_pa,barrel_per_pa,barrel_per_bbe,hard_air_per_pa,blast_per_pa,pulled_air_per_bbe,sweet_spot_per_bbe,slate_date,pull_timestamp,data_notes
7,500743,miguel rojas,LAD,R,7,6,3,0,0,1,0,1,2,100.3,88.15,10.5,0.0,0.0,0.0,0.1429,0.0,0.1667,0.3333,2026-10-02,2026-10-02T11:58:59-04:00,Batter rolling HR contact-shape metrics from Statcast.
7,502054,tommy pham,CWS,R,6,7,3,0,0,0,0,0,2,104.0,84.03,22.71,0.0,0.0,0.0,0.0,0.0,0.0,0.2857,2026-10-02,2026-10-02T11:58:59-04:00,Batter rolling HR contact-shape metrics from Statcast.
7,502671,paul goldschmidt,NYY,R,11,17,12,0,0,3,0,3,6,99.8,84.14,16.06,0.0,0.0,0.0,0.2727,0.0,0.1765,0.3529,2026-10-02,2026-10-02T11:58:59-04:00,Batter rolling HR contact-shape metrics from Statcast.
7,514888,josé altuve,HOU,R,22,26,18,1,1,3,0,5,7,103.4,81.17,20.65,0.0455,0.0455,0.0385,0.1364,0.0,0.1923,0.2692,2026-10-02,2026-10-02T11:58:59-04:00,Batter rolling HR contact-shape metrics from Statcast.
7,518595,travis d'arnaud,LAA,R,4,6,4,0,0,0,0,0,0,94.2,83.27,26.33,0.0,0.0,0.0,0.0,0.0,0.0,0.0,2026-10-02,2026-10-02T11:58:59-04:00,Batter rolling HR contact-shape metrics from Statcast.
7,518692,freddie freeman,LAD,L,7,8,3,0,0,2,0,0,2,101.7,87.25,8.62,0.0,0.0,0.0,0.2857,0.0,0.0,0.25,2026-10-02,2026-10-02T11:58:59-04:00,Batter rolling HR contact-shape metrics from Statcast.
7,521692,salvador pérez,KC,R,12,20,16,1,3,4,2,4,6,109.9,85.34,26.6,0.0833,0.25,0.15,0.3333,0.1667,0.2,0.3,2026-10-02,2026-10-02T11:58:59-04:00,Batter rolling HR contact-shape metrics from Statcast.
7,543510,james mccann,AZ,R,9,10,7,1,2,2,1,0,5,105.0,88.83,18.0,0.1111,0.2222,0.2,0.2222,0.1111,0.0,0.5,2026-10-02,2026-10-02T11:58:59-04:00,Batter rolling HR contact-shape metrics from Statcast.
7,543760,marcus semien,NYM,R,8,14,7,0,0,1,1,0,2,103.9,81.75,10.86,0.0,0.0,0.0,0.125,0.125,0.0,0.1429,2026-10-02,2026-10-02T11:58:59-04:00,Batter rolling HR contact-shape metrics from Statcast.
7,543807,george springer,TOR,R,7,8,5,0,1,2,1,1,4,109.7,86.6,15.75,0.0,0.1429,0.125,0.2857,0.1429,0.125,0.5,2026-10-02,2026-10-02T11:58:59-04:00,Batter rolling HR contact-shape metrics from Statcast.
7,545121,ildemaro vargas,AZ,L,2,0,0,0,0,0,0,0,0,,,,0.0,0.0,,0.0,0.0,,,2026-10-02,2026-10-02T11:58:59-04:00,Batter rolling HR contact-shape metrics from Statcast.
7,545341,randal grichuk,CWS,R,14,20,18,1,1,6,2,7,6,111.5,82.39,41.9,0.0714,0.0714,0.05,0.4286,0.1429,0.35,0.3,2026-10-02,2026-10-02T11:58:59-04:00,Batter rolling HR contact-shape metrics from Statcast.
7,545361,mike trout,LAA,R,10,11,8,0,1,3,0,1,4,108.6,84.93,21.82,0.0,0.1,0.0909,0.3,0.0,0.0909,0.3636,2026-10-02,2026-10-02T11:58:59-04:00,Batter rolling HR contact-shape metrics from Statcast.
7,547180,bryce harper,PHI,L,27,38,27,2,2,4,2,5,11,111.6,82.25,24.55,0.0741,0.0741,0.0526,0.1481,0.0741,0.1316,0.2895,2026-10-02,2026-10-02T11:58:59-04:00,Batter rolling HR contact-shape metrics from Statcast.
7,553869,elías díaz,TEX,R,1,1,1,1,1,1,1,1,0,104.1,104.1,33.0,1.0,1.0,1.0,1.0,1.0,1.0,0.0,2026-10-02,2026-10-02T11:58:59-04:00,Batter rolling HR contact-shape metrics from Statcast.
7,553993,eugenio suárez,CIN,R,8,9,7,1,2,3,2,2,5,105.5,90.27,21.22,0.125,0.25,0.2222,0.375,0.25,0.2222,0.5556,2026-10-02,2026-10-02T11:58:59-04:00,Batter rolling HR contact-shape metrics from Statcast.
7,571448,nolan arenado,AZ,R,13,14,6,1,1,5,2,2,5,103.1,92.14,3.64,0.0769,0.0769,0.0714,0.3846,0.1538,0.1429,0.3571,2026-10-02,2026-10-02T11:58:59-04:00,Batter rolling HR contact-shape metrics from Statcast.
7,571657,kyle farmer,ATL,R,2,2,2,0,1,1,0,0,1,97.5,86.25,55.0,0.0,0.5,0.5,0.5,0.0,0.0,0.5,2026-10-02,2026-10-02T11:58:59-04:00,Batter rolling HR contact-shape metrics from Statcast.
7,571771,enrique hernández,LAD,R,9,13,9,1,1,2,1,1,4,106.9,88.4,23.38,0.1111,0.1111,0.0769,0.2222,0.1111,0.0769,0.3077,2026-10-02,2026-10-02T11:58:59-04:00,Batter rolling HR contact-shape metrics from Statcast.
7,571912,luke maile,KC,R,3,3,2,0,0,0,0,1,0,94.4,80.1,44.0,0.0,0.0,0.0,0.0,0.0,0.3333,0.0,2026-10-02,2026-10-02T11:58:59-04:00,Batter rolling HR contact-shape metrics from Statcast.
7,571970,max muncy,LAD,L,8,6,4,0,1,2,1,4,3,105.4,94.85,16.83,0.0,0.125,0.1667,0.25,0.125,0.6667,0.5,2026-10-02,2026-10-02T11:58:59-04:00,Batter rolling HR contact-shape metrics from Statcast.
7,572233,christian walker,HOU,R,22,17,13,2,2,6,2,4,7,108.9,88.91,20.35,0.0909,0.0909,0.1176,0.2727,0.0909,0.2353,0.4118,2026-10-02,2026-10-02T11:58:59-04:00,Batter rolling HR contact-shape metrics from Statcast.
7,573262,mike yastrzemski,ATL,L,20,28,21,0,1,3,0,4,5,107.8,83.18,29.93,0.0,0.05,0.0357,0.15,0.0,0.1429,0.1786,2026-10-02,2026-10-02T11:58:59-04:00,Batter rolling HR contact-shape metrics from Statcast.
7,575929,willson contreras,BOS,R,10,8,5,1,1,1,1,0,4,102.6,85.22,5.75,0.1,0.1,0.125,0.1,0.1,0.0,0.5,2026-10-02,2026-10-02T11:58:59-04:00,Batter rolling HR contact-shape metrics from Statcast.
7,592518,manny machado,SD,R,19,29,24,2,3,8,1,7,10,108.0,86.46,34.0,0.1053,0.1579,0.1034,0.4211,0.0526,0.2414,0.3448,2026-10-02,2026-10-02T11:58:59-04:00,Batter rolling HR contact-shape metrics from Statcast.
7,592663,j. t. realmuto,PHI,R,19,24,15,0,1,6,0,4,8,110.5,88.2,10.5,0.0,0.0526,0.0417,0.3158,0.0,0.1667,0.3333,2026-10-02,2026-10-02T11:58:59-04:00,Batter rolling HR contact-shape metrics from Statcast.
7,592885,christian yelich,MIL,L,11,12,9,0,1,1,0,1,5,104.0,79.84,16.75,0.0,0.0909,0.0833,0.0909,0.0,0.0833,0.4167,2026-10-02,2026-10-02T11:58:59-04:00,Batter rolling HR contact-shape metrics from Statcast.
7,593428,xander bogaerts,SD,R,14,21,12,2,1,5,1,5,5,107.3,86.49,12.0,0.1429,0.0714,0.0476,0.3571,0.0714,0.2381,0.2381,2026-10-02,2026-10-02T11:58:59-04:00,Batter rolling HR contact-shape metrics from Statcast.
7,595879,javier báez,DET,R,4,4,2,0,0,2,0,2,2,108.6,94.6,-9.0,0.0,0.0,0.0,0.5,0.0,0.5,0.5,2026-10-02,2026-10-02T11:58:59-04:00,Batter rolling HR contact-shape metrics from Statcast.
7,595978,austin hedges,CLE,R,6,5,2,1,1,2,0,1,2,98.8,73.1,1.0,0.1667,0.1667,0.2,0.3333,0.0,0.2,0.4,2026-10-02,2026-10-02T11:58:59-04:00,Batter rolling HR contact-shape metrics from Statcast.
7,596019,francisco lindor,NYM,R,15,16,12,1,1,4,1,3,6,110.8,88.29,24.44,0.0667,0.0667,0.0625,0.2667,0.0667,0.1875,0.375,2026-10-02,2026-10-02T11:58:59-04:00,Batter rolling HR contact-shape metrics from Statcast.
7,596115,trevor story,BOS,R,13,18,12,0,0,1,0,2,5,107.9,78.87,16.67,0.0,0.0,0.0,0.0769,0.0,0.1111,0.2778,2026-10-02,2026-10-02T11:58:59-04:00,Batter rolling HR contact-shape metrics from Statcast.
7,596117,garrett stubbs,PHI,L,2,1,0,0,0,0,0,0,0,97.4,97.4,1.0,0.0,0.0,0.0,0.0,0.0,0.0,0.0,2026-10-02,2026-10-02T11:58:59-04:00,Batter rolling HR contact-shape metrics from Statcast.
7,596142,gary sánchez,MIL,R,6,5,1,1,1,1,1,0,1,100.7,84.14,2.4,0.1667,0.1667,0.2,0.1667,0.1667,0.0,0.2,2026-10-02,2026-10-02T11:58:59-04:00,Batter rolling HR contact-shape metrics from Statcast.
7,605137,josh bell,MIN,L,12,25,17,1,1,2,1,4,8,104.8,80.42,24.72,0.0833,0.0833,0.04,0.1667,0.0833,0.16,0.32,2026-10-02,2026-10-02T11:58:59-04:00,Batter rolling HR contact-shape metrics from Statcast.
7,605141,mookie betts,LAD,R,11,14,11,1,1,1,1,3,6,102.2,76.49,24.36,0.0909,0.0909,0.0714,0.0909,0.0909,0.2143,0.4286,2026-10-02,2026-10-02T11:58:59-04:00,Batter rolling HR contact-shape metrics from Statcast.
7,605170,víctor caratini,MIN,L,4,6,4,0,0,0,0,0,2,89.4,73.57,14.5,0.0,0.0,0.0,0.0,0.0,0.0,0.3333,2026-10-02,2026-10-02T11:58:59-04:00,Batter rolling HR contact-shape metrics from Statcast.
7,606192,teoscar hernández,LAD,R,10,12,9,1,2,2,2,3,4,109.2,88.35,26.83,0.1,0.2,0.1667,0.2,0.2,0.25,0.3333,2026-10-02,2026-10-02T11:58:59-04:00,Batter rolling HR contact-shape metrics from Statcast.
7,606466,ketel marte,AZ,L,14,20,10,0,1,7,1,3,6,114.0,87.07,2.7,0.0,0.0714,0.05,0.5,0.0714,0.15,0.3,2026-10-02,2026-10-02T11:58:59-04:00,Batter rolling HR contact-shape metrics from Statcast.
7,607043,brandon nimmo,TEX,L,13,16,11,0,0,4,0,4,5,108.2,89.82,25.94,0.0,0.0,0.0,0.3077,0.0,0.25,0.3125,2026-10-02,2026-10-02T11:58:59-04:00,Batter rolling HR contact-shape metrics from Statcast.
7,607208,trea turner,PHI,R,27,44,27,0,0,11,1,6,9,107.3,88.67,16.02,0.0,0.0,0.0,0.4074,0.037,0.1364,0.2045,2026-10-02,2026-10-02T11:58:59-04:00,Batter rolling HR contact-shape metrics from Statcast.
7,608070,josé ramírez,CLE,L,11,12,6,0,0,2,0,2,4,104.0,91.58,13.67,0.0,0.0,0.0,0.1818,0.0,0.1667,0.3333,2026-10-02,2026-10-02T11:58:59-04:00,Batter rolling HR contact-shape metrics from Statcast.
7,608324,alex bregman,CHC,R,17,20,16,2,2,6,2,5,6,104.0,86.74,29.35,0.1176,0.1176,0.1,0.3529,0.1176,0.25,0.3,2026-10-02,2026-10-02T11:58:59-04:00,Batter rolling HR contact-shape metrics from Statcast.
7,608348,carson kelly,CHC,R,10,11,9,0,0,3,0,3,3,108.6,83.5,23.27,0.0,0.0,0.0,0.3,0.0,0.2727,0.2727,2026-10-02,2026-10-02T11:58:59-04:00,Batter rolling HR contact-shape metrics from Statcast.
7,608369,corey seager,TEX,L,13,19,12,1,3,7,0,4,6,106.9,88.22,17.26,0.0769,0.2308,0.1579,0.5385,0.0,0.2105,0.3158,2026-10-02,2026-10-02T11:58:59-04:00,Batter rolling HR contact-shape metrics from Statcast.
7,609280,miguel andújar,SD,R,1,2,1,0,0,0,0,0,1,77.2,76.2,-17.0,0.0,0.0,0.0,0.0,0.0,0.0,0.5,2026-10-02,2026-10-02T11:58:59-04:00,Batter rolling HR contact-shape metrics from Statcast.
7,620443,luis torrens,NYM,R,4,8,7,0,0,0,0,1,4,86.1,75.8,18.12,0.0,0.0,0.0,0.0,0.0,0.125,0.5,2026-10-02,2026-10-02T11:58:59-04:00,Batter rolling HR contact-shape metrics from Statcast.
7,621020,dansby swanson,CHC,R,14,15,8,0,0,2,0,1,2,107.9,84.43,14.33,0.0,0.0,0.0,0.1429,0.0,0.0667,0.1333,2026-10-02,2026-10-02T11:58:59-04:00,Batter rolling HR contact-shape metrics from Statcast.
7,621438,tyrone taylor,CHC,R,8,15,12,0,0,4,0,5,9,108.6,81.93,20.47,0.0,0.0,0.0,0.5,0.0,0.3333,0.6,2026-10-02,2026-10-02T11:58:59-04:00,Batter rolling HR contact-shape metrics from Statcast.
7,621493,taylor ward,SEA,R,1,1,1,0,0,1,0,1,1,106.6,106.6,15.0,0.0,0.0,0.0,1.0,0.0,1.0,1.0,2026-10-02,2026-10-02T11:58:59-04:00,Batter rolling HR contact-shape metrics from Statcast.
7,621566,matt olson,ATL,L,23,26,20,1,2,6,1,4,6,108.0,81.37,25.85,0.0435,0.087,0.0769,0.2609,0.0435,0.1538,0.2308,2026-10-02,2026-10-02T11:58:59-04:00,Batter rolling HR contact-shape metrics from Statcast.
7,622268,donovan walton,ATH,L,10,10,6,0,0,1,0,3,3,96.1,78.76,9.2,0.0,0.0,0.0,0.1,0.0,0.3,0.3,2026-10-02,2026-10-02T11:58:59-04:00,Batter rolling HR contact-shape metrics from Statcast.
7,622761,jorge mateo,TB,R,8,10,8,0,1,2,1,5,3,105.1,80.96,29.3,0.0,0.125,0.1,0.25,0.125,0.5,0.3,2026-10-02,2026-10-02T11:58:59-04:00,Batter rolling HR contact-shape metrics from Statcast.
7,623168,tyler heineman,LAA,L,4,7,3,0,0,0,0,0,2,99.1,75.89,-3.43,0.0,0.0,0.0,0.0,0.0,0.0,0.2857,2026-10-02,2026-10-02T11:58:59-04:00,Batter rolling HR contact-shape metrics from Statcast.
7,624413,pete alonso,BAL,R,10,11,11,2,2,4,2,5,7,112.8,89.85,34.82,0.2,0.2,0.1818,0.4,0.2,0.4545,0.6364,2026-10-02,2026-10-02T11:58:59-04:00,Batter rolling HR contact-shape metrics from Statcast.
7,624424,michael conforto,CHC,L,11,17,10,0,1,2,1,4,5,102.0,83.09,18.71,0.0,0.0909,0.0588,0.1818,0.0909,0.2353,0.2941,2026-10-02,2026-10-02T11:58:59-04:00,Batter rolling HR contact-shape metrics from Statcast.
7,624431,jose trevino,CIN,R,4,5,3,0,0,0,0,1,2,100.5,84.92,2.2,0.0,0.0,0.0,0.0,0.0,0.2,0.4,2026-10-02,2026-10-02T11:58:59-04:00,Batter rolling HR contact-shape metrics from Statcast.
7,624641,edmundo sosa,PHI,R,14,20,9,1,0,1,0,1,4,106.9,80.54,5.9,0.0714,0.0,0.0,0.0714,0.0,0.05,0.2,2026-10-02,2026-10-02T11:58:59-04:00,Batter rolling HR contact-shape metrics from Statcast.
7,630105,jake cronenworth,SD,L,20,28,21,0,1,4,1,4,9,103.4,80.4,26.86,0.0,0.05,0.0357,0.2,0.05,0.1429,0.3214,2026-10-02,2026-10-02T11:58:59-04:00,Batter rolling HR contact-shape metrics from Statcast.
7,640459,brian navarreto,MIA,R,3,3,1,0,0,1,1,0,0,100.5,71.3,-19.0,0.0,0.0,0.0,0.3333,0.3333,0.0,0.0,2026-10-02,2026-10-02T11:58:59-04:00,Batter rolling HR contact-shape metrics from Statcast.
7,640902,jhonny pereda,SEA,R,8,9,6,0,0,0,0,1,4,93.0,78.86,13.56,0.0,0.0,0.0,0.0,0.0,0.1111,0.4444,2026-10-02,2026-10-02T11:58:59-04:00,Batter rolling HR contact-shape metrics from Statcast.
7,641343,jake bauers,MIL,L,13,15,9,0,1,2,1,1,8,106.8,84.59,15.33,0.0,0.0769,0.0667,0.1538,0.0769,0.0667,0.5333,2026-10-02,2026-10-02T11:58:59-04:00,Batter rolling HR contact-shape metrics from Statcast.
7,641355,cody bellinger,NYY,L,13,21,11,1,0,1,0,3,3,101.1,79.21,13.05,0.0769,0.0,0.0,0.0769,0.0,0.1429,0.1429,2026-10-02,2026-10-02T11:58:59-04:00,Batter rolling HR contact-shape metrics from Statcast.
7,641487,j. p. crawford,SEA,L,8,9,5,1,1,2,1,2,4,103.3,87.6,5.67,0.125,0.125,0.1111,0.25,0.125,0.2222,0.4444,2026-10-02,2026-10-02T11:58:59-04:00,Batter rolling HR contact-shape metrics from Statcast.
7,641680,jonah heim,ATH,R,7,9,6,0,0,2,0,0,5,105.9,89.34,12.44,0.0,0.0,0.0,0.2857,0.0,0.0,0.5556,2026-10-02,2026-10-02T11:58:59-04:00,Batter rolling HR contact-shape metrics from Statcast.
7,641857,ryan mcmahon,NYY,L,9,12,8,0,0,2,0,2,4,108.7,85.38,25.0,0.0,0.0,0.0,0.2222,0.0,0.1667,0.3333,2026-10-02,2026-10-02T11:58:59-04:00,Batter rolling HR contact-shape metrics from Statcast.
7,642086,dominic smith,ATL,L,11,12,10,1,1,2,1,5,6,104.9,83.92,25.5,0.0909,0.0909,0.0833,0.1818,0.0909,0.4167,0.5,2026-10-02,2026-10-02T11:58:59-04:00,Batter rolling HR contact-shape metrics from Statcast.
7,642215,weston wilson,SEA,R,8,11,7,0,0,0,0,1,2,91.1,77.6,10.91,0.0,0.0,0.0,0.0,0.0,0.0909,0.1818,2026-10-02,2026-10-02T11:58:59-04:00,Batter rolling HR contact-shape metrics from Statcast.
7,642350,josé siri,LAA,R,7,8,6,1,1,3,2,3,3,106.6,75.56,12.5,0.1429,0.1429,0.125,0.4286,0.2857,0.375,0.375,2026-10-02,2026-10-02T11:58:59-04:00,Batter rolling HR contact-shape metrics from Statcast.
7,642708,amed rosario,NYY,R,6,10,9,0,0,0,0,0,4,105.1,75.98,35.4,0.0,0.0,0.0,0.0,0.0,0.0,0.4,2026-10-02,2026-10-02T11:58:59-04:00,Batter rolling HR contact-shape metrics from Statcast.
7,643217,andrew benintendi,CWS,L,12,15,12,1,1,2,1,3,4,102.4,81.86,32.8,0.0833,0.0833,0.0667,0.1667,0.0833,0.2,0.2667,2026-10-02,2026-10-02T11:58:59-04:00,Batter rolling HR contact-shape metrics from Statcast.
7,643289,mauricio dubón,ATL,R,20,28,19,1,1,4,1,5,10,101.9,83.44,15.96,0.05,0.05,0.0357,0.2,0.05,0.1786,0.3571,2026-10-02,2026-10-02T11:58:59-04:00,Batter rolling HR contact-shape metrics from Statcast.
7,643376,danny jansen,TEX,R,11,13,12,2,1,5,2,6,8,101.8,87.71,32.08,0.1818,0.0909,0.0769,0.4545,0.1818,0.4615,0.6154,2026-10-02,2026-10-02T11:58:59-04:00,Batter rolling HR contact-shape metrics from Statcast.
7,643396,isiah kiner-falefa,BOS,R,7,9,5,0,0,0,0,1,2,99.8,77.11,10.22,0.0,0.0,0.0,0.0,0.0,0.1111,0.2222,2026-10-02,2026-10-02T11:58:59-04:00,Batter rolling HR contact-shape metrics from Statcast.
7,643446,jeff mcneil,ATH,L,11,15,11,0,0,0,0,2,4,92.4,81.92,16.53,0.0,0.0,0.0,0.0,0.0,0.1333,0.2667,2026-10-02,2026-10-02T11:58:59-04:00,Batter rolling HR contact-shape metrics from Statcast.
7,645277,ozzie albies,ATL,L,22,22,8,1,2,4,3,5,5,106.0,90.85,2.32,0.0455,0.0909,0.0909,0.1818,0.1364,0.2273,0.2273,2026-10-02,2026-10-02T11:58:59-04:00,Batter rolling HR contact-shape metrics from Statcast.
7,645305,ali sánchez,NYY,R,4,4,4,0,0,1,0,2,1,97.2,81.92,53.25,0.0,0.0,0.0,0.25,0.0,0.5,0.25,2026-10-02,2026-10-02T11:58:59-04:00,Batter rolling HR contact-shape metrics from Statcast.
7,647304,josh naylor,SEA,L,13,17,12,0,0,2,0,2,5,101.3,80.62,24.18,0.0,0.0,0.0,0.1538,0.0,0.1176,0.2941,2026-10-02,2026-10-02T11:58:59-04:00,Batter rolling HR contact-shape metrics from Statcast.
7,650490,yandy díaz,TB,R,8,14,7,0,0,1,0,0,2,104.7,86.21,7.86,0.0,0.0,0.0,0.125,0.0,0.0,0.1429,2026-10-02,2026-10-02T11:58:59-04:00,Batter rolling HR contact-shape metrics from Statcast.
7,650559,bryan de la cruz,PHI,R,16,17,10,0,1,4,1,2,5,105.8,90.62,12.59,0.0,0.0625,0.0588,0.25,0.0625,0.1176,0.2941,2026-10-02,2026-10-02T11:58:59-04:00,Batter rolling HR contact-shape metrics from Statcast.
7,650968,yohel pozo,BAL,R,4,2,2,0,0,0,0,0,2,94.1,84.75,17.0,0.0,0.0,0.0,0.0,0.0,0.0,1.0,2026-10-02,2026-10-02T11:58:59-04:00,Batter rolling HR contact-shape metrics from Statcast.
7,655316,andruw monasterio,BOS,R,12,13,9,0,0,0,0,4,4,89.7,80.27,25.46,0.0,0.0,0.0,0.0,0.0,0.3077,0.3077,2026-10-02,2026-10-02T11:58:59-04:00,Batter rolling HR contact-shape metrics from Statcast.
7,656537,derek hill,PHI,R,5,5,2,0,0,1,0,0,1,98.9,75.56,-8.4,0.0,0.0,0.0,0.2,0.0,0.0,0.2,2026-10-02,2026-10-02T11:58:59-04:00,Batter rolling HR contact-shape metrics from Statcast.
7,656716,zach mckinstry,DET,L,5,3,2,0,0,0,0,1,0,92.5,82.57,28.67,0.0,0.0,0.0,0.0,0.0,0.3333,0.0,2026-10-02,2026-10-02T11:58:59-04:00,Batter rolling HR contact-shape metrics from Statcast.
7,656775,cedric mullins,TB,L,10,12,6,0,0,1,0,2,3,105.1,87.32,18.5,0.0,0.0,0.0,0.1,0.0,0.1667,0.25,2026-10-02,2026-10-02T11:58:59-04:00,Batter rolling HR contact-shape metrics from Statcast.
7,656811,ryan o'hearn,PIT,L,11,16,10,0,0,2,0,1,6,101.5,83.94,16.44,0.0,0.0,0.0,0.1818,0.0,0.0625,0.375,2026-10-02,2026-10-02T11:58:59-04:00,Batter rolling HR contact-shape metrics from Statcast.
7,656941,kyle schwarber,PHI,L,27,38,22,1,2,9,3,7,9,117.1,88.86,17.84,0.037,0.0741,0.0526,0.3333,0.1111,0.1842,0.2368,2026-10-02,2026-10-02T11:58:59-04:00,Batter rolling HR contact-shape metrics from Statcast.
7,656976,pavin smith,AZ,L,9,12,5,0,0,2,0,0,3,103.0,83.22,-0.42,0.0,0.0,0.0,0.2222,0.0,0.0,0.25,2026-10-02,2026-10-02T11:58:59-04:00,Batter rolling HR contact-shape metrics from Statcast.
7,657136,connor wong,BOS,R,5,7,5,0,0,0,0,2,1,100.2,86.87,28.14,0.0,0.0,0.0,0.0,0.0,0.2857,0.1429,2026-10-02,2026-10-02T11:58:59-04:00,Batter rolling HR contact-shape metrics from Statcast.
7,657757,gavin sheets,SD,L,8,13,13,2,2,2,2,3,2,107.5,85.9,53.69,0.25,0.25,0.1538,0.25,0.25,0.2308,0.1538,2026-10-02,2026-10-02T11:58:59-04:00,Batter rolling HR contact-shape metrics from Statcast.
7,660271,shohei ohtani,LAD,L,12,9,2,0,0,0,0,0,0,106.0,86.02,5.0,0.0,0.0,0.0,0.0,0.0,0.0,0.0,2026-10-02,2026-10-02T11:58:59-04:00,Batter rolling HR contact-shape metrics from Statcast.
7,660670,ronald acuña,ATL,R,22,25,13,0,1,1,0,4,7,106.0,82.04,15.0,0.0,0.0455,0.04,0.0455,0.0,0.16,0.28,2026-10-02,2026-10-02T11:58:59-04:00,Batter rolling HR contact-shape metrics from Statcast.
7,660688,keibert ruiz,WSH,L,7,11,9,0,1,2,0,4,5,103.9,84.05,32.91,0.0,0.1429,0.0909,0.2857,0.0,0.3636,0.4545,2026-10-02,2026-10-02T11:58:59-04:00,Batter rolling HR contact-shape metrics from Statcast.
7,660844,leo rivas,SEA,L,7,9,7,0,0,0,0,0,1,102.9,67.13,29.89,0.0,0.0,0.0,0.0,0.0,0.0,0.1111,2026-10-02,2026-10-02T11:58:59-04:00,Batter rolling HR contact-shape metrics from Statcast.
7,661388,william contreras,MIL,R,9,14,10,0,1,4,3,1,5,105.2,87.96,17.86,0.0,0.1111,0.0714,0.4444,0.3333,0.0714,0.3571,2026-10-02,2026-10-02T11:58:59-04:00,Batter rolling HR contact-shape metrics from Statcast.
7,661531,brian serven,ATH,R,3,2,1,0,0,0,0,1,1,98.0,91.85,4.0,0.0,0.0,0.0,0.0,0.0,0.5,0.5,2026-10-02,2026-10-02T11:58:59-04:00,Batter rolling HR contact-shape metrics from Statcast.
7,663330,jahmai jones,BOS,R,10,13,10,0,1,5,2,2,3,112.5,89.91,27.77,0.0,0.1,0.0769,0.5,0.2,0.1538,0.2308,2026-10-02,2026-10-02T11:58:59-04:00,Batter rolling HR contact-shape metrics from Statcast.
7,663457,lars nootbaar,AZ,L,14,12,8,1,2,3,2,2,5,106.4,87.09,19.42,0.0714,0.1429,0.1667,0.2143,0.1429,0.1667,0.4167,2026-10-02,2026-10-02T11:58:59-04:00,Batter rolling HR contact-shape metrics from Statcast.
7,663494,bryan torres,STL,L,3,1,0,0,0,0,0,0,0,60.2,60.2,-4.0,0.0,0.0,0.0,0.0,0.0,0.0,0.0,2026-10-02,2026-10-02T11:58:59-04:00,Batter rolling HR contact-shape metrics from Statcast.
7,663538,nico hoerner,CHC,R,18,28,16,0,0,3,0,4,8,101.0,81.93,19.5,0.0,0.0,0.0,0.1667,0.0,0.1429,0.2857,2026-10-02,2026-10-02T11:58:59-04:00,Batter rolling HR contact-shape metrics from Statcast.
7,663586,austin riley,ATL,R,25,32,24,1,1,5,1,4,6,108.0,84.4,30.34,0.04,0.04,0.0312,0.2,0.04,0.125,0.1875,2026-10-02,2026-10-02T11:58:59-04:00,Batter rolling HR contact-shape metrics from Statcast.
7,663604,brandon lockridge,MIL,R,2,3,2,0,0,1,0,0,1,100.2,87.83,7.0,0.0,0.0,0.0,0.5,0.0,0.0,0.3333,2026-10-02,2026-10-02T11:58:59-04:00,Batter rolling HR contact-shape metrics from Statcast.
7,663656,kyle tucker,LAD,L,13,15,12,0,0,1,0,2,7,97.6,83.51,31.6,0.0,0.0,0.0,0.0769,0.0,0.1333,0.4667,2026-10-02,2026-10-02T11:58:59-04:00,Batter rolling HR contact-shape metrics from Statcast.
7,663728,cal raleigh,SEA,R,10,12,9,0,0,2,0,1,4,105.2,87.62,32.67,0.0,0.0,0.0,0.2,0.0,0.0833,0.3333,2026-10-02,2026-10-02T11:58:59-04:00,Batter rolling HR contact-shape metrics from Statcast.
7,663743,nick fortes,TB,R,8,13,6,1,1,1,1,1,4,102.9,79.25,-1.85,0.125,0.125,0.0769,0.125,0.125,0.0769,0.3077,2026-10-02,2026-10-02T11:58:59-04:00,Batter rolling HR contact-shape metrics from Statcast.
7,663757,trent grisham,NYY,L,5,4,2,0,0,1,1,0,1,101.1,82.03,4.75,0.0,0.0,0.0,0.2,0.2,0.0,0.25,2026-10-02,2026-10-02T11:58:59-04:00,Batter rolling HR contact-shape metrics from Statcast.
7,663886,tyler stephenson,CIN,R,4,9,6,0,1,1,1,1,2,103.4,70.17,19.11,0.0,0.25,0.1111,0.25,0.25,0.1111,0.2222,2026-10-02,2026-10-02T11:58:59-04:00,Batter rolling HR contact-shape metrics from Statcast.
7,663968,jake mangum,PIT,L,11,16,11,0,0,0,0,2,3,103.0,78.38,26.81,0.0,0.0,0.0,0.0,0.0,0.125,0.1875,2026-10-02,2026-10-02T11:58:59-04:00,Batter rolling HR contact-shape metrics from Statcast.
7,663993,nathaniel lowe,CLE,L,10,14,10,0,0,3,0,4,5,106.5,87.02,21.07,0.0,0.0,0.0,0.3,0.0,0.2857,0.3571,2026-10-02,2026-10-02T11:58:59-04:00,Batter rolling HR contact-shape metrics from Statcast.
7,664023,ian happ,CHC,L,18,22,16,0,0,3,0,4,6,106.4,78.03,26.18,0.0,0.0,0.0,0.1667,0.0,0.1818,0.2727,2026-10-02,2026-10-02T11:58:59-04:00,Batter rolling HR contact-shape metrics from Statcast.
7,664034,ty france,SD,R,22,28,16,0,0,3,0,2,6,107.5,83.74,16.07,0.0,0.0,0.0,0.1364,0.0,0.0714,0.2143,2026-10-02,2026-10-02T11:58:59-04:00,Batter rolling HR contact-shape metrics from Statcast.
7,664040,brandon lowe,PIT,L,9,9,6,1,1,1,1,2,2,104.7,84.89,28.22,0.1111,0.1111,0.1111,0.1111,0.1111,0.2222,0.2222,2026-10-02,2026-10-02T11:58:59-04:00,Batter rolling HR contact-shape metrics from Statcast.
7,664702,myles straw,TOR,R,5,8,5,0,0,1,0,0,4,103.7,86.3,8.5,0.0,0.0,0.0,0.2,0.0,0.0,0.5,2026-10-02,2026-10-02T11:58:59-04:00,Batter rolling HR contact-shape metrics from Statcast.
7,664728,kyle isbel,KC,L,8,11,6,0,0,1,0,2,3,100.1,79.89,15.91,0.0,0.0,0.0,0.125,0.0,0.1818,0.2727,2026-10-02,2026-10-02T11:58:59-04:00,Batter rolling HR contact-shape metrics from Statcast.
7,664761,alec bohm,PHI,R,25,33,20,1,2,4,1,3,7,106.3,85.84,14.36,0.04,0.08,0.0606,0.16,0.04,0.0909,0.2121,2026-10-02,2026-10-02T11:58:59-04:00,Batter rolling HR contact-shape metrics from Statcast.
7,664770,nathan lukes,TOR,L,8,11,5,0,0,1,0,0,5,97.9,83.05,0.45,0.0,0.0,0.0,0.125,0.0,0.0,0.4545,2026-10-02,2026-10-02T11:58:59-04:00,Batter rolling HR contact-shape metrics from Statcast.
7,664774,lamonte wade,HOU,L,2,2,0,0,0,0,0,0,0,90.6,77.5,-44.0,0.0,0.0,0.0,0.0,0.0,0.0,0.0,2026-10-02,2026-10-02T11:58:59-04:00,Batter rolling HR contact-shape metrics from Statcast.
7,664954,brett sullivan,COL,L,4,4,3,0,0,1,0,0,1,95.1,67.62,24.75,0.0,0.0,0.0,0.25,0.0,0.0,0.25,2026-10-02,2026-10-02T11:58:59-04:00,Batter rolling HR contact-shape metrics from Statcast.
7,664983,jake mccarthy,COL,L,13,16,5,0,0,0,0,1,3,105.1,76.65,-5.56,0.0,0.0,0.0,0.0,0.0,0.0625,0.1875,2026-10-02,2026-10-02T11:58:59-04:00,Batter rolling HR contact-shape metrics from Statcast.
7,665019,kody clemens,MIN,L,12,19,11,1,2,3,2,4,7,105.5,88.0,14.74,0.0833,0.1667,0.1053,0.25,0.1667,0.2105,0.3684,2026-10-02,2026-10-02T11:58:59-04:00,Batter rolling HR contact-shape metrics from Statcast.
7,665052,griffin conine,MIA,L,12,15,10,2,4,5,3,4,6,110.2,83.57,11.47,0.1667,0.3333,0.2667,0.4167,0.25,0.2667,0.4,2026-10-02,2026-10-02T11:58:59-04:00,Batter rolling HR contact-shape metrics from Statcast.
7,665161,jeremy peña,HOU,R,25,34,23,3,3,7,2,9,14,109.0,85.89,17.03,0.12,0.12,0.0882,0.28,0.08,0.2647,0.4118,2026-10-02,2026-10-02T11:58:59-04:00,Batter rolling HR contact-shape metrics from Statcast.
7,665487,fernando tatís,SD,R,16,21,11,1,3,4,2,3,4,112.2,81.87,7.52,0.0625,0.1875,0.1429,0.25,0.125,0.1429,0.1905,2026-10-02,2026-10-02T11:58:59-04:00,Batter rolling HR contact-shape metrics from Statcast.
7,665489,vladimir guerrero,TOR,R,9,8,4,0,0,0,0,0,1,112.5,74.05,11.75,0.0,0.0,0.0,0.0,0.0,0.0,0.125,2026-10-02,2026-10-02T11:58:59-04:00,Batter rolling HR contact-shape metrics from Statcast.
7,665742,juan soto,NYM,L,15,21,13,0,2,4,1,6,7,112.6,89.74,15.52,0.0,0.1333,0.0952,0.2667,0.0667,0.2857,0.3333,2026-10-02,2026-10-02T11:58:59-04:00,Batter rolling HR contact-shape metrics from Statcast.
7,665750,leody taveras,BAL,L,5,10,9,0,1,2,1,4,3,104.8,79.62,30.9,0.0,0.2,0.1,0.4,0.2,0.4,0.3,2026-10-02,2026-10-02T11:58:59-04:00,Batter rolling HR contact-shape metrics from Statcast.
7,665804,miguel amaya,CHC,R,8,14,12,0,2,2,1,4,6,104.6,76.96,35.21,0.0,0.25,0.1429,0.25,0.125,0.2857,0.4286,2026-10-02,2026-10-02T11:58:59-04:00,Batter rolling HR contact-shape metrics from Statcast.
7,665828,oswaldo cabrera,CIN,L,7,8,6,0,0,3,0,2,4,104.4,86.74,19.38,0.0,0.0,0.0,0.4286,0.0,0.25,0.5,2026-10-02,2026-10-02T11:58:59-04:00,Batter rolling HR contact-shape metrics from Statcast.
7,665833,oneil cruz,PIT,L,5,4,1,0,0,0,0,0,0,100.5,81.2,6.75,0.0,0.0,0.0,0.0,0.0,0.0,0.0,2026-10-02,2026-10-02T11:58:59-04:00,Batter rolling HR contact-shape metrics from Statcast.
7,665862,jazz chisholm,NYY,L,8,10,4,0,0,1,0,2,2,104.1,84.98,11.6,0.0,0.0,0.0,0.125,0.0,0.2,0.2,2026-10-02,2026-10-02T11:58:59-04:00,Batter rolling HR contact-shape metrics from Statcast.
7,665877,josé fermín,STL,R,7,10,9,0,0,1,0,2,4,95.6,80.84,32.5,0.0,0.0,0.0,0.1429,0.0,0.2,0.4,2026-10-02,2026-10-02T11:58:59-04:00,Batter rolling HR contact-shape metrics from Statcast.
7,665923,esteury ruiz,MIA,R,8,11,7,0,0,0,0,1,1,83.8,72.33,22.55,0.0,0.0,0.0,0.0,0.0,0.0909,0.0909,2026-10-02,2026-10-02T11:58:59-04:00,Batter rolling HR contact-shape metrics from Statcast.
7,665926,andrés giménez,TOR,L,8,13,7,0,0,1,0,1,3,104.7,81.17,16.85,0.0,0.0,0.0,0.125,0.0,0.0769,0.2308,2026-10-02,2026-10-02T11:58:59-04:00,Batter rolling HR contact-shape metrics from Statcast.
7,665953,andrés chaparro,WSH,R,8,7,3,2,2,2,1,2,1,109.2,90.53,16.57,0.25,0.25,0.2857,0.25,0.125,0.2857,0.1429,2026-10-02,2026-10-02T11:58:59-04:00,Batter rolling HR contact-shape metrics from Statcast.
7,665966,carlos narváez,BAL,R,5,5,4,0,1,1,0,1,1,107.0,81.92,29.0,0.0,0.2,0.2,0.2,0.0,0.2,0.2,2026-10-02,2026-10-02T11:58:59-04:00,Batter rolling HR contact-shape metrics from Statcast.
7,666018,jonathan aranda,TB,L,12,16,13,0,0,2,0,1,7,107.5,81.12,29.5,0.0,0.0,0.0,0.1667,0.0,0.0625,0.4375,2026-10-02,2026-10-02T11:58:59-04:00,Batter rolling HR contact-shape metrics from Statcast.
7,666023,freddy fermin,SD,R,4,6,3,0,0,0,0,2,2,94.4,84.75,10.5,0.0,0.0,0.0,0.0,0.0,0.3333,0.3333,2026-10-02,2026-10-02T11:58:59-04:00,Batter rolling HR contact-shape metrics from Statcast.
7,666126,carlos cortes,ATH,L,8,14,9,0,0,1,0,1,4,100.5,81.31,20.71,0.0,0.0,0.0,0.125,0.0,0.0714,0.2857,2026-10-02,2026-10-02T11:58:59-04:00,Batter rolling HR contact-shape metrics from Statcast.
7,666139,josh lowe,LAA,L,8,9,6,0,0,1,0,2,1,97.8,82.67,22.67,0.0,0.0,0.0,0.125,0.0,0.2222,0.1111,2026-10-02,2026-10-02T11:58:59-04:00,Batter rolling HR contact-shape metrics from Statcast.
7,666152,david hamilton,MIL,L,11,12,8,0,1,4,2,4,4,107.0,80.03,3.83,0.0,0.0909,0.0833,0.3636,0.1818,0.3333,0.3333,2026-10-02,2026-10-02T11:58:59-04:00,Batter rolling HR contact-shape metrics from Statcast.
7,666160,mickey moniak,COL,L,5,10,7,0,0,1,0,1,3,103.9,79.46,19.0,0.0,0.0,0.0,0.2,0.0,0.1,0.3,2026-10-02,2026-10-02T11:58:59-04:00,Batter rolling HR contact-shape metrics from Statcast.
7,666176,jo adell,CLE,R,14,18,12,1,2,5,2,4,6,112.0,89.24,20.33,0.0714,0.1429,0.1111,0.3571,0.1429,0.2222,0.3333,2026-10-02,2026-10-02T11:58:59-04:00,Batter rolling HR contact-shape metrics from Statcast.
7,666182,bo bichette,NYM,R,15,23,15,1,1,2,1,1,12,108.2,79.98,8.13,0.0667,0.0667,0.0435,0.1333,0.0667,0.0435,0.5217,2026-10-02,2026-10-02T11:58:59-04:00,Batter rolling HR contact-shape metrics from Statcast.
7,666211,taylor trammell,HOU,L,7,8,4,0,0,1,0,0,1,105.7,66.6,13.0,0.0,0.0,0.0,0.1429,0.0,0.0,0.125,2026-10-02,2026-10-02T11:58:59-04:00,Batter rolling HR contact-shape metrics from Statcast.
7,666624,christopher morel,NYM,R,4,6,3,0,0,0,0,1,0,94.8,78.42,25.33,0.0,0.0,0.0,0.0,0.0,0.1667,0.0,2026-10-02,2026-10-02T11:58:59-04:00,Batter rolling HR contact-shape metrics from Statcast.
7,668227,randy arozarena,SEA,R,14,22,11,0,1,4,0,2,6,106.9,84.51,6.27,0.0,0.0714,0.0455,0.2857,0.0,0.0909,0.2727,2026-10-02,2026-10-02T11:58:59-04:00,Batter rolling HR contact-shape metrics from Statcast.
7,668709,jj bleday,CIN,L,12,16,13,1,1,5,1,4,6,103.3,83.12,22.31,0.0833,0.0833,0.0625,0.4167,0.0833,0.25,0.375,2026-10-02,2026-10-02T11:58:59-04:00,Batter rolling HR contact-shape metrics from Statcast.
7,668723,ryan vilade,TB,R,8,10,5,0,0,0,0,2,2,107.6,73.72,14.1,0.0,0.0,0.0,0.0,0.0,0.2,0.2,2026-10-02,2026-10-02T11:58:59-04:00,Batter rolling HR contact-shape metrics from Statcast.
7,668800,andrew knizner,SF,R,5,7,7,0,0,0,0,2,2,94.6,84.59,38.0,0.0,0.0,0.0,0.0,0.0,0.2857,0.2857,2026-10-02,2026-10-02T11:58:59-04:00,Batter rolling HR contact-shape metrics from Statcast.
7,668804,bryan reynolds,PIT,L,10,12,9,0,0,1,0,3,3,106.8,82.69,22.67,0.0,0.0,0.0,0.1,0.0,0.25,0.25,2026-10-02,2026-10-02T11:58:59-04:00,Batter rolling HR contact-shape metrics from Statcast.
7,668885,austin martin,MIN,R,5,5,2,0,0,0,0,1,0,92.9,79.2,10.4,0.0,0.0,0.0,0.0,0.0,0.2,0.0,2026-10-02,2026-10-02T11:58:59-04:00,Batter rolling HR contact-shape metrics from Statcast.
7,668901,mark vientos,NYM,R,8,12,7,0,0,1,0,1,1,102.7,79.58,17.75,0.0,0.0,0.0,0.125,0.0,0.0833,0.0833,2026-10-02,2026-10-02T11:58:59-04:00,Batter rolling HR contact-shape metrics from Statcast.
7,668904,royce lewis,MIN,R,12,14,10,1,1,3,1,2,7,105.2,85.64,22.5,0.0833,0.0833,0.0714,0.25,0.0833,0.1429,0.5,2026-10-02,2026-10-02T11:58:59-04:00,Batter rolling HR contact-shape metrics from Statcast.
7,668930,brice turang,MIL,L,13,20,14,1,1,4,2,2,7,105.8,85.83,21.5,0.0769,0.0769,0.05,0.3077,0.1538,0.1,0.35,2026-10-02,2026-10-02T11:58:59-04:00,Batter rolling HR contact-shape metrics from Statcast.
7,668939,adley rutschman,BOS,L,15,23,11,1,1,1,1,1,5,104.9,83.87,15.78,0.0667,0.0667,0.0435,0.0667,0.0667,0.0435,0.2174,2026-10-02,2026-10-02T11:58:59-04:00,Batter rolling HR contact-shape metrics from Statcast.
7,668942,josh rojas,KC,L,5,7,4,0,0,2,1,1,2,106.3,76.39,8.86,0.0,0.0,0.0,0.4,0.2,0.1429,0.2857,2026-10-02,2026-10-02T11:58:59-04:00,Batter rolling HR contact-shape metrics from Statcast.
7,668952,ryan kreidler,MIN,R,3,6,3,0,0,0,0,0,1,80.5,66.13,1.83,0.0,0.0,0.0,0.0,0.0,0.0,0.1667,2026-10-02,2026-10-02T11:58:59-04:00,Batter rolling HR contact-shape metrics from Statcast.
7,669003,garrett mitchell,MIL,L,11,14,6,0,1,2,0,1,5,106.4,80.36,-3.36,0.0,0.0909,0.0714,0.1818,0.0,0.0714,0.3571,2026-10-02,2026-10-02T11:58:59-04:00,Batter rolling HR contact-shape metrics from Statcast.
7,669016,brandon marsh,PHI,L,16,24,13,0,0,2,0,3,5,104.8,80.48,10.46,0.0,0.0,0.0,0.125,0.0,0.125,0.2083,2026-10-02,2026-10-02T11:58:59-04:00,Batter rolling HR contact-shape metrics from Statcast.
7,669127,shea langeliers,ATH,R,11,11,6,0,0,2,0,1,3,98.3,82.96,14.45,0.0,0.0,0.0,0.1818,0.0,0.0909,0.2727,2026-10-02,2026-10-02T11:58:59-04:00,Batter rolling HR contact-shape metrics from Statcast.
7,669134,luis campusano,SD,R,11,12,7,0,0,2,1,1,4,101.4,82.23,14.58,0.0,0.0,0.0,0.1818,0.0909,0.0833,0.3333,2026-10-02,2026-10-02T11:58:59-04:00,Batter rolling HR contact-shape metrics from Statcast.
7,669221,sean murphy,ATL,R,11,18,11,0,1,3,0,3,8,111.3,86.93,12.11,0.0,0.0909,0.0556,0.2727,0.0,0.1667,0.4444,2026-10-02,2026-10-02T11:58:59-04:00,Batter rolling HR contact-shape metrics from Statcast.
7,669224,austin wells,NYY,L,12,16,12,0,0,1,0,2,6,106.3,83.45,33.69,0.0,0.0,0.0,0.0833,0.0,0.125,0.375,2026-10-02,2026-10-02T11:58:59-04:00,Batter rolling HR contact-shape metrics from Statcast.
7,669236,jeremiah jackson,BAL,R,10,8,7,1,1,1,1,1,4,105.2,80.91,26.5,0.1,0.1,0.125,0.1,0.1,0.125,0.5,2026-10-02,2026-10-02T11:58:59-04:00,Batter rolling HR contact-shape metrics from Statcast.
7,669242,tommy edman,LAD,L,8,7,5,0,0,1,0,3,4,103.5,88.36,11.0,0.0,0.0,0.0,0.125,0.0,0.4286,0.5714,2026-10-02,2026-10-02T11:58:59-04:00,Batter rolling HR contact-shape metrics from Statcast.
7,669257,will smith,LAD,R,7,8,7,0,0,3,0,2,3,104.7,90.74,32.38,0.0,0.0,0.0,0.4286,0.0,0.25,0.375,2026-10-02,2026-10-02T11:58:59-04:00,Batter rolling HR contact-shape metrics from Statcast.
7,669326,bryce teodosio,LAA,R,12,11,8,0,0,1,0,0,5,95.4,78.88,13.64,0.0,0.0,0.0,0.0833,0.0,0.0,0.4545,2026-10-02,2026-10-02T11:58:59-04:00,Batter rolling HR contact-shape metrics from Statcast.
7,669357,nolan gorman,STL,L,6,4,4,0,0,0,0,0,0,88.0,81.78,67.5,0.0,0.0,0.0,0.0,0.0,0.0,0.0,2026-10-02,2026-10-02T11:58:59-04:00,Batter rolling HR contact-shape metrics from Statcast.
7,669392,samad taylor,SD,R,10,11,9,0,0,3,0,1,3,100.4,82.91,39.27,0.0,0.0,0.0,0.3,0.0,0.0909,0.2727,2026-10-02,2026-10-02T11:58:59-04:00,Batter rolling HR contact-shape metrics from Statcast.
7,669394,jake burger,TEX,R,13,14,9,1,1,2,1,1,3,107.6,84.96,23.64,0.0769,0.0769,0.0714,0.1538,0.0769,0.0714,0.2143,2026-10-02,2026-10-02T11:58:59-04:00,Batter rolling HR contact-shape metrics from Statcast.
7,669397,nick allen,HOU,R,4,4,2,0,0,0,0,0,1,99.7,82.6,15.0,0.0,0.0,0.0,0.0,0.0,0.0,0.25,2026-10-02,2026-10-02T11:58:59-04:00,Batter rolling HR contact-shape metrics from Statcast.
7,669701,josh smith,TOR,L,7,13,9,0,0,2,0,0,5,100.1,84.19,17.23,0.0,0.0,0.0,0.2857,0.0,0.0,0.3846,2026-10-02,2026-10-02T11:58:59-04:00,Batter rolling HR contact-shape metrics from Statcast.
7,669707,jared triolo,PIT,R,4,4,2,0,0,0,0,0,1,86.3,82.2,4.5,0.0,0.0,0.0,0.0,0.0,0.0,0.25,2026-10-02,2026-10-02T11:58:59-04:00,Batter rolling HR contact-shape metrics from Statcast.
7,669720,austin hays,SD,R,12,13,9,0,0,0,0,2,5,104.6,82.15,20.15,0.0,0.0,0.0,0.0,0.0,0.1538,0.3846,2026-10-02,2026-10-02T11:58:59-04:00,Batter rolling HR contact-shape metrics from Statcast.
7,669743,alex call,LAD,R,3,5,3,0,1,1,1,1,2,104.2,76.84,5.2,0.0,0.3333,0.2,0.3333,0.3333,0.2,0.4,2026-10-02,2026-10-02T11:58:59-04:00,Batter rolling HR contact-shape metrics from Statcast.
7,670032,nicky lopez,TEX,L,8,11,7,0,0,2,0,1,4,98.8,72.27,11.18,0.0,0.0,0.0,0.25,0.0,0.0909,0.3636,2026-10-02,2026-10-02T11:58:59-04:00,Batter rolling HR contact-shape metrics from Statcast.
7,670231,john rave,KC,L,8,11,8,0,0,0,0,1,3,94.0,77.63,24.09,0.0,0.0,0.0,0.0,0.0,0.0909,0.2727,2026-10-02,2026-10-02T11:58:59-04:00,Batter rolling HR contact-shape metrics from Statcast.
7,670541,yordan álvarez,HOU,L,22,25,17,1,1,5,1,3,6,111.5,90.58,21.12,0.0455,0.0455,0.04,0.2273,0.0455,0.12,0.24,2026-10-02,2026-10-02T11:58:59-04:00,Batter rolling HR contact-shape metrics from Statcast.
7,670623,isaac paredes,HOU,R,21,33,24,1,0,7,1,6,15,101.2,81.32,20.06,0.0476,0.0,0.0,0.3333,0.0476,0.1818,0.4545,2026-10-02,2026-10-02T11:58:59-04:00,Batter rolling HR contact-shape metrics from Statcast.
7,670764,taylor walls,TB,L,5,5,3,0,0,0,0,1,1,90.9,80.94,17.2,0.0,0.0,0.0,0.0,0.0,0.2,0.2,2026-10-02,2026-10-02T11:58:59-04:00,Batter rolling HR contact-shape metrics from Statcast.
7,671056,iván herrera,STL,R,12,19,17,1,2,5,2,3,7,106.9,84.46,33.05,0.0833,0.1667,0.1053,0.4167,0.1667,0.1579,0.3684,2026-10-02,2026-10-02T11:58:59-04:00,Batter rolling HR contact-shape metrics from Statcast.
7,671218,heliot ramos,NYY,R,11,12,6,0,1,1,1,2,3,108.3,87.78,7.5,0.0,0.0909,0.0833,0.0909,0.0909,0.1667,0.25,2026-10-02,2026-10-02T11:58:59-04:00,Batter rolling HR contact-shape metrics from Statcast.
7,671277,luis garcía,NYY,L,10,13,10,1,1,4,1,3,7,108.5,89.35,21.15,0.1,0.1,0.0769,0.4,0.1,0.2308,0.5385,2026-10-02,2026-10-02T11:58:59-04:00,Batter rolling HR contact-shape metrics from Statcast.
7,671732,lawrence butler,ATH,L,12,19,8,0,0,2,0,2,4,99.0,79.7,10.53,0.0,0.0,0.0,0.1667,0.0,0.1053,0.2105,2026-10-02,2026-10-02T11:58:59-04:00,Batter rolling HR contact-shape metrics from Statcast.
7,671739,michael harris,ATL,L,21,26,14,1,2,2,2,3,6,111.6,81.3,5.62,0.0476,0.0952,0.0769,0.0952,0.0952,0.1154,0.2308,2026-10-02,2026-10-02T11:58:59-04:00,Batter rolling HR contact-shape metrics from Statcast.
7,671976,tristan peters,CWS,L,18,28,18,0,0,4,0,5,5,106.6,80.27,21.43,0.0,0.0,0.0,0.2222,0.0,0.1786,0.1786,2026-10-02,2026-10-02T11:58:59-04:00,Batter rolling HR contact-shape metrics from Statcast.
7,672016,denzel clarke,ATH,R,4,5,1,0,0,1,0,0,1,102.2,73.04,-30.0,0.0,0.0,0.0,0.25,0.0,0.0,0.2,2026-10-02,2026-10-02T11:58:59-04:00,Batter rolling HR contact-shape metrics from Statcast.
7,672275,patrick bailey,CLE,L,8,10,9,2,2,3,2,2,5,109.2,82.14,25.2,0.25,0.25,0.2,0.375,0.25,0.2,0.5,2026-10-02,2026-10-02T11:58:59-04:00,Batter rolling HR contact-shape metrics from Statcast.
7,672356,gabriel arias,CHC,R,2,4,3,0,0,0,0,1,1,93.6,77.47,19.75,0.0,0.0,0.0,0.0,0.0,0.25,0.25,2026-10-02,2026-10-02T11:58:59-04:00,Batter rolling HR contact-shape metrics from Statcast.
7,672386,alejandro kirk,TOR,R,9,17,9,0,0,2,0,1,5,105.9,81.16,3.76,0.0,0.0,0.0,0.2222,0.0,0.0588,0.2941,2026-10-02,2026-10-02T11:58:59-04:00,Batter rolling HR contact-shape metrics from Statcast.
7,672515,gabriel moreno,AZ,R,8,7,4,0,0,2,0,0,4,108.8,90.83,5.14,0.0,0.0,0.0,0.25,0.0,0.0,0.5714,2026-10-02,2026-10-02T11:58:59-04:00,Batter rolling HR contact-shape metrics from Statcast.
7,672580,maikel garcía,KC,R,9,9,3,0,0,1,0,1,2,99.6,84.31,9.33,0.0,0.0,0.0,0.1111,0.0,0.1111,0.2222,2026-10-02,2026-10-02T11:58:59-04:00,Batter rolling HR contact-shape metrics from Statcast.
7,672640,otto lopez,MIA,R,9,13,6,0,0,0,0,1,1,106.6,83.46,4.69,0.0,0.0,0.0,0.0,0.0,0.0769,0.0769,2026-10-02,2026-10-02T11:58:59-04:00,Batter rolling HR contact-shape metrics from Statcast.
7,672695,geraldo perdomo,AZ,L,15,17,13,0,2,4,1,4,6,103.8,82.98,27.94,0.0,0.1333,0.1176,0.2667,0.0667,0.2353,0.3529,2026-10-02,2026-10-02T11:58:59-04:00,Batter rolling HR contact-shape metrics from Statcast.
7,672724,oswald peraza,LAA,R,4,8,4,0,0,0,0,0,2,99.2,68.21,-0.62,0.0,0.0,0.0,0.0,0.0,0.0,0.25,2026-10-02,2026-10-02T11:58:59-04:00,Batter rolling HR contact-shape metrics from Statcast.
7,672960,kazuma okamoto,TOR,R,11,10,7,0,1,2,1,2,4,107.6,86.95,20.8,0.0,0.0909,0.1,0.1818,0.0909,0.2,0.4,2026-10-02,2026-10-02T11:58:59-04:00,Batter rolling HR contact-shape metrics from Statcast.
7,673237,yainer diaz,HOU,R,22,34,24,0,1,3,1,5,10,106.8,84.82,20.47,0.0,0.0455,0.0294,0.1364,0.0455,0.1471,0.2941,2026-10-02,2026-10-02T11:58:59-04:00,Batter rolling HR contact-shape metrics from Statcast.
7,673490,ha-seong kim,ATL,R,13,17,13,0,0,2,0,1,7,103.0,73.67,24.29,0.0,0.0,0.0,0.1538,0.0,0.0588,0.4118,2026-10-02,2026-10-02T11:58:59-04:00,Batter rolling HR contact-shape metrics from Statcast.
7,673548,seiya suzuki,CHC,R,17,17,10,0,0,1,0,0,5,110.6,80.16,8.94,0.0,0.0,0.0,0.0588,0.0,0.0,0.2941,2026-10-02,2026-10-02T11:58:59-04:00,Batter rolling HR contact-shape metrics from Statcast.
7,673962,josh jung,TEX,R,1,2,0,0,0,0,0,0,0,91.4,73.7,-32.5,0.0,0.0,0.0,0.0,0.0,0.0,0.0,2026-10-02,2026-10-02T11:58:59-04:00,Batter rolling HR contact-shape metrics from Statcast.
7,676356,jonny deluca,TB,R,13,23,15,2,2,3,1,2,7,102.5,81.61,8.39,0.1538,0.1538,0.087,0.2308,0.0769,0.087,0.3043,2026-10-02,2026-10-02T11:58:59-04:00,Batter rolling HR contact-shape metrics from Statcast.
7,676369,nelson velázquez,HOU,R,5,10,7,1,1,1,1,2,3,105.5,84.05,21.9,0.2,0.2,0.1,0.2,0.2,0.2,0.3,2026-10-02,2026-10-02T11:58:59-04:00,Batter rolling HR contact-shape metrics from Statcast.
7,676391,ernie clement,TOR,R,10,12,6,0,0,2,0,4,1,100.1,82.23,13.5,0.0,0.0,0.0,0.2,0.0,0.3333,0.0833,2026-10-02,2026-10-02T11:58:59-04:00,Batter rolling HR contact-shape metrics from Statcast.
7,676439,hunter feduccia,LAD,L,6,5,3,0,0,1,0,0,2,96.3,87.08,13.6,0.0,0.0,0.0,0.1667,0.0,0.0,0.4,2026-10-02,2026-10-02T11:58:59-04:00,Batter rolling HR contact-shape metrics from Statcast.
7,676475,alec burleson,STL,L,6,14,10,2,2,3,2,3,5,111.6,83.39,22.93,0.3333,0.3333,0.1429,0.5,0.3333,0.2143,0.3571,2026-10-02,2026-10-02T11:58:59-04:00,Batter rolling HR contact-shape metrics from Statcast.
7,676480,josé barrero,BAL,R,4,5,4,0,0,0,0,2,2,92.6,79.64,32.6,0.0,0.0,0.0,0.0,0.0,0.4,0.4,2026-10-02,2026-10-02T11:58:59-04:00,Batter rolling HR contact-shape metrics from Statcast.
7,676551,brewer hicklen,ATL,R,4,4,2,0,0,0,0,1,0,87.0,78.47,0.0,0.0,0.0,0.0,0.0,0.0,0.25,0.0,2026-10-02,2026-10-02T11:58:59-04:00,Batter rolling HR contact-shape metrics from Statcast.
7,676609,josé caballero,NYY,R,4,9,7,0,0,0,0,0,1,82.5,71.72,36.11,0.0,0.0,0.0,0.0,0.0,0.0,0.1111,2026-10-02,2026-10-02T11:58:59-04:00,Batter rolling HR contact-shape metrics from Statcast.
7,676914,davis schneider,TOR,R,7,7,4,0,0,0,0,1,1,96.9,71.06,21.0,0.0,0.0,0.0,0.0,0.0,0.1429,0.1429,2026-10-02,2026-10-02T11:58:59-04:00,Batter rolling HR contact-shape metrics from Statcast.
7,677587,brayan rocchio,CLE,L,9,9,7,2,0,3,1,5,3,101.1,87.49,25.67,0.2222,0.0,0.0,0.3333,0.1111,0.5556,0.3333,2026-10-02,2026-10-02T11:58:59-04:00,Batter rolling HR contact-shape metrics from Statcast.
7,677588,josé tena,WSH,L,1,1,1,0,0,0,0,0,1,65.4,65.4,10.0,0.0,0.0,0.0,0.0,0.0,0.0,1.0,2026-10-02,2026-10-02T11:58:59-04:00,Batter rolling HR contact-shape metrics from Statcast.
7,677594,julio rodríguez,SEA,R,10,13,10,0,0,0,0,1,2,93.1,74.42,33.38,0.0,0.0,0.0,0.0,0.0,0.0769,0.1538,2026-10-02,2026-10-02T11:58:59-04:00,Batter rolling HR contact-shape metrics from Statcast.
7,677595,ronny mauricio,NYM,R,8,10,7,3,3,3,2,2,5,107.5,88.85,15.1,0.375,0.375,0.3,0.375,0.25,0.2,0.5,2026-10-02,2026-10-02T11:58:59-04:00,Batter rolling HR contact-shape metrics from Statcast.
7,677649,ezequiel duran,TEX,R,12,12,5,0,0,1,0,1,0,102.3,87.05,20.17,0.0,0.0,0.0,0.0833,0.0,0.0833,0.0,2026-10-02,2026-10-02T11:58:59-04:00,Batter rolling HR contact-shape metrics from Statcast.
7,677800,wilyer abreu,BOS,L,19,22,16,0,1,1,1,5,7,108.8,82.99,23.0,0.0,0.0526,0.0455,0.0526,0.0526,0.2273,0.3182,2026-10-02,2026-10-02T11:58:59-04:00,Batter rolling HR contact-shape metrics from Statcast.
7,677943,will banfield,CIN,R,3,3,3,0,0,0,0,0,0,77.5,70.47,63.0,0.0,0.0,0.0,0.0,0.0,0.0,0.0,2026-10-02,2026-10-02T11:58:59-04:00,Batter rolling HR contact-shape metrics from Statcast.
7,677951,bobby witt,KC,R,13,20,15,0,0,2,1,4,8,109.0,81.42,19.1,0.0,0.0,0.0,0.1538,0.0769,0.2,0.4,2026-10-02,2026-10-02T11:58:59-04:00,Batter rolling HR contact-shape metrics from Statcast.
7,677956,rece hinds,BAL,R,5,2,2,0,0,0,0,0,1,69.5,68.8,48.5,0.0,0.0,0.0,0.0,0.0,0.0,0.5,2026-10-02,2026-10-02T11:58:59-04:00,Batter rolling HR contact-shape metrics from Statcast.
7,678218,brandon valenzuela,TOR,R,3,2,2,1,1,1,1,1,1,101.7,94.2,44.5,0.3333,0.3333,0.5,0.3333,0.3333,0.5,0.5,2026-10-02,2026-10-02T11:58:59-04:00,Batter rolling HR contact-shape metrics from Statcast.
7,678246,miguel vargas,CWS,R,19,21,15,0,0,2,0,3,3,104.4,84.42,27.9,0.0,0.0,0.0,0.1053,0.0,0.1429,0.1429,2026-10-02,2026-10-02T11:58:59-04:00,Batter rolling HR contact-shape metrics from Statcast.
7,678391,jorbit vivas,WSH,L,5,11,8,0,0,1,0,0,3,100.6,73.4,28.27,0.0,0.0,0.0,0.2,0.0,0.0,0.2727,2026-10-02,2026-10-02T11:58:59-04:00,Batter rolling HR contact-shape metrics from Statcast.
7,678489,jorge barrosa,HOU,R,5,10,7,0,0,0,0,2,2,93.2,78.52,36.1,0.0,0.0,0.0,0.0,0.0,0.2,0.2,2026-10-02,2026-10-02T11:58:59-04:00,Batter rolling HR contact-shape metrics from Statcast.
7,678545,osleivis basabe,SF,R,1,1,1,0,0,0,0,0,0,85.4,85.4,38.0,0.0,0.0,0.0,0.0,0.0,0.0,0.0,2026-10-02,2026-10-02T11:58:59-04:00,Batter rolling HR contact-shape metrics from Statcast.
7,678662,ezequiel tovar,COL,R,10,13,9,1,1,1,1,2,4,105.7,83.64,23.92,0.1,0.1,0.0769,0.1,0.1,0.1538,0.3077,2026-10-02,2026-10-02T11:58:59-04:00,Batter rolling HR contact-shape metrics from Statcast.
7,678882,ceddanne rafaela,BOS,R,9,12,7,0,0,0,0,3,2,94.2,75.1,14.33,0.0,0.0,0.0,0.0,0.0,0.25,0.1667,2026-10-02,2026-10-02T11:58:59-04:00,Batter rolling HR contact-shape metrics from Statcast.
7,679529,spencer torkelson,DET,R,10,7,4,1,1,3,1,1,2,105.2,86.84,15.57,0.1,0.1,0.1429,0.3,0.1,0.1429,0.2857,2026-10-02,2026-10-02T11:58:59-04:00,Batter rolling HR contact-shape metrics from Statcast.
7,679822,justin foscue,TEX,R,3,3,2,0,0,1,1,0,1,104.1,94.87,32.67,0.0,0.0,0.0,0.3333,0.3333,0.0,0.3333,2026-10-02,2026-10-02T11:58:59-04:00,Batter rolling HR contact-shape metrics from Statcast.
7,680574,matt mclain,CIN,R,8,13,10,0,0,1,0,0,3,96.6,80.02,34.23,0.0,0.0,0.0,0.125,0.0,0.0,0.2308,2026-10-02,2026-10-02T11:58:59-04:00,Batter rolling HR contact-shape metrics from Statcast.
7,680577,dashawn keirsey,ATL,L,4,5,4,0,0,0,0,1,3,86.8,80.36,13.2,0.0,0.0,0.0,0.0,0.0,0.2,0.6,2026-10-02,2026-10-02T11:58:59-04:00,Batter rolling HR contact-shape metrics from Statcast.
7,680664,eduardo valencia,DET,R,14,18,12,2,1,3,2,4,7,109.8,85.72,22.0,0.1429,0.0714,0.0556,0.2143,0.1429,0.2222,0.3889,2026-10-02,2026-10-02T11:58:59-04:00,Batter rolling HR contact-shape metrics from Statcast.
7,680700,richie palacios,TB,L,9,12,6,0,0,2,1,3,4,101.5,83.77,6.67,0.0,0.0,0.0,0.2222,0.1111,0.25,0.3333,2026-10-02,2026-10-02T11:58:59-04:00,Batter rolling HR contact-shape metrics from Statcast.
7,680728,adrian del castillo,AZ,L,2,4,2,0,0,0,0,0,2,105.3,86.1,6.0,0.0,0.0,0.0,0.0,0.0,0.0,0.5,2026-10-02,2026-10-02T11:58:59-04:00,Batter rolling HR contact-shape metrics from Statcast.
7,680757,steven kwan,CLE,L,11,13,6,0,0,1,0,1,5,95.8,79.88,0.31,0.0,0.0,0.0,0.0909,0.0,0.0769,0.3846,2026-10-02,2026-10-02T11:58:59-04:00,Batter rolling HR contact-shape metrics from Statcast.
7,680776,jarren duran,BOS,L,13,17,9,0,0,0,0,0,0,105.3,79.88,19.71,0.0,0.0,0.0,0.0,0.0,0.0,0.0,2026-10-02,2026-10-02T11:58:59-04:00,Batter rolling HR contact-shape metrics from Statcast.
7,680777,ryan jeffers,MIN,R,8,10,8,0,0,2,0,3,6,99.8,83.08,21.5,0.0,0.0,0.0,0.25,0.0,0.3,0.6,2026-10-02,2026-10-02T11:58:59-04:00,Batter rolling HR contact-shape metrics from Statcast.
7,680779,henry davis,PIT,R,3,1,1,0,0,1,0,1,1,102.6,102.6,18.0,0.0,0.0,0.0,0.3333,0.0,1.0,1.0,2026-10-02,2026-10-02T11:58:59-04:00,Batter rolling HR contact-shape metrics from Statcast.
7,680869,zack gelof,ATH,R,12,14,9,0,0,1,0,2,3,108.3,81.98,20.57,0.0,0.0,0.0,0.0833,0.0,0.1429,0.2143,2026-10-02,2026-10-02T11:58:59-04:00,Batter rolling HR contact-shape metrics from Statcast.
7,681047,christian franklin,BAL,R,10,11,7,0,0,0,0,0,4,108.7,80.7,19.09,0.0,0.0,0.0,0.0,0.0,0.0,0.3636,2026-10-02,2026-10-02T11:58:59-04:00,Batter rolling HR contact-shape metrics from Statcast.
7,681082,bryson stott,PHI,L,25,42,31,0,0,3,1,4,8,103.0,80.94,25.93,0.0,0.0,0.0,0.12,0.04,0.0952,0.1905,2026-10-02,2026-10-02T11:58:59-04:00,Batter rolling HR contact-shape metrics from Statcast.
7,681198,tj rumfield,COL,L,5,13,10,1,1,3,1,2,4,101.4,82.82,26.85,0.2,0.2,0.0769,0.6,0.2,0.1538,0.3077,2026-10-02,2026-10-02T11:58:59-04:00,Batter rolling HR contact-shape metrics from Statcast.
7,681297,colton cowser,BAL,L,5,6,3,0,0,2,0,2,2,101.5,86.27,12.0,0.0,0.0,0.0,0.4,0.0,0.3333,0.3333,2026-10-02,2026-10-02T11:58:59-04:00,Batter rolling HR contact-shape metrics from Statcast.
7,681393,connor norby,COL,R,8,9,4,0,0,2,0,4,3,101.0,82.82,-0.11,0.0,0.0,0.0,0.25,0.0,0.4444,0.3333,2026-10-02,2026-10-02T11:58:59-04:00,Batter rolling HR contact-shape metrics from Statcast.
7,681508,mickey gasper,BOS,L,3,2,2,0,0,1,0,0,2,98.4,95.55,14.5,0.0,0.0,0.0,0.3333,0.0,0.0,1.0,2026-10-02,2026-10-02T11:58:59-04:00,Batter rolling HR contact-shape metrics from Statcast.
7,681624,andy pages,LAD,R,12,12,8,2,2,3,2,3,5,102.8,88.18,19.08,0.1667,0.1667,0.1667,0.25,0.1667,0.25,0.4167,2026-10-02,2026-10-02T11:58:59-04:00,Batter rolling HR contact-shape metrics from Statcast.
7,681715,heriberto hernandez,MIA,R,12,14,12,1,2,8,2,5,7,107.3,94.53,24.5,0.0833,0.1667,0.1429,0.6667,0.1667,0.3571,0.5,2026-10-02,2026-10-02T11:58:59-04:00,Batter rolling HR contact-shape metrics from Statcast.
7,681807,david fry,CLE,R,8,8,6,1,1,3,1,3,2,105.0,90.22,22.5,0.125,0.125,0.125,0.375,0.125,0.375,0.25,2026-10-02,2026-10-02T11:58:59-04:00,Batter rolling HR contact-shape metrics from Statcast.
7,681987,nate eaton,BOS,R,4,8,6,0,0,1,0,2,3,100.0,70.74,17.75,0.0,0.0,0.0,0.25,0.0,0.25,0.375,2026-10-02,2026-10-02T11:58:59-04:00,Batter rolling HR contact-shape metrics from Statcast.
7,682177,daniel schneemann,CLE,L,4,5,4,1,2,2,1,2,2,103.2,89.68,29.4,0.25,0.5,0.4,0.5,0.25,0.4,0.4,2026-10-02,2026-10-02T11:58:59-04:00,Batter rolling HR contact-shape metrics from Statcast.
7,682626,francisco álvarez,NYM,R,8,8,3,0,0,2,0,1,1,101.8,92.17,9.88,0.0,0.0,0.0,0.25,0.0,0.125,0.125,2026-10-02,2026-10-02T11:58:59-04:00,Batter rolling HR contact-shape metrics from Statcast.
7,682657,angel martínez,CLE,R,14,20,12,0,0,1,0,2,2,105.1,79.03,19.25,0.0,0.0,0.0,0.0714,0.0,0.1,0.1,2026-10-02,2026-10-02T11:58:59-04:00,Batter rolling HR contact-shape metrics from Statcast.
7,682663,agustín ramírez,MIA,R,12,14,6,0,0,2,0,2,3,109.1,86.79,7.71,0.0,0.0,0.0,0.1667,0.0,0.1429,0.2143,2026-10-02,2026-10-02T11:58:59-04:00,Batter rolling HR contact-shape metrics from Statcast.
7,682668,luisangel acuña,CWS,R,6,9,6,1,1,1,1,1,3,107.8,84.53,21.78,0.1667,0.1667,0.1111,0.1667,0.1667,0.1111,0.3333,2026-10-02,2026-10-02T11:58:59-04:00,Batter rolling HR contact-shape metrics from Statcast.
7,682674,victor bericoto,SF,R,10,11,8,0,1,2,1,1,3,105.8,86.88,21.73,0.0,0.1,0.0909,0.2,0.1,0.0909,0.2727,2026-10-02,2026-10-02T11:58:59-04:00,Batter rolling HR contact-shape metrics from Statcast.
7,682829,elly de la cruz,CIN,L,14,13,7,0,1,2,1,2,3,109.6,86.68,16.23,0.0,0.0714,0.0769,0.1429,0.0714,0.1538,0.2308,2026-10-02,2026-10-02T11:58:59-04:00,Batter rolling HR contact-shape metrics from Statcast.
7,682877,juan brito,CIN,L,12,15,7,0,0,0,0,2,2,104.0,79.04,17.07,0.0,0.0,0.0,0.0,0.0,0.1333,0.1333,2026-10-02,2026-10-02T11:58:59-04:00,Batter rolling HR contact-shape metrics from Statcast.
7,682927,ronny simon,PIT,L,5,9,7,0,0,1,0,2,1,105.0,83.48,28.11,0.0,0.0,0.0,0.2,0.0,0.2222,0.1111,2026-10-02,2026-10-02T11:58:59-04:00,Batter rolling HR contact-shape metrics from Statcast.
7,682928,cj abrams,WSH,L,12,21,15,0,2,3,3,4,4,104.2,83.53,36.19,0.0,0.1667,0.0952,0.25,0.25,0.1905,0.1905,2026-10-02,2026-10-02T11:58:59-04:00,Batter rolling HR contact-shape metrics from Statcast.
7,682985,riley greene,DET,L,13,16,11,0,0,2,1,2,5,105.1,83.06,23.62,0.0,0.0,0.0,0.1538,0.0769,0.125,0.3125,2026-10-02,2026-10-02T11:58:59-04:00,Batter rolling HR contact-shape metrics from Statcast.
7,682987,spencer jones,NYY,L,17,24,22,0,2,3,1,4,10,114.8,81.77,39.5,0.0,0.1176,0.0833,0.1765,0.0588,0.1667,0.4167,2026-10-02,2026-10-02T11:58:59-04:00,Batter rolling HR contact-shape metrics from Statcast.
7,682998,corbin carroll,AZ,L,13,19,15,0,0,1,0,5,7,101.8,84.56,28.21,0.0,0.0,0.0,0.0769,0.0,0.2632,0.3684,2026-10-02,2026-10-02T11:58:59-04:00,Batter rolling HR contact-shape metrics from Statcast.
7,683002,gunnar henderson,BAL,L,5,4,3,0,0,1,0,2,1,104.2,90.65,29.25,0.0,0.0,0.0,0.2,0.0,0.5,0.25,2026-10-02,2026-10-02T11:58:59-04:00,Batter rolling HR contact-shape metrics from Statcast.
7,683011,anthony volpe,NYY,R,12,12,8,0,1,5,0,3,5,105.1,83.29,10.17,0.0,0.0833,0.0833,0.4167,0.0,0.25,0.4167,2026-10-02,2026-10-02T11:58:59-04:00,Batter rolling HR contact-shape metrics from Statcast.
7,683021,michael stefanic,ATH,R,2,7,6,0,0,1,0,1,0,101.8,78.21,35.29,0.0,0.0,0.0,0.5,0.0,0.1429,0.0,2026-10-02,2026-10-02T11:58:59-04:00,Batter rolling HR contact-shape metrics from Statcast.
7,683083,nasim nuñez,WSH,R,6,8,5,0,0,2,0,0,2,100.4,79.05,13.25,0.0,0.0,0.0,0.3333,0.0,0.0,0.25,2026-10-02,2026-10-02T11:58:59-04:00,Batter rolling HR contact-shape metrics from Statcast.
7,683146,brett baty,NYM,L,9,15,10,0,1,3,0,2,5,109.0,83.26,17.27,0.0,0.1111,0.0667,0.3333,0.0,0.1333,0.3333,2026-10-02,2026-10-02T11:58:59-04:00,Batter rolling HR contact-shape metrics from Statcast.
7,683227,cody freeman,TEX,R,4,9,5,0,0,0,0,1,2,96.5,84.37,20.67,0.0,0.0,0.0,0.0,0.0,0.1111,0.2222,2026-10-02,2026-10-02T11:58:59-04:00,Batter rolling HR contact-shape metrics from Statcast.
7,683737,michael busch,CHC,L,18,22,11,0,0,2,0,1,5,103.4,82.06,13.68,0.0,0.0,0.0,0.1111,0.0,0.0455,0.2273,2026-10-02,2026-10-02T11:58:59-04:00,Batter rolling HR contact-shape metrics from Statcast.
7,683748,victor mesa,TB,L,9,19,11,0,0,4,0,1,6,104.7,85.3,11.58,0.0,0.0,0.0,0.4444,0.0,0.0526,0.3158,2026-10-02,2026-10-02T11:58:59-04:00,Batter rolling HR contact-shape metrics from Statcast.
7,683766,christian koss,SF,R,11,15,11,0,0,3,1,0,3,106.0,72.37,28.27,0.0,0.0,0.0,0.2727,0.0909,0.0,0.2,2026-10-02,2026-10-02T11:58:59-04:00,Batter rolling HR contact-shape metrics from Statcast.
7,683953,travis bazzana,CLE,L,14,36,22,0,1,3,2,7,8,103.1,79.9,15.56,0.0,0.0714,0.0278,0.2143,0.1429,0.1944,0.2222,2026-10-02,2026-10-02T11:58:59-04:00,Batter rolling HR contact-shape metrics from Statcast.
7,685133,wade meckler,LAA,L,11,12,5,0,0,1,0,1,3,102.3,75.82,3.92,0.0,0.0,0.0,0.0909,0.0,0.0833,0.25,2026-10-02,2026-10-02T11:58:59-04:00,Batter rolling HR contact-shape metrics from Statcast.
7,686217,sal frelick,MIL,L,5,6,1,0,0,0,0,0,1,99.4,86.37,-8.33,0.0,0.0,0.0,0.0,0.0,0.0,0.1667,2026-10-02,2026-10-02T11:58:59-04:00,Batter rolling HR contact-shape metrics from Statcast.
7,686469,vinnie pasquantino,KC,L,13,19,14,2,2,4,2,3,5,106.0,84.32,25.21,0.1538,0.1538,0.1053,0.3077,0.1538,0.1579,0.2632,2026-10-02,2026-10-02T11:58:59-04:00,Batter rolling HR contact-shape metrics from Statcast.
7,686475,tyler tolbert,KC,R,4,3,1,0,0,0,0,0,1,86.3,80.47,0.0,0.0,0.0,0.0,0.0,0.0,0.0,0.3333,2026-10-02,2026-10-02T11:58:59-04:00,Batter rolling HR contact-shape metrics from Statcast.
7,686527,dominic canzone,SEA,L,15,20,16,1,2,6,2,3,9,106.6,84.09,17.65,0.0667,0.1333,0.1,0.4,0.1333,0.15,0.45,2026-10-02,2026-10-02T11:58:59-04:00,Batter rolling HR contact-shape metrics from Statcast.
7,686555,isaac collins,KC,L,8,14,9,0,1,2,1,1,4,105.6,79.51,23.79,0.0,0.125,0.0714,0.25,0.125,0.0714,0.2857,2026-10-02,2026-10-02T11:58:59-04:00,Batter rolling HR contact-shape metrics from Statcast.
7,686611,dylan crews,WSH,R,12,14,10,1,1,2,1,2,3,109.5,83.07,36.71,0.0833,0.0833,0.0714,0.1667,0.0833,0.1429,0.2143,2026-10-02,2026-10-02T11:58:59-04:00,Batter rolling HR contact-shape metrics from Statcast.
7,686668,brenton doyle,CWS,R,7,13,10,2,0,3,0,3,4,106.9,81.69,25.0,0.2857,0.0,0.0,0.4286,0.0,0.2308,0.3077,2026-10-02,2026-10-02T11:58:59-04:00,Batter rolling HR contact-shape metrics from Statcast.
7,686681,michael massey,KC,L,9,20,13,0,0,1,0,1,6,102.4,80.77,24.1,0.0,0.0,0.0,0.1111,0.0,0.05,0.3,2026-10-02,2026-10-02T11:58:59-04:00,Batter rolling HR contact-shape metrics from Statcast.
7,686765,nick sogard,BOS,L,18,23,14,1,1,3,1,3,3,102.6,84.42,24.04,0.0556,0.0556,0.0435,0.1667,0.0556,0.1304,0.1304,2026-10-02,2026-10-02T11:58:59-04:00,Batter rolling HR contact-shape metrics from Statcast.
7,686780,pedro pagés,STL,R,5,5,5,0,0,1,0,1,2,102.3,81.4,39.0,0.0,0.0,0.0,0.2,0.0,0.2,0.4,2026-10-02,2026-10-02T11:58:59-04:00,Batter rolling HR contact-shape metrics from Statcast.
7,686797,brooks lee,MIN,L,13,25,18,0,2,5,2,7,8,104.5,84.22,26.92,0.0,0.1538,0.08,0.3846,0.1538,0.28,0.32,2026-10-02,2026-10-02T11:58:59-04:00,Batter rolling HR contact-shape metrics from Statcast.
7,686948,drake baldwin,ATL,L,22,40,22,1,1,5,1,4,15,108.4,82.4,3.42,0.0455,0.0455,0.025,0.2273,0.0455,0.1,0.375,2026-10-02,2026-10-02T11:58:59-04:00,Batter rolling HR contact-shape metrics from Statcast.
7,687093,vaughn grissom,LAA,R,14,20,13,0,0,2,0,2,10,100.9,81.72,18.4,0.0,0.0,0.0,0.1429,0.0,0.1,0.5,2026-10-02,2026-10-02T11:58:59-04:00,Batter rolling HR contact-shape metrics from Statcast.
7,687221,dalton rushing,LAD,L,3,5,4,0,0,0,0,0,2,93.6,83.84,34.2,0.0,0.0,0.0,0.0,0.0,0.0,0.4,2026-10-02,2026-10-02T11:58:59-04:00,Batter rolling HR contact-shape metrics from Statcast.
7,687263,zach neto,LAA,R,15,13,9,1,3,3,2,5,5,105.6,86.86,16.31,0.0667,0.2,0.2308,0.2,0.1333,0.3846,0.3846,2026-10-02,2026-10-02T11:58:59-04:00,Batter rolling HR contact-shape metrics from Statcast.
7,687363,victor scott,STL,L,3,3,3,0,0,0,0,0,2,78.9,72.47,28.0,0.0,0.0,0.0,0.0,0.0,0.0,0.6667,2026-10-02,2026-10-02T11:58:59-04:00,Batter rolling HR contact-shape metrics from Statcast.
7,687401,joey ortiz,MIL,R,4,7,4,0,0,1,0,0,3,104.2,90.0,5.29,0.0,0.0,0.0,0.25,0.0,0.0,0.4286,2026-10-02,2026-10-02T11:58:59-04:00,Batter rolling HR contact-shape metrics from Statcast.
7,687462,spencer horwitz,PIT,L,11,12,9,0,0,1,0,3,6,95.7,84.67,25.17,0.0,0.0,0.0,0.0909,0.0,0.25,0.5,2026-10-02,2026-10-02T11:58:59-04:00,Batter rolling HR contact-shape metrics from Statcast.
7,687529,grant mccray,SF,L,1,0,0,0,0,0,0,0,0,,,,0.0,0.0,,0.0,0.0,,,2026-10-02,2026-10-02T11:58:59-04:00,Batter rolling HR contact-shape metrics from Statcast.
7,687551,drew gilbert,SF,L,5,5,5,0,0,1,0,1,1,107.7,81.04,54.8,0.0,0.0,0.0,0.2,0.0,0.2,0.2,2026-10-02,2026-10-02T11:58:59-04:00,Batter rolling HR contact-shape metrics from Statcast.
7,687597,jordan beck,COL,R,5,5,2,0,0,2,0,1,2,105.5,88.38,-1.8,0.0,0.0,0.0,0.4,0.0,0.2,0.4,2026-10-02,2026-10-02T11:58:59-04:00,Batter rolling HR contact-shape metrics from Statcast.
7,687637,dylan beavers,BAL,L,11,10,9,2,2,2,2,2,4,105.1,82.34,27.1,0.1818,0.1818,0.2,0.1818,0.1818,0.2,0.4,2026-10-02,2026-10-02T11:58:59-04:00,Batter rolling HR contact-shape metrics from Statcast.
7,687749,jase bowen,SD,R,5,6,4,0,0,0,0,0,2,94.6,71.98,15.5,0.0,0.0,0.0,0.0,0.0,0.0,0.3333,2026-10-02,2026-10-02T11:58:59-04:00,Batter rolling HR contact-shape metrics from Statcast.
7,687859,troy johnston,COL,L,7,8,6,0,0,1,0,1,2,100.9,85.84,24.88,0.0,0.0,0.0,0.1429,0.0,0.125,0.25,2026-10-02,2026-10-02T11:58:59-04:00,Batter rolling HR contact-shape metrics from Statcast.
7,687952,christian encarnacion-strand,BAL,R,5,6,3,0,0,0,0,1,1,97.4,76.28,13.17,0.0,0.0,0.0,0.0,0.0,0.1667,0.1667,2026-10-02,2026-10-02T11:58:59-04:00,Batter rolling HR contact-shape metrics from Statcast.
7,687957,dustin harris,SD,L,20,26,15,0,0,4,0,11,10,102.2,81.45,15.5,0.0,0.0,0.0,0.2,0.0,0.4231,0.3846,2026-10-02,2026-10-02T11:58:59-04:00,Batter rolling HR contact-shape metrics from Statcast.
7,688363,graham pauley,MIA,L,4,8,4,0,0,0,0,0,1,97.5,75.31,26.88,0.0,0.0,0.0,0.0,0.0,0.0,0.125,2026-10-02,2026-10-02T11:58:59-04:00,Batter rolling HR contact-shape metrics from Statcast.
7,689414,liam hicks,TB,L,10,15,11,0,0,4,0,5,5,102.9,85.55,17.87,0.0,0.0,0.0,0.4,0.0,0.3333,0.3333,2026-10-02,2026-10-02T11:58:59-04:00,Batter rolling HR contact-shape metrics from Statcast.
7,690291,jace jung,DET,L,1,0,0,0,0,0,0,0,0,,,,0.0,0.0,,0.0,0.0,,,2026-10-02,2026-10-02T11:58:59-04:00,Batter rolling HR contact-shape metrics from Statcast.
7,690984,petey halpin,CLE,L,6,7,4,0,0,0,0,1,1,86.4,69.7,11.86,0.0,0.0,0.0,0.0,0.0,0.1429,0.1429,2026-10-02,2026-10-02T11:58:59-04:00,Batter rolling HR contact-shape metrics from Statcast.
7,691002,yohandy morales,WSH,R,4,2,0,0,0,0,0,0,0,73.1,70.3,-21.0,0.0,0.0,0.0,0.0,0.0,0.0,0.0,2026-10-02,2026-10-02T11:58:59-04:00,Batter rolling HR contact-shape metrics from Statcast.
7,691011,drew romo,CWS,R,3,3,2,0,0,1,1,2,1,101.2,88.53,20.67,0.0,0.0,0.0,0.3333,0.3333,0.6667,0.3333,2026-10-02,2026-10-02T11:58:59-04:00,Batter rolling HR contact-shape metrics from Statcast.
7,691019,kyle teel,CWS,L,18,21,12,0,1,3,0,4,6,108.9,82.9,18.33,0.0,0.0556,0.0476,0.1667,0.0,0.1905,0.2857,2026-10-02,2026-10-02T11:58:59-04:00,Batter rolling HR contact-shape metrics from Statcast.
7,691023,jordan walker,STL,R,12,13,8,1,1,2,1,3,2,110.2,85.07,26.92,0.0833,0.0833,0.0769,0.1667,0.0833,0.2308,0.1538,2026-10-02,2026-10-02T11:58:59-04:00,Batter rolling HR contact-shape metrics from Statcast.
7,691026,masyn winn,STL,R,4,4,4,0,0,1,0,0,4,99.2,79.12,18.5,0.0,0.0,0.0,0.25,0.0,0.0,1.0,2026-10-02,2026-10-02T11:58:59-04:00,Batter rolling HR contact-shape metrics from Statcast.
7,691181,emmanuel rodriguez,MIN,L,4,4,3,0,1,2,0,1,3,98.7,84.35,10.5,0.0,0.25,0.25,0.5,0.0,0.25,0.75,2026-10-02,2026-10-02T11:58:59-04:00,Batter rolling HR contact-shape metrics from Statcast.
7,691182,adael amador,COL,L,12,20,14,0,0,1,0,1,8,103.0,73.53,30.5,0.0,0.0,0.0,0.0833,0.0,0.05,0.4,2026-10-02,2026-10-02T11:58:59-04:00,Batter rolling HR contact-shape metrics from Statcast.
7,691277,deyvison de los santos,MIA,R,12,13,7,0,0,3,0,2,3,109.3,89.11,22.46,0.0,0.0,0.0,0.25,0.0,0.1538,0.2308,2026-10-02,2026-10-02T11:58:59-04:00,Batter rolling HR contact-shape metrics from Statcast.
7,691406,junior caminero,TB,R,10,11,8,1,2,3,2,2,2,111.9,94.35,32.91,0.1,0.2,0.1818,0.3,0.2,0.1818,0.1818,2026-10-02,2026-10-02T11:58:59-04:00,Batter rolling HR contact-shape metrics from Statcast.
7,691594,javier sanoja,MIA,R,12,18,7,1,1,2,0,2,4,105.4,91.63,7.06,0.0833,0.0833,0.0556,0.1667,0.0,0.1111,0.2222,2026-10-02,2026-10-02T11:58:59-04:00,Batter rolling HR contact-shape metrics from Statcast.
7,691718,pete crow-armstrong,CHC,L,18,37,27,0,0,4,1,6,10,108.0,82.79,31.51,0.0,0.0,0.0,0.2222,0.0556,0.1622,0.2703,2026-10-02,2026-10-02T11:58:59-04:00,Batter rolling HR contact-shape metrics from Statcast.
7,691720,kyle karros,COL,R,12,7,2,0,0,1,0,0,1,110.0,89.77,-4.29,0.0,0.0,0.0,0.0833,0.0,0.0,0.1429,2026-10-02,2026-10-02T11:58:59-04:00,Batter rolling HR contact-shape metrics from Statcast.
7,691723,coby mayo,BAL,R,10,16,10,0,0,0,0,2,4,106.7,86.45,30.69,0.0,0.0,0.0,0.0,0.0,0.125,0.25,2026-10-02,2026-10-02T11:58:59-04:00,Batter rolling HR contact-shape metrics from Statcast.
7,691728,zac veen,COL,L,3,2,0,0,0,0,0,0,0,93.9,93.55,-11.5,0.0,0.0,0.0,0.0,0.0,0.0,0.0,2026-10-02,2026-10-02T11:58:59-04:00,Batter rolling HR contact-shape metrics from Statcast.
7,691781,brady house,WSH,R,11,14,9,0,0,2,0,1,3,108.0,81.25,20.71,0.0,0.0,0.0,0.1818,0.0,0.0714,0.2143,2026-10-02,2026-10-02T11:58:59-04:00,Batter rolling HR contact-shape metrics from Statcast.
7,691783,jordan lawlar,AZ,R,7,7,4,1,0,2,0,1,2,104.1,95.39,19.43,0.1429,0.0,0.0,0.2857,0.0,0.1429,0.2857,2026-10-02,2026-10-02T11:58:59-04:00,Batter rolling HR contact-shape metrics from Statcast.
7,691785,marcelo mayer,SF,L,9,8,5,0,1,2,1,0,3,100.2,83.23,18.12,0.0,0.1111,0.125,0.2222,0.1111,0.0,0.375,2026-10-02,2026-10-02T11:58:59-04:00,Batter rolling HR contact-shape metrics from Statcast.
7,691788,joe mack,MIA,L,3,3,3,1,1,2,1,2,2,107.5,80.8,32.67,0.3333,0.3333,0.3333,0.6667,0.3333,0.6667,0.6667,2026-10-02,2026-10-02T11:58:59-04:00,Batter rolling HR contact-shape metrics from Statcast.
7,691858,jared serna,MIA,R,10,11,9,0,0,0,0,2,3,98.9,82.03,29.09,0.0,0.0,0.0,0.0,0.0,0.1818,0.2727,2026-10-02,2026-10-02T11:58:59-04:00,Batter rolling HR contact-shape metrics from Statcast.
7,693304,nick gonzales,PIT,R,8,9,7,0,0,2,0,0,4,100.9,86.16,18.11,0.0,0.0,0.0,0.25,0.0,0.0,0.4444,2026-10-02,2026-10-02T11:58:59-04:00,Batter rolling HR contact-shape metrics from Statcast.
7,693306,aaron sabato,MIN,R,1,0,0,0,0,0,0,0,0,,,,0.0,0.0,,0.0,0.0,,,2026-10-02,2026-10-02T11:58:59-04:00,Batter rolling HR contact-shape metrics from Statcast.
7,693307,dillon dingler,DET,R,9,12,7,0,1,2,1,2,3,110.8,88.81,13.75,0.0,0.1111,0.0833,0.2222,0.1111,0.1667,0.25,2026-10-02,2026-10-02T11:58:59-04:00,Batter rolling HR contact-shape metrics from Statcast.
7,693409,césar prieto,STL,L,4,4,2,0,0,2,0,1,2,97.4,87.28,-1.0,0.0,0.0,0.0,0.5,0.0,0.25,0.5,2026-10-02,2026-10-02T11:58:59-04:00,Batter rolling HR contact-shape metrics from Statcast.
7,694192,jackson chourio,MIL,R,10,16,9,0,1,1,1,3,5,106.1,82.69,10.88,0.0,0.1,0.0625,0.1,0.1,0.1875,0.3125,2026-10-02,2026-10-02T11:58:59-04:00,Batter rolling HR contact-shape metrics from Statcast.
7,694197,angel genao,CLE,L,5,4,2,0,0,1,0,1,0,107.1,96.07,7.75,0.0,0.0,0.0,0.2,0.0,0.25,0.0,2026-10-02,2026-10-02T11:58:59-04:00,Batter rolling HR contact-shape metrics from Statcast.
7,694203,denzer guzman,LAA,R,9,9,4,0,0,1,0,1,1,108.1,78.72,1.56,0.0,0.0,0.0,0.1111,0.0,0.1111,0.1111,2026-10-02,2026-10-02T11:58:59-04:00,Batter rolling HR contact-shape metrics from Statcast.
7,694208,moisés ballesteros,LAA,L,8,9,6,0,0,1,0,0,1,98.9,77.76,21.56,0.0,0.0,0.0,0.125,0.0,0.0,0.1111,2026-10-02,2026-10-02T11:58:59-04:00,Batter rolling HR contact-shape metrics from Statcast.
7,694249,cole carrigg,COL,R,11,22,17,1,2,3,2,3,7,110.3,86.15,25.95,0.0909,0.1818,0.0909,0.2727,0.1818,0.1364,0.3182,2026-10-02,2026-10-02T11:58:59-04:00,Batter rolling HR contact-shape metrics from Statcast.
7,694374,tim tawa,AZ,R,13,21,9,0,1,2,1,3,5,107.9,80.0,0.86,0.0,0.0769,0.0476,0.1538,0.0769,0.1429,0.2381,2026-10-02,2026-10-02T11:58:59-04:00,Batter rolling HR contact-shape metrics from Statcast.
7,694376,shay whitcomb,SF,R,6,5,3,0,0,1,0,1,3,103.4,92.52,20.0,0.0,0.0,0.0,0.1667,0.0,0.2,0.6,2026-10-02,2026-10-02T11:58:59-04:00,Batter rolling HR contact-shape metrics from Statcast.
7,694378,jacob gonzalez,PIT,L,6,6,6,1,1,1,1,1,2,104.4,82.27,46.0,0.1667,0.1667,0.1667,0.1667,0.1667,0.1667,0.3333,2026-10-02,2026-10-02T11:58:59-04:00,Batter rolling HR contact-shape metrics from Statcast.
7,694497,evan carter,TEX,L,9,10,6,0,0,3,1,4,2,102.0,78.74,10.3,0.0,0.0,0.0,0.3333,0.1111,0.4,0.2,2026-10-02,2026-10-02T11:58:59-04:00,Batter rolling HR contact-shape metrics from Statcast.
7,694671,wyatt langford,TEX,R,14,12,7,0,0,1,0,2,3,103.6,86.37,25.33,0.0,0.0,0.0,0.0714,0.0,0.1667,0.25,2026-10-02,2026-10-02T11:58:59-04:00,Batter rolling HR contact-shape metrics from Statcast.
7,694673,abimelec ortiz,WSH,L,5,10,5,0,0,0,0,2,1,102.2,82.68,13.8,0.0,0.0,0.0,0.0,0.0,0.2,0.1,2026-10-02,2026-10-02T11:58:59-04:00,Batter rolling HR contact-shape metrics from Statcast.
7,695257,billy cook,PIT,R,5,3,3,0,0,3,1,1,1,111.7,104.0,35.67,0.0,0.0,0.0,0.6,0.2,0.3333,0.3333,2026-10-02,2026-10-02T11:58:59-04:00,Batter rolling HR contact-shape metrics from Statcast.
7,695336,thomas saggese,STL,R,11,12,9,0,0,2,1,0,2,100.8,85.72,27.92,0.0,0.0,0.0,0.1818,0.0909,0.0,0.1667,2026-10-02,2026-10-02T11:58:59-04:00,Batter rolling HR contact-shape metrics from Statcast.
7,695391,brett harris,SF,R,9,10,7,0,0,3,1,3,4,102.0,83.05,23.0,0.0,0.0,0.0,0.3333,0.1111,0.3,0.4,2026-10-02,2026-10-02T11:58:59-04:00,Batter rolling HR contact-shape metrics from Statcast.
7,695506,jac caglianone,KC,L,13,18,11,0,0,5,0,5,8,114.2,86.48,6.28,0.0,0.0,0.0,0.3846,0.0,0.2778,0.4444,2026-10-02,2026-10-02T11:58:59-04:00,Batter rolling HR contact-shape metrics from Statcast.
7,695578,james wood,WSH,L,13,11,3,0,0,2,0,0,2,116.2,94.47,-0.09,0.0,0.0,0.0,0.1538,0.0,0.0,0.1818,2026-10-02,2026-10-02T11:58:59-04:00,Batter rolling HR contact-shape metrics from Statcast.
7,695600,carter jensen,KC,L,10,17,15,2,5,5,3,5,4,108.4,89.27,34.82,0.2,0.5,0.2941,0.5,0.3,0.2941,0.2353,2026-10-02,2026-10-02T11:58:59-04:00,Batter rolling HR contact-shape metrics from Statcast.
7,695657,colson montgomery,CWS,L,17,22,16,1,1,4,1,2,7,111.8,82.9,23.05,0.0588,0.0588,0.0455,0.2353,0.0588,0.0909,0.3182,2026-10-02,2026-10-02T11:58:59-04:00,Batter rolling HR contact-shape metrics from Statcast.
7,695670,harry ford,WSH,R,4,3,2,0,0,2,0,1,2,103.2,95.47,14.33,0.0,0.0,0.0,0.5,0.0,0.3333,0.6667,2026-10-02,2026-10-02T11:58:59-04:00,Batter rolling HR contact-shape metrics from Statcast.
7,695681,christian moore,LAA,R,12,14,9,1,1,2,1,1,5,106.3,85.16,22.43,0.0833,0.0833,0.0714,0.1667,0.0833,0.0714,0.3571,2026-10-02,2026-10-02T11:58:59-04:00,Batter rolling HR contact-shape metrics from Statcast.
7,695720,tommy white,ATH,R,9,18,14,0,1,1,1,0,5,102.1,78.34,25.94,0.0,0.1111,0.0556,0.1111,0.1111,0.0,0.2778,2026-10-02,2026-10-02T11:58:59-04:00,Batter rolling HR contact-shape metrics from Statcast.
7,695731,braden montgomery,CWS,L,16,18,9,0,0,3,1,0,3,102.2,84.57,1.11,0.0,0.0,0.0,0.1875,0.0625,0.0,0.1667,2026-10-02,2026-10-02T11:58:59-04:00,Batter rolling HR contact-shape metrics from Statcast.
7,695734,daylen lile,WSH,L,12,24,18,0,0,7,1,6,7,106.5,83.29,24.58,0.0,0.0,0.0,0.5833,0.0833,0.25,0.2917,2026-10-02,2026-10-02T11:58:59-04:00,Batter rolling HR contact-shape metrics from Statcast.
7,696030,alejandro osuna,TEX,L,7,9,7,0,0,1,0,2,3,106.3,82.9,34.56,0.0,0.0,0.0,0.1429,0.0,0.2222,0.3333,2026-10-02,2026-10-02T11:58:59-04:00,Batter rolling HR contact-shape metrics from Statcast.
7,696100,hunter goodman,COL,R,13,18,14,2,2,4,2,4,6,109.4,89.5,29.0,0.1538,0.1538,0.1111,0.3077,0.1538,0.2222,0.3333,2026-10-02,2026-10-02T11:58:59-04:00,Batter rolling HR contact-shape metrics from Statcast.
7,696285,jacob young,WSH,R,8,13,7,0,0,1,0,1,0,98.2,76.85,16.62,0.0,0.0,0.0,0.125,0.0,0.0769,0.0,2026-10-02,2026-10-02T11:58:59-04:00,Batter rolling HR contact-shape metrics from Statcast.
7,699024,leo bernal,STL,R,12,12,8,1,1,3,1,3,4,104.7,89.65,13.58,0.0833,0.0833,0.0833,0.25,0.0833,0.25,0.3333,2026-10-02,2026-10-02T11:58:59-04:00,Batter rolling HR contact-shape metrics from Statcast.
7,699115,carlos jorge,CIN,L,14,15,11,0,0,0,0,4,5,95.2,72.57,21.07,0.0,0.0,0.0,0.0,0.0,0.2667,0.3333,2026-10-02,2026-10-02T11:58:59-04:00,Batter rolling HR contact-shape metrics from Statcast.
7,699302,héctor rodríguez,CIN,L,12,21,11,0,0,1,0,3,2,111.7,82.18,16.05,0.0,0.0,0.0,0.0833,0.0,0.1429,0.0952,2026-10-02,2026-10-02T11:58:59-04:00,Batter rolling HR contact-shape metrics from Statcast.
7,699393,pedro ramírez,CHC,L,12,16,7,0,0,0,0,2,2,109.3,78.45,13.12,0.0,0.0,0.0,0.0,0.0,0.125,0.125,2026-10-02,2026-10-02T11:58:59-04:00,Batter rolling HR contact-shape metrics from Statcast.
7,699912,jose fernandez,AZ,R,3,3,1,0,0,0,0,0,1,88.8,81.9,-3.67,0.0,0.0,0.0,0.0,0.0,0.0,0.3333,2026-10-02,2026-10-02T11:58:59-04:00,Batter rolling HR contact-shape metrics from Statcast.
7,700250,ben rice,NYY,L,19,25,19,2,4,8,3,9,14,110.3,89.88,19.32,0.1053,0.2105,0.16,0.4211,0.1579,0.36,0.56,2026-10-02,2026-10-02T11:58:59-04:00,Batter rolling HR contact-shape metrics from Statcast.
7,701162,ben malgeri,DET,R,4,3,1,0,0,1,0,1,1,101.6,99.6,-8.0,0.0,0.0,0.0,0.25,0.0,0.3333,0.3333,2026-10-02,2026-10-02T11:58:59-04:00,Batter rolling HR contact-shape metrics from Statcast.
7,701350,roman anthony,BOS,L,12,10,8,0,1,1,0,1,3,110.8,83.96,23.6,0.0,0.0833,0.1,0.0833,0.0,0.1,0.3,2026-10-02,2026-10-02T11:58:59-04:00,Batter rolling HR contact-shape metrics from Statcast.
7,701358,cam smith,HOU,R,22,32,20,2,1,5,0,4,7,111.5,76.75,16.75,0.0909,0.0455,0.0312,0.2273,0.0,0.125,0.2188,2026-10-02,2026-10-02T11:58:59-04:00,Batter rolling HR contact-shape metrics from Statcast.
7,701398,sal stewart,CIN,R,14,23,17,0,0,5,0,3,4,106.7,83.48,36.26,0.0,0.0,0.0,0.3571,0.0,0.1304,0.1739,2026-10-02,2026-10-02T11:58:59-04:00,Batter rolling HR contact-shape metrics from Statcast.
7,701538,jackson merrill,SD,L,15,20,11,0,0,3,0,1,3,107.1,83.6,13.55,0.0,0.0,0.0,0.2,0.0,0.05,0.15,2026-10-02,2026-10-02T11:58:59-04:00,Batter rolling HR contact-shape metrics from Statcast.
7,701675,nathan church,STL,L,8,16,9,0,0,1,0,1,3,96.9,78.22,11.5,0.0,0.0,0.0,0.125,0.0,0.0625,0.1875,2026-10-02,2026-10-02T11:58:59-04:00,Batter rolling HR contact-shape metrics from Statcast.
7,701678,hao-yu lee,DET,R,14,18,11,0,0,3,0,2,6,101.9,80.09,1.5,0.0,0.0,0.0,0.2143,0.0,0.1111,0.3333,2026-10-02,2026-10-02T11:58:59-04:00,Batter rolling HR contact-shape metrics from Statcast.
7,701785,kaelen culpepper,MIN,R,8,7,5,0,0,0,0,1,1,104.4,84.37,35.57,0.0,0.0,0.0,0.0,0.0,0.1429,0.1429,2026-10-02,2026-10-02T11:58:59-04:00,Batter rolling HR contact-shape metrics from Statcast.
7,701807,carson benge,NYM,L,14,21,12,1,1,2,0,1,6,102.6,78.98,5.05,0.0714,0.0714,0.0476,0.1429,0.0,0.0476,0.2857,2026-10-02,2026-10-02T11:58:59-04:00,Batter rolling HR contact-shape metrics from Statcast.
7,701852,drew cavanaugh,SF,L,6,8,4,0,0,1,0,1,2,102.6,78.55,1.38,0.0,0.0,0.0,0.1667,0.0,0.125,0.25,2026-10-02,2026-10-02T11:58:59-04:00,Batter rolling HR contact-shape metrics from Statcast.
7,702176,alan roden,MIN,L,3,2,2,0,0,2,0,1,2,104.9,100.25,21.0,0.0,0.0,0.0,0.6667,0.0,0.5,1.0,2026-10-02,2026-10-02T11:58:59-04:00,Batter rolling HR contact-shape metrics from Statcast.
7,702222,justin crawford,PHI,L,18,25,13,0,1,4,1,3,5,104.9,84.78,12.16,0.0,0.0556,0.04,0.2222,0.0556,0.12,0.2,2026-10-02,2026-10-02T11:58:59-04:00,Batter rolling HR contact-shape metrics from Statcast.
7,702284,cole young,SEA,L,13,12,10,0,1,2,1,3,5,104.2,74.43,29.75,0.0,0.0769,0.0833,0.1538,0.0769,0.25,0.4167,2026-10-02,2026-10-02T11:58:59-04:00,Batter rolling HR contact-shape metrics from Statcast.
7,702332,caleb durbin,BOS,R,15,24,14,0,1,4,0,2,5,104.7,82.5,18.5,0.0,0.0667,0.0417,0.2667,0.0,0.0833,0.2083,2026-10-02,2026-10-02T11:58:59-04:00,Batter rolling HR contact-shape metrics from Statcast.
7,703155,lazaro montes,SEA,L,6,6,5,0,1,1,0,2,4,104.9,80.8,20.17,0.0,0.1667,0.1667,0.1667,0.0,0.3333,0.6667,2026-10-02,2026-10-02T11:58:59-04:00,Batter rolling HR contact-shape metrics from Statcast.
7,703197,michael arroyo,SEA,R,10,15,6,0,0,1,0,3,4,108.1,85.36,3.47,0.0,0.0,0.0,0.1,0.0,0.2,0.2667,2026-10-02,2026-10-02T11:58:59-04:00,Batter rolling HR contact-shape metrics from Statcast.
7,703520,brett bateman,TOR,L,9,10,9,0,0,0,0,2,5,98.9,83.15,25.1,0.0,0.0,0.0,0.0,0.0,0.2,0.5,2026-10-02,2026-10-02T11:58:59-04:00,Batter rolling HR contact-shape metrics from Statcast.
7,703601,max clark,DET,L,14,19,14,0,0,2,0,3,5,100.4,75.91,27.89,0.0,0.0,0.0,0.1429,0.0,0.1579,0.2632,2026-10-02,2026-10-02T11:58:59-04:00,Batter rolling HR contact-shape metrics from Statcast.
7,703607,henry bolte,ATH,R,13,18,7,0,1,3,1,1,4,113.7,87.43,2.33,0.0,0.0769,0.0556,0.2308,0.0769,0.0556,0.2222,2026-10-02,2026-10-02T11:58:59-04:00,Batter rolling HR contact-shape metrics from Statcast.
7,800050,chase delauter,CLE,L,11,11,7,1,1,3,1,2,4,109.6,85.93,16.73,0.0909,0.0909,0.0909,0.2727,0.0909,0.1818,0.3636,2026-10-02,2026-10-02T11:58:59-04:00,Batter rolling HR contact-shape metrics from Statcast.
7,800325,luis lara,MIL,L,8,11,5,0,0,0,0,0,3,100.0,85.64,7.73,0.0,0.0,0.0,0.0,0.0,0.0,0.2727,2026-10-02,2026-10-02T11:58:59-04:00,Batter rolling HR contact-shape metrics from Statcast.
7,802139,jj wetherholt,STL,L,8,8,5,0,0,2,0,0,1,98.3,81.34,22.88,0.0,0.0,0.0,0.25,0.0,0.0,0.125,2026-10-02,2026-10-02T11:58:59-04:00,Batter rolling HR contact-shape metrics from Statcast.
7,802415,chandler simpson,TB,L,3,5,2,0,0,0,0,0,0,90.1,76.6,6.0,0.0,0.0,0.0,0.0,0.0,0.0,0.0,2026-10-02,2026-10-02T11:58:59-04:00,Batter rolling HR contact-shape metrics from Statcast.
7,803011,sam antonacci,CWS,L,21,27,19,0,0,7,1,2,16,104.0,84.23,15.96,0.0,0.0,0.0,0.3333,0.0476,0.0741,0.5926,2026-10-02,2026-10-02T11:58:59-04:00,Batter rolling HR contact-shape metrics from Statcast.
7,804606,konnor griffin,PIT,R,13,14,9,1,2,5,2,2,6,106.4,90.0,16.07,0.0769,0.1538,0.1429,0.3846,0.1538,0.1429,0.4286,2026-10-02,2026-10-02T11:58:59-04:00,Batter rolling HR contact-shape metrics from Statcast.
7,804668,rafael flores,PIT,R,8,9,6,1,1,1,1,1,3,105.1,82.16,21.89,0.125,0.125,0.1111,0.125,0.125,0.1111,0.3333,2026-10-02,2026-10-02T11:58:59-04:00,Batter rolling HR contact-shape metrics from Statcast.
7,805249,otto kemp,PHI,R,1,1,0,0,0,0,0,0,0,84.1,84.1,-26.0,0.0,0.0,0.0,0.0,0.0,0.0,0.0,2026-10-02,2026-10-02T11:58:59-04:00,Batter rolling HR contact-shape metrics from Statcast.
7,805300,jakob marsee,MIA,L,8,10,6,0,1,2,1,3,5,101.5,85.59,9.6,0.0,0.125,0.1,0.25,0.125,0.3,0.5,2026-10-02,2026-10-02T11:58:59-04:00,Batter rolling HR contact-shape metrics from Statcast.
7,805367,chase meidroth,CWS,R,10,13,6,1,1,3,1,5,5,102.6,81.32,0.54,0.1,0.1,0.0769,0.3,0.1,0.3846,0.3846,2026-10-02,2026-10-02T11:58:59-04:00,Batter rolling HR contact-shape metrics from Statcast.
7,805805,walker jenkins,MIN,L,12,16,9,0,0,0,0,3,5,103.9,84.71,16.94,0.0,0.0,0.0,0.0,0.0,0.1875,0.3125,2026-10-02,2026-10-02T11:58:59-04:00,Batter rolling HR contact-shape metrics from Statcast.
7,805808,kevin mcgonigle,DET,L,13,21,12,1,1,5,1,1,9,103.0,85.2,8.14,0.0769,0.0769,0.0476,0.3846,0.0769,0.0476,0.4286,2026-10-02,2026-10-02T11:58:59-04:00,Batter rolling HR contact-shape metrics from Statcast.
7,805999,a. j. ewing,NYM,L,12,11,5,1,2,3,2,1,4,104.7,88.87,-0.45,0.0833,0.1667,0.1818,0.25,0.1667,0.0909,0.3636,2026-10-02,2026-10-02T11:58:59-04:00,Batter rolling HR contact-shape metrics from Statcast.
7,806146,george lombard,NYY,R,12,17,12,0,1,3,0,0,7,108.6,84.23,27.94,0.0,0.0833,0.0588,0.25,0.0,0.0,0.4118,2026-10-02,2026-10-02T11:58:59-04:00,Batter rolling HR contact-shape metrics from Statcast.
7,806198,cooper pratt,MIL,R,9,11,8,0,0,1,0,1,7,96.0,76.56,20.73,0.0,0.0,0.0,0.1111,0.0,0.0909,0.6364,2026-10-02,2026-10-02T11:58:59-04:00,Batter rolling HR contact-shape metrics from Statcast.
7,806367,turner hill,SF,L,6,11,10,0,1,1,1,2,4,103.1,82.06,30.18,0.0,0.1667,0.0909,0.1667,0.1667,0.1818,0.3636,2026-10-02,2026-10-02T11:58:59-04:00,Batter rolling HR contact-shape metrics from Statcast.
7,806956,ethan salas,SD,L,6,7,5,0,0,2,0,1,4,108.3,95.34,14.29,0.0,0.0,0.0,0.3333,0.0,0.1429,0.5714,2026-10-02,2026-10-02T11:58:59-04:00,Batter rolling HR contact-shape metrics from Statcast.
7,807712,luke keaschall,MIN,R,14,12,9,0,1,5,1,1,5,105.8,87.2,17.08,0.0,0.0714,0.0833,0.3571,0.0714,0.0833,0.4167,2026-10-02,2026-10-02T11:58:59-04:00,Batter rolling HR contact-shape metrics from Statcast.
7,807713,matt shaw,CHC,R,13,15,11,0,0,3,0,1,4,104.6,79.17,20.2,0.0,0.0,0.0,0.2308,0.0,0.0667,0.2667,2026-10-02,2026-10-02T11:58:59-04:00,Batter rolling HR contact-shape metrics from Statcast.
7,807726,john peck,DET,R,7,8,6,0,0,1,0,0,2,105.1,83.5,26.88,0.0,0.0,0.0,0.1429,0.0,0.0,0.25,2026-10-02,2026-10-02T11:58:59-04:00,Batter rolling HR contact-shape metrics from Statcast.
7,807727,charles mcadoo,TOR,R,7,8,7,1,1,2,1,2,6,108.6,89.21,17.62,0.1429,0.1429,0.125,0.2857,0.1429,0.25,0.75,2026-10-02,2026-10-02T11:58:59-04:00,Batter rolling HR contact-shape metrics from Statcast.
7,808959,munetaka murakami,CWS,L,23,25,24,2,5,11,2,7,7,113.0,89.5,41.48,0.087,0.2174,0.2,0.4783,0.087,0.28,0.28,2026-10-02,2026-10-02T11:58:59-04:00,Batter rolling HR contact-shape metrics from Statcast.
7,810938,ben williamson,TB,R,6,4,0,0,0,0,0,0,0,100.7,90.8,-24.75,0.0,0.0,0.0,0.0,0.0,0.0,0.0,2026-10-02,2026-10-02T11:58:59-04:00,Batter rolling HR contact-shape metrics from Statcast.
7,811965,joshua kuroda-grauer,ATH,R,5,8,6,0,0,0,0,2,3,95.4,83.19,17.5,0.0,0.0,0.0,0.0,0.0,0.25,0.375,2026-10-02,2026-10-02T11:58:59-04:00,Batter rolling HR contact-shape metrics from Statcast.
7,813841,jonah cox,SF,R,12,15,6,0,0,0,0,1,4,97.6,72.31,0.27,0.0,0.0,0.0,0.0,0.0,0.0667,0.2667,2026-10-02,2026-10-02T11:58:59-04:00,Batter rolling HR contact-shape metrics from Statcast.
7,814154,scott bandura,SF,L,8,9,6,0,0,0,0,1,3,97.8,76.62,19.89,0.0,0.0,0.0,0.0,0.0,0.1111,0.3333,2026-10-02,2026-10-02T11:58:59-04:00,Batter rolling HR contact-shape metrics from Statcast.
7,814430,brett callahan,DET,L,7,4,1,0,0,0,0,0,0,98.2,84.6,-0.5,0.0,0.0,0.0,0.0,0.0,0.0,0.0,2026-10-02,2026-10-02T11:58:59-04:00,Batter rolling HR contact-shape metrics from Statcast.
7,815589,bo davidson,SF,L,11,11,7,0,0,1,0,0,4,97.3,81.04,18.91,0.0,0.0,0.0,0.0909,0.0,0.0,0.3636,2026-10-02,2026-10-02T11:58:59-04:00,Batter rolling HR contact-shape metrics from Statcast.
7,815873,sean keys,TOR,L,6,8,7,0,1,2,2,3,4,109.7,83.45,33.62,0.0,0.1667,0.125,0.3333,0.3333,0.375,0.5,2026-10-02,2026-10-02T11:58:59-04:00,Batter rolling HR contact-shape metrics from Statcast.
7,823550,sung mun song,SD,L,6,7,4,0,0,0,0,1,2,102.9,78.76,19.29,0.0,0.0,0.0,0.0,0.0,0.1429,0.2857,2026-10-02,2026-10-02T11:58:59-04:00,Batter rolling HR contact-shape metrics from Statcast.
7,828599,lucas spence,HOU,L,22,20,13,1,2,5,3,4,9,106.4,83.69,19.8,0.0455,0.0909,0.1,0.2273,0.1364,0.2,0.45,2026-10-02,2026-10-02T11:58:59-04:00,Batter rolling HR contact-shape metrics from Statcast.
14,500743,miguel rojas,LAD,R,16,16,9,0,0,2,0,3,4,105.6,88.7,18.44,0.0,0.0,0.0,0.125,0.0,0.1875,0.25,2026-10-02,2026-10-02T11:58:59-04:00,Batter rolling HR contact-shape metrics from Statcast.
14,502054,tommy pham,CWS,R,13,14,7,0,0,2,0,2,4,108.8,84.5,18.0,0.0,0.0,0.0,0.1538,0.0,0.1429,0.2857,2026-10-02,2026-10-02T11:58:59-04:00,Batter rolling HR contact-shape metrics from Statcast.
14,502671,paul goldschmidt,NYY,R,21,34,21,0,0,6,0,3,10,101.3,83.11,12.85,0.0,0.0,0.0,0.2857,0.0,0.0882,0.2941,2026-10-02,2026-10-02T11:58:59-04:00,Batter rolling HR contact-shape metrics from Statcast.
14,514888,josé altuve,HOU,R,48,59,38,2,1,7,0,11,18,106.3,80.81,15.03,0.0417,0.0208,0.0169,0.1458,0.0,0.1864,0.3051,2026-10-02,2026-10-02T11:58:59-04:00,Batter rolling HR contact-shape metrics from Statcast.
14,518595,travis d'arnaud,LAA,R,7,8,6,0,0,1,0,1,2,97.1,84.93,26.88,0.0,0.0,0.0,0.1429,0.0,0.125,0.25,2026-10-02,2026-10-02T11:58:59-04:00,Batter rolling HR contact-shape metrics from Statcast.
14,518692,freddie freeman,LAD,L,33,43,25,0,2,10,2,3,15,104.1,85.59,16.88,0.0,0.0606,0.0465,0.303,0.0606,0.0698,0.3488,2026-10-02,2026-10-02T11:58:59-04:00,Batter rolling HR contact-shape metrics from Statcast.
14,521692,salvador pérez,KC,R,32,55,42,2,5,9,4,10,15,110.1,82.6,23.89,0.0625,0.1562,0.0909,0.2812,0.125,0.1818,0.2727,2026-10-02,2026-10-02T11:58:59-04:00,Batter rolling HR contact-shape metrics from Statcast.
14,543510,james mccann,AZ,R,14,19,15,2,4,5,2,3,9,109.0,87.49,22.58,0.1429,0.2857,0.2105,0.3571,0.1429,0.1579,0.4737,2026-10-02,2026-10-02T11:58:59-04:00,Batter rolling HR contact-shape metrics from Statcast.
14,543760,marcus semien,NYM,R,33,43,25,1,1,8,3,7,8,103.9,82.56,16.21,0.0303,0.0303,0.0233,0.2424,0.0909,0.1628,0.186,2026-10-02,2026-10-02T11:58:59-04:00,Batter rolling HR contact-shape metrics from Statcast.
14,543807,george springer,TOR,R,24,30,20,0,1,5,1,5,10,109.7,84.15,18.13,0.0,0.0417,0.0333,0.2083,0.0417,0.1667,0.3333,2026-10-02,2026-10-02T11:58:59-04:00,Batter rolling HR contact-shape metrics from Statcast.
14,543877,christian vázquez,HOU,R,6,6,5,0,0,0,0,3,1,98.0,85.63,43.0,0.0,0.0,0.0,0.0,0.0,0.5,0.1667,2026-10-02,2026-10-02T11:58:59-04:00,Batter rolling HR contact-shape metrics from Statcast.
14,545121,ildemaro vargas,AZ,L,15,15,9,0,0,3,0,3,3,107.9,87.81,22.73,0.0,0.0,0.0,0.2,0.0,0.2,0.2,2026-10-02,2026-10-02T11:58:59-04:00,Batter rolling HR contact-shape metrics from Statcast.
14,545341,randal grichuk,CWS,R,29,37,29,2,3,14,3,11,11,111.5,87.97,31.11,0.069,0.1034,0.0811,0.4828,0.1034,0.2973,0.2973,2026-10-02,2026-10-02T11:58:59-04:00,Batter rolling HR contact-shape metrics from Statcast.
14,545361,mike trout,LAA,R,37,36,26,1,4,8,2,5,12,110.5,84.73,22.36,0.027,0.1081,0.1111,0.2162,0.0541,0.1389,0.3333,2026-10-02,2026-10-02T11:58:59-04:00,Batter rolling HR contact-shape metrics from Statcast.
14,547180,bryce harper,PHI,L,53,73,53,2,2,8,3,11,22,111.6,81.01,25.04,0.0377,0.0377,0.0274,0.1509,0.0566,0.1507,0.3014,2026-10-02,2026-10-02T11:58:59-04:00,Batter rolling HR contact-shape metrics from Statcast.
14,553869,elías díaz,TEX,R,11,23,16,1,2,3,1,2,5,105.8,81.87,21.26,0.0909,0.1818,0.087,0.2727,0.0909,0.087,0.2174,2026-10-02,2026-10-02T11:58:59-04:00,Batter rolling HR contact-shape metrics from Statcast.
14,553993,eugenio suárez,CIN,R,28,36,24,2,3,8,3,8,13,105.5,83.87,17.92,0.0714,0.1071,0.0833,0.2857,0.1071,0.2222,0.3611,2026-10-02,2026-10-02T11:58:59-04:00,Batter rolling HR contact-shape metrics from Statcast.
14,571448,nolan arenado,AZ,R,39,44,29,4,4,12,4,14,15,107.3,86.37,17.3,0.1026,0.1026,0.0909,0.3077,0.1026,0.3182,0.3409,2026-10-02,2026-10-02T11:58:59-04:00,Batter rolling HR contact-shape metrics from Statcast.
14,571657,kyle farmer,ATL,R,2,2,2,0,1,1,0,0,1,97.5,86.25,55.0,0.0,0.5,0.5,0.5,0.0,0.0,0.5,2026-10-02,2026-10-02T11:58:59-04:00,Batter rolling HR contact-shape metrics from Statcast.
14,571771,enrique hernández,LAD,R,16,26,17,1,1,4,1,1,7,106.9,85.2,18.88,0.0625,0.0625,0.0385,0.25,0.0625,0.0385,0.2692,2026-10-02,2026-10-02T11:58:59-04:00,Batter rolling HR contact-shape metrics from Statcast.
14,571912,luke maile,KC,R,7,8,6,0,0,1,0,1,2,95.0,75.39,28.0,0.0,0.0,0.0,0.1429,0.0,0.125,0.25,2026-10-02,2026-10-02T11:58:59-04:00,Batter rolling HR contact-shape metrics from Statcast.
14,571970,max muncy,LAD,L,29,37,26,1,3,7,2,9,12,109.9,80.86,20.81,0.0345,0.1034,0.0811,0.2414,0.069,0.2432,0.3243,2026-10-02,2026-10-02T11:58:59-04:00,Batter rolling HR contact-shape metrics from Statcast.
14,572233,christian walker,HOU,R,47,55,40,4,5,12,4,11,17,110.7,85.83,22.24,0.0851,0.1064,0.0909,0.2553,0.0851,0.2,0.3091,2026-10-02,2026-10-02T11:58:59-04:00,Batter rolling HR contact-shape metrics from Statcast.
14,573262,mike yastrzemski,ATL,L,39,52,40,2,1,9,0,8,12,107.8,84.9,28.96,0.0513,0.0256,0.0192,0.2308,0.0,0.1538,0.2308,2026-10-02,2026-10-02T11:58:59-04:00,Batter rolling HR contact-shape metrics from Statcast.
14,575929,willson contreras,BOS,R,10,8,5,1,1,1,1,0,4,102.6,85.22,5.75,0.1,0.1,0.125,0.1,0.1,0.0,0.5,2026-10-02,2026-10-02T11:58:59-04:00,Batter rolling HR contact-shape metrics from Statcast.
14,592518,manny machado,SD,R,46,67,52,3,4,12,3,7,20,109.8,83.22,30.97,0.0652,0.087,0.0597,0.2609,0.0652,0.1045,0.2985,2026-10-02,2026-10-02T11:58:59-04:00,Batter rolling HR contact-shape metrics from Statcast.
14,592663,j. t. realmuto,PHI,R,43,52,36,0,1,10,0,6,16,110.5,85.69,21.98,0.0,0.0233,0.0192,0.2326,0.0,0.1154,0.3077,2026-10-02,2026-10-02T11:58:59-04:00,Batter rolling HR contact-shape metrics from Statcast.
14,592885,christian yelich,MIL,L,27,33,20,1,2,4,0,3,10,106.1,77.38,7.24,0.037,0.0741,0.0606,0.1481,0.0,0.0909,0.303,2026-10-02,2026-10-02T11:58:59-04:00,Batter rolling HR contact-shape metrics from Statcast.
14,593428,xander bogaerts,SD,R,33,45,23,2,1,7,1,7,8,107.3,85.74,10.91,0.0606,0.0303,0.0222,0.2121,0.0303,0.1556,0.1778,2026-10-02,2026-10-02T11:58:59-04:00,Batter rolling HR contact-shape metrics from Statcast.
14,595879,javier báez,DET,R,13,18,14,1,1,4,1,3,7,108.6,82.92,22.89,0.0769,0.0769,0.0556,0.3077,0.0769,0.1667,0.3889,2026-10-02,2026-10-02T11:58:59-04:00,Batter rolling HR contact-shape metrics from Statcast.
14,595978,austin hedges,CLE,R,15,12,5,1,1,2,0,2,3,101.9,78.45,5.33,0.0667,0.0667,0.0833,0.1333,0.0,0.1667,0.25,2026-10-02,2026-10-02T11:58:59-04:00,Batter rolling HR contact-shape metrics from Statcast.
14,596019,francisco lindor,NYM,R,44,50,35,1,3,15,4,11,18,111.5,88.2,21.1,0.0227,0.0682,0.06,0.3409,0.0909,0.22,0.36,2026-10-02,2026-10-02T11:58:59-04:00,Batter rolling HR contact-shape metrics from Statcast.
14,596115,trevor story,BOS,R,32,36,22,1,1,2,0,4,9,107.9,81.48,16.67,0.0312,0.0312,0.0278,0.0625,0.0,0.1111,0.25,2026-10-02,2026-10-02T11:58:59-04:00,Batter rolling HR contact-shape metrics from Statcast.
14,596117,garrett stubbs,PHI,L,2,1,0,0,0,0,0,0,0,97.4,97.4,1.0,0.0,0.0,0.0,0.0,0.0,0.0,0.0,2026-10-02,2026-10-02T11:58:59-04:00,Batter rolling HR contact-shape metrics from Statcast.
14,596142,gary sánchez,MIL,R,14,12,2,1,1,2,1,1,2,100.8,84.98,-5.67,0.0714,0.0714,0.0833,0.1429,0.0714,0.0833,0.1667,2026-10-02,2026-10-02T11:58:59-04:00,Batter rolling HR contact-shape metrics from Statcast.
14,605137,josh bell,MIN,L,34,58,39,1,2,6,2,9,22,104.8,83.65,19.12,0.0294,0.0588,0.0345,0.1765,0.0588,0.1552,0.3793,2026-10-02,2026-10-02T11:58:59-04:00,Batter rolling HR contact-shape metrics from Statcast.
14,605141,mookie betts,LAD,R,40,54,43,3,3,13,3,14,23,105.7,85.45,24.67,0.075,0.075,0.0556,0.325,0.075,0.2593,0.4259,2026-10-02,2026-10-02T11:58:59-04:00,Batter rolling HR contact-shape metrics from Statcast.
14,605170,víctor caratini,MIN,L,16,16,9,0,0,0,0,1,3,95.8,79.88,10.5,0.0,0.0,0.0,0.0,0.0,0.0625,0.1875,2026-10-02,2026-10-02T11:58:59-04:00,Batter rolling HR contact-shape metrics from Statcast.
14,606192,teoscar hernández,LAD,R,36,51,27,1,2,8,2,5,14,109.2,83.92,9.63,0.0278,0.0556,0.0392,0.2222,0.0556,0.098,0.2745,2026-10-02,2026-10-02T11:58:59-04:00,Batter rolling HR contact-shape metrics from Statcast.
14,606466,ketel marte,AZ,L,39,57,29,0,2,10,2,6,12,114.0,83.72,6.56,0.0,0.0513,0.0351,0.2564,0.0513,0.1053,0.2105,2026-10-02,2026-10-02T11:58:59-04:00,Batter rolling HR contact-shape metrics from Statcast.
14,607043,brandon nimmo,TEX,L,33,38,26,0,0,6,0,6,8,108.2,86.25,25.84,0.0,0.0,0.0,0.1818,0.0,0.1579,0.2105,2026-10-02,2026-10-02T11:58:59-04:00,Batter rolling HR contact-shape metrics from Statcast.
14,607208,trea turner,PHI,R,54,80,50,0,0,18,1,11,18,108.7,87.28,16.34,0.0,0.0,0.0,0.3333,0.0185,0.1375,0.225,2026-10-02,2026-10-02T11:58:59-04:00,Batter rolling HR contact-shape metrics from Statcast.
14,608070,josé ramírez,CLE,L,38,58,31,1,1,7,2,11,16,107.2,84.08,12.17,0.0263,0.0263,0.0172,0.1842,0.0526,0.1897,0.2759,2026-10-02,2026-10-02T11:58:59-04:00,Batter rolling HR contact-shape metrics from Statcast.
14,608324,alex bregman,CHC,R,29,39,31,2,4,11,2,8,14,107.1,86.34,25.05,0.069,0.1379,0.1026,0.3793,0.069,0.2051,0.359,2026-10-02,2026-10-02T11:58:59-04:00,Batter rolling HR contact-shape metrics from Statcast.
14,608348,carson kelly,CHC,R,27,35,24,0,0,5,0,4,8,108.6,80.36,21.57,0.0,0.0,0.0,0.1852,0.0,0.1143,0.2286,2026-10-02,2026-10-02T11:58:59-04:00,Batter rolling HR contact-shape metrics from Statcast.
14,608369,corey seager,TEX,L,39,52,34,2,5,12,2,10,18,107.5,83.79,15.56,0.0513,0.1282,0.0962,0.3077,0.0513,0.1923,0.3462,2026-10-02,2026-10-02T11:58:59-04:00,Batter rolling HR contact-shape metrics from Statcast.
14,609280,miguel andújar,SD,R,1,2,1,0,0,0,0,0,1,77.2,76.2,-17.0,0.0,0.0,0.0,0.0,0.0,0.0,0.5,2026-10-02,2026-10-02T11:58:59-04:00,Batter rolling HR contact-shape metrics from Statcast.
14,620443,luis torrens,NYM,R,17,26,20,0,0,1,0,2,8,105.1,81.39,25.85,0.0,0.0,0.0,0.0588,0.0,0.0769,0.3077,2026-10-02,2026-10-02T11:58:59-04:00,Batter rolling HR contact-shape metrics from Statcast.
14,621020,dansby swanson,CHC,R,34,48,25,1,0,5,1,5,11,109.4,81.76,11.79,0.0294,0.0,0.0,0.1471,0.0294,0.1042,0.2292,2026-10-02,2026-10-02T11:58:59-04:00,Batter rolling HR contact-shape metrics from Statcast.
14,621438,tyrone taylor,CHC,R,11,18,13,0,0,5,0,6,9,108.6,82.13,17.83,0.0,0.0,0.0,0.4545,0.0,0.3333,0.5,2026-10-02,2026-10-02T11:58:59-04:00,Batter rolling HR contact-shape metrics from Statcast.
14,621493,taylor ward,SEA,R,3,4,4,0,0,2,0,2,3,106.6,90.07,27.5,0.0,0.0,0.0,0.6667,0.0,0.5,0.75,2026-10-02,2026-10-02T11:58:59-04:00,Batter rolling HR contact-shape metrics from Statcast.
14,621566,matt olson,ATL,L,49,63,46,3,4,13,3,10,19,109.2,84.44,25.3,0.0612,0.0816,0.0635,0.2653,0.0612,0.1587,0.3016,2026-10-02,2026-10-02T11:58:59-04:00,Batter rolling HR contact-shape metrics from Statcast.
14,622268,donovan walton,ATH,L,25,32,18,2,1,2,0,6,10,101.6,79.27,11.91,0.08,0.04,0.0312,0.08,0.0,0.1875,0.3125,2026-10-02,2026-10-02T11:58:59-04:00,Batter rolling HR contact-shape metrics from Statcast.
14,622761,jorge mateo,TB,R,17,22,14,0,1,2,1,5,5,105.1,73.55,12.45,0.0,0.0588,0.0455,0.1176,0.0588,0.2273,0.2273,2026-10-02,2026-10-02T11:58:59-04:00,Batter rolling HR contact-shape metrics from Statcast.
14,623168,tyler heineman,LAA,L,9,18,7,0,0,0,0,1,3,99.1,74.86,1.78,0.0,0.0,0.0,0.0,0.0,0.0556,0.1667,2026-10-02,2026-10-02T11:58:59-04:00,Batter rolling HR contact-shape metrics from Statcast.
14,624413,pete alonso,BAL,R,35,36,29,6,8,11,9,9,17,112.9,89.11,26.61,0.1714,0.2286,0.2222,0.3143,0.2571,0.25,0.4722,2026-10-02,2026-10-02T11:58:59-04:00,Batter rolling HR contact-shape metrics from Statcast.
14,624424,michael conforto,CHC,L,30,43,25,1,5,10,3,9,15,109.7,85.65,12.98,0.0333,0.1667,0.1163,0.3333,0.1,0.2093,0.3488,2026-10-02,2026-10-02T11:58:59-04:00,Batter rolling HR contact-shape metrics from Statcast.
14,624428,adam frazier,LAA,L,1,1,1,0,0,1,0,1,1,97.8,97.8,15.0,0.0,0.0,0.0,1.0,0.0,1.0,1.0,2026-10-02,2026-10-02T11:58:59-04:00,Batter rolling HR contact-shape metrics from Statcast.
14,624431,jose trevino,CIN,R,8,10,6,0,0,0,0,2,4,100.5,85.27,4.1,0.0,0.0,0.0,0.0,0.0,0.2,0.4,2026-10-02,2026-10-02T11:58:59-04:00,Batter rolling HR contact-shape metrics from Statcast.
14,624641,edmundo sosa,PHI,R,20,26,13,2,1,3,0,3,7,107.2,82.46,8.42,0.1,0.05,0.0385,0.15,0.0,0.1154,0.2692,2026-10-02,2026-10-02T11:58:59-04:00,Batter rolling HR contact-shape metrics from Statcast.
14,630105,jake cronenworth,SD,L,42,50,35,2,2,6,2,8,15,103.4,81.17,24.66,0.0476,0.0476,0.04,0.1429,0.0476,0.16,0.3,2026-10-02,2026-10-02T11:58:59-04:00,Batter rolling HR contact-shape metrics from Statcast.
14,640459,brian navarreto,MIA,R,7,9,6,0,0,2,1,0,3,100.5,79.3,11.0,0.0,0.0,0.0,0.2857,0.1429,0.0,0.3333,2026-10-02,2026-10-02T11:58:59-04:00,Batter rolling HR contact-shape metrics from Statcast.
14,640902,jhonny pereda,SEA,R,8,9,6,0,0,0,0,1,4,93.0,78.86,13.56,0.0,0.0,0.0,0.0,0.0,0.1111,0.4444,2026-10-02,2026-10-02T11:58:59-04:00,Batter rolling HR contact-shape metrics from Statcast.
14,641343,jake bauers,MIL,L,33,33,18,0,2,5,1,3,14,110.7,80.62,11.85,0.0,0.0606,0.0606,0.1515,0.0303,0.0909,0.4242,2026-10-02,2026-10-02T11:58:59-04:00,Batter rolling HR contact-shape metrics from Statcast.
14,641355,cody bellinger,NYY,L,38,52,33,2,1,5,1,10,11,104.6,82.63,19.46,0.0526,0.0263,0.0192,0.1316,0.0263,0.1923,0.2115,2026-10-02,2026-10-02T11:58:59-04:00,Batter rolling HR contact-shape metrics from Statcast.
14,641487,j. p. crawford,SEA,L,35,41,22,2,2,4,2,7,10,104.5,81.96,12.17,0.0571,0.0571,0.0488,0.1143,0.0571,0.1707,0.2439,2026-10-02,2026-10-02T11:58:59-04:00,Batter rolling HR contact-shape metrics from Statcast.
14,641584,jake fraley,TB,L,5,10,7,0,0,1,0,0,5,97.9,77.06,17.8,0.0,0.0,0.0,0.2,0.0,0.0,0.5,2026-10-02,2026-10-02T11:58:59-04:00,Batter rolling HR contact-shape metrics from Statcast.
14,641680,jonah heim,ATH,R,23,32,17,0,0,6,0,0,10,107.2,80.78,8.03,0.0,0.0,0.0,0.2609,0.0,0.0,0.3125,2026-10-02,2026-10-02T11:58:59-04:00,Batter rolling HR contact-shape metrics from Statcast.
14,641857,ryan mcmahon,NYY,L,19,24,15,1,1,3,0,5,6,109.1,81.07,22.83,0.0526,0.0526,0.0417,0.1579,0.0,0.2083,0.25,2026-10-02,2026-10-02T11:58:59-04:00,Batter rolling HR contact-shape metrics from Statcast.
14,642086,dominic smith,ATL,L,12,13,10,1,1,2,1,5,6,104.9,84.43,21.31,0.0833,0.0833,0.0769,0.1667,0.0833,0.3846,0.4615,2026-10-02,2026-10-02T11:58:59-04:00,Batter rolling HR contact-shape metrics from Statcast.
14,642215,weston wilson,SEA,R,14,19,12,0,0,0,0,1,6,94.1,77.29,12.0,0.0,0.0,0.0,0.0,0.0,0.0526,0.3158,2026-10-02,2026-10-02T11:58:59-04:00,Batter rolling HR contact-shape metrics from Statcast.
14,642350,josé siri,LAA,R,27,28,19,2,2,6,3,5,8,106.6,79.26,19.86,0.0741,0.0741,0.0714,0.2222,0.1111,0.1786,0.2857,2026-10-02,2026-10-02T11:58:59-04:00,Batter rolling HR contact-shape metrics from Statcast.
14,642708,amed rosario,NYY,R,15,22,15,0,0,1,0,1,6,105.1,75.43,16.77,0.0,0.0,0.0,0.0667,0.0,0.0455,0.2727,2026-10-02,2026-10-02T11:58:59-04:00,Batter rolling HR contact-shape metrics from Statcast.
14,643217,andrew benintendi,CWS,L,26,30,22,1,1,5,1,6,7,102.4,82.48,26.93,0.0385,0.0385,0.0333,0.1923,0.0385,0.2,0.2333,2026-10-02,2026-10-02T11:58:59-04:00,Batter rolling HR contact-shape metrics from Statcast.
14,643289,mauricio dubón,ATL,R,47,69,48,1,3,7,2,9,24,105.6,78.49,19.77,0.0213,0.0638,0.0435,0.1489,0.0426,0.1304,0.3478,2026-10-02,2026-10-02T11:58:59-04:00,Batter rolling HR contact-shape metrics from Statcast.
14,643376,danny jansen,TEX,R,29,30,24,2,1,8,2,11,8,103.1,85.91,27.9,0.069,0.0345,0.0333,0.2759,0.069,0.3667,0.2667,2026-10-02,2026-10-02T11:58:59-04:00,Batter rolling HR contact-shape metrics from Statcast.
14,643396,isiah kiner-falefa,BOS,R,25,32,17,0,0,0,0,2,8,99.8,69.43,9.22,0.0,0.0,0.0,0.0,0.0,0.0625,0.25,2026-10-02,2026-10-02T11:58:59-04:00,Batter rolling HR contact-shape metrics from Statcast.
14,643446,jeff mcneil,ATH,L,33,51,37,1,0,3,0,8,14,104.7,78.53,20.35,0.0303,0.0,0.0,0.0909,0.0,0.1569,0.2745,2026-10-02,2026-10-02T11:58:59-04:00,Batter rolling HR contact-shape metrics from Statcast.
14,645277,ozzie albies,ATL,L,47,59,32,1,2,9,6,7,15,107.2,85.79,15.59,0.0213,0.0426,0.0339,0.1915,0.1277,0.1186,0.2542,2026-10-02,2026-10-02T11:58:59-04:00,Batter rolling HR contact-shape metrics from Statcast.
14,645305,ali sánchez,NYY,R,11,12,9,0,0,2,0,3,4,101.1,85.59,27.58,0.0,0.0,0.0,0.1818,0.0,0.25,0.3333,2026-10-02,2026-10-02T11:58:59-04:00,Batter rolling HR contact-shape metrics from Statcast.
14,647304,josh naylor,SEA,L,38,62,36,0,2,8,2,11,19,106.4,82.14,16.44,0.0,0.0526,0.0323,0.2105,0.0526,0.1774,0.3065,2026-10-02,2026-10-02T11:58:59-04:00,Batter rolling HR contact-shape metrics from Statcast.
14,650333,luis arráez,PHI,L,25,38,27,0,0,5,0,6,14,98.8,82.77,23.05,0.0,0.0,0.0,0.2,0.0,0.1579,0.3684,2026-10-02,2026-10-02T11:58:59-04:00,Batter rolling HR contact-shape metrics from Statcast.
14,650402,gleyber torres,DET,R,19,25,21,0,0,2,0,3,13,95.9,80.45,24.16,0.0,0.0,0.0,0.1053,0.0,0.12,0.52,2026-10-02,2026-10-02T11:58:59-04:00,Batter rolling HR contact-shape metrics from Statcast.
14,650490,yandy díaz,TB,R,31,44,30,0,1,6,1,3,9,104.7,84.54,19.77,0.0,0.0323,0.0227,0.1935,0.0323,0.0682,0.2045,2026-10-02,2026-10-02T11:58:59-04:00,Batter rolling HR contact-shape metrics from Statcast.
14,650559,bryan de la cruz,PHI,R,22,22,13,0,2,6,2,3,8,106.4,89.93,8.95,0.0,0.0909,0.0909,0.2727,0.0909,0.1364,0.3636,2026-10-02,2026-10-02T11:58:59-04:00,Batter rolling HR contact-shape metrics from Statcast.
14,650968,yohel pozo,BAL,R,7,6,5,0,0,0,0,1,3,94.3,77.9,10.0,0.0,0.0,0.0,0.0,0.0,0.1667,0.5,2026-10-02,2026-10-02T11:58:59-04:00,Batter rolling HR contact-shape metrics from Statcast.
14,655316,andruw monasterio,BOS,R,20,27,16,0,0,3,0,5,6,105.9,80.89,19.74,0.0,0.0,0.0,0.15,0.0,0.1852,0.2222,2026-10-02,2026-10-02T11:58:59-04:00,Batter rolling HR contact-shape metrics from Statcast.
14,656537,derek hill,PHI,R,12,17,10,1,1,4,0,1,2,105.7,81.9,13.24,0.0833,0.0833,0.0588,0.3333,0.0,0.0588,0.1176,2026-10-02,2026-10-02T11:58:59-04:00,Batter rolling HR contact-shape metrics from Statcast.
14,656577,alex jackson,MIN,R,1,3,2,0,0,0,0,0,1,65.2,60.77,26.33,0.0,0.0,0.0,0.0,0.0,0.0,0.3333,2026-10-02,2026-10-02T11:58:59-04:00,Batter rolling HR contact-shape metrics from Statcast.
14,656716,zach mckinstry,DET,L,10,8,6,0,0,2,0,3,2,101.7,85.14,23.62,0.0,0.0,0.0,0.2,0.0,0.375,0.25,2026-10-02,2026-10-02T11:58:59-04:00,Batter rolling HR contact-shape metrics from Statcast.
14,656775,cedric mullins,TB,L,23,29,16,1,1,2,0,4,5,106.0,83.37,22.28,0.0435,0.0435,0.0345,0.087,0.0,0.1379,0.1724,2026-10-02,2026-10-02T11:58:59-04:00,Batter rolling HR contact-shape metrics from Statcast.
14,656811,ryan o'hearn,PIT,L,35,44,26,0,1,6,1,5,13,103.6,82.85,17.91,0.0,0.0286,0.0227,0.1714,0.0286,0.1136,0.2955,2026-10-02,2026-10-02T11:58:59-04:00,Batter rolling HR contact-shape metrics from Statcast.
14,656941,kyle schwarber,PHI,L,54,71,47,1,2,15,4,11,16,117.1,86.32,22.3,0.0185,0.037,0.0282,0.2778,0.0741,0.1549,0.2254,2026-10-02,2026-10-02T11:58:59-04:00,Batter rolling HR contact-shape metrics from Statcast.
14,656976,pavin smith,AZ,L,21,31,17,1,1,6,1,2,8,104.6,84.82,8.81,0.0476,0.0476,0.0323,0.2857,0.0476,0.0645,0.2581,2026-10-02,2026-10-02T11:58:59-04:00,Batter rolling HR contact-shape metrics from Statcast.
14,657136,connor wong,BOS,R,9,10,8,0,0,0,0,3,3,100.2,85.83,29.2,0.0,0.0,0.0,0.0,0.0,0.3,0.3,2026-10-02,2026-10-02T11:58:59-04:00,Batter rolling HR contact-shape metrics from Statcast.
14,657757,gavin sheets,SD,L,8,13,13,2,2,2,2,3,2,107.5,85.9,53.69,0.25,0.25,0.1538,0.25,0.25,0.2308,0.1538,2026-10-02,2026-10-02T11:58:59-04:00,Batter rolling HR contact-shape metrics from Statcast.
14,660271,shohei ohtani,LAD,L,22,20,10,0,4,5,0,3,5,106.8,89.17,13.15,0.0,0.1818,0.2,0.2273,0.0,0.15,0.25,2026-10-02,2026-10-02T11:58:59-04:00,Batter rolling HR contact-shape metrics from Statcast.
14,660670,ronald acuña,ATL,R,42,53,32,2,5,6,4,6,17,111.0,80.65,17.11,0.0476,0.119,0.0943,0.1429,0.0952,0.1132,0.3208,2026-10-02,2026-10-02T11:58:59-04:00,Batter rolling HR contact-shape metrics from Statcast.
14,660688,keibert ruiz,WSH,L,19,24,18,0,1,4,0,9,10,108.4,86.98,23.12,0.0,0.0526,0.0417,0.2105,0.0,0.375,0.4167,2026-10-02,2026-10-02T11:58:59-04:00,Batter rolling HR contact-shape metrics from Statcast.
14,660821,jesús sánchez,AZ,L,11,10,6,0,1,2,1,2,5,106.3,87.08,7.5,0.0,0.0909,0.1,0.1818,0.0909,0.2,0.5,2026-10-02,2026-10-02T11:58:59-04:00,Batter rolling HR contact-shape metrics from Statcast.
14,660844,leo rivas,SEA,L,9,11,8,0,0,0,0,1,2,102.9,71.52,25.73,0.0,0.0,0.0,0.0,0.0,0.0909,0.1818,2026-10-02,2026-10-02T11:58:59-04:00,Batter rolling HR contact-shape metrics from Statcast.
14,661388,william contreras,MIL,R,33,39,23,1,2,7,3,6,12,111.7,83.93,13.82,0.0303,0.0606,0.0513,0.2121,0.0909,0.1538,0.3077,2026-10-02,2026-10-02T11:58:59-04:00,Batter rolling HR contact-shape metrics from Statcast.
14,661531,brian serven,ATH,R,9,14,10,0,0,3,1,3,4,104.6,88.77,20.21,0.0,0.0,0.0,0.3333,0.1111,0.2143,0.2857,2026-10-02,2026-10-02T11:58:59-04:00,Batter rolling HR contact-shape metrics from Statcast.
14,662139,daulton varsho,HOU,L,7,10,5,0,0,1,0,1,1,97.0,72.17,9.5,0.0,0.0,0.0,0.1429,0.0,0.1,0.1,2026-10-02,2026-10-02T11:58:59-04:00,Batter rolling HR contact-shape metrics from Statcast.
14,663330,jahmai jones,BOS,R,21,27,22,1,2,6,3,6,10,112.5,81.57,28.59,0.0476,0.0952,0.0741,0.2857,0.1429,0.2222,0.3704,2026-10-02,2026-10-02T11:58:59-04:00,Batter rolling HR contact-shape metrics from Statcast.
14,663457,lars nootbaar,AZ,L,33,33,18,1,2,6,2,3,9,112.0,86.23,14.18,0.0303,0.0606,0.0606,0.1818,0.0606,0.0909,0.2727,2026-10-02,2026-10-02T11:58:59-04:00,Batter rolling HR contact-shape metrics from Statcast.
14,663494,bryan torres,STL,L,16,12,9,0,0,3,0,4,3,100.8,83.17,28.0,0.0,0.0,0.0,0.1875,0.0,0.3333,0.25,2026-10-02,2026-10-02T11:58:59-04:00,Batter rolling HR contact-shape metrics from Statcast.
14,663538,nico hoerner,CHC,R,44,68,43,0,0,7,0,13,20,104.8,80.35,20.29,0.0,0.0,0.0,0.1591,0.0,0.1912,0.2941,2026-10-02,2026-10-02T11:58:59-04:00,Batter rolling HR contact-shape metrics from Statcast.
14,663586,austin riley,ATL,R,45,52,39,3,5,9,3,10,14,108.4,85.47,27.08,0.0667,0.1111,0.0962,0.2,0.0667,0.1923,0.2692,2026-10-02,2026-10-02T11:58:59-04:00,Batter rolling HR contact-shape metrics from Statcast.
14,663604,brandon lockridge,MIL,R,2,3,2,0,0,1,0,0,1,100.2,87.83,7.0,0.0,0.0,0.0,0.5,0.0,0.0,0.3333,2026-10-02,2026-10-02T11:58:59-04:00,Batter rolling HR contact-shape metrics from Statcast.
14,663647,ke'bryan hayes,CIN,R,12,26,18,0,0,1,0,2,7,101.9,83.11,22.65,0.0,0.0,0.0,0.0833,0.0,0.0769,0.2692,2026-10-02,2026-10-02T11:58:59-04:00,Batter rolling HR contact-shape metrics from Statcast.
14,663656,kyle tucker,LAD,L,34,50,32,1,1,3,1,5,18,102.0,79.72,20.04,0.0294,0.0294,0.02,0.0882,0.0294,0.1,0.36,2026-10-02,2026-10-02T11:58:59-04:00,Batter rolling HR contact-shape metrics from Statcast.
14,663728,cal raleigh,SEA,L,35,45,34,1,1,6,1,6,11,111.7,84.93,31.78,0.0286,0.0286,0.0222,0.1714,0.0286,0.1333,0.2444,2026-10-02,2026-10-02T11:58:59-04:00,Batter rolling HR contact-shape metrics from Statcast.
14,663743,nick fortes,TB,R,19,22,13,1,1,3,1,5,6,112.7,80.34,11.32,0.0526,0.0526,0.0455,0.1579,0.0526,0.2273,0.2727,2026-10-02,2026-10-02T11:58:59-04:00,Batter rolling HR contact-shape metrics from Statcast.
14,663757,trent grisham,NYY,L,5,4,2,0,0,1,1,0,1,101.1,82.03,4.75,0.0,0.0,0.0,0.2,0.2,0.0,0.25,2026-10-02,2026-10-02T11:58:59-04:00,Batter rolling HR contact-shape metrics from Statcast.
14,663886,tyler stephenson,CIN,R,25,33,19,0,1,1,1,5,6,104.5,78.96,15.06,0.0,0.04,0.0303,0.04,0.04,0.1515,0.1818,2026-10-02,2026-10-02T11:58:59-04:00,Batter rolling HR contact-shape metrics from Statcast.
14,663968,jake mangum,PIT,L,24,35,26,1,1,2,1,4,9,103.0,77.68,27.8,0.0417,0.0417,0.0286,0.0833,0.0417,0.1143,0.2571,2026-10-02,2026-10-02T11:58:59-04:00,Batter rolling HR contact-shape metrics from Statcast.
14,663993,nathaniel lowe,CLE,L,21,25,18,0,0,6,0,5,9,106.5,88.38,21.76,0.0,0.0,0.0,0.2857,0.0,0.2,0.36,2026-10-02,2026-10-02T11:58:59-04:00,Batter rolling HR contact-shape metrics from Statcast.
14,664023,ian happ,CHC,L,43,53,33,1,2,7,2,10,15,107.9,80.04,18.09,0.0233,0.0465,0.0377,0.1628,0.0465,0.1887,0.283,2026-10-02,2026-10-02T11:58:59-04:00,Batter rolling HR contact-shape metrics from Statcast.
14,664034,ty france,SD,R,47,66,37,1,1,7,1,7,15,107.5,81.49,14.82,0.0213,0.0213,0.0152,0.1489,0.0213,0.1061,0.2273,2026-10-02,2026-10-02T11:58:59-04:00,Batter rolling HR contact-shape metrics from Statcast.
14,664040,brandon lowe,PIT,L,35,41,21,4,6,9,6,8,9,110.9,84.86,9.63,0.1143,0.1714,0.1463,0.2571,0.1714,0.1951,0.2195,2026-10-02,2026-10-02T11:58:59-04:00,Batter rolling HR contact-shape metrics from Statcast.
14,664702,myles straw,TOR,R,23,31,24,0,0,3,0,7,14,106.1,86.05,23.29,0.0,0.0,0.0,0.1304,0.0,0.2258,0.4516,2026-10-02,2026-10-02T11:58:59-04:00,Batter rolling HR contact-shape metrics from Statcast.
14,664728,kyle isbel,KC,L,22,27,13,0,0,1,0,4,6,101.8,77.68,9.63,0.0,0.0,0.0,0.0455,0.0,0.1481,0.2222,2026-10-02,2026-10-02T11:58:59-04:00,Batter rolling HR contact-shape metrics from Statcast.
14,664761,alec bohm,PHI,R,50,58,36,1,4,10,2,8,15,106.4,87.64,14.24,0.02,0.08,0.069,0.2,0.04,0.1379,0.2586,2026-10-02,2026-10-02T11:58:59-04:00,Batter rolling HR contact-shape metrics from Statcast.
14,664770,nathan lukes,TOR,L,30,48,27,0,1,6,1,4,17,102.5,84.21,9.9,0.0,0.0333,0.0208,0.2,0.0333,0.0833,0.3542,2026-10-02,2026-10-02T11:58:59-04:00,Batter rolling HR contact-shape metrics from Statcast.
14,664774,lamonte wade,HOU,L,10,9,5,0,0,0,0,4,1,92.1,81.96,9.44,0.0,0.0,0.0,0.0,0.0,0.4444,0.1111,2026-10-02,2026-10-02T11:58:59-04:00,Batter rolling HR contact-shape metrics from Statcast.
14,664954,brett sullivan,COL,L,11,14,8,0,0,1,0,2,1,100.0,79.84,25.36,0.0,0.0,0.0,0.0909,0.0,0.1429,0.0714,2026-10-02,2026-10-02T11:58:59-04:00,Batter rolling HR contact-shape metrics from Statcast.
14,664983,jake mccarthy,COL,L,38,46,19,0,1,4,1,3,9,105.9,76.1,2.93,0.0,0.0263,0.0217,0.1053,0.0263,0.0652,0.1957,2026-10-02,2026-10-02T11:58:59-04:00,Batter rolling HR contact-shape metrics from Statcast.
14,665019,kody clemens,MIN,L,30,44,23,1,2,5,2,6,12,106.2,84.13,11.82,0.0333,0.0667,0.0455,0.1667,0.0667,0.1364,0.2727,2026-10-02,2026-10-02T11:58:59-04:00,Batter rolling HR contact-shape metrics from Statcast.
14,665052,griffin conine,MIA,L,32,44,27,3,6,9,6,8,12,115.4,84.4,12.61,0.0938,0.1875,0.1364,0.2812,0.1875,0.1818,0.2727,2026-10-02,2026-10-02T11:58:59-04:00,Batter rolling HR contact-shape metrics from Statcast.
14,665161,jeremy peña,HOU,R,48,60,39,3,4,9,3,14,18,109.0,85.11,20.5,0.0625,0.0833,0.0667,0.1875,0.0625,0.2333,0.3,2026-10-02,2026-10-02T11:58:59-04:00,Batter rolling HR contact-shape metrics from Statcast.
14,665487,fernando tatís,SD,R,43,50,28,3,5,10,4,6,16,114.3,85.1,8.22,0.0698,0.1163,0.1,0.2326,0.093,0.12,0.32,2026-10-02,2026-10-02T11:58:59-04:00,Batter rolling HR contact-shape metrics from Statcast.
14,665489,vladimir guerrero,TOR,R,23,30,19,0,0,4,0,3,5,112.5,79.1,15.77,0.0,0.0,0.0,0.1739,0.0,0.1,0.1667,2026-10-02,2026-10-02T11:58:59-04:00,Batter rolling HR contact-shape metrics from Statcast.
14,665742,juan soto,NYM,L,43,49,30,2,6,9,4,11,14,112.6,87.1,17.69,0.0465,0.1395,0.1224,0.2093,0.093,0.2245,0.2857,2026-10-02,2026-10-02T11:58:59-04:00,Batter rolling HR contact-shape metrics from Statcast.
14,665750,leody taveras,BAL,R,20,31,23,0,1,3,1,8,8,104.8,80.63,21.19,0.0,0.05,0.0323,0.15,0.05,0.2581,0.2581,2026-10-02,2026-10-02T11:58:59-04:00,Batter rolling HR contact-shape metrics from Statcast.
14,665804,miguel amaya,CHC,R,15,24,19,0,2,2,1,4,9,104.6,79.47,31.83,0.0,0.1333,0.0833,0.1333,0.0667,0.1667,0.375,2026-10-02,2026-10-02T11:58:59-04:00,Batter rolling HR contact-shape metrics from Statcast.
14,665828,oswaldo cabrera,CIN,R,15,22,14,0,0,3,0,2,6,104.4,77.75,17.0,0.0,0.0,0.0,0.2,0.0,0.0909,0.2727,2026-10-02,2026-10-02T11:58:59-04:00,Batter rolling HR contact-shape metrics from Statcast.
14,665833,oneil cruz,PIT,L,26,33,17,1,1,4,1,4,4,111.3,80.34,10.61,0.0385,0.0385,0.0303,0.1538,0.0385,0.1212,0.1212,2026-10-02,2026-10-02T11:58:59-04:00,Batter rolling HR contact-shape metrics from Statcast.
14,665862,jazz chisholm,NYY,L,16,21,9,0,0,4,0,3,3,104.8,86.21,10.19,0.0,0.0,0.0,0.25,0.0,0.1429,0.1429,2026-10-02,2026-10-02T11:58:59-04:00,Batter rolling HR contact-shape metrics from Statcast.
14,665877,josé fermín,STL,R,21,31,26,0,0,2,0,6,15,99.7,79.98,30.0,0.0,0.0,0.0,0.0952,0.0,0.1935,0.4839,2026-10-02,2026-10-02T11:58:59-04:00,Batter rolling HR contact-shape metrics from Statcast.
14,665923,esteury ruiz,MIA,R,24,36,25,0,0,0,0,5,8,94.5,68.53,20.86,0.0,0.0,0.0,0.0,0.0,0.1389,0.2222,2026-10-02,2026-10-02T11:58:59-04:00,Batter rolling HR contact-shape metrics from Statcast.
14,665926,andrés giménez,TOR,L,23,31,18,0,1,4,0,4,7,108.4,78.57,14.35,0.0,0.0435,0.0323,0.1739,0.0,0.129,0.2258,2026-10-02,2026-10-02T11:58:59-04:00,Batter rolling HR contact-shape metrics from Statcast.
14,665953,andrés chaparro,WSH,R,23,25,15,2,2,4,2,4,6,109.2,85.51,21.16,0.087,0.087,0.08,0.1739,0.087,0.16,0.24,2026-10-02,2026-10-02T11:58:59-04:00,Batter rolling HR contact-shape metrics from Statcast.
14,665966,carlos narváez,BAL,R,11,11,9,0,1,1,0,6,2,107.0,80.0,33.45,0.0,0.0909,0.0909,0.0909,0.0,0.5455,0.1818,2026-10-02,2026-10-02T11:58:59-04:00,Batter rolling HR contact-shape metrics from Statcast.
14,666018,jonathan aranda,TB,L,29,43,31,1,2,8,1,2,16,107.5,80.75,20.42,0.0345,0.069,0.0465,0.2759,0.0345,0.0465,0.3721,2026-10-02,2026-10-02T11:58:59-04:00,Batter rolling HR contact-shape metrics from Statcast.
14,666023,freddy fermin,SD,R,9,17,10,0,0,1,0,3,6,98.9,79.39,11.35,0.0,0.0,0.0,0.1111,0.0,0.1765,0.3529,2026-10-02,2026-10-02T11:58:59-04:00,Batter rolling HR contact-shape metrics from Statcast.
14,666126,carlos cortes,ATH,L,19,36,26,1,1,3,1,4,8,107.1,81.96,27.33,0.0526,0.0526,0.0278,0.1579,0.0526,0.1111,0.2222,2026-10-02,2026-10-02T11:58:59-04:00,Batter rolling HR contact-shape metrics from Statcast.
14,666139,josh lowe,LAA,L,24,32,23,0,1,5,1,5,7,108.2,83.0,24.03,0.0,0.0417,0.0312,0.2083,0.0417,0.1562,0.2188,2026-10-02,2026-10-02T11:58:59-04:00,Batter rolling HR contact-shape metrics from Statcast.
14,666152,david hamilton,MIL,L,21,25,16,0,1,4,2,5,5,107.0,79.07,10.48,0.0,0.0476,0.04,0.1905,0.0952,0.2,0.2,2026-10-02,2026-10-02T11:58:59-04:00,Batter rolling HR contact-shape metrics from Statcast.
14,666160,mickey moniak,COL,L,20,30,19,1,1,4,0,3,7,106.8,83.55,16.63,0.05,0.05,0.0333,0.2,0.0,0.1,0.2333,2026-10-02,2026-10-02T11:58:59-04:00,Batter rolling HR contact-shape metrics from Statcast.
14,666176,jo adell,CLE,R,40,48,29,1,2,7,2,7,9,112.0,87.39,20.79,0.025,0.05,0.0417,0.175,0.05,0.1458,0.1875,2026-10-02,2026-10-02T11:58:59-04:00,Batter rolling HR contact-shape metrics from Statcast.
14,666182,bo bichette,NYM,R,43,74,51,2,2,8,2,5,36,108.6,81.49,15.35,0.0465,0.0465,0.027,0.186,0.0465,0.0676,0.4865,2026-10-02,2026-10-02T11:58:59-04:00,Batter rolling HR contact-shape metrics from Statcast.
14,666211,taylor trammell,HOU,L,21,27,12,0,0,3,1,1,4,105.7,74.17,6.93,0.0,0.0,0.0,0.1429,0.0476,0.037,0.1481,2026-10-02,2026-10-02T11:58:59-04:00,Batter rolling HR contact-shape metrics from Statcast.
14,666624,christopher morel,NYM,R,5,7,3,0,0,0,0,1,0,94.8,74.97,19.43,0.0,0.0,0.0,0.0,0.0,0.1429,0.0,2026-10-02,2026-10-02T11:58:59-04:00,Batter rolling HR contact-shape metrics from Statcast.
14,667472,dane myers,CIN,R,15,15,8,1,1,2,1,1,4,106.1,80.97,1.93,0.0667,0.0667,0.0667,0.1333,0.0667,0.0667,0.2667,2026-10-02,2026-10-02T11:58:59-04:00,Batter rolling HR contact-shape metrics from Statcast.
14,668227,randy arozarena,SEA,R,40,65,41,1,3,10,2,6,19,106.9,81.92,16.02,0.025,0.075,0.0462,0.25,0.05,0.0923,0.2923,2026-10-02,2026-10-02T11:58:59-04:00,Batter rolling HR contact-shape metrics from Statcast.
14,668709,jj bleday,CIN,L,33,43,30,2,2,9,2,11,16,107.2,80.68,20.09,0.0606,0.0606,0.0465,0.2727,0.0606,0.2558,0.3721,2026-10-02,2026-10-02T11:58:59-04:00,Batter rolling HR contact-shape metrics from Statcast.
14,668723,ryan vilade,TB,R,29,30,16,0,1,1,0,3,8,108.5,79.18,13.27,0.0,0.0345,0.0333,0.0345,0.0,0.1,0.2667,2026-10-02,2026-10-02T11:58:59-04:00,Batter rolling HR contact-shape metrics from Statcast.
14,668800,andrew knizner,SF,R,22,32,26,0,0,3,0,7,10,107.6,83.2,32.72,0.0,0.0,0.0,0.1364,0.0,0.2188,0.3125,2026-10-02,2026-10-02T11:58:59-04:00,Batter rolling HR contact-shape metrics from Statcast.
14,668804,bryan reynolds,PIT,L,33,37,25,0,1,8,2,5,11,111.1,84.69,15.62,0.0,0.0303,0.027,0.2424,0.0606,0.1351,0.2973,2026-10-02,2026-10-02T11:58:59-04:00,Batter rolling HR contact-shape metrics from Statcast.
14,668885,austin martin,MIN,R,8,9,4,0,0,0,0,1,0,92.9,76.62,8.78,0.0,0.0,0.0,0.0,0.0,0.1111,0.0,2026-10-02,2026-10-02T11:58:59-04:00,Batter rolling HR contact-shape metrics from Statcast.
14,668901,mark vientos,NYM,R,22,27,16,0,0,3,2,2,5,106.5,83.2,17.78,0.0,0.0,0.0,0.1364,0.0909,0.0741,0.1852,2026-10-02,2026-10-02T11:58:59-04:00,Batter rolling HR contact-shape metrics from Statcast.
14,668904,royce lewis,MIN,R,33,42,29,1,1,6,1,6,14,106.7,83.68,24.67,0.0303,0.0303,0.0238,0.1818,0.0303,0.1429,0.3333,2026-10-02,2026-10-02T11:58:59-04:00,Batter rolling HR contact-shape metrics from Statcast.
14,668930,brice turang,MIL,L,35,46,34,2,2,6,3,5,15,108.4,84.47,22.87,0.0571,0.0571,0.0435,0.1714,0.0857,0.1087,0.3261,2026-10-02,2026-10-02T11:58:59-04:00,Batter rolling HR contact-shape metrics from Statcast.
14,668939,adley rutschman,BOS,L,35,55,37,1,1,4,1,8,22,104.9,82.39,20.64,0.0286,0.0286,0.0182,0.1143,0.0286,0.1455,0.4,2026-10-02,2026-10-02T11:58:59-04:00,Batter rolling HR contact-shape metrics from Statcast.
14,668942,josh rojas,KC,L,7,9,6,0,0,2,1,2,2,106.3,78.98,16.67,0.0,0.0,0.0,0.2857,0.1429,0.2222,0.2222,2026-10-02,2026-10-02T11:58:59-04:00,Batter rolling HR contact-shape metrics from Statcast.
14,668952,ryan kreidler,MIN,R,16,23,12,1,1,1,1,3,5,113.1,77.82,14.09,0.0625,0.0625,0.0435,0.0625,0.0625,0.1304,0.2174,2026-10-02,2026-10-02T11:58:59-04:00,Batter rolling HR contact-shape metrics from Statcast.
14,669003,garrett mitchell,MIL,L,38,37,21,0,1,4,0,2,13,109.4,78.65,8.65,0.0,0.0263,0.027,0.1053,0.0,0.0541,0.3514,2026-10-02,2026-10-02T11:58:59-04:00,Batter rolling HR contact-shape metrics from Statcast.
14,669016,brandon marsh,PHI,L,30,38,22,1,1,5,2,5,8,105.8,80.54,13.5,0.0333,0.0333,0.0263,0.1667,0.0667,0.1316,0.2105,2026-10-02,2026-10-02T11:58:59-04:00,Batter rolling HR contact-shape metrics from Statcast.
14,669065,kyle stowers,MIA,L,25,34,18,2,3,6,3,2,5,110.2,87.11,17.97,0.08,0.12,0.0882,0.24,0.12,0.0588,0.1471,2026-10-02,2026-10-02T11:58:59-04:00,Batter rolling HR contact-shape metrics from Statcast.
14,669127,shea langeliers,ATH,R,39,57,36,0,0,6,0,4,17,110.7,80.96,20.72,0.0,0.0,0.0,0.1538,0.0,0.0702,0.2982,2026-10-02,2026-10-02T11:58:59-04:00,Batter rolling HR contact-shape metrics from Statcast.
14,669134,luis campusano,SD,R,20,24,15,0,0,2,1,3,7,101.4,80.85,16.12,0.0,0.0,0.0,0.1,0.05,0.125,0.2917,2026-10-02,2026-10-02T11:58:59-04:00,Batter rolling HR contact-shape metrics from Statcast.
14,669221,sean murphy,ATL,R,29,37,22,0,2,5,0,3,12,111.3,86.02,15.3,0.0,0.069,0.0541,0.1724,0.0,0.0811,0.3243,2026-10-02,2026-10-02T11:58:59-04:00,Batter rolling HR contact-shape metrics from Statcast.
14,669224,austin wells,NYY,L,30,36,27,2,3,6,2,8,14,106.3,80.73,25.11,0.0667,0.1,0.0833,0.2,0.0667,0.2222,0.3889,2026-10-02,2026-10-02T11:58:59-04:00,Batter rolling HR contact-shape metrics from Statcast.
14,669236,jeremiah jackson,BAL,R,30,46,32,1,1,2,1,4,10,106.7,77.32,22.04,0.0333,0.0333,0.0217,0.0667,0.0333,0.087,0.2174,2026-10-02,2026-10-02T11:58:59-04:00,Batter rolling HR contact-shape metrics from Statcast.
14,669242,tommy edman,LAD,L,30,30,20,2,2,4,1,7,10,106.8,86.01,16.97,0.0667,0.0667,0.0667,0.1333,0.0333,0.2333,0.3333,2026-10-02,2026-10-02T11:58:59-04:00,Batter rolling HR contact-shape metrics from Statcast.
14,669257,will smith,LAD,R,27,42,35,3,3,9,3,8,15,105.4,83.35,29.79,0.1111,0.1111,0.0714,0.3333,0.1111,0.1905,0.3571,2026-10-02,2026-10-02T11:58:59-04:00,Batter rolling HR contact-shape metrics from Statcast.
14,669326,bryce teodosio,LAA,R,22,22,15,0,0,1,0,1,9,95.4,76.42,15.41,0.0,0.0,0.0,0.0455,0.0,0.0455,0.4091,2026-10-02,2026-10-02T11:58:59-04:00,Batter rolling HR contact-shape metrics from Statcast.
14,669357,nolan gorman,STL,L,11,8,5,0,0,0,0,1,2,93.2,86.26,35.88,0.0,0.0,0.0,0.0,0.0,0.125,0.25,2026-10-02,2026-10-02T11:58:59-04:00,Batter rolling HR contact-shape metrics from Statcast.
14,669364,xavier edwards,MIA,L,8,12,9,0,0,0,0,1,3,93.8,75.06,24.25,0.0,0.0,0.0,0.0,0.0,0.0833,0.25,2026-10-02,2026-10-02T11:58:59-04:00,Batter rolling HR contact-shape metrics from Statcast.
14,669392,samad taylor,SD,R,30,31,18,1,2,6,1,3,8,104.2,79.24,14.84,0.0333,0.0667,0.0645,0.2,0.0333,0.0968,0.2581,2026-10-02,2026-10-02T11:58:59-04:00,Batter rolling HR contact-shape metrics from Statcast.
14,669394,jake burger,TEX,R,37,45,30,2,3,8,2,5,9,107.6,84.66,23.29,0.0541,0.0811,0.0667,0.2162,0.0541,0.1111,0.2,2026-10-02,2026-10-02T11:58:59-04:00,Batter rolling HR contact-shape metrics from Statcast.
14,669397,nick allen,HOU,R,12,12,5,0,0,0,0,1,2,99.7,77.08,4.17,0.0,0.0,0.0,0.0,0.0,0.0833,0.1667,2026-10-02,2026-10-02T11:58:59-04:00,Batter rolling HR contact-shape metrics from Statcast.
14,669701,josh smith,TOR,L,24,42,29,0,0,3,0,2,13,100.2,78.76,20.1,0.0,0.0,0.0,0.125,0.0,0.0476,0.3095,2026-10-02,2026-10-02T11:58:59-04:00,Batter rolling HR contact-shape metrics from Statcast.
14,669707,jared triolo,PIT,R,9,11,8,0,0,1,0,2,5,104.4,78.53,16.18,0.0,0.0,0.0,0.1111,0.0,0.1818,0.4545,2026-10-02,2026-10-02T11:58:59-04:00,Batter rolling HR contact-shape metrics from Statcast.
14,669720,austin hays,SD,R,16,16,9,0,0,0,0,2,6,104.6,84.51,17.12,0.0,0.0,0.0,0.0,0.0,0.125,0.375,2026-10-02,2026-10-02T11:58:59-04:00,Batter rolling HR contact-shape metrics from Statcast.
14,669743,alex call,LAD,R,6,9,7,0,1,1,1,2,3,104.2,78.38,23.78,0.0,0.1667,0.1111,0.1667,0.1667,0.2222,0.3333,2026-10-02,2026-10-02T11:58:59-04:00,Batter rolling HR contact-shape metrics from Statcast.
14,670032,nicky lopez,TEX,L,22,26,14,0,0,3,0,4,9,100.1,76.89,3.77,0.0,0.0,0.0,0.1364,0.0,0.1538,0.3462,2026-10-02,2026-10-02T11:58:59-04:00,Batter rolling HR contact-shape metrics from Statcast.
14,670231,john rave,KC,L,27,30,20,0,2,4,2,5,9,105.3,79.57,16.0,0.0,0.0741,0.0667,0.1481,0.0741,0.1667,0.3,2026-10-02,2026-10-02T11:58:59-04:00,Batter rolling HR contact-shape metrics from Statcast.
14,670541,yordan álvarez,HOU,L,49,64,40,2,3,12,3,10,15,111.5,88.01,18.73,0.0408,0.0612,0.0469,0.2449,0.0612,0.1562,0.2344,2026-10-02,2026-10-02T11:58:59-04:00,Batter rolling HR contact-shape metrics from Statcast.
14,670623,isaac paredes,HOU,R,48,77,56,4,2,16,4,14,31,104.7,81.61,23.53,0.0833,0.0417,0.026,0.3333,0.0833,0.1818,0.4026,2026-10-02,2026-10-02T11:58:59-04:00,Batter rolling HR contact-shape metrics from Statcast.
14,670764,taylor walls,TB,L,19,24,19,0,1,5,1,6,7,102.9,79.73,26.42,0.0,0.0526,0.0417,0.2632,0.0526,0.25,0.2917,2026-10-02,2026-10-02T11:58:59-04:00,Batter rolling HR contact-shape metrics from Statcast.
14,671056,iván herrera,STL,R,39,51,36,3,5,8,5,8,17,111.1,84.51,21.45,0.0769,0.1282,0.098,0.2051,0.1282,0.1569,0.3333,2026-10-02,2026-10-02T11:58:59-04:00,Batter rolling HR contact-shape metrics from Statcast.
14,671218,heliot ramos,NYY,R,41,51,33,2,4,7,3,6,16,110.5,83.4,13.24,0.0488,0.0976,0.0784,0.1707,0.0732,0.1176,0.3137,2026-10-02,2026-10-02T11:58:59-04:00,Batter rolling HR contact-shape metrics from Statcast.
14,671277,luis garcía,NYY,L,30,37,26,1,1,4,1,4,14,108.5,81.87,20.97,0.0333,0.0333,0.027,0.1333,0.0333,0.1081,0.3784,2026-10-02,2026-10-02T11:58:59-04:00,Batter rolling HR contact-shape metrics from Statcast.
14,671732,lawrence butler,ATH,L,40,47,21,0,3,7,0,7,13,110.8,83.11,9.79,0.0,0.075,0.0638,0.175,0.0,0.1489,0.2766,2026-10-02,2026-10-02T11:58:59-04:00,Batter rolling HR contact-shape metrics from Statcast.
14,671739,michael harris,ATL,L,47,64,38,2,5,13,5,7,14,111.6,85.26,12.33,0.0426,0.1064,0.0781,0.2766,0.1064,0.1094,0.2188,2026-10-02,2026-10-02T11:58:59-04:00,Batter rolling HR contact-shape metrics from Statcast.
14,671976,tristan peters,CWS,L,30,43,24,0,0,5,0,7,7,106.6,80.23,14.74,0.0,0.0,0.0,0.1667,0.0,0.1628,0.1628,2026-10-02,2026-10-02T11:58:59-04:00,Batter rolling HR contact-shape metrics from Statcast.
14,672016,denzel clarke,ATH,R,10,13,4,0,0,1,0,0,2,102.2,75.65,-10.85,0.0,0.0,0.0,0.1,0.0,0.0,0.1538,2026-10-02,2026-10-02T11:58:59-04:00,Batter rolling HR contact-shape metrics from Statcast.
14,672275,patrick bailey,CLE,L,21,23,17,2,2,8,2,5,13,109.2,85.92,20.39,0.0952,0.0952,0.087,0.381,0.0952,0.2174,0.5652,2026-10-02,2026-10-02T11:58:59-04:00,Batter rolling HR contact-shape metrics from Statcast.
14,672356,gabriel arias,CHC,R,2,4,3,0,0,0,0,1,1,93.6,77.47,19.75,0.0,0.0,0.0,0.0,0.0,0.25,0.25,2026-10-02,2026-10-02T11:58:59-04:00,Batter rolling HR contact-shape metrics from Statcast.
14,672386,alejandro kirk,TOR,R,26,48,29,0,0,4,0,1,12,107.3,78.92,14.17,0.0,0.0,0.0,0.1538,0.0,0.0208,0.25,2026-10-02,2026-10-02T11:58:59-04:00,Batter rolling HR contact-shape metrics from Statcast.
14,672515,gabriel moreno,AZ,R,35,36,24,1,1,7,1,1,10,108.8,87.55,21.64,0.0286,0.0286,0.0278,0.2,0.0286,0.0278,0.2778,2026-10-02,2026-10-02T11:58:59-04:00,Batter rolling HR contact-shape metrics from Statcast.
14,672580,maikel garcía,KC,R,27,26,13,0,0,2,0,3,8,101.3,83.98,12.5,0.0,0.0,0.0,0.0741,0.0,0.1154,0.3077,2026-10-02,2026-10-02T11:58:59-04:00,Batter rolling HR contact-shape metrics from Statcast.
14,672640,otto lopez,MIA,R,37,48,27,1,2,5,2,7,11,106.6,84.45,12.46,0.027,0.0541,0.0417,0.1351,0.0541,0.1458,0.2292,2026-10-02,2026-10-02T11:58:59-04:00,Batter rolling HR contact-shape metrics from Statcast.
14,672695,geraldo perdomo,AZ,L,42,53,41,0,3,13,2,11,20,104.3,84.64,22.87,0.0,0.0714,0.0566,0.3095,0.0476,0.2075,0.3774,2026-10-02,2026-10-02T11:58:59-04:00,Batter rolling HR contact-shape metrics from Statcast.
14,672724,oswald peraza,LAA,R,11,17,9,0,0,1,0,0,5,108.3,77.28,4.24,0.0,0.0,0.0,0.0909,0.0,0.0,0.2941,2026-10-02,2026-10-02T11:58:59-04:00,Batter rolling HR contact-shape metrics from Statcast.
14,672960,kazuma okamoto,TOR,R,36,40,24,0,1,5,1,6,9,107.6,83.7,18.7,0.0,0.0278,0.025,0.1389,0.0278,0.15,0.225,2026-10-02,2026-10-02T11:58:59-04:00,Batter rolling HR contact-shape metrics from Statcast.
14,673237,yainer diaz,HOU,R,45,61,40,2,4,12,3,12,22,108.0,85.17,15.03,0.0444,0.0889,0.0656,0.2667,0.0667,0.1967,0.3607,2026-10-02,2026-10-02T11:58:59-04:00,Batter rolling HR contact-shape metrics from Statcast.
14,673490,ha-seong kim,ATL,R,24,30,23,0,0,3,0,3,7,103.0,71.3,28.57,0.0,0.0,0.0,0.125,0.0,0.1,0.2333,2026-10-02,2026-10-02T11:58:59-04:00,Batter rolling HR contact-shape metrics from Statcast.
14,673548,seiya suzuki,CHC,R,45,54,39,2,3,7,2,5,15,110.6,79.09,21.81,0.0444,0.0667,0.0556,0.1556,0.0444,0.0926,0.2778,2026-10-02,2026-10-02T11:58:59-04:00,Batter rolling HR contact-shape metrics from Statcast.
14,673962,josh jung,TEX,R,26,33,21,2,2,5,2,3,7,104.3,85.07,17.73,0.0769,0.0769,0.0606,0.1923,0.0769,0.0909,0.2121,2026-10-02,2026-10-02T11:58:59-04:00,Batter rolling HR contact-shape metrics from Statcast.
14,675961,alika williams,ATH,R,16,24,13,0,0,3,1,5,7,103.4,83.41,8.88,0.0,0.0,0.0,0.1875,0.0625,0.2083,0.2917,2026-10-02,2026-10-02T11:58:59-04:00,Batter rolling HR contact-shape metrics from Statcast.
14,676356,jonny deluca,TB,R,38,56,36,2,2,5,1,5,12,108.4,81.47,18.98,0.0526,0.0526,0.0357,0.1316,0.0263,0.0893,0.2143,2026-10-02,2026-10-02T11:58:59-04:00,Batter rolling HR contact-shape metrics from Statcast.
14,676369,nelson velázquez,HOU,R,8,15,11,1,1,1,1,2,3,105.5,83.26,27.53,0.125,0.125,0.0667,0.125,0.125,0.1333,0.2,2026-10-02,2026-10-02T11:58:59-04:00,Batter rolling HR contact-shape metrics from Statcast.
14,676391,ernie clement,TOR,R,30,36,18,0,1,6,0,9,6,100.1,82.51,10.19,0.0,0.0333,0.0278,0.2,0.0,0.25,0.1667,2026-10-02,2026-10-02T11:58:59-04:00,Batter rolling HR contact-shape metrics from Statcast.
14,676439,hunter feduccia,LAD,L,12,11,6,0,0,2,0,2,4,97.2,84.04,9.0,0.0,0.0,0.0,0.1667,0.0,0.1818,0.3636,2026-10-02,2026-10-02T11:58:59-04:00,Batter rolling HR contact-shape metrics from Statcast.
14,676475,alec burleson,STL,L,28,49,34,3,3,11,4,8,14,111.6,85.62,22.14,0.1071,0.1071,0.0612,0.3929,0.1429,0.1633,0.2857,2026-10-02,2026-10-02T11:58:59-04:00,Batter rolling HR contact-shape metrics from Statcast.
14,676480,josé barrero,BAL,R,6,6,5,0,0,0,0,2,3,92.6,77.63,31.33,0.0,0.0,0.0,0.0,0.0,0.3333,0.5,2026-10-02,2026-10-02T11:58:59-04:00,Batter rolling HR contact-shape metrics from Statcast.
14,676551,brewer hicklen,ATL,R,13,12,6,0,0,0,0,2,2,102.2,84.22,11.5,0.0,0.0,0.0,0.0,0.0,0.1667,0.1667,2026-10-02,2026-10-02T11:58:59-04:00,Batter rolling HR contact-shape metrics from Statcast.
14,676609,josé caballero,NYY,R,21,35,27,0,0,2,0,1,7,103.9,73.95,34.77,0.0,0.0,0.0,0.0952,0.0,0.0286,0.2,2026-10-02,2026-10-02T11:58:59-04:00,Batter rolling HR contact-shape metrics from Statcast.
14,676914,davis schneider,TOR,R,15,17,11,2,1,2,1,4,1,102.4,79.84,26.24,0.1333,0.0667,0.0588,0.1333,0.0667,0.2353,0.0588,2026-10-02,2026-10-02T11:58:59-04:00,Batter rolling HR contact-shape metrics from Statcast.
14,677008,heston kjerstad,BAL,L,1,1,1,0,0,0,0,0,1,85.3,85.3,27.0,0.0,0.0,0.0,0.0,0.0,0.0,1.0,2026-10-02,2026-10-02T11:58:59-04:00,Batter rolling HR contact-shape metrics from Statcast.
14,677587,brayan rocchio,CLE,L,27,34,23,2,0,3,1,10,14,105.9,82.48,16.74,0.0741,0.0,0.0,0.1111,0.037,0.2941,0.4118,2026-10-02,2026-10-02T11:58:59-04:00,Batter rolling HR contact-shape metrics from Statcast.
14,677588,josé tena,WSH,L,4,6,4,0,0,1,0,0,3,99.3,84.73,9.0,0.0,0.0,0.0,0.25,0.0,0.0,0.5,2026-10-02,2026-10-02T11:58:59-04:00,Batter rolling HR contact-shape metrics from Statcast.
14,677594,julio rodríguez,SEA,R,35,51,35,1,2,5,2,7,10,109.2,79.36,23.24,0.0286,0.0571,0.0392,0.1429,0.0571,0.1373,0.1961,2026-10-02,2026-10-02T11:58:59-04:00,Batter rolling HR contact-shape metrics from Statcast.
14,677595,ronny mauricio,NYM,L,12,18,10,3,3,3,2,2,8,107.5,84.49,11.17,0.25,0.25,0.1667,0.25,0.1667,0.1111,0.4444,2026-10-02,2026-10-02T11:58:59-04:00,Batter rolling HR contact-shape metrics from Statcast.
14,677649,ezequiel duran,TEX,R,37,50,29,0,1,5,0,3,9,104.4,83.78,18.34,0.0,0.027,0.02,0.1351,0.0,0.06,0.18,2026-10-02,2026-10-02T11:58:59-04:00,Batter rolling HR contact-shape metrics from Statcast.
14,677800,wilyer abreu,BOS,L,40,47,34,0,2,3,1,7,16,108.8,81.46,25.57,0.0,0.05,0.0426,0.075,0.025,0.1489,0.3404,2026-10-02,2026-10-02T11:58:59-04:00,Batter rolling HR contact-shape metrics from Statcast.
14,677943,will banfield,CIN,R,9,10,9,0,0,0,0,2,2,102.3,78.93,47.3,0.0,0.0,0.0,0.0,0.0,0.2,0.2,2026-10-02,2026-10-02T11:58:59-04:00,Batter rolling HR contact-shape metrics from Statcast.
14,677951,bobby witt,KC,R,38,61,41,0,2,11,3,10,19,111.9,84.27,17.77,0.0,0.0526,0.0328,0.2895,0.0789,0.1639,0.3115,2026-10-02,2026-10-02T11:58:59-04:00,Batter rolling HR contact-shape metrics from Statcast.
14,677956,rece hinds,BAL,R,13,12,7,0,0,3,0,2,4,110.8,86.46,16.0,0.0,0.0,0.0,0.2308,0.0,0.1667,0.3333,2026-10-02,2026-10-02T11:58:59-04:00,Batter rolling HR contact-shape metrics from Statcast.
14,678218,brandon valenzuela,TOR,L,11,12,7,1,1,1,1,3,2,105.4,89.88,22.17,0.0909,0.0909,0.0833,0.0909,0.0909,0.25,0.1667,2026-10-02,2026-10-02T11:58:59-04:00,Batter rolling HR contact-shape metrics from Statcast.
14,678246,miguel vargas,CWS,R,48,53,37,2,2,8,3,14,14,104.4,83.44,24.25,0.0417,0.0417,0.0377,0.1667,0.0625,0.2642,0.2642,2026-10-02,2026-10-02T11:58:59-04:00,Batter rolling HR contact-shape metrics from Statcast.
14,678391,jorbit vivas,WSH,L,24,44,30,0,0,2,0,5,13,102.0,75.75,18.75,0.0,0.0,0.0,0.0833,0.0,0.1136,0.2955,2026-10-02,2026-10-02T11:58:59-04:00,Batter rolling HR contact-shape metrics from Statcast.
14,678489,jorge barrosa,HOU,R,5,10,7,0,0,0,0,2,2,93.2,78.52,36.1,0.0,0.0,0.0,0.0,0.0,0.2,0.2,2026-10-02,2026-10-02T11:58:59-04:00,Batter rolling HR contact-shape metrics from Statcast.
14,678545,osleivis basabe,SF,R,12,18,13,0,0,3,0,1,8,105.6,84.41,21.17,0.0,0.0,0.0,0.25,0.0,0.0556,0.4444,2026-10-02,2026-10-02T11:58:59-04:00,Batter rolling HR contact-shape metrics from Statcast.
14,678662,ezequiel tovar,COL,R,27,43,31,2,3,4,3,2,11,109.0,80.69,27.35,0.0741,0.1111,0.0698,0.1481,0.1111,0.0465,0.2558,2026-10-02,2026-10-02T11:58:59-04:00,Batter rolling HR contact-shape metrics from Statcast.
14,678882,ceddanne rafaela,BOS,R,14,21,12,0,1,1,1,4,4,106.5,80.17,13.1,0.0,0.0714,0.0476,0.0714,0.0714,0.1905,0.1905,2026-10-02,2026-10-02T11:58:59-04:00,Batter rolling HR contact-shape metrics from Statcast.
14,679529,spencer torkelson,DET,R,33,27,18,2,1,7,1,5,6,105.2,86.93,23.04,0.0606,0.0303,0.037,0.2121,0.0303,0.1852,0.2222,2026-10-02,2026-10-02T11:58:59-04:00,Batter rolling HR contact-shape metrics from Statcast.
14,679822,justin foscue,TEX,R,12,16,9,0,0,2,1,2,6,104.1,81.99,10.38,0.0,0.0,0.0,0.1667,0.0833,0.125,0.375,2026-10-02,2026-10-02T11:58:59-04:00,Batter rolling HR contact-shape metrics from Statcast.
14,679845,nick loftin,KC,R,21,26,14,1,1,4,1,5,7,106.5,82.91,12.19,0.0476,0.0476,0.0385,0.1905,0.0476,0.1923,0.2692,2026-10-02,2026-10-02T11:58:59-04:00,Batter rolling HR contact-shape metrics from Statcast.
14,680574,matt mclain,CIN,R,29,43,31,0,0,3,0,3,15,107.2,78.58,27.16,0.0,0.0,0.0,0.1034,0.0,0.0698,0.3488,2026-10-02,2026-10-02T11:58:59-04:00,Batter rolling HR contact-shape metrics from Statcast.
14,680577,dashawn keirsey,ATL,L,4,5,4,0,0,0,0,1,3,86.8,80.36,13.2,0.0,0.0,0.0,0.0,0.0,0.2,0.6,2026-10-02,2026-10-02T11:58:59-04:00,Batter rolling HR contact-shape metrics from Statcast.
14,680664,eduardo valencia,DET,R,33,46,31,2,2,10,3,10,17,109.8,85.55,20.11,0.0606,0.0606,0.0435,0.303,0.0909,0.2174,0.3696,2026-10-02,2026-10-02T11:58:59-04:00,Batter rolling HR contact-shape metrics from Statcast.
14,680700,richie palacios,TB,L,22,29,16,0,0,5,2,5,10,103.1,84.1,11.69,0.0,0.0,0.0,0.2273,0.0909,0.1724,0.3448,2026-10-02,2026-10-02T11:58:59-04:00,Batter rolling HR contact-shape metrics from Statcast.
14,680728,adrian del castillo,AZ,L,2,4,2,0,0,0,0,0,2,105.3,86.1,6.0,0.0,0.0,0.0,0.0,0.0,0.0,0.5,2026-10-02,2026-10-02T11:58:59-04:00,Batter rolling HR contact-shape metrics from Statcast.
14,680757,steven kwan,CLE,L,38,41,24,0,0,3,0,4,15,100.6,82.54,10.73,0.0,0.0,0.0,0.0789,0.0,0.0976,0.3659,2026-10-02,2026-10-02T11:58:59-04:00,Batter rolling HR contact-shape metrics from Statcast.
14,680776,jarren duran,BOS,L,28,34,23,0,0,3,0,5,8,108.2,79.65,20.94,0.0,0.0,0.0,0.1071,0.0,0.1471,0.2353,2026-10-02,2026-10-02T11:58:59-04:00,Batter rolling HR contact-shape metrics from Statcast.
14,680777,ryan jeffers,MIN,R,25,31,22,0,0,6,0,7,14,108.9,82.84,18.87,0.0,0.0,0.0,0.24,0.0,0.2258,0.4516,2026-10-02,2026-10-02T11:58:59-04:00,Batter rolling HR contact-shape metrics from Statcast.
14,680779,henry davis,PIT,R,11,13,8,0,0,4,2,1,7,107.2,87.6,22.77,0.0,0.0,0.0,0.3636,0.1818,0.0769,0.5385,2026-10-02,2026-10-02T11:58:59-04:00,Batter rolling HR contact-shape metrics from Statcast.
14,680869,zack gelof,ATH,R,38,47,29,4,6,8,5,10,17,108.3,82.9,19.26,0.1053,0.1579,0.1277,0.2105,0.1316,0.2128,0.3617,2026-10-02,2026-10-02T11:58:59-04:00,Batter rolling HR contact-shape metrics from Statcast.
14,681047,christian franklin,BAL,R,17,21,10,0,0,0,0,1,4,108.7,80.07,10.0,0.0,0.0,0.0,0.0,0.0,0.0476,0.1905,2026-10-02,2026-10-02T11:58:59-04:00,Batter rolling HR contact-shape metrics from Statcast.
14,681082,bryson stott,PHI,L,50,72,52,0,2,9,3,9,20,107.4,83.16,23.99,0.0,0.04,0.0278,0.18,0.06,0.125,0.2778,2026-10-02,2026-10-02T11:58:59-04:00,Batter rolling HR contact-shape metrics from Statcast.
14,681198,tj rumfield,COL,L,31,47,32,1,2,9,2,10,14,108.4,85.11,19.72,0.0323,0.0645,0.0426,0.2903,0.0645,0.2128,0.2979,2026-10-02,2026-10-02T11:58:59-04:00,Batter rolling HR contact-shape metrics from Statcast.
14,681297,colton cowser,BAL,L,21,21,13,0,0,4,1,5,7,112.3,83.4,14.67,0.0,0.0,0.0,0.1905,0.0476,0.2381,0.3333,2026-10-02,2026-10-02T11:58:59-04:00,Batter rolling HR contact-shape metrics from Statcast.
14,681393,connor norby,COL,R,29,44,31,0,1,5,2,8,15,105.2,83.47,20.43,0.0,0.0345,0.0227,0.1724,0.069,0.1818,0.3409,2026-10-02,2026-10-02T11:58:59-04:00,Batter rolling HR contact-shape metrics from Statcast.
14,681508,mickey gasper,BOS,L,17,17,11,1,1,3,1,4,6,104.0,85.11,15.71,0.0588,0.0588,0.0588,0.1765,0.0588,0.2353,0.3529,2026-10-02,2026-10-02T11:58:59-04:00,Batter rolling HR contact-shape metrics from Statcast.
14,681624,andy pages,LAD,R,24,27,21,2,2,4,2,5,12,102.8,82.27,26.26,0.0833,0.0833,0.0741,0.1667,0.0833,0.1852,0.4444,2026-10-02,2026-10-02T11:58:59-04:00,Batter rolling HR contact-shape metrics from Statcast.
14,681715,heriberto hernandez,MIA,R,40,45,32,1,2,13,2,10,12,108.2,89.94,22.69,0.025,0.05,0.0444,0.325,0.05,0.2222,0.2667,2026-10-02,2026-10-02T11:58:59-04:00,Batter rolling HR contact-shape metrics from Statcast.
14,681807,david fry,CLE,R,20,19,13,1,1,6,1,6,4,105.0,88.48,25.89,0.05,0.05,0.0526,0.3,0.05,0.3158,0.2105,2026-10-02,2026-10-02T11:58:59-04:00,Batter rolling HR contact-shape metrics from Statcast.
14,681987,nate eaton,BOS,R,14,23,18,0,0,1,0,6,7,106.0,75.07,27.96,0.0,0.0,0.0,0.0714,0.0,0.2609,0.3043,2026-10-02,2026-10-02T11:58:59-04:00,Batter rolling HR contact-shape metrics from Statcast.
14,682177,daniel schneemann,CLE,L,4,5,4,1,2,2,1,2,2,103.2,89.68,29.4,0.25,0.5,0.4,0.5,0.25,0.4,0.4,2026-10-02,2026-10-02T11:58:59-04:00,Batter rolling HR contact-shape metrics from Statcast.
14,682626,francisco álvarez,NYM,R,25,30,18,1,3,7,3,4,7,113.7,92.11,22.03,0.04,0.12,0.1,0.28,0.12,0.1333,0.2333,2026-10-02,2026-10-02T11:58:59-04:00,Batter rolling HR contact-shape metrics from Statcast.
14,682657,angel martínez,CLE,R,31,39,23,3,1,4,2,4,8,105.1,81.04,18.82,0.0968,0.0323,0.0256,0.129,0.0645,0.1026,0.2051,2026-10-02,2026-10-02T11:58:59-04:00,Batter rolling HR contact-shape metrics from Statcast.
14,682663,agustín ramírez,MIA,R,34,39,23,1,1,10,0,8,14,112.5,88.32,11.74,0.0294,0.0294,0.0256,0.2941,0.0,0.2051,0.359,2026-10-02,2026-10-02T11:58:59-04:00,Batter rolling HR contact-shape metrics from Statcast.
14,682668,luisangel acuña,CWS,R,8,10,7,1,1,1,1,1,3,107.8,82.61,23.9,0.125,0.125,0.1,0.125,0.125,0.1,0.3,2026-10-02,2026-10-02T11:58:59-04:00,Batter rolling HR contact-shape metrics from Statcast.
14,682674,victor bericoto,SF,R,29,39,26,1,3,7,3,2,13,107.0,84.75,14.62,0.0345,0.1034,0.0769,0.2414,0.1034,0.0513,0.3333,2026-10-02,2026-10-02T11:58:59-04:00,Batter rolling HR contact-shape metrics from Statcast.
14,682829,elly de la cruz,CIN,L,39,34,20,2,3,7,4,5,10,110.9,87.76,17.59,0.0513,0.0769,0.0882,0.1795,0.1026,0.1471,0.2941,2026-10-02,2026-10-02T11:58:59-04:00,Batter rolling HR contact-shape metrics from Statcast.
14,682877,juan brito,CIN,L,20,32,17,1,1,2,1,6,8,104.0,79.66,14.06,0.05,0.05,0.0312,0.1,0.05,0.1875,0.25,2026-10-02,2026-10-02T11:58:59-04:00,Batter rolling HR contact-shape metrics from Statcast.
14,682927,ronny simon,PIT,L,24,37,29,1,1,4,1,8,8,105.0,79.31,28.7,0.0417,0.0417,0.027,0.1667,0.0417,0.2162,0.2162,2026-10-02,2026-10-02T11:58:59-04:00,Batter rolling HR contact-shape metrics from Statcast.
14,682928,cj abrams,WSH,L,37,54,38,3,5,8,6,14,18,106.4,81.5,25.28,0.0811,0.1351,0.0926,0.2162,0.1622,0.2593,0.3333,2026-10-02,2026-10-02T11:58:59-04:00,Batter rolling HR contact-shape metrics from Statcast.
14,682985,riley greene,DET,L,35,42,29,1,2,4,3,6,14,109.2,79.71,23.38,0.0286,0.0571,0.0476,0.1143,0.0857,0.1429,0.3333,2026-10-02,2026-10-02T11:58:59-04:00,Batter rolling HR contact-shape metrics from Statcast.
14,682987,spencer jones,NYY,L,37,49,43,1,3,11,3,11,18,114.8,84.6,35.47,0.027,0.0811,0.0612,0.2973,0.0811,0.2245,0.3673,2026-10-02,2026-10-02T11:58:59-04:00,Batter rolling HR contact-shape metrics from Statcast.
14,682998,corbin carroll,AZ,L,37,53,36,1,3,6,4,9,17,110.7,85.68,21.57,0.027,0.0811,0.0566,0.1622,0.1081,0.1698,0.3208,2026-10-02,2026-10-02T11:58:59-04:00,Batter rolling HR contact-shape metrics from Statcast.
14,683002,gunnar henderson,BAL,L,29,42,27,1,3,7,2,7,17,109.2,79.37,10.48,0.0345,0.1034,0.0714,0.2414,0.069,0.1667,0.4048,2026-10-02,2026-10-02T11:58:59-04:00,Batter rolling HR contact-shape metrics from Statcast.
14,683011,anthony volpe,NYY,R,31,42,25,0,1,7,0,5,14,105.1,81.92,12.4,0.0,0.0323,0.0238,0.2258,0.0,0.119,0.3333,2026-10-02,2026-10-02T11:58:59-04:00,Batter rolling HR contact-shape metrics from Statcast.
14,683021,michael stefanic,ATH,R,7,17,13,0,0,1,0,1,5,101.8,79.01,21.29,0.0,0.0,0.0,0.1429,0.0,0.0588,0.2941,2026-10-02,2026-10-02T11:58:59-04:00,Batter rolling HR contact-shape metrics from Statcast.
14,683083,nasim nuñez,WSH,L,23,23,11,0,0,2,0,1,4,104.0,80.21,10.3,0.0,0.0,0.0,0.087,0.0,0.0435,0.1739,2026-10-02,2026-10-02T11:58:59-04:00,Batter rolling HR contact-shape metrics from Statcast.
14,683146,brett baty,NYM,L,25,35,25,1,3,8,0,5,12,110.2,84.7,19.89,0.04,0.12,0.0857,0.32,0.0,0.1429,0.3429,2026-10-02,2026-10-02T11:58:59-04:00,Batter rolling HR contact-shape metrics from Statcast.
14,683227,cody freeman,TEX,R,4,9,5,0,0,0,0,1,2,96.5,84.37,20.67,0.0,0.0,0.0,0.0,0.0,0.1111,0.2222,2026-10-02,2026-10-02T11:58:59-04:00,Batter rolling HR contact-shape metrics from Statcast.
14,683734,andrew vaughn,MIL,R,5,5,2,0,0,1,1,1,1,101.0,89.06,11.2,0.0,0.0,0.0,0.2,0.2,0.2,0.2,2026-10-02,2026-10-02T11:58:59-04:00,Batter rolling HR contact-shape metrics from Statcast.
14,683737,michael busch,CHC,L,46,52,30,1,2,6,1,5,14,104.8,83.31,17.38,0.0217,0.0435,0.0385,0.1304,0.0217,0.0962,0.2692,2026-10-02,2026-10-02T11:58:59-04:00,Batter rolling HR contact-shape metrics from Statcast.
14,683748,victor mesa,TB,L,32,48,29,1,1,8,1,5,13,105.1,84.31,13.56,0.0312,0.0312,0.0208,0.25,0.0312,0.1042,0.2708,2026-10-02,2026-10-02T11:58:59-04:00,Batter rolling HR contact-shape metrics from Statcast.
14,683766,christian koss,SF,R,31,38,23,0,0,4,1,1,10,106.0,70.39,15.39,0.0,0.0,0.0,0.129,0.0323,0.0263,0.2632,2026-10-02,2026-10-02T11:58:59-04:00,Batter rolling HR contact-shape metrics from Statcast.
14,683953,travis bazzana,CLE,L,35,71,39,1,2,5,3,10,19,105.8,80.63,10.73,0.0286,0.0571,0.0282,0.1429,0.0857,0.1408,0.2676,2026-10-02,2026-10-02T11:58:59-04:00,Batter rolling HR contact-shape metrics from Statcast.
14,685133,wade meckler,LAA,L,38,43,23,0,1,8,1,5,14,102.3,81.43,6.3,0.0,0.0263,0.0233,0.2105,0.0263,0.1163,0.3256,2026-10-02,2026-10-02T11:58:59-04:00,Batter rolling HR contact-shape metrics from Statcast.
14,686217,sal frelick,MIL,L,17,25,11,0,0,1,0,0,4,99.4,79.98,11.64,0.0,0.0,0.0,0.0588,0.0,0.0,0.16,2026-10-02,2026-10-02T11:58:59-04:00,Batter rolling HR contact-shape metrics from Statcast.
14,686469,vinnie pasquantino,KC,L,35,60,41,5,5,13,5,13,20,106.7,86.5,20.52,0.1429,0.1429,0.0833,0.3714,0.1429,0.2167,0.3333,2026-10-02,2026-10-02T11:58:59-04:00,Batter rolling HR contact-shape metrics from Statcast.
14,686475,tyler tolbert,KC,R,8,9,5,0,0,0,0,2,3,88.7,78.17,8.78,0.0,0.0,0.0,0.0,0.0,0.2222,0.3333,2026-10-02,2026-10-02T11:58:59-04:00,Batter rolling HR contact-shape metrics from Statcast.
14,686527,dominic canzone,SEA,L,41,50,37,1,4,12,3,6,23,112.0,84.59,15.62,0.0244,0.0976,0.08,0.2927,0.0732,0.12,0.46,2026-10-02,2026-10-02T11:58:59-04:00,Batter rolling HR contact-shape metrics from Statcast.
14,686555,isaac collins,KC,L,21,28,17,0,1,3,1,1,8,105.6,78.04,15.86,0.0,0.0476,0.0357,0.1429,0.0476,0.0357,0.2857,2026-10-02,2026-10-02T11:58:59-04:00,Batter rolling HR contact-shape metrics from Statcast.
14,686611,dylan crews,WSH,R,39,52,37,2,3,8,3,5,16,109.5,84.66,25.33,0.0513,0.0769,0.0577,0.2051,0.0769,0.0962,0.3077,2026-10-02,2026-10-02T11:58:59-04:00,Batter rolling HR contact-shape metrics from Statcast.
14,686668,brenton doyle,CWS,R,25,36,25,3,2,7,2,7,11,106.9,83.64,19.28,0.12,0.08,0.0556,0.28,0.08,0.1944,0.3056,2026-10-02,2026-10-02T11:58:59-04:00,Batter rolling HR contact-shape metrics from Statcast.
14,686681,michael massey,KC,L,34,65,39,1,4,5,2,10,19,103.2,80.76,17.78,0.0294,0.1176,0.0615,0.1471,0.0588,0.1538,0.2923,2026-10-02,2026-10-02T11:58:59-04:00,Batter rolling HR contact-shape metrics from Statcast.
14,686765,nick sogard,BOS,R,44,62,42,1,1,7,2,10,17,105.7,80.38,21.13,0.0227,0.0227,0.0161,0.1591,0.0455,0.1613,0.2742,2026-10-02,2026-10-02T11:58:59-04:00,Batter rolling HR contact-shape metrics from Statcast.
14,686780,pedro pagés,STL,R,9,11,8,0,0,1,0,1,3,102.3,81.14,30.45,0.0,0.0,0.0,0.1111,0.0,0.0909,0.2727,2026-10-02,2026-10-02T11:58:59-04:00,Batter rolling HR contact-shape metrics from Statcast.
14,686797,brooks lee,MIN,L,39,62,43,1,3,9,2,18,21,104.5,83.02,21.89,0.0256,0.0769,0.0484,0.2308,0.0513,0.2903,0.3387,2026-10-02,2026-10-02T11:58:59-04:00,Batter rolling HR contact-shape metrics from Statcast.
14,686948,drake baldwin,ATL,L,51,82,48,1,5,11,6,7,30,108.4,82.22,6.9,0.0196,0.098,0.061,0.2157,0.1176,0.0854,0.3659,2026-10-02,2026-10-02T11:58:59-04:00,Batter rolling HR contact-shape metrics from Statcast.
14,687093,vaughn grissom,LAA,R,42,54,33,2,2,5,2,8,20,103.8,82.19,16.91,0.0476,0.0476,0.037,0.119,0.0476,0.1481,0.3704,2026-10-02,2026-10-02T11:58:59-04:00,Batter rolling HR contact-shape metrics from Statcast.
14,687221,dalton rushing,LAD,L,3,5,4,0,0,0,0,0,2,93.6,83.84,34.2,0.0,0.0,0.0,0.0,0.0,0.0,0.4,2026-10-02,2026-10-02T11:58:59-04:00,Batter rolling HR contact-shape metrics from Statcast.
14,687263,zach neto,LAA,R,42,35,26,1,4,9,4,12,14,109.8,89.79,24.54,0.0238,0.0952,0.1143,0.2143,0.0952,0.3429,0.4,2026-10-02,2026-10-02T11:58:59-04:00,Batter rolling HR contact-shape metrics from Statcast.
14,687363,victor scott,STL,L,7,8,5,0,0,0,0,0,3,95.8,81.14,6.88,0.0,0.0,0.0,0.0,0.0,0.0,0.375,2026-10-02,2026-10-02T11:58:59-04:00,Batter rolling HR contact-shape metrics from Statcast.
14,687401,joey ortiz,MIL,R,24,28,18,0,0,2,0,2,10,108.0,85.78,15.04,0.0,0.0,0.0,0.0833,0.0,0.0714,0.3571,2026-10-02,2026-10-02T11:58:59-04:00,Batter rolling HR contact-shape metrics from Statcast.
14,687462,spencer horwitz,PIT,L,26,37,30,0,0,2,1,8,18,106.1,81.76,26.11,0.0,0.0,0.0,0.0769,0.0385,0.2162,0.4865,2026-10-02,2026-10-02T11:58:59-04:00,Batter rolling HR contact-shape metrics from Statcast.
14,687529,grant mccray,SF,L,7,5,4,0,0,0,0,1,1,90.6,85.56,24.8,0.0,0.0,0.0,0.0,0.0,0.2,0.2,2026-10-02,2026-10-02T11:58:59-04:00,Batter rolling HR contact-shape metrics from Statcast.
14,687551,drew gilbert,SF,L,18,22,16,1,1,6,1,3,6,107.7,83.16,22.41,0.0556,0.0556,0.0455,0.3333,0.0556,0.1364,0.2727,2026-10-02,2026-10-02T11:58:59-04:00,Batter rolling HR contact-shape metrics from Statcast.
14,687597,jordan beck,COL,R,15,16,10,0,0,3,0,2,3,105.5,84.52,23.88,0.0,0.0,0.0,0.2,0.0,0.125,0.1875,2026-10-02,2026-10-02T11:58:59-04:00,Batter rolling HR contact-shape metrics from Statcast.
14,687637,dylan beavers,BAL,L,34,36,33,2,4,8,2,8,16,108.1,82.97,30.64,0.0588,0.1176,0.1111,0.2353,0.0588,0.2222,0.4444,2026-10-02,2026-10-02T11:58:59-04:00,Batter rolling HR contact-shape metrics from Statcast.
14,687749,jase bowen,SD,R,6,6,4,0,0,0,0,0,2,94.6,71.98,15.5,0.0,0.0,0.0,0.0,0.0,0.0,0.3333,2026-10-02,2026-10-02T11:58:59-04:00,Batter rolling HR contact-shape metrics from Statcast.
14,687859,troy johnston,COL,L,12,14,12,0,0,1,0,2,7,100.9,83.58,24.57,0.0,0.0,0.0,0.0833,0.0,0.1429,0.5,2026-10-02,2026-10-02T11:58:59-04:00,Batter rolling HR contact-shape metrics from Statcast.
14,687952,christian encarnacion-strand,BAL,R,25,38,25,1,1,3,1,6,9,102.1,77.03,24.5,0.04,0.04,0.0263,0.12,0.04,0.1579,0.2368,2026-10-02,2026-10-02T11:58:59-04:00,Batter rolling HR contact-shape metrics from Statcast.
14,687957,dustin harris,SD,L,46,62,35,0,0,7,0,15,16,102.2,80.69,13.1,0.0,0.0,0.0,0.1522,0.0,0.2419,0.2581,2026-10-02,2026-10-02T11:58:59-04:00,Batter rolling HR contact-shape metrics from Statcast.
14,688363,graham pauley,MIA,L,10,18,12,0,0,1,1,0,5,104.3,75.33,28.89,0.0,0.0,0.0,0.1,0.1,0.0,0.2778,2026-10-02,2026-10-02T11:58:59-04:00,Batter rolling HR contact-shape metrics from Statcast.
14,689414,liam hicks,TB,L,27,38,25,0,0,6,1,9,11,107.4,83.17,16.95,0.0,0.0,0.0,0.2222,0.037,0.2368,0.2895,2026-10-02,2026-10-02T11:58:59-04:00,Batter rolling HR contact-shape metrics from Statcast.
14,690291,jace jung,DET,L,3,2,2,0,0,0,0,1,1,77.3,75.6,42.0,0.0,0.0,0.0,0.0,0.0,0.5,0.5,2026-10-02,2026-10-02T11:58:59-04:00,Batter rolling HR contact-shape metrics from Statcast.
14,690924,braxton fulford,COL,R,2,1,1,0,0,1,0,1,0,107.5,107.5,3.0,0.0,0.0,0.0,0.5,0.0,1.0,0.0,2026-10-02,2026-10-02T11:58:59-04:00,Batter rolling HR contact-shape metrics from Statcast.
14,690976,alex freeland,LAD,L,2,2,1,0,0,0,0,0,1,96.6,79.6,11.0,0.0,0.0,0.0,0.0,0.0,0.0,0.5,2026-10-02,2026-10-02T11:58:59-04:00,Batter rolling HR contact-shape metrics from Statcast.
14,690984,petey halpin,CLE,L,14,16,10,0,0,1,0,4,5,99.8,78.01,11.94,0.0,0.0,0.0,0.0714,0.0,0.25,0.3125,2026-10-02,2026-10-02T11:58:59-04:00,Batter rolling HR contact-shape metrics from Statcast.
14,690993,colt keith,DET,L,5,3,2,0,0,0,0,0,0,81.5,78.07,28.67,0.0,0.0,0.0,0.0,0.0,0.0,0.0,2026-10-02,2026-10-02T11:58:59-04:00,Batter rolling HR contact-shape metrics from Statcast.
14,691002,yohandy morales,WSH,R,17,21,9,2,2,4,2,1,6,107.6,84.2,7.33,0.1176,0.1176,0.0952,0.2353,0.1176,0.0476,0.2857,2026-10-02,2026-10-02T11:58:59-04:00,Batter rolling HR contact-shape metrics from Statcast.
14,691011,drew romo,CWS,R,3,3,2,0,0,1,1,2,1,101.2,88.53,20.67,0.0,0.0,0.0,0.3333,0.3333,0.6667,0.3333,2026-10-02,2026-10-02T11:58:59-04:00,Batter rolling HR contact-shape metrics from Statcast.
14,691019,kyle teel,CWS,L,46,56,33,1,2,7,1,12,16,108.9,79.45,16.3,0.0217,0.0435,0.0357,0.1522,0.0217,0.2143,0.2857,2026-10-02,2026-10-02T11:58:59-04:00,Batter rolling HR contact-shape metrics from Statcast.
14,691023,jordan walker,STL,R,36,40,21,1,3,4,1,5,5,117.2,83.66,16.65,0.0278,0.0833,0.075,0.1111,0.0278,0.125,0.125,2026-10-02,2026-10-02T11:58:59-04:00,Batter rolling HR contact-shape metrics from Statcast.
14,691026,masyn winn,STL,R,21,24,18,0,0,2,0,1,7,103.2,81.8,24.92,0.0,0.0,0.0,0.0952,0.0,0.0417,0.2917,2026-10-02,2026-10-02T11:58:59-04:00,Batter rolling HR contact-shape metrics from Statcast.
14,691181,emmanuel rodriguez,MIN,L,24,26,19,1,2,4,1,5,10,106.8,80.55,19.27,0.0417,0.0833,0.0769,0.1667,0.0417,0.1923,0.3846,2026-10-02,2026-10-02T11:58:59-04:00,Batter rolling HR contact-shape metrics from Statcast.
14,691182,adael amador,COL,L,27,42,29,0,1,3,1,9,18,104.1,79.0,23.26,0.0,0.037,0.0238,0.1111,0.037,0.2143,0.4286,2026-10-02,2026-10-02T11:58:59-04:00,Batter rolling HR contact-shape metrics from Statcast.
14,691277,deyvison de los santos,MIA,R,24,25,17,0,0,4,1,3,5,109.3,84.1,27.68,0.0,0.0,0.0,0.1667,0.0417,0.12,0.2,2026-10-02,2026-10-02T11:58:59-04:00,Batter rolling HR contact-shape metrics from Statcast.
14,691406,junior caminero,TB,R,38,50,30,1,3,9,2,8,10,111.9,87.39,20.6,0.0263,0.0789,0.06,0.2368,0.0526,0.16,0.2,2026-10-02,2026-10-02T11:58:59-04:00,Batter rolling HR contact-shape metrics from Statcast.
14,691594,javier sanoja,MIA,R,38,59,37,2,2,5,2,9,18,105.7,82.54,21.37,0.0526,0.0526,0.0339,0.1316,0.0526,0.1525,0.3051,2026-10-02,2026-10-02T11:58:59-04:00,Batter rolling HR contact-shape metrics from Statcast.
14,691718,pete crow-armstrong,CHC,L,47,81,56,1,2,9,3,13,25,111.5,82.51,26.57,0.0213,0.0426,0.0247,0.1915,0.0638,0.1605,0.3086,2026-10-02,2026-10-02T11:58:59-04:00,Batter rolling HR contact-shape metrics from Statcast.
14,691720,kyle karros,COL,R,34,27,15,1,1,4,1,4,10,110.7,89.92,8.44,0.0294,0.0294,0.037,0.1176,0.0294,0.1481,0.3704,2026-10-02,2026-10-02T11:58:59-04:00,Batter rolling HR contact-shape metrics from Statcast.
14,691723,coby mayo,BAL,R,34,50,29,0,4,7,4,7,12,112.3,85.76,19.0,0.0,0.1176,0.08,0.2059,0.1176,0.14,0.24,2026-10-02,2026-10-02T11:58:59-04:00,Batter rolling HR contact-shape metrics from Statcast.
14,691728,zac veen,COL,L,14,18,12,1,0,3,1,2,6,103.3,83.64,17.28,0.0714,0.0,0.0,0.2143,0.0714,0.1111,0.3333,2026-10-02,2026-10-02T11:58:59-04:00,Batter rolling HR contact-shape metrics from Statcast.
14,691781,brady house,WSH,R,27,29,18,0,0,3,0,4,11,111.1,83.73,13.28,0.0,0.0,0.0,0.1111,0.0,0.1379,0.3793,2026-10-02,2026-10-02T11:58:59-04:00,Batter rolling HR contact-shape metrics from Statcast.
14,691783,jordan lawlar,AZ,R,18,23,15,1,0,6,0,3,8,104.1,85.36,16.57,0.0556,0.0,0.0,0.3333,0.0,0.1304,0.3478,2026-10-02,2026-10-02T11:58:59-04:00,Batter rolling HR contact-shape metrics from Statcast.
14,691785,marcelo mayer,SF,L,17,11,7,0,1,2,1,1,4,100.2,82.86,17.64,0.0,0.0588,0.0909,0.1176,0.0588,0.0909,0.3636,2026-10-02,2026-10-02T11:58:59-04:00,Batter rolling HR contact-shape metrics from Statcast.
14,691788,joe mack,MIA,L,17,26,14,1,2,3,2,3,6,107.5,85.07,17.38,0.0588,0.1176,0.0769,0.1765,0.1176,0.1154,0.2308,2026-10-02,2026-10-02T11:58:59-04:00,Batter rolling HR contact-shape metrics from Statcast.
14,691858,jared serna,MIA,R,16,20,13,0,0,1,0,3,6,98.9,79.85,17.7,0.0,0.0,0.0,0.0625,0.0,0.15,0.3,2026-10-02,2026-10-02T11:58:59-04:00,Batter rolling HR contact-shape metrics from Statcast.
14,693304,nick gonzales,PIT,R,28,38,23,0,1,4,1,2,10,103.4,82.49,14.05,0.0,0.0357,0.0263,0.1429,0.0357,0.0526,0.2632,2026-10-02,2026-10-02T11:58:59-04:00,Batter rolling HR contact-shape metrics from Statcast.
14,693306,aaron sabato,MIN,R,6,10,6,0,0,1,0,0,1,97.0,79.33,15.3,0.0,0.0,0.0,0.1667,0.0,0.0,0.1,2026-10-02,2026-10-02T11:58:59-04:00,Batter rolling HR contact-shape metrics from Statcast.
14,693307,dillon dingler,DET,R,24,30,19,0,3,7,3,4,9,112.9,89.77,20.47,0.0,0.125,0.1,0.2917,0.125,0.1333,0.3,2026-10-02,2026-10-02T11:58:59-04:00,Batter rolling HR contact-shape metrics from Statcast.
14,693409,césar prieto,STL,L,6,8,4,0,0,2,0,1,4,102.4,88.2,5.12,0.0,0.0,0.0,0.3333,0.0,0.125,0.5,2026-10-02,2026-10-02T11:58:59-04:00,Batter rolling HR contact-shape metrics from Statcast.
14,694192,jackson chourio,MIL,R,34,44,27,2,3,6,3,6,15,109.4,84.71,11.25,0.0588,0.0882,0.0682,0.1765,0.0882,0.1364,0.3409,2026-10-02,2026-10-02T11:58:59-04:00,Batter rolling HR contact-shape metrics from Statcast.
14,694197,angel genao,CLE,L,11,11,7,0,0,1,0,1,1,107.1,85.54,18.45,0.0,0.0,0.0,0.0909,0.0,0.0909,0.0909,2026-10-02,2026-10-02T11:58:59-04:00,Batter rolling HR contact-shape metrics from Statcast.
14,694203,denzer guzman,LAA,R,35,53,33,1,0,5,1,6,16,108.1,76.31,13.6,0.0286,0.0,0.0,0.1429,0.0286,0.1132,0.3019,2026-10-02,2026-10-02T11:58:59-04:00,Batter rolling HR contact-shape metrics from Statcast.
14,694208,moisés ballesteros,LAA,L,31,36,25,0,0,3,0,2,8,98.9,77.66,22.11,0.0,0.0,0.0,0.0968,0.0,0.0556,0.2222,2026-10-02,2026-10-02T11:58:59-04:00,Batter rolling HR contact-shape metrics from Statcast.
14,694212,samuel basallo,BAL,L,14,21,11,0,0,2,0,4,4,98.7,80.24,14.48,0.0,0.0,0.0,0.1429,0.0,0.1905,0.1905,2026-10-02,2026-10-02T11:58:59-04:00,Batter rolling HR contact-shape metrics from Statcast.
14,694249,cole carrigg,COL,L,37,64,37,2,4,6,4,10,18,110.3,82.37,16.3,0.0541,0.1081,0.0625,0.1622,0.1081,0.1562,0.2812,2026-10-02,2026-10-02T11:58:59-04:00,Batter rolling HR contact-shape metrics from Statcast.
14,694374,tim tawa,AZ,R,36,49,27,1,3,6,3,10,11,110.9,81.3,10.96,0.0278,0.0833,0.0612,0.1667,0.0833,0.2041,0.2245,2026-10-02,2026-10-02T11:58:59-04:00,Batter rolling HR contact-shape metrics from Statcast.
14,694376,shay whitcomb,SF,R,24,28,16,0,0,3,0,4,8,105.1,83.43,13.0,0.0,0.0,0.0,0.125,0.0,0.1429,0.2857,2026-10-02,2026-10-02T11:58:59-04:00,Batter rolling HR contact-shape metrics from Statcast.
14,694378,jacob gonzalez,PIT,L,8,8,6,1,1,1,1,1,2,104.4,84.4,30.12,0.125,0.125,0.125,0.125,0.125,0.125,0.25,2026-10-02,2026-10-02T11:58:59-04:00,Batter rolling HR contact-shape metrics from Statcast.
14,694497,evan carter,TEX,L,25,27,17,0,0,5,1,5,8,105.6,77.14,12.41,0.0,0.0,0.0,0.2,0.04,0.1852,0.2963,2026-10-02,2026-10-02T11:58:59-04:00,Batter rolling HR contact-shape metrics from Statcast.
14,694671,wyatt langford,TEX,R,39,33,19,0,1,4,3,8,7,106.3,83.62,20.85,0.0,0.0256,0.0303,0.1026,0.0769,0.2424,0.2121,2026-10-02,2026-10-02T11:58:59-04:00,Batter rolling HR contact-shape metrics from Statcast.
14,694673,abimelec ortiz,WSH,L,12,22,16,0,0,3,0,4,6,111.1,83.28,28.68,0.0,0.0,0.0,0.25,0.0,0.1818,0.2727,2026-10-02,2026-10-02T11:58:59-04:00,Batter rolling HR contact-shape metrics from Statcast.
14,694728,brice matthews,HOU,R,7,5,2,0,0,0,0,0,1,79.8,63.26,8.2,0.0,0.0,0.0,0.0,0.0,0.0,0.2,2026-10-02,2026-10-02T11:58:59-04:00,Batter rolling HR contact-shape metrics from Statcast.
14,695257,billy cook,PIT,R,5,3,3,0,0,3,1,1,1,111.7,104.0,35.67,0.0,0.0,0.0,0.6,0.2,0.3333,0.3333,2026-10-02,2026-10-02T11:58:59-04:00,Batter rolling HR contact-shape metrics from Statcast.
14,695336,thomas saggese,STL,R,31,38,32,0,1,3,2,2,12,103.8,82.69,25.82,0.0,0.0323,0.0263,0.0968,0.0645,0.0526,0.3158,2026-10-02,2026-10-02T11:58:59-04:00,Batter rolling HR contact-shape metrics from Statcast.
14,695391,brett harris,SF,R,29,33,17,0,0,5,1,6,10,105.4,80.63,7.58,0.0,0.0,0.0,0.1724,0.0345,0.1818,0.303,2026-10-02,2026-10-02T11:58:59-04:00,Batter rolling HR contact-shape metrics from Statcast.
14,695506,jac caglianone,KC,L,31,40,23,0,1,8,1,7,14,114.2,86.61,8.65,0.0,0.0323,0.025,0.2581,0.0323,0.175,0.35,2026-10-02,2026-10-02T11:58:59-04:00,Batter rolling HR contact-shape metrics from Statcast.
14,695578,james wood,WSH,L,38,38,15,0,0,8,1,2,10,116.2,89.66,3.53,0.0,0.0,0.0,0.2105,0.0263,0.0526,0.2632,2026-10-02,2026-10-02T11:58:59-04:00,Batter rolling HR contact-shape metrics from Statcast.
14,695600,carter jensen,KC,L,32,45,37,3,5,8,3,9,10,108.4,84.38,34.98,0.0938,0.1562,0.1111,0.25,0.0938,0.2,0.2222,2026-10-02,2026-10-02T11:58:59-04:00,Batter rolling HR contact-shape metrics from Statcast.
14,695657,colson montgomery,CWS,L,42,50,35,1,1,9,1,7,14,111.8,82.19,23.34,0.0238,0.0238,0.02,0.2143,0.0238,0.14,0.28,2026-10-02,2026-10-02T11:58:59-04:00,Batter rolling HR contact-shape metrics from Statcast.
14,695670,harry ford,WSH,R,14,17,11,0,0,3,0,2,5,107.1,77.89,24.06,0.0,0.0,0.0,0.2143,0.0,0.1176,0.2941,2026-10-02,2026-10-02T11:58:59-04:00,Batter rolling HR contact-shape metrics from Statcast.
14,695681,christian moore,LAA,R,32,39,25,1,3,6,3,3,13,106.3,80.71,18.85,0.0312,0.0938,0.0769,0.1875,0.0938,0.0769,0.3333,2026-10-02,2026-10-02T11:58:59-04:00,Batter rolling HR contact-shape metrics from Statcast.
14,695720,tommy white,ATH,R,21,34,24,0,1,3,1,0,8,107.3,80.72,21.79,0.0,0.0476,0.0294,0.1429,0.0476,0.0,0.2353,2026-10-02,2026-10-02T11:58:59-04:00,Batter rolling HR contact-shape metrics from Statcast.
14,695731,braden montgomery,CWS,L,38,49,22,0,1,7,3,1,10,109.7,84.87,0.98,0.0,0.0263,0.0204,0.1842,0.0789,0.0204,0.2041,2026-10-02,2026-10-02T11:58:59-04:00,Batter rolling HR contact-shape metrics from Statcast.
14,695734,daylen lile,WSH,L,36,59,44,1,3,12,3,9,18,108.3,81.54,22.75,0.0278,0.0833,0.0508,0.3333,0.0833,0.1525,0.3051,2026-10-02,2026-10-02T11:58:59-04:00,Batter rolling HR contact-shape metrics from Statcast.
14,696030,alejandro osuna,TEX,L,12,18,15,0,0,1,0,3,6,106.3,77.77,33.33,0.0,0.0,0.0,0.0833,0.0,0.1667,0.3333,2026-10-02,2026-10-02T11:58:59-04:00,Batter rolling HR contact-shape metrics from Statcast.
14,696100,hunter goodman,COL,R,39,68,49,3,3,11,3,13,17,109.4,81.51,25.21,0.0769,0.0769,0.0441,0.2821,0.0769,0.1912,0.25,2026-10-02,2026-10-02T11:58:59-04:00,Batter rolling HR contact-shape metrics from Statcast.
14,696285,jacob young,WSH,R,23,28,18,0,1,6,1,5,7,109.3,83.81,17.0,0.0,0.0435,0.0357,0.2609,0.0435,0.1786,0.25,2026-10-02,2026-10-02T11:58:59-04:00,Batter rolling HR contact-shape metrics from Statcast.
14,699024,leo bernal,STL,L,37,50,35,2,2,4,2,9,13,108.5,80.07,24.38,0.0541,0.0541,0.04,0.1081,0.0541,0.18,0.26,2026-10-02,2026-10-02T11:58:59-04:00,Batter rolling HR contact-shape metrics from Statcast.
14,699115,carlos jorge,CIN,L,29,36,22,1,1,2,1,7,10,101.0,75.06,15.17,0.0345,0.0345,0.0278,0.069,0.0345,0.1944,0.2778,2026-10-02,2026-10-02T11:58:59-04:00,Batter rolling HR contact-shape metrics from Statcast.
14,699302,héctor rodríguez,CIN,L,25,40,23,1,2,5,1,5,8,111.7,82.14,15.65,0.04,0.08,0.05,0.2,0.04,0.125,0.2,2026-10-02,2026-10-02T11:58:59-04:00,Batter rolling HR contact-shape metrics from Statcast.
14,699393,pedro ramírez,CHC,L,30,42,22,0,0,1,0,6,7,109.3,80.14,13.52,0.0,0.0,0.0,0.0333,0.0,0.1429,0.1667,2026-10-02,2026-10-02T11:58:59-04:00,Batter rolling HR contact-shape metrics from Statcast.
14,699912,jose fernandez,AZ,R,11,11,5,0,0,1,0,1,3,103.9,86.07,9.82,0.0,0.0,0.0,0.0909,0.0,0.0909,0.2727,2026-10-02,2026-10-02T11:58:59-04:00,Batter rolling HR contact-shape metrics from Statcast.
14,700250,ben rice,NYY,L,49,53,35,5,7,15,5,15,19,110.3,87.39,15.08,0.102,0.1429,0.1321,0.3061,0.102,0.283,0.3585,2026-10-02,2026-10-02T11:58:59-04:00,Batter rolling HR contact-shape metrics from Statcast.
14,701162,ben malgeri,DET,R,21,23,12,2,3,4,1,5,8,105.0,85.83,9.13,0.0952,0.1429,0.1304,0.1905,0.0476,0.2174,0.3478,2026-10-02,2026-10-02T11:58:59-04:00,Batter rolling HR contact-shape metrics from Statcast.
14,701350,roman anthony,BOS,L,34,33,19,1,3,4,1,3,8,110.8,85.29,11.06,0.0294,0.0882,0.0909,0.1176,0.0294,0.0909,0.2424,2026-10-02,2026-10-02T11:58:59-04:00,Batter rolling HR contact-shape metrics from Statcast.
14,701358,cam smith,HOU,R,42,56,38,2,3,8,1,8,14,111.5,75.33,17.55,0.0476,0.0714,0.0536,0.1905,0.0238,0.1429,0.25,2026-10-02,2026-10-02T11:58:59-04:00,Batter rolling HR contact-shape metrics from Statcast.
14,701398,sal stewart,CIN,R,39,64,44,0,1,17,1,6,18,107.9,86.67,22.28,0.0,0.0256,0.0156,0.4359,0.0256,0.0938,0.2812,2026-10-02,2026-10-02T11:58:59-04:00,Batter rolling HR contact-shape metrics from Statcast.
14,701538,jackson merrill,SD,L,40,56,35,1,2,7,2,5,18,111.4,83.59,13.61,0.025,0.05,0.0357,0.175,0.05,0.0893,0.3214,2026-10-02,2026-10-02T11:58:59-04:00,Batter rolling HR contact-shape metrics from Statcast.
14,701675,nathan church,STL,L,29,48,36,0,0,5,1,7,17,105.9,79.44,22.15,0.0,0.0,0.0,0.1724,0.0345,0.1458,0.3542,2026-10-02,2026-10-02T11:58:59-04:00,Batter rolling HR contact-shape metrics from Statcast.
14,701678,hao-yu lee,DET,R,43,62,45,1,3,13,2,8,22,108.9,84.51,17.61,0.0233,0.0698,0.0484,0.3023,0.0465,0.129,0.3548,2026-10-02,2026-10-02T11:58:59-04:00,Batter rolling HR contact-shape metrics from Statcast.
14,701785,kaelen culpepper,MIN,R,8,7,5,0,0,0,0,1,1,104.4,84.37,35.57,0.0,0.0,0.0,0.0,0.0,0.1429,0.1429,2026-10-02,2026-10-02T11:58:59-04:00,Batter rolling HR contact-shape metrics from Statcast.
14,701807,carson benge,NYM,L,41,56,38,2,2,7,1,8,17,104.8,80.36,15.86,0.0488,0.0488,0.0357,0.1707,0.0244,0.1429,0.3036,2026-10-02,2026-10-02T11:58:59-04:00,Batter rolling HR contact-shape metrics from Statcast.
14,701852,drew cavanaugh,SF,L,13,12,5,0,0,1,0,1,3,102.6,76.88,0.25,0.0,0.0,0.0,0.0769,0.0,0.0833,0.25,2026-10-02,2026-10-02T11:58:59-04:00,Batter rolling HR contact-shape metrics from Statcast.
14,702176,alan roden,MIN,L,15,20,15,1,0,7,2,3,8,107.3,82.87,25.7,0.0667,0.0,0.0,0.4667,0.1333,0.15,0.4,2026-10-02,2026-10-02T11:58:59-04:00,Batter rolling HR contact-shape metrics from Statcast.
14,702222,justin crawford,PHI,L,32,46,29,0,1,7,1,5,12,104.9,82.99,16.7,0.0,0.0312,0.0217,0.2188,0.0312,0.1087,0.2609,2026-10-02,2026-10-02T11:58:59-04:00,Batter rolling HR contact-shape metrics from Statcast.
14,702284,cole young,SEA,L,32,41,32,0,1,3,1,7,11,104.2,80.92,29.9,0.0,0.0312,0.0244,0.0938,0.0312,0.1707,0.2683,2026-10-02,2026-10-02T11:58:59-04:00,Batter rolling HR contact-shape metrics from Statcast.
14,702332,caleb durbin,BOS,R,39,61,39,0,1,5,0,9,18,104.7,78.1,20.97,0.0,0.0256,0.0164,0.1282,0.0,0.1475,0.2951,2026-10-02,2026-10-02T11:58:59-04:00,Batter rolling HR contact-shape metrics from Statcast.
14,703155,lazaro montes,SEA,L,28,28,23,1,2,7,0,6,12,107.6,85.15,28.0,0.0357,0.0714,0.0714,0.25,0.0,0.2143,0.4286,2026-10-02,2026-10-02T11:58:59-04:00,Batter rolling HR contact-shape metrics from Statcast.
14,703197,michael arroyo,SEA,R,23,32,21,0,0,3,0,6,9,108.1,84.86,18.81,0.0,0.0,0.0,0.1304,0.0,0.1875,0.2812,2026-10-02,2026-10-02T11:58:59-04:00,Batter rolling HR contact-shape metrics from Statcast.
14,703492,nick morabito,NYM,R,9,8,5,0,0,1,0,1,3,102.1,85.46,18.75,0.0,0.0,0.0,0.1111,0.0,0.125,0.375,2026-10-02,2026-10-02T11:58:59-04:00,Batter rolling HR contact-shape metrics from Statcast.
14,703520,brett bateman,TOR,L,24,37,22,0,0,0,0,2,11,99.7,78.78,9.3,0.0,0.0,0.0,0.0,0.0,0.0541,0.2973,2026-10-02,2026-10-02T11:58:59-04:00,Batter rolling HR contact-shape metrics from Statcast.
14,703601,max clark,DET,L,35,42,31,0,2,5,2,8,13,106.7,78.75,24.07,0.0,0.0571,0.0476,0.1429,0.0571,0.1905,0.3095,2026-10-02,2026-10-02T11:58:59-04:00,Batter rolling HR contact-shape metrics from Statcast.
14,703607,henry bolte,ATH,R,41,48,25,0,2,9,1,4,15,115.1,83.5,7.06,0.0,0.0488,0.0417,0.2195,0.0244,0.0833,0.3125,2026-10-02,2026-10-02T11:58:59-04:00,Batter rolling HR contact-shape metrics from Statcast.
14,800050,chase delauter,CLE,L,37,39,25,2,2,8,2,7,12,109.6,84.64,16.38,0.0541,0.0541,0.0513,0.2162,0.0541,0.1795,0.3077,2026-10-02,2026-10-02T11:58:59-04:00,Batter rolling HR contact-shape metrics from Statcast.
14,800325,luis lara,MIL,L,23,34,23,0,0,2,0,4,11,100.8,82.38,14.41,0.0,0.0,0.0,0.087,0.0,0.1176,0.3235,2026-10-02,2026-10-02T11:58:59-04:00,Batter rolling HR contact-shape metrics from Statcast.
14,800543,josue de paula,LAD,L,17,19,14,0,1,4,0,6,8,107.0,82.29,16.11,0.0,0.0588,0.0526,0.2353,0.0,0.3158,0.4211,2026-10-02,2026-10-02T11:58:59-04:00,Batter rolling HR contact-shape metrics from Statcast.
14,801126,brock rodden,SEA,L,5,4,4,0,0,0,0,0,0,93.5,70.8,57.5,0.0,0.0,0.0,0.0,0.0,0.0,0.0,2026-10-02,2026-10-02T11:58:59-04:00,Batter rolling HR contact-shape metrics from Statcast.
14,802139,jj wetherholt,STL,L,30,38,18,0,1,6,1,5,8,102.8,80.78,7.92,0.0,0.0333,0.0263,0.2,0.0333,0.1316,0.2105,2026-10-02,2026-10-02T11:58:59-04:00,Batter rolling HR contact-shape metrics from Statcast.
14,802415,chandler simpson,TB,L,27,39,19,0,0,0,0,3,6,105.3,77.99,11.44,0.0,0.0,0.0,0.0,0.0,0.0769,0.1538,2026-10-02,2026-10-02T11:58:59-04:00,Batter rolling HR contact-shape metrics from Statcast.
14,803011,sam antonacci,CWS,L,42,54,35,0,1,12,1,6,22,104.0,85.42,14.65,0.0,0.0238,0.0185,0.2857,0.0238,0.1111,0.4074,2026-10-02,2026-10-02T11:58:59-04:00,Batter rolling HR contact-shape metrics from Statcast.
14,804606,konnor griffin,PIT,R,39,60,38,1,2,11,3,6,20,108.1,83.75,13.17,0.0256,0.0513,0.0333,0.2821,0.0769,0.1,0.3333,2026-10-02,2026-10-02T11:58:59-04:00,Batter rolling HR contact-shape metrics from Statcast.
14,804668,rafael flores,PIT,R,24,25,15,2,3,5,3,6,7,110.2,87.25,16.92,0.0833,0.125,0.12,0.2083,0.125,0.24,0.28,2026-10-02,2026-10-02T11:58:59-04:00,Batter rolling HR contact-shape metrics from Statcast.
14,805249,otto kemp,PHI,R,1,1,0,0,0,0,0,0,0,84.1,84.1,-26.0,0.0,0.0,0.0,0.0,0.0,0.0,0.0,2026-10-02,2026-10-02T11:58:59-04:00,Batter rolling HR contact-shape metrics from Statcast.
14,805300,jakob marsee,MIA,L,32,45,31,0,1,2,1,6,14,101.5,80.66,21.69,0.0,0.0312,0.0222,0.0625,0.0312,0.1333,0.3111,2026-10-02,2026-10-02T11:58:59-04:00,Batter rolling HR contact-shape metrics from Statcast.
14,805346,ben ross,MIN,R,11,11,6,0,1,1,0,2,3,98.5,71.38,20.36,0.0,0.0909,0.0909,0.0909,0.0,0.1818,0.2727,2026-10-02,2026-10-02T11:58:59-04:00,Batter rolling HR contact-shape metrics from Statcast.
14,805367,chase meidroth,CWS,R,34,39,21,3,3,8,4,13,13,102.9,81.43,6.62,0.0882,0.0882,0.0769,0.2353,0.1176,0.3333,0.3333,2026-10-02,2026-10-02T11:58:59-04:00,Batter rolling HR contact-shape metrics from Statcast.
14,805805,walker jenkins,MIN,L,36,53,33,2,2,5,2,10,13,105.2,80.91,20.23,0.0556,0.0556,0.0377,0.1389,0.0556,0.1887,0.2453,2026-10-02,2026-10-02T11:58:59-04:00,Batter rolling HR contact-shape metrics from Statcast.
14,805808,kevin mcgonigle,DET,L,39,55,31,1,3,11,3,6,23,105.1,81.61,6.84,0.0256,0.0769,0.0545,0.2821,0.0769,0.1091,0.4182,2026-10-02,2026-10-02T11:58:59-04:00,Batter rolling HR contact-shape metrics from Statcast.
14,805999,a. j. ewing,NYM,L,35,38,20,1,3,7,2,5,12,104.7,82.97,6.66,0.0286,0.0857,0.0789,0.2,0.0571,0.1316,0.3158,2026-10-02,2026-10-02T11:58:59-04:00,Batter rolling HR contact-shape metrics from Statcast.
14,806146,george lombard,NYY,R,40,52,32,4,5,8,3,7,14,110.2,84.77,21.06,0.1,0.125,0.0962,0.2,0.075,0.1346,0.2692,2026-10-02,2026-10-02T11:58:59-04:00,Batter rolling HR contact-shape metrics from Statcast.
14,806198,cooper pratt,MIL,R,28,34,20,0,0,3,0,3,14,102.2,81.1,6.74,0.0,0.0,0.0,0.1071,0.0,0.0882,0.4118,2026-10-02,2026-10-02T11:58:59-04:00,Batter rolling HR contact-shape metrics from Statcast.
14,806367,turner hill,SF,L,22,35,32,0,1,4,1,6,13,103.1,82.43,32.37,0.0,0.0455,0.0286,0.1818,0.0455,0.1714,0.3714,2026-10-02,2026-10-02T11:58:59-04:00,Batter rolling HR contact-shape metrics from Statcast.
14,806956,ethan salas,SD,L,22,27,21,0,0,2,0,5,12,108.3,86.8,23.85,0.0,0.0,0.0,0.0909,0.0,0.1852,0.4444,2026-10-02,2026-10-02T11:58:59-04:00,Batter rolling HR contact-shape metrics from Statcast.
14,807712,luke keaschall,MIN,R,35,41,31,1,3,9,3,7,13,105.8,82.21,20.83,0.0286,0.0857,0.0732,0.2571,0.0857,0.1707,0.3171,2026-10-02,2026-10-02T11:58:59-04:00,Batter rolling HR contact-shape metrics from Statcast.
14,807713,matt shaw,CHC,R,24,26,20,0,0,3,0,2,7,104.6,78.07,27.69,0.0,0.0,0.0,0.125,0.0,0.0769,0.2692,2026-10-02,2026-10-02T11:58:59-04:00,Batter rolling HR contact-shape metrics from Statcast.
14,807726,john peck,DET,R,26,27,19,0,0,4,0,1,6,106.7,83.44,24.81,0.0,0.0,0.0,0.1538,0.0,0.037,0.2222,2026-10-02,2026-10-02T11:58:59-04:00,Batter rolling HR contact-shape metrics from Statcast.
14,807727,charles mcadoo,TOR,R,14,17,13,1,1,2,1,5,11,108.6,88.16,17.0,0.0714,0.0714,0.0588,0.1429,0.0714,0.2941,0.6471,2026-10-02,2026-10-02T11:58:59-04:00,Batter rolling HR contact-shape metrics from Statcast.
14,808959,munetaka murakami,CWS,L,51,53,44,3,8,16,6,12,13,113.0,86.41,33.04,0.0588,0.1569,0.1509,0.3137,0.1176,0.2264,0.2453,2026-10-02,2026-10-02T11:58:59-04:00,Batter rolling HR contact-shape metrics from Statcast.
14,808982,jung hoo lee,SF,L,11,20,12,1,0,3,0,7,7,104.4,79.08,13.55,0.0909,0.0,0.0,0.2727,0.0,0.35,0.35,2026-10-02,2026-10-02T11:58:59-04:00,Batter rolling HR contact-shape metrics from Statcast.
14,810938,ben williamson,TB,R,16,20,9,0,1,2,0,3,4,100.7,84.18,7.4,0.0,0.0625,0.05,0.125,0.0,0.15,0.2,2026-10-02,2026-10-02T11:58:59-04:00,Batter rolling HR contact-shape metrics from Statcast.
14,811965,joshua kuroda-grauer,ATH,R,12,14,8,0,0,0,0,2,3,109.2,85.38,11.93,0.0,0.0,0.0,0.0,0.0,0.1429,0.2143,2026-10-02,2026-10-02T11:58:59-04:00,Batter rolling HR contact-shape metrics from Statcast.
14,813841,jonah cox,SF,R,37,39,22,0,0,2,0,4,17,103.9,77.82,11.33,0.0,0.0,0.0,0.0541,0.0,0.1026,0.4359,2026-10-02,2026-10-02T11:58:59-04:00,Batter rolling HR contact-shape metrics from Statcast.
14,814154,scott bandura,SF,L,19,28,23,0,0,2,0,4,13,104.7,79.06,25.57,0.0,0.0,0.0,0.1053,0.0,0.1429,0.4643,2026-10-02,2026-10-02T11:58:59-04:00,Batter rolling HR contact-shape metrics from Statcast.
14,814430,brett callahan,DET,L,17,18,10,0,1,3,1,3,4,104.4,82.03,13.44,0.0,0.0588,0.0556,0.1765,0.0588,0.1667,0.2222,2026-10-02,2026-10-02T11:58:59-04:00,Batter rolling HR contact-shape metrics from Statcast.
14,814439,ryan waldschmidt,AZ,R,2,2,2,0,0,1,0,1,1,98.4,85.5,29.5,0.0,0.0,0.0,0.5,0.0,0.5,0.5,2026-10-02,2026-10-02T11:58:59-04:00,Batter rolling HR contact-shape metrics from Statcast.
14,815589,bo davidson,SF,L,22,24,14,0,0,3,0,1,7,105.1,83.96,17.88,0.0,0.0,0.0,0.1364,0.0,0.0417,0.2917,2026-10-02,2026-10-02T11:58:59-04:00,Batter rolling HR contact-shape metrics from Statcast.
14,815873,sean keys,TOR,L,20,27,18,0,2,5,3,6,12,109.7,81.42,21.37,0.0,0.1,0.0741,0.25,0.15,0.2222,0.4444,2026-10-02,2026-10-02T11:58:59-04:00,Batter rolling HR contact-shape metrics from Statcast.
14,823550,sung mun song,SD,L,9,9,5,0,0,0,0,1,2,102.9,77.49,20.33,0.0,0.0,0.0,0.0,0.0,0.1111,0.2222,2026-10-02,2026-10-02T11:58:59-04:00,Batter rolling HR contact-shape metrics from Statcast.
14,828599,lucas spence,HOU,L,30,26,18,4,4,9,5,7,13,106.4,84.58,20.42,0.1333,0.1333,0.1538,0.3,0.1667,0.2692,0.5,2026-10-02,2026-10-02T11:58:59-04:00,Batter rolling HR contact-shape metrics from Statcast.
30,500743,miguel rojas,LAD,R,45,55,33,1,1,4,1,11,15,106.2,83.84,16.47,0.0222,0.0222,0.0182,0.0889,0.0222,0.2,0.2727,2026-10-02,2026-10-02T11:58:59-04:00,Batter rolling HR contact-shape metrics from Statcast.
30,502054,tommy pham,CWS,R,21,20,9,1,1,4,1,3,5,108.8,86.77,12.8,0.0476,0.0476,0.05,0.1905,0.0476,0.15,0.25,2026-10-02,2026-10-02T11:58:59-04:00,Batter rolling HR contact-shape metrics from Statcast.
30,502671,paul goldschmidt,NYY,R,37,55,31,0,0,9,0,6,17,107.2,83.53,8.64,0.0,0.0,0.0,0.2432,0.0,0.1091,0.3091,2026-10-02,2026-10-02T11:58:59-04:00,Batter rolling HR contact-shape metrics from Statcast.
30,514888,josé altuve,HOU,R,106,145,94,3,2,18,2,29,40,108.7,80.11,16.51,0.0283,0.0189,0.0138,0.1698,0.0189,0.2,0.2759,2026-10-02,2026-10-02T11:58:59-04:00,Batter rolling HR contact-shape metrics from Statcast.
30,518595,travis d'arnaud,LAA,R,18,28,17,0,0,3,0,4,6,97.1,80.25,11.39,0.0,0.0,0.0,0.1667,0.0,0.1429,0.2143,2026-10-02,2026-10-02T11:58:59-04:00,Batter rolling HR contact-shape metrics from Statcast.
30,518692,freddie freeman,LAD,L,82,110,62,1,4,16,4,9,36,108.4,83.11,14.53,0.0122,0.0488,0.0364,0.1951,0.0488,0.0818,0.3273,2026-10-02,2026-10-02T11:58:59-04:00,Batter rolling HR contact-shape metrics from Statcast.
30,521692,salvador pérez,KC,R,88,129,93,4,11,27,9,26,36,111.3,85.43,21.59,0.0455,0.125,0.0853,0.3068,0.1023,0.2016,0.2791,2026-10-02,2026-10-02T11:58:59-04:00,Batter rolling HR contact-shape metrics from Statcast.
30,543510,james mccann,AZ,R,28,32,22,3,5,9,4,6,15,109.0,85.16,15.72,0.1071,0.1786,0.1562,0.3214,0.1429,0.1875,0.4688,2026-10-02,2026-10-02T11:58:59-04:00,Batter rolling HR contact-shape metrics from Statcast.
30,543760,marcus semien,NYM,R,85,114,73,1,3,19,3,23,27,105.9,83.57,19.03,0.0118,0.0353,0.0263,0.2235,0.0353,0.2018,0.2368,2026-10-02,2026-10-02T11:58:59-04:00,Batter rolling HR contact-shape metrics from Statcast.
30,543807,george springer,TOR,R,73,94,59,1,3,16,3,17,28,111.3,84.42,16.0,0.0137,0.0411,0.0319,0.2192,0.0411,0.1809,0.2979,2026-10-02,2026-10-02T11:58:59-04:00,Batter rolling HR contact-shape metrics from Statcast.
30,543877,christian vázquez,HOU,R,17,24,17,0,0,0,0,4,4,98.4,80.83,31.83,0.0,0.0,0.0,0.0,0.0,0.1667,0.1667,2026-10-02,2026-10-02T11:58:59-04:00,Batter rolling HR contact-shape metrics from Statcast.
30,545121,ildemaro vargas,AZ,L,46,59,33,0,1,6,0,12,14,107.9,83.76,17.17,0.0,0.0217,0.0169,0.1304,0.0,0.2034,0.2373,2026-10-02,2026-10-02T11:58:59-04:00,Batter rolling HR contact-shape metrics from Statcast.
30,545341,randal grichuk,CWS,R,68,97,70,4,4,26,4,20,30,111.8,86.61,25.73,0.0588,0.0588,0.0412,0.3824,0.0588,0.2062,0.3093,2026-10-02,2026-10-02T11:58:59-04:00,Batter rolling HR contact-shape metrics from Statcast.
30,545361,mike trout,LAA,R,98,97,70,2,8,16,5,13,38,110.5,83.49,20.98,0.0204,0.0816,0.0825,0.1633,0.051,0.134,0.3918,2026-10-02,2026-10-02T11:58:59-04:00,Batter rolling HR contact-shape metrics from Statcast.
30,547180,bryce harper,PHI,L,111,135,92,3,4,14,6,20,45,111.6,81.86,22.72,0.027,0.036,0.0296,0.1261,0.0541,0.1481,0.3333,2026-10-02,2026-10-02T11:58:59-04:00,Batter rolling HR contact-shape metrics from Statcast.
30,553869,elías díaz,TEX,R,45,67,44,2,3,11,2,12,18,109.6,81.12,16.94,0.0444,0.0667,0.0448,0.2444,0.0444,0.1791,0.2687,2026-10-02,2026-10-02T11:58:59-04:00,Batter rolling HR contact-shape metrics from Statcast.
30,553993,eugenio suárez,CIN,R,72,94,66,6,9,18,9,15,27,106.9,84.32,23.98,0.0833,0.125,0.0957,0.25,0.125,0.1596,0.2872,2026-10-02,2026-10-02T11:58:59-04:00,Batter rolling HR contact-shape metrics from Statcast.
30,571448,nolan arenado,AZ,R,91,118,73,9,7,27,12,33,39,109.9,86.33,13.91,0.0989,0.0769,0.0593,0.2967,0.1319,0.2797,0.3305,2026-10-02,2026-10-02T11:58:59-04:00,Batter rolling HR contact-shape metrics from Statcast.
30,571657,kyle farmer,ATL,R,3,3,2,0,1,1,0,0,1,97.5,82.3,30.67,0.0,0.3333,0.3333,0.3333,0.0,0.0,0.3333,2026-10-02,2026-10-02T11:58:59-04:00,Batter rolling HR contact-shape metrics from Statcast.
30,571771,enrique hernández,LAD,R,47,62,37,2,2,9,2,8,15,107.5,82.65,15.55,0.0426,0.0426,0.0323,0.1915,0.0426,0.129,0.2419,2026-10-02,2026-10-02T11:58:59-04:00,Batter rolling HR contact-shape metrics from Statcast.
30,571912,luke maile,KC,R,14,12,7,0,0,2,1,2,2,105.9,80.6,16.58,0.0,0.0,0.0,0.1429,0.0714,0.1667,0.1667,2026-10-02,2026-10-02T11:58:59-04:00,Batter rolling HR contact-shape metrics from Statcast.
30,571970,max muncy,LAD,L,85,103,72,3,6,24,4,24,36,109.9,81.95,19.73,0.0353,0.0706,0.0583,0.2824,0.0471,0.233,0.3495,2026-10-02,2026-10-02T11:58:59-04:00,Batter rolling HR contact-shape metrics from Statcast.
30,572233,christian walker,HOU,R,93,121,92,5,8,19,7,23,42,110.7,83.43,24.95,0.0538,0.086,0.0661,0.2043,0.0753,0.1901,0.3471,2026-10-02,2026-10-02T11:58:59-04:00,Batter rolling HR contact-shape metrics from Statcast.
30,573262,mike yastrzemski,ATL,L,71,107,75,3,3,16,2,14,27,107.8,82.67,21.79,0.0423,0.0423,0.028,0.2254,0.0282,0.1308,0.2523,2026-10-02,2026-10-02T11:58:59-04:00,Batter rolling HR contact-shape metrics from Statcast.
30,575929,willson contreras,BOS,R,26,28,16,2,2,5,2,3,9,110.2,88.38,16.32,0.0769,0.0769,0.0714,0.1923,0.0769,0.1071,0.3214,2026-10-02,2026-10-02T11:58:59-04:00,Batter rolling HR contact-shape metrics from Statcast.
30,592450,aaron judge,NYY,R,24,27,19,1,1,4,0,4,6,105.0,82.61,21.0,0.0417,0.0417,0.037,0.1667,0.0,0.1481,0.2222,2026-10-02,2026-10-02T11:58:59-04:00,Batter rolling HR contact-shape metrics from Statcast.
30,592518,manny machado,SD,R,103,146,108,7,10,26,8,23,38,111.7,83.29,26.75,0.068,0.0971,0.0685,0.2524,0.0777,0.1575,0.2603,2026-10-02,2026-10-02T11:58:59-04:00,Batter rolling HR contact-shape metrics from Statcast.
30,592626,joc pederson,TEX,L,24,28,18,2,2,6,3,5,7,110.6,83.53,18.57,0.0833,0.0833,0.0714,0.25,0.125,0.1786,0.25,2026-10-02,2026-10-02T11:58:59-04:00,Batter rolling HR contact-shape metrics from Statcast.
30,592663,j. t. realmuto,PHI,R,84,97,65,1,5,19,2,11,34,110.5,84.46,18.39,0.0119,0.0595,0.0515,0.2262,0.0238,0.1134,0.3505,2026-10-02,2026-10-02T11:58:59-04:00,Batter rolling HR contact-shape metrics from Statcast.
30,592885,christian yelich,MIL,L,76,92,57,2,3,13,1,10,24,107.9,79.98,13.65,0.0263,0.0395,0.0326,0.1711,0.0132,0.1087,0.2609,2026-10-02,2026-10-02T11:58:59-04:00,Batter rolling HR contact-shape metrics from Statcast.
30,593428,xander bogaerts,SD,R,92,116,56,3,2,16,3,17,23,112.0,86.14,7.44,0.0326,0.0217,0.0172,0.1739,0.0326,0.1466,0.1983,2026-10-02,2026-10-02T11:58:59-04:00,Batter rolling HR contact-shape metrics from Statcast.
30,595879,javier báez,DET,R,27,35,23,1,1,5,1,5,12,108.6,78.44,18.17,0.037,0.037,0.0286,0.1852,0.037,0.1429,0.3429,2026-10-02,2026-10-02T11:58:59-04:00,Batter rolling HR contact-shape metrics from Statcast.
30,595978,austin hedges,CLE,R,38,43,25,1,1,5,0,5,13,105.6,77.54,17.79,0.0263,0.0263,0.0233,0.1316,0.0,0.1163,0.3023,2026-10-02,2026-10-02T11:58:59-04:00,Batter rolling HR contact-shape metrics from Statcast.
30,596019,francisco lindor,NYM,L,114,143,90,6,6,31,7,29,36,111.5,85.8,18.01,0.0526,0.0526,0.042,0.2719,0.0614,0.2028,0.2517,2026-10-02,2026-10-02T11:58:59-04:00,Batter rolling HR contact-shape metrics from Statcast.
30,596115,trevor story,BOS,R,84,106,69,2,3,9,3,15,32,108.2,79.94,17.73,0.0238,0.0357,0.0283,0.1071,0.0357,0.1415,0.3019,2026-10-02,2026-10-02T11:58:59-04:00,Batter rolling HR contact-shape metrics from Statcast.
30,596117,garrett stubbs,PHI,L,9,9,5,0,0,0,0,2,2,97.4,83.77,21.44,0.0,0.0,0.0,0.0,0.0,0.2222,0.2222,2026-10-02,2026-10-02T11:58:59-04:00,Batter rolling HR contact-shape metrics from Statcast.
30,596142,gary sánchez,MIL,R,32,24,9,1,1,3,1,2,7,106.2,84.78,4.08,0.0312,0.0312,0.0417,0.0938,0.0312,0.0833,0.2917,2026-10-02,2026-10-02T11:58:59-04:00,Batter rolling HR contact-shape metrics from Statcast.
30,596146,max kepler,AZ,L,6,5,3,0,0,0,0,3,0,87.7,77.68,31.8,0.0,0.0,0.0,0.0,0.0,0.6,0.0,2026-10-02,2026-10-02T11:58:59-04:00,Batter rolling HR contact-shape metrics from Statcast.
30,602104,ramón urías,STL,R,11,14,10,0,0,0,0,1,2,93.8,80.52,25.79,0.0,0.0,0.0,0.0,0.0,0.0714,0.1429,2026-10-02,2026-10-02T11:58:59-04:00,Batter rolling HR contact-shape metrics from Statcast.
30,605137,josh bell,MIN,L,88,125,86,4,7,23,6,21,47,113.7,83.65,18.74,0.0455,0.0795,0.056,0.2614,0.0682,0.168,0.376,2026-10-02,2026-10-02T11:58:59-04:00,Batter rolling HR contact-shape metrics from Statcast.
30,605141,mookie betts,LAD,R,100,134,95,7,9,28,8,28,47,105.7,86.01,23.34,0.07,0.09,0.0672,0.28,0.08,0.209,0.3507,2026-10-02,2026-10-02T11:58:59-04:00,Batter rolling HR contact-shape metrics from Statcast.
30,605170,víctor caratini,MIN,L,38,34,15,0,1,2,1,4,6,104.4,83.14,6.15,0.0,0.0263,0.0294,0.0526,0.0263,0.1176,0.1765,2026-10-02,2026-10-02T11:58:59-04:00,Batter rolling HR contact-shape metrics from Statcast.
30,605353,vimael machín,COL,L,6,5,3,0,0,1,0,1,3,103.0,87.26,12.6,0.0,0.0,0.0,0.1667,0.0,0.2,0.6,2026-10-02,2026-10-02T11:58:59-04:00,Batter rolling HR contact-shape metrics from Statcast.
30,606192,teoscar hernández,LAD,R,95,107,64,4,10,20,6,17,35,112.6,85.75,12.76,0.0421,0.1053,0.0935,0.2105,0.0632,0.1589,0.3271,2026-10-02,2026-10-02T11:58:59-04:00,Batter rolling HR contact-shape metrics from Statcast.
30,606466,ketel marte,AZ,L,98,140,86,1,5,22,4,25,37,114.0,84.31,14.87,0.0102,0.051,0.0357,0.2245,0.0408,0.1786,0.2643,2026-10-02,2026-10-02T11:58:59-04:00,Batter rolling HR contact-shape metrics from Statcast.
30,607043,brandon nimmo,TEX,L,91,116,68,0,0,17,1,11,29,108.8,84.96,15.21,0.0,0.0,0.0,0.1868,0.011,0.0948,0.25,2026-10-02,2026-10-02T11:58:59-04:00,Batter rolling HR contact-shape metrics from Statcast.
30,607208,trea turner,PHI,R,115,154,97,2,3,33,4,28,42,108.7,86.02,16.45,0.0174,0.0261,0.0195,0.287,0.0348,0.1818,0.2727,2026-10-02,2026-10-02T11:58:59-04:00,Batter rolling HR contact-shape metrics from Statcast.
30,608070,josé ramírez,CLE,L,93,133,74,1,2,13,2,31,38,110.6,82.23,13.51,0.0108,0.0215,0.015,0.1398,0.0215,0.2331,0.2857,2026-10-02,2026-10-02T11:58:59-04:00,Batter rolling HR contact-shape metrics from Statcast.
30,608324,alex bregman,CHC,R,86,115,85,5,8,19,6,28,37,107.1,84.66,25.21,0.0581,0.093,0.0696,0.2209,0.0698,0.2435,0.3217,2026-10-02,2026-10-02T11:58:59-04:00,Batter rolling HR contact-shape metrics from Statcast.
30,608348,carson kelly,CHC,R,63,84,56,0,1,14,1,13,30,108.6,81.08,18.82,0.0,0.0159,0.0119,0.2222,0.0159,0.1548,0.3571,2026-10-02,2026-10-02T11:58:59-04:00,Batter rolling HR contact-shape metrics from Statcast.
30,608369,corey seager,TEX,L,101,132,81,7,11,23,8,21,40,110.3,84.48,17.39,0.0693,0.1089,0.0833,0.2277,0.0792,0.1591,0.303,2026-10-02,2026-10-02T11:58:59-04:00,Batter rolling HR contact-shape metrics from Statcast.
30,609280,miguel andújar,SD,R,1,2,1,0,0,0,0,0,1,77.2,76.2,-17.0,0.0,0.0,0.0,0.0,0.0,0.0,0.5,2026-10-02,2026-10-02T11:58:59-04:00,Batter rolling HR contact-shape metrics from Statcast.
30,620443,luis torrens,NYM,R,37,56,38,1,1,5,2,4,13,105.1,82.16,20.75,0.027,0.027,0.0179,0.1351,0.0541,0.0714,0.2321,2026-10-02,2026-10-02T11:58:59-04:00,Batter rolling HR contact-shape metrics from Statcast.
30,621020,dansby swanson,CHC,R,34,48,25,1,0,5,1,5,11,109.4,81.76,11.79,0.0294,0.0,0.0,0.1471,0.0294,0.1042,0.2292,2026-10-02,2026-10-02T11:58:59-04:00,Batter rolling HR contact-shape metrics from Statcast.
30,621438,tyrone taylor,CHC,R,31,42,28,0,1,8,1,9,17,111.7,83.98,15.26,0.0,0.0323,0.0238,0.2581,0.0323,0.2143,0.4048,2026-10-02,2026-10-02T11:58:59-04:00,Batter rolling HR contact-shape metrics from Statcast.
30,621493,taylor ward,SEA,R,26,26,15,0,0,4,0,5,7,106.6,81.99,11.62,0.0,0.0,0.0,0.1538,0.0,0.1923,0.2692,2026-10-02,2026-10-02T11:58:59-04:00,Batter rolling HR contact-shape metrics from Statcast.
30,621550,patrick wisdom,SEA,R,1,0,0,0,0,0,0,0,0,,,,0.0,0.0,,0.0,0.0,,,2026-10-02,2026-10-02T11:58:59-04:00,Batter rolling HR contact-shape metrics from Statcast.
30,621566,matt olson,ATL,L,107,142,96,5,8,30,5,17,42,109.5,83.92,21.78,0.0467,0.0748,0.0563,0.2804,0.0467,0.1197,0.2958,2026-10-02,2026-10-02T11:58:59-04:00,Batter rolling HR contact-shape metrics from Statcast.
30,622268,donovan walton,ATH,L,70,89,57,5,3,10,2,17,33,104.9,80.8,16.21,0.0714,0.0429,0.0337,0.1429,0.0286,0.191,0.3708,2026-10-02,2026-10-02T11:58:59-04:00,Batter rolling HR contact-shape metrics from Statcast.
30,622761,jorge mateo,TB,R,50,60,40,0,1,3,1,9,12,105.1,74.36,18.52,0.0,0.02,0.0167,0.06,0.02,0.15,0.2,2026-10-02,2026-10-02T11:58:59-04:00,Batter rolling HR contact-shape metrics from Statcast.
30,623168,tyler heineman,LAA,L,28,42,22,0,0,3,0,5,12,99.3,79.57,7.14,0.0,0.0,0.0,0.1071,0.0,0.119,0.2857,2026-10-02,2026-10-02T11:58:59-04:00,Batter rolling HR contact-shape metrics from Statcast.
30,624413,pete alonso,BAL,R,98,122,93,11,15,26,16,20,45,112.9,87.19,27.13,0.1122,0.1531,0.123,0.2653,0.1633,0.1639,0.3689,2026-10-02,2026-10-02T11:58:59-04:00,Batter rolling HR contact-shape metrics from Statcast.
30,624424,michael conforto,CHC,L,71,99,63,2,6,17,4,16,36,109.7,82.58,19.73,0.0282,0.0845,0.0606,0.2394,0.0563,0.1616,0.3636,2026-10-02,2026-10-02T11:58:59-04:00,Batter rolling HR contact-shape metrics from Statcast.
30,624428,adam frazier,LAA,L,22,31,17,0,0,2,0,2,11,102.4,79.14,6.81,0.0,0.0,0.0,0.0909,0.0,0.0645,0.3548,2026-10-02,2026-10-02T11:58:59-04:00,Batter rolling HR contact-shape metrics from Statcast.
30,624431,jose trevino,CIN,R,26,35,19,0,0,2,1,4,11,104.4,77.37,3.83,0.0,0.0,0.0,0.0769,0.0385,0.1143,0.3143,2026-10-02,2026-10-02T11:58:59-04:00,Batter rolling HR contact-shape metrics from Statcast.
30,624641,edmundo sosa,PHI,R,37,46,25,2,1,5,1,6,12,108.2,83.1,14.26,0.0541,0.027,0.0217,0.1351,0.027,0.1304,0.2609,2026-10-02,2026-10-02T11:58:59-04:00,Batter rolling HR contact-shape metrics from Statcast.
30,630105,jake cronenworth,SD,L,95,122,76,3,4,13,4,15,34,107.6,81.4,19.25,0.0316,0.0421,0.0328,0.1368,0.0421,0.123,0.2787,2026-10-02,2026-10-02T11:58:59-04:00,Batter rolling HR contact-shape metrics from Statcast.
30,640459,brian navarreto,MIA,R,11,15,9,0,0,3,1,1,3,101.4,83.57,12.93,0.0,0.0,0.0,0.2727,0.0909,0.0667,0.2,2026-10-02,2026-10-02T11:58:59-04:00,Batter rolling HR contact-shape metrics from Statcast.
30,640902,jhonny pereda,SEA,R,19,25,18,0,0,3,0,5,10,104.0,83.84,21.48,0.0,0.0,0.0,0.1579,0.0,0.2,0.4,2026-10-02,2026-10-02T11:58:59-04:00,Batter rolling HR contact-shape metrics from Statcast.
30,641343,jake bauers,MIL,L,80,79,51,3,6,14,5,10,31,110.7,81.68,19.61,0.0375,0.075,0.0759,0.175,0.0625,0.1266,0.3924,2026-10-02,2026-10-02T11:58:59-04:00,Batter rolling HR contact-shape metrics from Statcast.
30,641355,cody bellinger,NYY,L,95,123,72,6,6,21,5,29,32,108.4,85.39,15.03,0.0632,0.0632,0.0488,0.2211,0.0526,0.2358,0.2602,2026-10-02,2026-10-02T11:58:59-04:00,Batter rolling HR contact-shape metrics from Statcast.
30,641487,j. p. crawford,SEA,L,99,120,67,4,5,12,5,23,29,107.1,82.94,14.54,0.0404,0.0505,0.0417,0.1212,0.0505,0.1917,0.2417,2026-10-02,2026-10-02T11:58:59-04:00,Batter rolling HR contact-shape metrics from Statcast.
30,641584,jake fraley,TB,L,7,11,8,0,0,1,0,0,5,97.9,75.88,21.09,0.0,0.0,0.0,0.1429,0.0,0.0,0.4545,2026-10-02,2026-10-02T11:58:59-04:00,Batter rolling HR contact-shape metrics from Statcast.
30,641680,jonah heim,ATH,R,63,88,52,1,1,12,1,6,25,107.2,82.18,15.24,0.0159,0.0159,0.0114,0.1905,0.0159,0.0682,0.2841,2026-10-02,2026-10-02T11:58:59-04:00,Batter rolling HR contact-shape metrics from Statcast.
30,641857,ryan mcmahon,NYY,L,55,68,40,1,2,6,0,10,16,110.7,81.17,22.31,0.0182,0.0364,0.0294,0.1091,0.0,0.1471,0.2353,2026-10-02,2026-10-02T11:58:59-04:00,Batter rolling HR contact-shape metrics from Statcast.
30,642086,dominic smith,ATL,L,18,21,17,1,1,4,1,6,9,104.9,84.2,25.67,0.0556,0.0556,0.0476,0.2222,0.0556,0.2857,0.4286,2026-10-02,2026-10-02T11:58:59-04:00,Batter rolling HR contact-shape metrics from Statcast.
30,642201,eli white,BOS,R,25,38,19,1,2,3,2,5,8,107.8,83.63,12.87,0.04,0.08,0.0526,0.12,0.08,0.1316,0.2105,2026-10-02,2026-10-02T11:58:59-04:00,Batter rolling HR contact-shape metrics from Statcast.
30,642215,weston wilson,SEA,R,46,64,38,0,0,6,1,8,18,106.8,79.51,14.39,0.0,0.0,0.0,0.1304,0.0217,0.125,0.2812,2026-10-02,2026-10-02T11:58:59-04:00,Batter rolling HR contact-shape metrics from Statcast.
30,642350,josé siri,LAA,R,61,65,46,3,5,14,4,14,22,113.2,82.25,20.55,0.0492,0.082,0.0769,0.2295,0.0656,0.2154,0.3385,2026-10-02,2026-10-02T11:58:59-04:00,Batter rolling HR contact-shape metrics from Statcast.
30,642708,amed rosario,NYY,R,28,39,26,0,1,4,1,4,11,105.1,80.96,16.59,0.0,0.0357,0.0256,0.1429,0.0357,0.1026,0.2821,2026-10-02,2026-10-02T11:58:59-04:00,Batter rolling HR contact-shape metrics from Statcast.
30,643217,andrew benintendi,CWS,L,60,81,58,1,3,16,3,19,22,104.9,84.41,25.51,0.0167,0.05,0.037,0.2667,0.05,0.2346,0.2716,2026-10-02,2026-10-02T11:58:59-04:00,Batter rolling HR contact-shape metrics from Statcast.
30,643289,mauricio dubón,ATL,R,100,156,100,2,4,16,3,17,48,105.6,79.46,18.13,0.02,0.04,0.0256,0.16,0.03,0.109,0.3077,2026-10-02,2026-10-02T11:58:59-04:00,Batter rolling HR contact-shape metrics from Statcast.
30,643376,danny jansen,TEX,R,60,66,48,3,2,14,2,21,18,105.5,84.18,24.15,0.05,0.0333,0.0303,0.2333,0.0333,0.3182,0.2727,2026-10-02,2026-10-02T11:58:59-04:00,Batter rolling HR contact-shape metrics from Statcast.
30,643396,isiah kiner-falefa,BOS,R,49,62,36,0,0,5,0,6,16,103.3,74.88,10.27,0.0,0.0,0.0,0.102,0.0,0.0968,0.2581,2026-10-02,2026-10-02T11:58:59-04:00,Batter rolling HR contact-shape metrics from Statcast.
30,643446,jeff mcneil,ATH,L,88,150,100,2,0,11,0,23,45,108.4,79.07,19.27,0.0227,0.0,0.0,0.125,0.0,0.1533,0.3,2026-10-02,2026-10-02T11:58:59-04:00,Batter rolling HR contact-shape metrics from Statcast.
30,645277,ozzie albies,ATL,L,105,148,79,2,3,19,8,22,32,108.5,84.06,14.95,0.019,0.0286,0.0203,0.181,0.0762,0.1486,0.2162,2026-10-02,2026-10-02T11:58:59-04:00,Batter rolling HR contact-shape metrics from Statcast.
30,645302,víctor robles,SEA,R,2,2,1,0,0,0,0,0,0,85.8,68.4,8.5,0.0,0.0,0.0,0.0,0.0,0.0,0.0,2026-10-02,2026-10-02T11:58:59-04:00,Batter rolling HR contact-shape metrics from Statcast.
30,645305,ali sánchez,NYY,R,21,26,18,0,1,4,2,6,8,102.6,83.62,29.23,0.0,0.0476,0.0385,0.1905,0.0952,0.2308,0.3077,2026-10-02,2026-10-02T11:58:59-04:00,Batter rolling HR contact-shape metrics from Statcast.
30,646240,rafael devers,SF,L,40,51,41,6,7,15,7,9,15,112.6,86.15,31.71,0.15,0.175,0.1373,0.375,0.175,0.1765,0.2941,2026-10-02,2026-10-02T11:58:59-04:00,Batter rolling HR contact-shape metrics from Statcast.
30,647304,josh naylor,SEA,L,98,140,80,0,3,15,3,22,47,106.4,81.71,12.31,0.0,0.0306,0.0214,0.1531,0.0306,0.1571,0.3357,2026-10-02,2026-10-02T11:58:59-04:00,Batter rolling HR contact-shape metrics from Statcast.
30,650333,luis arráez,PHI,L,83,120,86,0,1,10,1,18,46,101.5,81.36,22.96,0.0,0.012,0.0083,0.1205,0.012,0.15,0.3833,2026-10-02,2026-10-02T11:58:59-04:00,Batter rolling HR contact-shape metrics from Statcast.
30,650402,gleyber torres,DET,R,67,89,67,0,1,9,1,10,38,104.9,79.75,21.03,0.0,0.0149,0.0112,0.1343,0.0149,0.1124,0.427,2026-10-02,2026-10-02T11:58:59-04:00,Batter rolling HR contact-shape metrics from Statcast.
30,650490,yandy díaz,TB,R,94,144,97,1,4,16,3,7,37,111.5,84.6,19.62,0.0106,0.0426,0.0278,0.1702,0.0319,0.0486,0.2569,2026-10-02,2026-10-02T11:58:59-04:00,Batter rolling HR contact-shape metrics from Statcast.
30,650559,bryan de la cruz,PHI,R,45,55,32,0,2,8,2,5,15,106.4,86.11,10.55,0.0,0.0444,0.0364,0.1778,0.0444,0.0909,0.2727,2026-10-02,2026-10-02T11:58:59-04:00,Batter rolling HR contact-shape metrics from Statcast.
30,650968,yohel pozo,BAL,R,12,12,8,0,0,1,0,2,4,102.6,83.25,14.0,0.0,0.0,0.0,0.0833,0.0,0.1667,0.3333,2026-10-02,2026-10-02T11:58:59-04:00,Batter rolling HR contact-shape metrics from Statcast.
30,655316,andruw monasterio,BOS,R,31,57,37,0,0,5,1,7,11,105.9,79.26,24.54,0.0,0.0,0.0,0.1613,0.0323,0.1228,0.193,2026-10-02,2026-10-02T11:58:59-04:00,Batter rolling HR contact-shape metrics from Statcast.
30,656537,derek hill,PHI,R,28,40,23,2,3,9,2,5,9,107.3,81.44,10.82,0.0714,0.1071,0.075,0.3214,0.0714,0.125,0.225,2026-10-02,2026-10-02T11:58:59-04:00,Batter rolling HR contact-shape metrics from Statcast.
30,656577,alex jackson,MIN,R,2,4,2,0,0,0,0,0,1,109.6,72.97,15.25,0.0,0.0,0.0,0.0,0.0,0.0,0.25,2026-10-02,2026-10-02T11:58:59-04:00,Batter rolling HR contact-shape metrics from Statcast.
30,656716,zach mckinstry,DET,L,46,56,38,0,0,3,0,9,15,101.7,80.75,22.29,0.0,0.0,0.0,0.0652,0.0,0.1607,0.2679,2026-10-02,2026-10-02T11:58:59-04:00,Batter rolling HR contact-shape metrics from Statcast.
30,656775,cedric mullins,TB,L,52,76,47,1,2,9,1,13,15,108.1,82.27,22.46,0.0192,0.0385,0.0263,0.1731,0.0192,0.1711,0.1974,2026-10-02,2026-10-02T11:58:59-04:00,Batter rolling HR contact-shape metrics from Statcast.
30,656811,ryan o'hearn,PIT,L,53,63,36,1,1,10,1,11,20,103.6,83.61,15.08,0.0189,0.0189,0.0159,0.1887,0.0189,0.1746,0.3175,2026-10-02,2026-10-02T11:58:59-04:00,Batter rolling HR contact-shape metrics from Statcast.
30,656941,kyle schwarber,PHI,L,117,165,105,6,6,35,9,29,42,117.1,84.41,18.1,0.0513,0.0513,0.0364,0.2991,0.0769,0.1758,0.2545,2026-10-02,2026-10-02T11:58:59-04:00,Batter rolling HR contact-shape metrics from Statcast.
30,656976,pavin smith,AZ,L,33,47,24,2,2,8,2,4,11,109.7,86.43,9.6,0.0606,0.0606,0.0426,0.2424,0.0606,0.0851,0.234,2026-10-02,2026-10-02T11:58:59-04:00,Batter rolling HR contact-shape metrics from Statcast.
30,657041,lane thomas,ATL,R,6,3,2,0,0,0,0,1,2,87.3,69.53,2.0,0.0,0.0,0.0,0.0,0.0,0.3333,0.6667,2026-10-02,2026-10-02T11:58:59-04:00,Batter rolling HR contact-shape metrics from Statcast.
30,657136,connor wong,BOS,R,20,29,20,0,0,2,0,5,10,108.6,82.3,22.52,0.0,0.0,0.0,0.1,0.0,0.1724,0.3448,2026-10-02,2026-10-02T11:58:59-04:00,Batter rolling HR contact-shape metrics from Statcast.
30,657675,rudy martin,TOR,L,3,1,0,0,0,0,0,0,0,85.5,85.5,-13.0,0.0,0.0,0.0,0.0,0.0,0.0,0.0,2026-10-02,2026-10-02T11:58:59-04:00,Batter rolling HR contact-shape metrics from Statcast.
30,657757,gavin sheets,SD,L,8,13,13,2,2,2,2,3,2,107.5,85.9,53.69,0.25,0.25,0.1538,0.25,0.25,0.2308,0.1538,2026-10-02,2026-10-02T11:58:59-04:00,Batter rolling HR contact-shape metrics from Statcast.
30,660271,shohei ohtani,LAD,L,32,30,15,0,4,5,0,3,6,106.8,84.68,13.57,0.0,0.125,0.1333,0.1562,0.0,0.1,0.2,2026-10-02,2026-10-02T11:58:59-04:00,Batter rolling HR contact-shape metrics from Statcast.
30,660670,ronald acuña,ATL,R,105,143,92,7,11,23,8,19,47,111.0,81.8,17.06,0.0667,0.1048,0.0769,0.219,0.0762,0.1329,0.3287,2026-10-02,2026-10-02T11:58:59-04:00,Batter rolling HR contact-shape metrics from Statcast.
30,660688,keibert ruiz,WSH,L,40,55,36,1,3,12,1,17,21,108.4,83.37,18.4,0.025,0.075,0.0545,0.3,0.025,0.3091,0.3818,2026-10-02,2026-10-02T11:58:59-04:00,Batter rolling HR contact-shape metrics from Statcast.
30,660821,jesús sánchez,AZ,L,26,40,25,0,1,5,2,6,8,114.3,82.74,17.0,0.0,0.0385,0.025,0.1923,0.0769,0.15,0.2,2026-10-02,2026-10-02T11:58:59-04:00,Batter rolling HR contact-shape metrics from Statcast.
30,660844,leo rivas,SEA,L,9,11,8,0,0,0,0,1,2,102.9,71.52,25.73,0.0,0.0,0.0,0.0,0.0,0.0909,0.1818,2026-10-02,2026-10-02T11:58:59-04:00,Batter rolling HR contact-shape metrics from Statcast.
30,661388,william contreras,MIL,R,86,100,68,5,7,24,8,19,35,111.7,85.56,18.72,0.0581,0.0814,0.07,0.2791,0.093,0.19,0.35,2026-10-02,2026-10-02T11:58:59-04:00,Batter rolling HR contact-shape metrics from Statcast.
30,661531,brian serven,ATH,R,32,39,25,0,0,4,1,8,13,108.6,83.61,14.13,0.0,0.0,0.0,0.125,0.0312,0.2051,0.3333,2026-10-02,2026-10-02T11:58:59-04:00,Batter rolling HR contact-shape metrics from Statcast.
30,662139,daulton varsho,HOU,L,60,87,57,2,5,9,5,14,13,107.1,78.69,24.41,0.0333,0.0833,0.0575,0.15,0.0833,0.1609,0.1494,2026-10-02,2026-10-02T11:58:59-04:00,Batter rolling HR contact-shape metrics from Statcast.
30,663330,jahmai jones,BOS,R,39,53,40,1,2,13,4,10,15,112.5,82.43,26.49,0.0256,0.0513,0.0377,0.3333,0.1026,0.1887,0.283,2026-10-02,2026-10-02T11:58:59-04:00,Batter rolling HR contact-shape metrics from Statcast.
30,663457,lars nootbaar,AZ,L,77,93,61,2,4,17,4,13,34,112.0,85.49,14.33,0.026,0.0519,0.043,0.2208,0.0519,0.1398,0.3656,2026-10-02,2026-10-02T11:58:59-04:00,Batter rolling HR contact-shape metrics from Statcast.
30,663494,bryan torres,STL,L,49,54,39,0,0,5,0,10,15,103.5,79.99,26.3,0.0,0.0,0.0,0.102,0.0,0.1852,0.2778,2026-10-02,2026-10-02T11:58:59-04:00,Batter rolling HR contact-shape metrics from Statcast.
30,663538,nico hoerner,CHC,R,101,152,94,0,1,14,1,21,49,104.8,81.14,16.95,0.0,0.0099,0.0066,0.1386,0.0099,0.1382,0.3224,2026-10-02,2026-10-02T11:58:59-04:00,Batter rolling HR contact-shape metrics from Statcast.
30,663586,austin riley,ATL,R,97,134,90,5,9,21,7,18,36,111.8,83.55,21.39,0.0515,0.0928,0.0672,0.2165,0.0722,0.1343,0.2687,2026-10-02,2026-10-02T11:58:59-04:00,Batter rolling HR contact-shape metrics from Statcast.
30,663604,brandon lockridge,MIL,R,2,3,2,0,0,1,0,0,1,100.2,87.83,7.0,0.0,0.0,0.0,0.5,0.0,0.0,0.3333,2026-10-02,2026-10-02T11:58:59-04:00,Batter rolling HR contact-shape metrics from Statcast.
30,663611,nick madrigal,TB,R,11,16,10,0,0,2,0,3,5,105.3,81.82,18.69,0.0,0.0,0.0,0.1818,0.0,0.1875,0.3125,2026-10-02,2026-10-02T11:58:59-04:00,Batter rolling HR contact-shape metrics from Statcast.
30,663616,trevor larnach,MIN,L,25,32,24,2,2,4,1,6,14,109.4,80.95,17.88,0.08,0.08,0.0625,0.16,0.04,0.1875,0.4375,2026-10-02,2026-10-02T11:58:59-04:00,Batter rolling HR contact-shape metrics from Statcast.
30,663647,ke'bryan hayes,CIN,R,31,47,35,0,0,4,0,3,12,104.9,82.61,26.0,0.0,0.0,0.0,0.129,0.0,0.0638,0.2553,2026-10-02,2026-10-02T11:58:59-04:00,Batter rolling HR contact-shape metrics from Statcast.
30,663656,kyle tucker,LAD,L,94,126,83,6,8,18,6,22,46,106.2,82.4,20.04,0.0638,0.0851,0.0635,0.1915,0.0638,0.1746,0.3651,2026-10-02,2026-10-02T11:58:59-04:00,Batter rolling HR contact-shape metrics from Statcast.
30,663728,cal raleigh,SEA,L,93,123,92,3,6,21,6,22,36,112.4,85.22,27.3,0.0323,0.0645,0.0488,0.2258,0.0645,0.1789,0.2927,2026-10-02,2026-10-02T11:58:59-04:00,Batter rolling HR contact-shape metrics from Statcast.
30,663743,nick fortes,TB,R,35,44,27,2,1,8,2,10,13,115.8,83.64,14.89,0.0571,0.0286,0.0227,0.2286,0.0571,0.2273,0.2955,2026-10-02,2026-10-02T11:58:59-04:00,Batter rolling HR contact-shape metrics from Statcast.
30,663757,trent grisham,NYY,L,8,6,4,0,0,1,1,0,3,101.1,84.17,6.83,0.0,0.0,0.0,0.125,0.125,0.0,0.5,2026-10-02,2026-10-02T11:58:59-04:00,Batter rolling HR contact-shape metrics from Statcast.
30,663886,tyler stephenson,CIN,R,74,94,57,1,5,8,2,14,16,110.0,82.27,19.14,0.0135,0.0676,0.0532,0.1081,0.027,0.1489,0.1702,2026-10-02,2026-10-02T11:58:59-04:00,Batter rolling HR contact-shape metrics from Statcast.
30,663968,jake mangum,PIT,L,67,97,63,1,2,8,3,10,30,106.3,79.58,17.52,0.0149,0.0299,0.0206,0.1194,0.0448,0.1031,0.3093,2026-10-02,2026-10-02T11:58:59-04:00,Batter rolling HR contact-shape metrics from Statcast.
30,663993,nathaniel lowe,CLE,L,65,82,59,2,3,16,3,14,32,108.0,85.72,18.99,0.0308,0.0462,0.0366,0.2462,0.0462,0.1707,0.3902,2026-10-02,2026-10-02T11:58:59-04:00,Batter rolling HR contact-shape metrics from Statcast.
30,664023,ian happ,CHC,L,85,113,73,1,5,16,3,20,38,109.7,81.22,19.4,0.0118,0.0588,0.0442,0.1882,0.0353,0.177,0.3363,2026-10-02,2026-10-02T11:58:59-04:00,Batter rolling HR contact-shape metrics from Statcast.
30,664034,ty france,SD,R,94,138,89,2,4,25,3,20,43,107.5,82.58,18.34,0.0213,0.0426,0.029,0.266,0.0319,0.1449,0.3116,2026-10-02,2026-10-02T11:58:59-04:00,Batter rolling HR contact-shape metrics from Statcast.
30,664040,brandon lowe,PIT,L,87,104,56,6,8,16,8,22,26,110.9,83.51,12.58,0.069,0.092,0.0769,0.1839,0.092,0.2115,0.25,2026-10-02,2026-10-02T11:58:59-04:00,Batter rolling HR contact-shape metrics from Statcast.
30,664702,myles straw,TOR,R,55,76,58,0,0,6,0,13,27,106.1,81.67,25.49,0.0,0.0,0.0,0.1091,0.0,0.1711,0.3553,2026-10-02,2026-10-02T11:58:59-04:00,Batter rolling HR contact-shape metrics from Statcast.
30,664728,kyle isbel,KC,L,62,81,45,0,0,3,0,11,16,106.3,79.12,15.51,0.0,0.0,0.0,0.0484,0.0,0.1358,0.1975,2026-10-02,2026-10-02T11:58:59-04:00,Batter rolling HR contact-shape metrics from Statcast.
30,664761,alec bohm,PHI,R,99,123,79,2,7,23,5,18,39,107.0,86.22,13.49,0.0202,0.0707,0.0569,0.2323,0.0505,0.1463,0.3171,2026-10-02,2026-10-02T11:58:59-04:00,Batter rolling HR contact-shape metrics from Statcast.
30,664770,nathan lukes,TOR,L,82,131,79,0,2,14,1,10,40,102.5,80.62,13.19,0.0,0.0244,0.0153,0.1707,0.0122,0.0763,0.3053,2026-10-02,2026-10-02T11:58:59-04:00,Batter rolling HR contact-shape metrics from Statcast.
30,664774,lamonte wade,HOU,L,26,33,21,1,0,3,1,9,9,101.8,82.68,15.97,0.0385,0.0,0.0,0.1154,0.0385,0.2727,0.2727,2026-10-02,2026-10-02T11:58:59-04:00,Batter rolling HR contact-shape metrics from Statcast.
30,664954,brett sullivan,COL,L,31,43,28,0,0,4,0,7,9,103.5,80.98,23.4,0.0,0.0,0.0,0.129,0.0,0.1628,0.2093,2026-10-02,2026-10-02T11:58:59-04:00,Batter rolling HR contact-shape metrics from Statcast.
30,664983,jake mccarthy,COL,L,101,129,72,1,5,18,3,14,38,106.8,79.93,12.69,0.0099,0.0495,0.0388,0.1782,0.0297,0.1085,0.2946,2026-10-02,2026-10-02T11:58:59-04:00,Batter rolling HR contact-shape metrics from Statcast.
30,665019,kody clemens,MIN,L,91,121,64,3,4,16,5,20,25,108.5,83.91,13.24,0.033,0.044,0.0331,0.1758,0.0549,0.1653,0.2066,2026-10-02,2026-10-02T11:58:59-04:00,Batter rolling HR contact-shape metrics from Statcast.
30,665052,griffin conine,MIA,L,88,107,66,5,11,22,11,19,33,115.4,84.56,15.92,0.0568,0.125,0.1028,0.25,0.125,0.1776,0.3084,2026-10-02,2026-10-02T11:58:59-04:00,Batter rolling HR contact-shape metrics from Statcast.
30,665161,jeremy peña,HOU,R,107,133,79,6,8,22,7,27,39,109.0,84.74,17.21,0.0561,0.0748,0.0602,0.2056,0.0654,0.203,0.2932,2026-10-02,2026-10-02T11:58:59-04:00,Batter rolling HR contact-shape metrics from Statcast.
30,665487,fernando tatís,SD,R,107,136,76,7,11,24,11,13,34,114.3,85.7,10.78,0.0654,0.1028,0.0809,0.2243,0.1028,0.0956,0.25,2026-10-02,2026-10-02T11:58:59-04:00,Batter rolling HR contact-shape metrics from Statcast.
30,665489,vladimir guerrero,TOR,R,85,102,62,2,6,19,4,11,26,115.8,83.62,14.09,0.0235,0.0706,0.0588,0.2235,0.0471,0.1078,0.2549,2026-10-02,2026-10-02T11:58:59-04:00,Batter rolling HR contact-shape metrics from Statcast.
30,665561,rafael marchán,PHI,L,3,3,2,0,0,0,0,0,1,86.1,75.07,10.33,0.0,0.0,0.0,0.0,0.0,0.0,0.3333,2026-10-02,2026-10-02T11:58:59-04:00,Batter rolling HR contact-shape metrics from Statcast.
30,665742,juan soto,NYM,L,110,132,82,5,10,25,10,27,35,112.6,87.38,17.43,0.0455,0.0909,0.0758,0.2273,0.0909,0.2045,0.2652,2026-10-02,2026-10-02T11:58:59-04:00,Batter rolling HR contact-shape metrics from Statcast.
30,665750,leody taveras,BAL,R,47,60,44,0,1,5,1,10,16,104.8,79.06,19.48,0.0,0.0213,0.0167,0.1064,0.0213,0.1667,0.2667,2026-10-02,2026-10-02T11:58:59-04:00,Batter rolling HR contact-shape metrics from Statcast.
30,665804,miguel amaya,CHC,R,31,40,29,1,3,3,2,7,15,104.6,79.41,24.48,0.0323,0.0968,0.075,0.0968,0.0645,0.175,0.375,2026-10-02,2026-10-02T11:58:59-04:00,Batter rolling HR contact-shape metrics from Statcast.
30,665828,oswaldo cabrera,CIN,R,15,22,14,0,0,3,0,2,6,104.4,77.75,17.0,0.0,0.0,0.0,0.2,0.0,0.0909,0.2727,2026-10-02,2026-10-02T11:58:59-04:00,Batter rolling HR contact-shape metrics from Statcast.
30,665833,oneil cruz,PIT,L,86,88,44,3,4,11,2,10,19,117.4,81.37,7.1,0.0349,0.0465,0.0455,0.1279,0.0233,0.1136,0.2159,2026-10-02,2026-10-02T11:58:59-04:00,Batter rolling HR contact-shape metrics from Statcast.
30,665862,jazz chisholm,NYY,L,31,43,25,0,0,8,1,9,13,104.8,83.32,14.02,0.0,0.0,0.0,0.2581,0.0323,0.2093,0.3023,2026-10-02,2026-10-02T11:58:59-04:00,Batter rolling HR contact-shape metrics from Statcast.
30,665877,josé fermín,STL,R,57,80,54,0,0,7,0,14,30,103.8,80.81,20.98,0.0,0.0,0.0,0.1228,0.0,0.175,0.375,2026-10-02,2026-10-02T11:58:59-04:00,Batter rolling HR contact-shape metrics from Statcast.
30,665923,esteury ruiz,MIA,R,51,69,49,0,2,5,3,10,20,103.8,72.24,21.81,0.0,0.0392,0.029,0.098,0.0588,0.1449,0.2899,2026-10-02,2026-10-02T11:58:59-04:00,Batter rolling HR contact-shape metrics from Statcast.
30,665926,andrés giménez,TOR,L,69,108,69,1,2,16,1,18,30,108.4,79.01,14.73,0.0145,0.029,0.0185,0.2319,0.0145,0.1667,0.2778,2026-10-02,2026-10-02T11:58:59-04:00,Batter rolling HR contact-shape metrics from Statcast.
30,665953,andrés chaparro,WSH,R,56,61,35,4,4,8,4,13,16,109.2,85.13,17.57,0.0714,0.0714,0.0656,0.1429,0.0714,0.2131,0.2623,2026-10-02,2026-10-02T11:58:59-04:00,Batter rolling HR contact-shape metrics from Statcast.
30,665966,carlos narváez,BAL,R,28,24,16,0,1,3,0,8,3,107.0,80.98,26.92,0.0,0.0357,0.0417,0.1071,0.0,0.3333,0.125,2026-10-02,2026-10-02T11:58:59-04:00,Batter rolling HR contact-shape metrics from Statcast.
30,666018,jonathan aranda,TB,L,85,116,85,5,5,20,5,11,43,107.5,81.84,23.16,0.0588,0.0588,0.0431,0.2353,0.0588,0.0948,0.3707,2026-10-02,2026-10-02T11:58:59-04:00,Batter rolling HR contact-shape metrics from Statcast.
30,666023,freddy fermin,SD,R,25,33,20,0,0,3,0,5,10,104.9,80.02,17.45,0.0,0.0,0.0,0.12,0.0,0.1515,0.303,2026-10-02,2026-10-02T11:58:59-04:00,Batter rolling HR contact-shape metrics from Statcast.
30,666126,carlos cortes,ATH,L,53,81,60,2,2,10,1,13,23,107.1,81.51,27.6,0.0377,0.0377,0.0247,0.1887,0.0189,0.1605,0.284,2026-10-02,2026-10-02T11:58:59-04:00,Batter rolling HR contact-shape metrics from Statcast.
30,666139,josh lowe,LAA,L,53,60,42,2,5,11,5,9,17,108.2,81.78,20.13,0.0377,0.0943,0.0833,0.2075,0.0943,0.15,0.2833,2026-10-02,2026-10-02T11:58:59-04:00,Batter rolling HR contact-shape metrics from Statcast.
30,666152,david hamilton,MIL,L,48,55,34,0,1,7,3,10,13,107.0,77.87,13.78,0.0,0.0208,0.0182,0.1458,0.0625,0.1818,0.2364,2026-10-02,2026-10-02T11:58:59-04:00,Batter rolling HR contact-shape metrics from Statcast.
30,666160,mickey moniak,COL,L,58,80,50,2,3,11,2,11,23,108.7,82.09,16.38,0.0345,0.0517,0.0375,0.1897,0.0345,0.1375,0.2875,2026-10-02,2026-10-02T11:58:59-04:00,Batter rolling HR contact-shape metrics from Statcast.
30,666176,jo adell,CLE,R,102,133,74,3,4,14,5,17,30,116.8,84.77,15.28,0.0294,0.0392,0.0301,0.1373,0.049,0.1278,0.2256,2026-10-02,2026-10-02T11:58:59-04:00,Batter rolling HR contact-shape metrics from Statcast.
30,666182,bo bichette,NYM,R,108,161,106,4,6,23,5,13,65,111.5,82.47,15.36,0.037,0.0556,0.0373,0.213,0.0463,0.0807,0.4037,2026-10-02,2026-10-02T11:58:59-04:00,Batter rolling HR contact-shape metrics from Statcast.
30,666211,taylor trammell,HOU,L,58,66,40,1,3,10,2,13,16,110.8,78.5,15.58,0.0172,0.0517,0.0455,0.1724,0.0345,0.197,0.2424,2026-10-02,2026-10-02T11:58:59-04:00,Batter rolling HR contact-shape metrics from Statcast.
30,666310,bo naylor,MIL,L,8,13,9,1,1,2,0,1,5,100.4,78.38,17.08,0.125,0.125,0.0769,0.25,0.0,0.0769,0.3846,2026-10-02,2026-10-02T11:58:59-04:00,Batter rolling HR contact-shape metrics from Statcast.
30,666624,christopher morel,NYM,R,16,19,8,1,1,1,1,3,2,103.4,82.74,15.16,0.0625,0.0625,0.0526,0.0625,0.0625,0.1579,0.1053,2026-10-02,2026-10-02T11:58:59-04:00,Batter rolling HR contact-shape metrics from Statcast.
30,666971,lourdes gurriel,AZ,R,12,17,11,0,0,1,0,1,6,99.8,80.41,21.29,0.0,0.0,0.0,0.0833,0.0,0.0588,0.3529,2026-10-02,2026-10-02T11:58:59-04:00,Batter rolling HR contact-shape metrics from Statcast.
30,667472,dane myers,CIN,R,57,68,42,2,2,10,2,3,21,107.3,84.08,16.25,0.0351,0.0351,0.0294,0.1754,0.0351,0.0441,0.3088,2026-10-02,2026-10-02T11:58:59-04:00,Batter rolling HR contact-shape metrics from Statcast.
30,668227,randy arozarena,SEA,R,104,152,91,4,6,23,8,16,40,111.1,82.46,14.55,0.0385,0.0577,0.0395,0.2212,0.0769,0.1053,0.2632,2026-10-02,2026-10-02T11:58:59-04:00,Batter rolling HR contact-shape metrics from Statcast.
30,668670,jake rogers,CWS,R,15,10,5,0,0,0,0,2,1,97.4,81.03,24.4,0.0,0.0,0.0,0.0,0.0,0.2,0.1,2026-10-02,2026-10-02T11:58:59-04:00,Batter rolling HR contact-shape metrics from Statcast.
30,668709,jj bleday,CIN,L,82,101,68,3,4,21,4,25,34,107.2,82.45,23.25,0.0366,0.0488,0.0396,0.2561,0.0488,0.2475,0.3366,2026-10-02,2026-10-02T11:58:59-04:00,Batter rolling HR contact-shape metrics from Statcast.
30,668723,ryan vilade,TB,R,48,52,34,0,1,3,0,7,12,108.5,78.64,21.27,0.0,0.0208,0.0192,0.0625,0.0,0.1346,0.2308,2026-10-02,2026-10-02T11:58:59-04:00,Batter rolling HR contact-shape metrics from Statcast.
30,668800,andrew knizner,SF,R,50,65,47,1,1,8,1,14,22,107.6,81.8,24.12,0.02,0.02,0.0154,0.16,0.02,0.2154,0.3385,2026-10-02,2026-10-02T11:58:59-04:00,Batter rolling HR contact-shape metrics from Statcast.
30,668804,bryan reynolds,PIT,L,93,123,83,2,9,27,7,18,41,111.1,85.11,17.01,0.0215,0.0968,0.0732,0.2903,0.0753,0.1463,0.3333,2026-10-02,2026-10-02T11:58:59-04:00,Batter rolling HR contact-shape metrics from Statcast.
30,668885,austin martin,MIN,R,23,26,14,0,0,1,1,2,5,100.9,73.73,10.5,0.0,0.0,0.0,0.0435,0.0435,0.0769,0.1923,2026-10-02,2026-10-02T11:58:59-04:00,Batter rolling HR contact-shape metrics from Statcast.
30,668901,mark vientos,NYM,R,36,45,29,1,1,7,2,3,12,106.5,82.29,16.56,0.0278,0.0278,0.0222,0.1944,0.0556,0.0667,0.2667,2026-10-02,2026-10-02T11:58:59-04:00,Batter rolling HR contact-shape metrics from Statcast.
30,668904,royce lewis,MIN,R,85,110,75,1,4,18,2,17,33,112.6,83.61,22.4,0.0118,0.0471,0.0364,0.2118,0.0235,0.1545,0.3,2026-10-02,2026-10-02T11:58:59-04:00,Batter rolling HR contact-shape metrics from Statcast.
30,668930,brice turang,MIL,L,99,113,81,4,5,19,6,13,40,108.4,83.04,18.48,0.0404,0.0505,0.0442,0.1919,0.0606,0.115,0.354,2026-10-02,2026-10-02T11:58:59-04:00,Batter rolling HR contact-shape metrics from Statcast.
30,668939,adley rutschman,BOS,L,75,108,68,4,4,9,4,16,37,112.1,83.9,19.31,0.0533,0.0533,0.037,0.12,0.0533,0.1481,0.3426,2026-10-02,2026-10-02T11:58:59-04:00,Batter rolling HR contact-shape metrics from Statcast.
30,668942,josh rojas,KC,L,20,31,20,0,0,3,1,6,7,106.3,79.3,15.39,0.0,0.0,0.0,0.15,0.05,0.1935,0.2258,2026-10-02,2026-10-02T11:58:59-04:00,Batter rolling HR contact-shape metrics from Statcast.
30,668952,ryan kreidler,MIN,R,39,47,25,2,2,5,2,6,8,113.1,80.79,10.98,0.0513,0.0513,0.0426,0.1282,0.0513,0.1277,0.1702,2026-10-02,2026-10-02T11:58:59-04:00,Batter rolling HR contact-shape metrics from Statcast.
30,669003,garrett mitchell,MIL,L,80,85,52,2,5,17,4,10,28,111.0,83.69,11.91,0.025,0.0625,0.0588,0.2125,0.05,0.1176,0.3294,2026-10-02,2026-10-02T11:58:59-04:00,Batter rolling HR contact-shape metrics from Statcast.
30,669016,brandon marsh,PHI,L,61,82,49,1,2,10,3,12,20,105.8,79.85,15.2,0.0164,0.0328,0.0244,0.1639,0.0492,0.1463,0.2439,2026-10-02,2026-10-02T11:58:59-04:00,Batter rolling HR contact-shape metrics from Statcast.
30,669065,kyle stowers,MIA,L,84,105,69,4,7,20,6,14,21,110.2,85.67,23.44,0.0476,0.0833,0.0667,0.2381,0.0714,0.1333,0.2,2026-10-02,2026-10-02T11:58:59-04:00,Batter rolling HR contact-shape metrics from Statcast.
30,669127,shea langeliers,ATH,R,51,74,47,0,0,9,0,7,24,110.7,80.85,17.51,0.0,0.0,0.0,0.1765,0.0,0.0946,0.3243,2026-10-02,2026-10-02T11:58:59-04:00,Batter rolling HR contact-shape metrics from Statcast.
30,669134,luis campusano,SD,R,75,104,69,3,3,11,4,17,29,108.1,81.96,21.23,0.04,0.04,0.0288,0.1467,0.0533,0.1635,0.2788,2026-10-02,2026-10-02T11:58:59-04:00,Batter rolling HR contact-shape metrics from Statcast.
30,669221,sean murphy,ATL,R,64,80,39,1,4,11,3,6,19,111.3,84.19,8.64,0.0156,0.0625,0.05,0.1719,0.0469,0.075,0.2375,2026-10-02,2026-10-02T11:58:59-04:00,Batter rolling HR contact-shape metrics from Statcast.
30,669224,austin wells,NYY,L,68,84,67,4,4,15,4,17,28,110.8,83.53,27.35,0.0588,0.0588,0.0476,0.2206,0.0588,0.2024,0.3333,2026-10-02,2026-10-02T11:58:59-04:00,Batter rolling HR contact-shape metrics from Statcast.
30,669236,jeremiah jackson,BAL,R,45,64,46,3,3,6,3,6,15,108.4,79.88,25.38,0.0667,0.0667,0.0469,0.1333,0.0667,0.0938,0.2344,2026-10-02,2026-10-02T11:58:59-04:00,Batter rolling HR contact-shape metrics from Statcast.
30,669242,tommy edman,LAD,L,95,106,56,3,3,12,1,16,25,108.5,82.63,11.05,0.0316,0.0316,0.0283,0.1263,0.0105,0.1509,0.2358,2026-10-02,2026-10-02T11:58:59-04:00,Batter rolling HR contact-shape metrics from Statcast.
30,669257,will smith,LAD,R,70,99,82,4,5,22,5,17,33,105.4,81.54,28.67,0.0571,0.0714,0.0505,0.3143,0.0714,0.1717,0.3333,2026-10-02,2026-10-02T11:58:59-04:00,Batter rolling HR contact-shape metrics from Statcast.
30,669326,bryce teodosio,LAA,R,22,22,15,0,0,1,0,1,9,95.4,76.42,15.41,0.0,0.0,0.0,0.0455,0.0,0.0455,0.4091,2026-10-02,2026-10-02T11:58:59-04:00,Batter rolling HR contact-shape metrics from Statcast.
30,669357,nolan gorman,STL,L,52,56,35,1,3,4,2,8,16,106.6,84.36,22.75,0.0192,0.0577,0.0536,0.0769,0.0385,0.1429,0.2857,2026-10-02,2026-10-02T11:58:59-04:00,Batter rolling HR contact-shape metrics from Statcast.
30,669364,xavier edwards,MIA,L,21,26,18,0,0,1,0,3,6,99.8,79.69,23.96,0.0,0.0,0.0,0.0476,0.0,0.1154,0.2308,2026-10-02,2026-10-02T11:58:59-04:00,Batter rolling HR contact-shape metrics from Statcast.
30,669392,samad taylor,SD,R,69,77,48,1,2,9,2,11,18,104.2,77.21,17.65,0.0145,0.029,0.026,0.1304,0.029,0.1429,0.2338,2026-10-02,2026-10-02T11:58:59-04:00,Batter rolling HR contact-shape metrics from Statcast.
30,669394,jake burger,TEX,R,96,110,72,5,8,18,6,14,28,110.2,83.5,20.29,0.0521,0.0833,0.0727,0.1875,0.0625,0.1273,0.2545,2026-10-02,2026-10-02T11:58:59-04:00,Batter rolling HR contact-shape metrics from Statcast.
30,669397,nick allen,HOU,R,18,19,10,1,0,1,0,3,3,99.7,78.35,12.58,0.0556,0.0,0.0,0.0556,0.0,0.1579,0.1579,2026-10-02,2026-10-02T11:58:59-04:00,Batter rolling HR contact-shape metrics from Statcast.
30,669701,josh smith,TOR,L,56,82,54,3,1,10,0,11,24,108.9,80.54,19.98,0.0536,0.0179,0.0122,0.1786,0.0,0.1341,0.2927,2026-10-02,2026-10-02T11:58:59-04:00,Batter rolling HR contact-shape metrics from Statcast.
30,669707,jared triolo,PIT,R,35,37,23,0,0,2,0,4,13,104.4,79.32,12.11,0.0,0.0,0.0,0.0571,0.0,0.1081,0.3514,2026-10-02,2026-10-02T11:58:59-04:00,Batter rolling HR contact-shape metrics from Statcast.
30,669720,austin hays,SD,R,34,44,27,1,1,7,1,7,15,106.7,84.3,14.84,0.0294,0.0294,0.0227,0.2059,0.0294,0.1591,0.3409,2026-10-02,2026-10-02T11:58:59-04:00,Batter rolling HR contact-shape metrics from Statcast.
30,669743,alex call,LAD,R,31,43,37,0,1,5,2,8,16,108.5,79.29,28.56,0.0,0.0323,0.0233,0.1613,0.0645,0.186,0.3721,2026-10-02,2026-10-02T11:58:59-04:00,Batter rolling HR contact-shape metrics from Statcast.
30,670032,nicky lopez,TEX,L,43,53,27,0,0,6,0,6,18,100.1,74.64,-0.42,0.0,0.0,0.0,0.1395,0.0,0.1132,0.3396,2026-10-02,2026-10-02T11:58:59-04:00,Batter rolling HR contact-shape metrics from Statcast.
30,670231,john rave,KC,L,68,80,48,3,3,12,4,12,24,107.4,81.53,14.6,0.0441,0.0441,0.0375,0.1765,0.0588,0.15,0.3,2026-10-02,2026-10-02T11:58:59-04:00,Batter rolling HR contact-shape metrics from Statcast.
30,670541,yordan álvarez,HOU,L,99,135,89,5,7,25,5,23,37,111.5,85.48,19.25,0.0505,0.0707,0.0519,0.2525,0.0505,0.1704,0.2741,2026-10-02,2026-10-02T11:58:59-04:00,Batter rolling HR contact-shape metrics from Statcast.
30,670623,isaac paredes,HOU,R,106,163,113,7,3,31,6,33,62,107.1,83.46,23.47,0.066,0.0283,0.0184,0.2925,0.0566,0.2025,0.3804,2026-10-02,2026-10-02T11:58:59-04:00,Batter rolling HR contact-shape metrics from Statcast.
30,670764,taylor walls,TB,L,35,42,29,0,1,6,1,10,10,104.6,76.84,21.88,0.0,0.0286,0.0238,0.1714,0.0286,0.2381,0.2381,2026-10-02,2026-10-02T11:58:59-04:00,Batter rolling HR contact-shape metrics from Statcast.
30,670770,tj friedl,CIN,L,9,9,6,0,0,0,0,2,2,85.7,75.74,26.78,0.0,0.0,0.0,0.0,0.0,0.2222,0.2222,2026-10-02,2026-10-02T11:58:59-04:00,Batter rolling HR contact-shape metrics from Statcast.
30,671056,iván herrera,STL,R,100,127,72,5,7,20,9,16,41,111.9,84.96,11.75,0.05,0.07,0.0551,0.2,0.09,0.126,0.3228,2026-10-02,2026-10-02T11:58:59-04:00,Batter rolling HR contact-shape metrics from Statcast.
30,671218,heliot ramos,NYY,R,65,76,51,3,5,13,4,13,25,112.2,84.17,12.99,0.0462,0.0769,0.0658,0.2,0.0615,0.1711,0.3289,2026-10-02,2026-10-02T11:58:59-04:00,Batter rolling HR contact-shape metrics from Statcast.
30,671277,luis garcía,NYY,L,73,94,63,3,7,16,4,17,28,109.6,82.85,20.09,0.0411,0.0959,0.0745,0.2192,0.0548,0.1809,0.2979,2026-10-02,2026-10-02T11:58:59-04:00,Batter rolling HR contact-shape metrics from Statcast.
30,671732,lawrence butler,ATH,L,99,139,83,5,8,16,4,17,39,110.8,82.35,18.1,0.0505,0.0808,0.0576,0.1616,0.0404,0.1223,0.2806,2026-10-02,2026-10-02T11:58:59-04:00,Batter rolling HR contact-shape metrics from Statcast.
30,671739,michael harris,ATL,L,102,140,89,3,6,22,8,19,41,111.6,84.27,14.19,0.0294,0.0588,0.0429,0.2157,0.0784,0.1357,0.2929,2026-10-02,2026-10-02T11:58:59-04:00,Batter rolling HR contact-shape metrics from Statcast.
30,671976,tristan peters,CWS,L,82,124,74,0,2,17,4,18,26,106.6,78.98,16.56,0.0,0.0244,0.0161,0.2073,0.0488,0.1452,0.2097,2026-10-02,2026-10-02T11:58:59-04:00,Batter rolling HR contact-shape metrics from Statcast.
30,672016,denzel clarke,ATH,R,25,26,10,0,0,1,0,1,4,108.6,76.63,-5.85,0.0,0.0,0.0,0.04,0.0,0.0385,0.1538,2026-10-02,2026-10-02T11:58:59-04:00,Batter rolling HR contact-shape metrics from Statcast.
30,672275,patrick bailey,CLE,L,56,65,45,2,3,14,2,10,28,109.5,82.77,16.71,0.0357,0.0536,0.0462,0.25,0.0357,0.1538,0.4308,2026-10-02,2026-10-02T11:58:59-04:00,Batter rolling HR contact-shape metrics from Statcast.
30,672356,gabriel arias,CHC,R,3,6,4,0,0,0,0,1,1,99.1,83.27,19.5,0.0,0.0,0.0,0.0,0.0,0.1667,0.1667,2026-10-02,2026-10-02T11:58:59-04:00,Batter rolling HR contact-shape metrics from Statcast.
30,672386,alejandro kirk,TOR,R,71,107,68,2,2,11,1,8,33,109.7,80.92,15.26,0.0282,0.0282,0.0187,0.1549,0.0141,0.0748,0.3084,2026-10-02,2026-10-02T11:58:59-04:00,Batter rolling HR contact-shape metrics from Statcast.
30,672515,gabriel moreno,AZ,R,92,120,77,5,5,17,6,11,34,108.8,85.04,18.33,0.0543,0.0543,0.0417,0.1848,0.0652,0.0917,0.2833,2026-10-02,2026-10-02T11:58:59-04:00,Batter rolling HR contact-shape metrics from Statcast.
30,672580,maikel garcía,KC,R,35,35,18,0,0,2,0,3,9,101.3,84.39,12.86,0.0,0.0,0.0,0.0571,0.0,0.0857,0.2571,2026-10-02,2026-10-02T11:58:59-04:00,Batter rolling HR contact-shape metrics from Statcast.
30,672613,eliezer alfonzo,LAD,L,1,2,2,0,0,0,0,0,2,76.9,75.2,23.5,0.0,0.0,0.0,0.0,0.0,0.0,1.0,2026-10-02,2026-10-02T11:58:59-04:00,Batter rolling HR contact-shape metrics from Statcast.
30,672640,otto lopez,MIA,R,101,128,73,1,3,14,2,17,27,110.8,83.17,14.55,0.0099,0.0297,0.0234,0.1386,0.0198,0.1328,0.2109,2026-10-02,2026-10-02T11:58:59-04:00,Batter rolling HR contact-shape metrics from Statcast.
30,672695,geraldo perdomo,AZ,L,97,124,91,0,3,20,2,24,44,104.3,80.49,19.92,0.0,0.0309,0.0242,0.2062,0.0206,0.1935,0.3548,2026-10-02,2026-10-02T11:58:59-04:00,Batter rolling HR contact-shape metrics from Statcast.
30,672724,oswald peraza,LAA,R,29,42,21,0,0,2,0,0,9,112.8,81.74,7.79,0.0,0.0,0.0,0.069,0.0,0.0,0.2143,2026-10-02,2026-10-02T11:58:59-04:00,Batter rolling HR contact-shape metrics from Statcast.
30,672960,kazuma okamoto,TOR,R,90,111,73,5,7,20,6,20,34,109.8,84.55,20.63,0.0556,0.0778,0.0631,0.2222,0.0667,0.1802,0.3063,2026-10-02,2026-10-02T11:58:59-04:00,Batter rolling HR contact-shape metrics from Statcast.
30,673237,yainer diaz,HOU,R,91,121,71,4,8,21,8,19,35,109.1,86.87,15.05,0.044,0.0879,0.0661,0.2308,0.0879,0.157,0.2893,2026-10-02,2026-10-02T11:58:59-04:00,Batter rolling HR contact-shape metrics from Statcast.
30,673357,luis robert,BAL,R,12,20,7,1,3,3,2,2,6,112.4,88.98,-0.85,0.0833,0.25,0.15,0.25,0.1667,0.1,0.3,2026-10-02,2026-10-02T11:58:59-04:00,Batter rolling HR contact-shape metrics from Statcast.
30,673490,ha-seong kim,ATL,R,53,67,47,0,0,6,0,8,19,106.3,74.89,25.75,0.0,0.0,0.0,0.1132,0.0,0.1194,0.2836,2026-10-02,2026-10-02T11:58:59-04:00,Batter rolling HR contact-shape metrics from Statcast.
30,673548,seiya suzuki,CHC,R,105,133,88,2,7,19,6,10,40,110.6,81.15,19.16,0.019,0.0667,0.0526,0.181,0.0571,0.0752,0.3008,2026-10-02,2026-10-02T11:58:59-04:00,Batter rolling HR contact-shape metrics from Statcast.
30,673962,josh jung,TEX,R,48,69,49,3,5,13,4,8,22,104.8,85.19,20.45,0.0625,0.1042,0.0725,0.2708,0.0833,0.1159,0.3188,2026-10-02,2026-10-02T11:58:59-04:00,Batter rolling HR contact-shape metrics from Statcast.
30,675961,alika williams,ATH,R,61,75,36,2,1,6,2,14,18,106.0,79.45,7.08,0.0328,0.0164,0.0133,0.0984,0.0328,0.1867,0.24,2026-10-02,2026-10-02T11:58:59-04:00,Batter rolling HR contact-shape metrics from Statcast.
30,676356,jonny deluca,TB,R,70,101,64,2,2,7,1,12,20,108.6,81.08,19.72,0.0286,0.0286,0.0198,0.1,0.0143,0.1188,0.198,2026-10-02,2026-10-02T11:58:59-04:00,Batter rolling HR contact-shape metrics from Statcast.
30,676369,nelson velázquez,HOU,R,16,22,17,2,2,5,2,5,5,110.1,85.25,27.73,0.125,0.125,0.0909,0.3125,0.125,0.2273,0.2273,2026-10-02,2026-10-02T11:58:59-04:00,Batter rolling HR contact-shape metrics from Statcast.
30,676391,ernie clement,TOR,R,83,109,70,0,1,11,0,21,24,102.7,79.75,21.88,0.0,0.012,0.0092,0.1325,0.0,0.1927,0.2202,2026-10-02,2026-10-02T11:58:59-04:00,Batter rolling HR contact-shape metrics from Statcast.
30,676439,hunter feduccia,LAD,L,41,41,23,0,0,5,1,3,13,106.5,82.92,11.27,0.0,0.0,0.0,0.122,0.0244,0.0732,0.3171,2026-10-02,2026-10-02T11:58:59-04:00,Batter rolling HR contact-shape metrics from Statcast.
30,676475,alec burleson,STL,L,88,134,89,5,8,27,9,22,41,112.0,84.78,20.1,0.0568,0.0909,0.0597,0.3068,0.1023,0.1642,0.306,2026-10-02,2026-10-02T11:58:59-04:00,Batter rolling HR contact-shape metrics from Statcast.
30,676480,josé barrero,BAL,R,6,6,5,0,0,0,0,2,3,92.6,77.63,31.33,0.0,0.0,0.0,0.0,0.0,0.3333,0.5,2026-10-02,2026-10-02T11:58:59-04:00,Batter rolling HR contact-shape metrics from Statcast.
30,676551,brewer hicklen,ATL,R,20,18,11,0,1,2,0,4,3,110.7,83.82,19.0,0.0,0.05,0.0556,0.1,0.0,0.2222,0.1667,2026-10-02,2026-10-02T11:58:59-04:00,Batter rolling HR contact-shape metrics from Statcast.
30,676609,josé caballero,NYY,R,46,67,48,1,1,6,1,5,15,105.7,75.36,27.6,0.0217,0.0217,0.0149,0.1304,0.0217,0.0746,0.2239,2026-10-02,2026-10-02T11:58:59-04:00,Batter rolling HR contact-shape metrics from Statcast.
30,676724,jared young,NYM,L,48,62,33,1,4,11,2,11,14,111.9,84.7,9.81,0.0208,0.0833,0.0645,0.2292,0.0417,0.1774,0.2258,2026-10-02,2026-10-02T11:58:59-04:00,Batter rolling HR contact-shape metrics from Statcast.
30,676914,davis schneider,TOR,R,16,20,14,2,1,4,1,4,2,102.4,81.8,29.25,0.125,0.0625,0.05,0.25,0.0625,0.2,0.1,2026-10-02,2026-10-02T11:58:59-04:00,Batter rolling HR contact-shape metrics from Statcast.
30,677008,heston kjerstad,BAL,L,18,16,11,0,0,2,1,4,7,108.5,83.69,16.88,0.0,0.0,0.0,0.1111,0.0556,0.25,0.4375,2026-10-02,2026-10-02T11:58:59-04:00,Batter rolling HR contact-shape metrics from Statcast.
30,677347,kyren paris,LAA,R,18,22,14,0,0,2,0,2,3,101.1,80.42,20.45,0.0,0.0,0.0,0.1111,0.0,0.0909,0.1364,2026-10-02,2026-10-02T11:58:59-04:00,Batter rolling HR contact-shape metrics from Statcast.
30,677587,brayan rocchio,CLE,L,80,114,68,5,1,13,2,20,35,106.4,81.75,14.8,0.0625,0.0125,0.0088,0.1625,0.025,0.1754,0.307,2026-10-02,2026-10-02T11:58:59-04:00,Batter rolling HR contact-shape metrics from Statcast.
30,677588,josé tena,WSH,L,17,18,11,0,0,2,0,1,6,100.5,80.76,12.22,0.0,0.0,0.0,0.1176,0.0,0.0556,0.3333,2026-10-02,2026-10-02T11:58:59-04:00,Batter rolling HR contact-shape metrics from Statcast.
30,677594,julio rodríguez,SEA,R,98,137,83,2,4,17,3,19,31,112.4,82.44,15.25,0.0204,0.0408,0.0292,0.1735,0.0306,0.1387,0.2263,2026-10-02,2026-10-02T11:58:59-04:00,Batter rolling HR contact-shape metrics from Statcast.
30,677595,ronny mauricio,NYM,L,12,18,10,3,3,3,2,2,8,107.5,84.49,11.17,0.25,0.25,0.1667,0.25,0.1667,0.1111,0.4444,2026-10-02,2026-10-02T11:58:59-04:00,Batter rolling HR contact-shape metrics from Statcast.
30,677649,ezequiel duran,TEX,R,95,141,93,2,3,18,2,12,36,108.6,82.67,19.91,0.0211,0.0316,0.0213,0.1895,0.0211,0.0851,0.2553,2026-10-02,2026-10-02T11:58:59-04:00,Batter rolling HR contact-shape metrics from Statcast.
30,677800,wilyer abreu,BOS,L,93,127,99,1,8,15,6,20,44,108.8,81.48,28.11,0.0108,0.086,0.063,0.1613,0.0645,0.1575,0.3465,2026-10-02,2026-10-02T11:58:59-04:00,Batter rolling HR contact-shape metrics from Statcast.
30,677942,blaze alexander,BAL,R,30,45,31,0,1,6,0,7,16,107.4,82.74,20.31,0.0,0.0333,0.0222,0.2,0.0,0.1556,0.3556,2026-10-02,2026-10-02T11:58:59-04:00,Batter rolling HR contact-shape metrics from Statcast.
30,677943,will banfield,CIN,R,17,19,15,0,0,1,1,4,5,102.3,82.56,34.32,0.0,0.0,0.0,0.0588,0.0588,0.2105,0.2632,2026-10-02,2026-10-02T11:58:59-04:00,Batter rolling HR contact-shape metrics from Statcast.
30,677951,bobby witt,KC,R,101,138,98,2,7,23,6,25,48,112.5,84.97,22.17,0.0198,0.0693,0.0507,0.2277,0.0594,0.1812,0.3478,2026-10-02,2026-10-02T11:58:59-04:00,Batter rolling HR contact-shape metrics from Statcast.
30,677956,rece hinds,BAL,R,33,34,20,0,0,7,0,3,10,110.8,84.04,20.24,0.0,0.0,0.0,0.2121,0.0,0.0882,0.2941,2026-10-02,2026-10-02T11:58:59-04:00,Batter rolling HR contact-shape metrics from Statcast.
30,678011,anthony seigler,BOS,L,3,5,3,0,0,1,0,0,0,95.2,80.9,16.2,0.0,0.0,0.0,0.3333,0.0,0.0,0.0,2026-10-02,2026-10-02T11:58:59-04:00,Batter rolling HR contact-shape metrics from Statcast.
30,678218,brandon valenzuela,TOR,L,30,35,19,1,1,1,1,7,6,107.2,84.38,18.6,0.0333,0.0333,0.0286,0.0333,0.0333,0.2,0.1714,2026-10-02,2026-10-02T11:58:59-04:00,Batter rolling HR contact-shape metrics from Statcast.
30,678246,miguel vargas,CWS,R,113,143,102,4,5,20,6,32,37,107.5,83.23,27.04,0.0354,0.0442,0.035,0.177,0.0531,0.2238,0.2587,2026-10-02,2026-10-02T11:58:59-04:00,Batter rolling HR contact-shape metrics from Statcast.
30,678391,jorbit vivas,WSH,L,51,74,50,0,0,4,0,7,27,105.5,77.66,16.03,0.0,0.0,0.0,0.0784,0.0,0.0946,0.3649,2026-10-02,2026-10-02T11:58:59-04:00,Batter rolling HR contact-shape metrics from Statcast.
30,678489,jorge barrosa,HOU,L,15,20,14,0,0,2,0,2,5,103.8,78.01,30.2,0.0,0.0,0.0,0.1333,0.0,0.1,0.25,2026-10-02,2026-10-02T11:58:59-04:00,Batter rolling HR contact-shape metrics from Statcast.
30,678545,osleivis basabe,SF,R,40,47,32,1,1,6,1,7,17,105.6,82.45,16.06,0.025,0.025,0.0213,0.15,0.025,0.1489,0.3617,2026-10-02,2026-10-02T11:58:59-04:00,Batter rolling HR contact-shape metrics from Statcast.
30,678662,ezequiel tovar,COL,R,58,84,61,3,4,6,4,11,27,109.0,78.59,22.64,0.0517,0.069,0.0476,0.1034,0.069,0.131,0.3214,2026-10-02,2026-10-02T11:58:59-04:00,Batter rolling HR contact-shape metrics from Statcast.
30,678882,ceddanne rafaela,BOS,R,17,24,14,0,1,3,1,5,6,106.5,81.4,11.71,0.0,0.0588,0.0417,0.1765,0.0588,0.2083,0.25,2026-10-02,2026-10-02T11:58:59-04:00,Batter rolling HR contact-shape metrics from Statcast.
30,679529,spencer torkelson,DET,R,84,80,56,6,5,21,4,19,22,106.6,86.36,23.51,0.0714,0.0595,0.0625,0.25,0.0476,0.2375,0.275,2026-10-02,2026-10-02T11:58:59-04:00,Batter rolling HR contact-shape metrics from Statcast.
30,679822,justin foscue,TEX,R,46,74,47,1,2,8,2,6,23,107.3,80.75,16.72,0.0217,0.0435,0.027,0.1739,0.0435,0.0811,0.3108,2026-10-02,2026-10-02T11:58:59-04:00,Batter rolling HR contact-shape metrics from Statcast.
30,679845,nick loftin,KC,R,68,86,56,1,2,10,1,16,33,106.5,81.16,16.8,0.0147,0.0294,0.0233,0.1471,0.0147,0.186,0.3837,2026-10-02,2026-10-02T11:58:59-04:00,Batter rolling HR contact-shape metrics from Statcast.
30,680574,matt mclain,CIN,R,67,87,61,2,2,10,2,8,25,107.2,81.2,23.54,0.0299,0.0299,0.023,0.1493,0.0299,0.092,0.2874,2026-10-02,2026-10-02T11:58:59-04:00,Batter rolling HR contact-shape metrics from Statcast.
30,680577,dashawn keirsey,ATL,L,5,6,5,0,0,0,0,2,4,87.8,81.6,13.5,0.0,0.0,0.0,0.0,0.0,0.3333,0.6667,2026-10-02,2026-10-02T11:58:59-04:00,Batter rolling HR contact-shape metrics from Statcast.
30,680664,eduardo valencia,DET,R,59,79,53,2,5,18,6,16,36,109.8,86.15,19.37,0.0339,0.0847,0.0633,0.3051,0.1017,0.2025,0.4557,2026-10-02,2026-10-02T11:58:59-04:00,Batter rolling HR contact-shape metrics from Statcast.
30,680700,richie palacios,TB,L,61,78,51,5,3,16,6,17,28,107.3,84.9,18.82,0.082,0.0492,0.0385,0.2623,0.0984,0.2179,0.359,2026-10-02,2026-10-02T11:58:59-04:00,Batter rolling HR contact-shape metrics from Statcast.
30,680728,adrian del castillo,AZ,L,5,9,6,0,0,0,0,0,2,105.3,78.0,25.89,0.0,0.0,0.0,0.0,0.0,0.0,0.2222,2026-10-02,2026-10-02T11:58:59-04:00,Batter rolling HR contact-shape metrics from Statcast.
30,680757,steven kwan,CLE,L,104,137,94,1,0,11,0,13,57,102.2,78.59,15.52,0.0096,0.0,0.0,0.1058,0.0,0.0949,0.4161,2026-10-02,2026-10-02T11:58:59-04:00,Batter rolling HR contact-shape metrics from Statcast.
30,680776,jarren duran,BOS,L,71,81,50,1,2,9,2,11,22,111.7,80.86,15.27,0.0141,0.0282,0.0247,0.1268,0.0282,0.1358,0.2716,2026-10-02,2026-10-02T11:58:59-04:00,Batter rolling HR contact-shape metrics from Statcast.
30,680777,ryan jeffers,MIN,R,69,78,49,1,2,11,2,18,25,108.9,82.85,17.74,0.0145,0.029,0.0256,0.1594,0.029,0.2308,0.3205,2026-10-02,2026-10-02T11:58:59-04:00,Batter rolling HR contact-shape metrics from Statcast.
30,680779,henry davis,PIT,R,30,33,25,2,2,10,4,8,15,110.2,87.95,24.27,0.0667,0.0667,0.0606,0.3333,0.1333,0.2424,0.4545,2026-10-02,2026-10-02T11:58:59-04:00,Batter rolling HR contact-shape metrics from Statcast.
30,680869,zack gelof,ATH,R,97,121,71,8,14,18,13,18,40,109.0,84.71,14.88,0.0825,0.1443,0.1157,0.1856,0.134,0.1488,0.3306,2026-10-02,2026-10-02T11:58:59-04:00,Batter rolling HR contact-shape metrics from Statcast.
30,681047,christian franklin,BAL,R,17,21,10,0,0,0,0,1,4,108.7,80.07,10.0,0.0,0.0,0.0,0.0,0.0,0.0476,0.1905,2026-10-02,2026-10-02T11:58:59-04:00,Batter rolling HR contact-shape metrics from Statcast.
30,681082,bryson stott,PHI,L,98,133,91,0,4,15,5,19,39,107.4,82.62,20.56,0.0,0.0408,0.0301,0.1531,0.051,0.1429,0.2932,2026-10-02,2026-10-02T11:58:59-04:00,Batter rolling HR contact-shape metrics from Statcast.
30,681198,tj rumfield,COL,L,85,121,79,2,4,15,5,22,40,108.4,82.34,17.27,0.0235,0.0471,0.0331,0.1765,0.0588,0.1818,0.3306,2026-10-02,2026-10-02T11:58:59-04:00,Batter rolling HR contact-shape metrics from Statcast.
30,681230,b. j. murray,CHC,L,7,12,10,0,0,2,0,1,5,97.9,80.6,24.08,0.0,0.0,0.0,0.2857,0.0,0.0833,0.4167,2026-10-02,2026-10-02T11:58:59-04:00,Batter rolling HR contact-shape metrics from Statcast.
30,681297,colton cowser,BAL,L,55,65,40,0,0,9,1,10,22,112.3,80.87,15.35,0.0,0.0,0.0,0.1636,0.0182,0.1538,0.3385,2026-10-02,2026-10-02T11:58:59-04:00,Batter rolling HR contact-shape metrics from Statcast.
30,681351,logan o'hoppe,TEX,R,8,13,11,0,0,4,1,4,5,105.2,81.18,24.38,0.0,0.0,0.0,0.5,0.125,0.3077,0.3846,2026-10-02,2026-10-02T11:58:59-04:00,Batter rolling HR contact-shape metrics from Statcast.
30,681393,connor norby,COL,R,76,109,83,1,5,17,5,23,40,106.8,82.55,25.02,0.0132,0.0658,0.0459,0.2237,0.0658,0.211,0.367,2026-10-02,2026-10-02T11:58:59-04:00,Batter rolling HR contact-shape metrics from Statcast.
30,681508,mickey gasper,BOS,L,60,68,39,3,4,12,3,13,20,105.5,82.41,10.57,0.05,0.0667,0.0588,0.2,0.05,0.1912,0.2941,2026-10-02,2026-10-02T11:58:59-04:00,Batter rolling HR contact-shape metrics from Statcast.
30,681624,andy pages,LAD,R,24,27,21,2,2,4,2,5,12,102.8,82.27,26.26,0.0833,0.0833,0.0741,0.1667,0.0833,0.1852,0.4444,2026-10-02,2026-10-02T11:58:59-04:00,Batter rolling HR contact-shape metrics from Statcast.
30,681715,heriberto hernandez,MIA,R,106,126,81,3,6,29,7,27,33,108.9,87.57,16.31,0.0283,0.0566,0.0476,0.2736,0.066,0.2143,0.2619,2026-10-02,2026-10-02T11:58:59-04:00,Batter rolling HR contact-shape metrics from Statcast.
30,681807,david fry,CLE,R,42,45,32,2,2,11,2,11,11,108.0,85.58,26.31,0.0476,0.0476,0.0444,0.2619,0.0476,0.2444,0.2444,2026-10-02,2026-10-02T11:58:59-04:00,Batter rolling HR contact-shape metrics from Statcast.
30,681987,nate eaton,BOS,R,23,37,29,0,0,5,1,8,15,107.7,78.16,25.59,0.0,0.0,0.0,0.2174,0.0435,0.2162,0.4054,2026-10-02,2026-10-02T11:58:59-04:00,Batter rolling HR contact-shape metrics from Statcast.
30,682177,daniel schneemann,CLE,L,10,12,9,1,2,2,1,4,5,103.2,85.82,27.25,0.1,0.2,0.1667,0.2,0.1,0.3333,0.4167,2026-10-02,2026-10-02T11:58:59-04:00,Batter rolling HR contact-shape metrics from Statcast.
30,682626,francisco álvarez,NYM,R,61,76,46,3,6,14,5,10,19,113.7,88.65,16.39,0.0492,0.0984,0.0789,0.2295,0.082,0.1316,0.25,2026-10-02,2026-10-02T11:58:59-04:00,Batter rolling HR contact-shape metrics from Statcast.
30,682657,angel martínez,CLE,L,71,98,68,4,3,12,5,11,23,106.2,80.92,24.58,0.0563,0.0423,0.0306,0.169,0.0704,0.1122,0.2347,2026-10-02,2026-10-02T11:58:59-04:00,Batter rolling HR contact-shape metrics from Statcast.
30,682663,agustín ramírez,MIA,R,66,88,52,3,3,15,2,16,27,115.8,84.25,11.33,0.0455,0.0455,0.0341,0.2273,0.0303,0.1818,0.3068,2026-10-02,2026-10-02T11:58:59-04:00,Batter rolling HR contact-shape metrics from Statcast.
30,682668,luisangel acuña,CWS,R,18,19,9,1,1,1,1,2,4,107.8,83.63,7.21,0.0556,0.0556,0.0526,0.0556,0.0556,0.1053,0.2105,2026-10-02,2026-10-02T11:58:59-04:00,Batter rolling HR contact-shape metrics from Statcast.
30,682674,victor bericoto,SF,R,29,39,26,1,3,7,3,2,13,107.0,84.75,14.62,0.0345,0.1034,0.0769,0.2414,0.1034,0.0513,0.3333,2026-10-02,2026-10-02T11:58:59-04:00,Batter rolling HR contact-shape metrics from Statcast.
30,682829,elly de la cruz,CIN,L,99,99,60,9,17,29,11,18,35,117.4,89.39,13.79,0.0909,0.1717,0.1717,0.2929,0.1111,0.1818,0.3535,2026-10-02,2026-10-02T11:58:59-04:00,Batter rolling HR contact-shape metrics from Statcast.
30,682877,juan brito,CIN,L,55,86,54,3,4,9,5,16,23,105.5,81.31,20.56,0.0545,0.0727,0.0465,0.1636,0.0909,0.186,0.2674,2026-10-02,2026-10-02T11:58:59-04:00,Batter rolling HR contact-shape metrics from Statcast.
30,682927,ronny simon,PIT,L,34,55,42,1,1,5,1,10,10,109.4,78.65,29.04,0.0294,0.0294,0.0182,0.1471,0.0294,0.1818,0.1818,2026-10-02,2026-10-02T11:58:59-04:00,Batter rolling HR contact-shape metrics from Statcast.
30,682928,cj abrams,WSH,L,84,110,73,4,9,24,10,27,37,110.5,84.17,20.65,0.0476,0.1071,0.0818,0.2857,0.119,0.2455,0.3364,2026-10-02,2026-10-02T11:58:59-04:00,Batter rolling HR contact-shape metrics from Statcast.
30,682985,riley greene,DET,L,96,122,88,5,10,20,11,24,46,111.5,81.52,23.2,0.0521,0.1042,0.082,0.2083,0.1146,0.1967,0.377,2026-10-02,2026-10-02T11:58:59-04:00,Batter rolling HR contact-shape metrics from Statcast.
30,682987,spencer jones,NYY,L,92,110,86,2,7,25,5,23,41,114.8,85.13,27.78,0.0217,0.0761,0.0636,0.2717,0.0543,0.2091,0.3727,2026-10-02,2026-10-02T11:58:59-04:00,Batter rolling HR contact-shape metrics from Statcast.
30,682998,corbin carroll,AZ,L,81,109,71,3,8,17,8,17,31,112.4,86.3,20.44,0.037,0.0988,0.0734,0.2099,0.0988,0.156,0.2844,2026-10-02,2026-10-02T11:58:59-04:00,Batter rolling HR contact-shape metrics from Statcast.
30,683002,gunnar henderson,BAL,L,84,118,79,2,6,17,4,19,41,109.2,78.58,16.83,0.0238,0.0714,0.0508,0.2024,0.0476,0.161,0.3475,2026-10-02,2026-10-02T11:58:59-04:00,Batter rolling HR contact-shape metrics from Statcast.
30,683011,anthony volpe,NYY,R,56,78,50,1,3,17,2,11,25,105.1,83.72,18.86,0.0179,0.0536,0.0385,0.3036,0.0357,0.141,0.3205,2026-10-02,2026-10-02T11:58:59-04:00,Batter rolling HR contact-shape metrics from Statcast.
30,683021,michael stefanic,ATH,R,16,28,19,0,0,2,0,4,10,102.0,80.01,17.18,0.0,0.0,0.0,0.125,0.0,0.1429,0.3571,2026-10-02,2026-10-02T11:58:59-04:00,Batter rolling HR contact-shape metrics from Statcast.
30,683083,nasim nuñez,WSH,L,39,43,24,0,1,4,2,2,9,104.0,77.9,15.65,0.0,0.0256,0.0233,0.1026,0.0513,0.0465,0.2093,2026-10-02,2026-10-02T11:58:59-04:00,Batter rolling HR contact-shape metrics from Statcast.
30,683090,matthew lugo,KC,R,12,12,8,0,0,0,0,2,1,100.1,81.26,33.08,0.0,0.0,0.0,0.0,0.0,0.1667,0.0833,2026-10-02,2026-10-02T11:58:59-04:00,Batter rolling HR contact-shape metrics from Statcast.
30,683146,brett baty,NYM,L,58,79,56,3,7,16,3,11,22,111.7,84.17,20.39,0.0517,0.1207,0.0886,0.2759,0.0517,0.1392,0.2785,2026-10-02,2026-10-02T11:58:59-04:00,Batter rolling HR contact-shape metrics from Statcast.
30,683227,cody freeman,TEX,R,24,29,15,0,0,1,0,4,5,104.4,79.2,14.52,0.0,0.0,0.0,0.0417,0.0,0.1379,0.1724,2026-10-02,2026-10-02T11:58:59-04:00,Batter rolling HR contact-shape metrics from Statcast.
30,683357,owen caissie,MIA,L,22,22,12,1,2,3,2,3,2,105.4,84.89,17.18,0.0455,0.0909,0.0909,0.1364,0.0909,0.1364,0.0909,2026-10-02,2026-10-02T11:58:59-04:00,Batter rolling HR contact-shape metrics from Statcast.
30,683734,andrew vaughn,MIL,R,36,43,25,1,1,7,2,6,8,110.9,85.14,21.44,0.0278,0.0278,0.0233,0.1944,0.0556,0.1395,0.186,2026-10-02,2026-10-02T11:58:59-04:00,Batter rolling HR contact-shape metrics from Statcast.
30,683737,michael busch,CHC,L,100,120,74,3,5,17,4,17,35,105.6,82.49,17.88,0.03,0.05,0.0417,0.17,0.04,0.1417,0.2917,2026-10-02,2026-10-02T11:58:59-04:00,Batter rolling HR contact-shape metrics from Statcast.
30,683748,victor mesa,TB,L,79,113,80,4,5,21,5,18,31,110.5,83.92,22.06,0.0506,0.0633,0.0442,0.2658,0.0633,0.1593,0.2743,2026-10-02,2026-10-02T11:58:59-04:00,Batter rolling HR contact-shape metrics from Statcast.
30,683766,christian koss,SF,R,82,97,65,3,1,11,3,17,37,106.0,74.54,18.22,0.0366,0.0122,0.0103,0.1341,0.0366,0.1753,0.3814,2026-10-02,2026-10-02T11:58:59-04:00,Batter rolling HR contact-shape metrics from Statcast.
30,683953,travis bazzana,CLE,L,84,142,86,6,5,13,5,23,40,107.5,81.18,14.36,0.0714,0.0595,0.0352,0.1548,0.0595,0.162,0.2817,2026-10-02,2026-10-02T11:58:59-04:00,Batter rolling HR contact-shape metrics from Statcast.
30,685133,wade meckler,LAA,L,86,100,52,0,2,13,1,12,30,102.3,81.5,7.27,0.0,0.0233,0.02,0.1512,0.0116,0.12,0.3,2026-10-02,2026-10-02T11:58:59-04:00,Batter rolling HR contact-shape metrics from Statcast.
30,686217,sal frelick,MIL,L,48,68,38,0,1,8,3,7,14,106.9,80.79,15.53,0.0,0.0208,0.0147,0.1667,0.0625,0.1029,0.2059,2026-10-02,2026-10-02T11:58:59-04:00,Batter rolling HR contact-shape metrics from Statcast.
30,686469,vinnie pasquantino,KC,L,89,142,92,8,12,32,11,29,46,108.9,86.59,18.78,0.0899,0.1348,0.0845,0.3596,0.1236,0.2042,0.3239,2026-10-02,2026-10-02T11:58:59-04:00,Batter rolling HR contact-shape metrics from Statcast.
30,686475,tyler tolbert,KC,R,16,16,11,0,0,0,0,4,8,89.2,75.41,13.12,0.0,0.0,0.0,0.0,0.0,0.25,0.5,2026-10-02,2026-10-02T11:58:59-04:00,Batter rolling HR contact-shape metrics from Statcast.
30,686527,dominic canzone,SEA,L,104,130,85,2,9,22,7,18,52,114.2,84.11,13.48,0.0192,0.0865,0.0692,0.2115,0.0673,0.1385,0.4,2026-10-02,2026-10-02T11:58:59-04:00,Batter rolling HR contact-shape metrics from Statcast.
30,686555,isaac collins,KC,L,64,85,48,0,1,6,2,4,22,105.6,78.01,14.08,0.0,0.0156,0.0118,0.0938,0.0312,0.0471,0.2588,2026-10-02,2026-10-02T11:58:59-04:00,Batter rolling HR contact-shape metrics from Statcast.
30,686611,dylan crews,WSH,R,85,113,71,3,6,19,7,17,33,111.7,83.64,17.63,0.0353,0.0706,0.0531,0.2235,0.0824,0.1504,0.292,2026-10-02,2026-10-02T11:58:59-04:00,Batter rolling HR contact-shape metrics from Statcast.
30,686668,brenton doyle,CWS,R,41,54,33,3,2,9,2,8,14,109.4,83.97,16.04,0.0732,0.0488,0.037,0.2195,0.0488,0.1481,0.2593,2026-10-02,2026-10-02T11:58:59-04:00,Batter rolling HR contact-shape metrics from Statcast.
30,686681,michael massey,KC,L,86,135,86,2,5,22,4,30,47,106.7,82.35,16.4,0.0233,0.0581,0.037,0.2558,0.0465,0.2222,0.3481,2026-10-02,2026-10-02T11:58:59-04:00,Batter rolling HR contact-shape metrics from Statcast.
30,686765,nick sogard,BOS,L,95,121,85,3,4,20,7,23,42,109.8,82.26,21.6,0.0316,0.0421,0.0331,0.2105,0.0737,0.1901,0.3471,2026-10-02,2026-10-02T11:58:59-04:00,Batter rolling HR contact-shape metrics from Statcast.
30,686780,pedro pagés,STL,R,15,15,10,0,0,1,0,2,4,102.3,80.82,26.53,0.0,0.0,0.0,0.0667,0.0,0.1333,0.2667,2026-10-02,2026-10-02T11:58:59-04:00,Batter rolling HR contact-shape metrics from Statcast.
30,686797,brooks lee,MIN,L,97,157,114,2,6,28,5,34,55,107.7,83.99,24.62,0.0206,0.0619,0.0382,0.2887,0.0515,0.2166,0.3503,2026-10-02,2026-10-02T11:58:59-04:00,Batter rolling HR contact-shape metrics from Statcast.
30,686948,drake baldwin,ATL,L,115,175,114,3,10,29,9,21,65,108.4,82.38,13.15,0.0261,0.087,0.0571,0.2522,0.0783,0.12,0.3714,2026-10-02,2026-10-02T11:58:59-04:00,Batter rolling HR contact-shape metrics from Statcast.
30,687093,vaughn grissom,LAA,R,98,135,86,4,3,10,3,16,44,108.3,80.93,17.93,0.0408,0.0306,0.0222,0.102,0.0306,0.1185,0.3259,2026-10-02,2026-10-02T11:58:59-04:00,Batter rolling HR contact-shape metrics from Statcast.
30,687221,dalton rushing,LAD,L,7,9,6,0,0,0,0,0,2,101.8,84.22,28.11,0.0,0.0,0.0,0.0,0.0,0.0,0.2222,2026-10-02,2026-10-02T11:58:59-04:00,Batter rolling HR contact-shape metrics from Statcast.
30,687231,darell hernaiz,ATH,R,1,3,3,0,0,0,0,0,0,66.2,61.87,41.0,0.0,0.0,0.0,0.0,0.0,0.0,0.0,2026-10-02,2026-10-02T11:58:59-04:00,Batter rolling HR contact-shape metrics from Statcast.
30,687263,zach neto,LAA,R,105,115,82,4,7,23,6,28,44,109.8,85.99,21.47,0.0381,0.0667,0.0609,0.219,0.0571,0.2435,0.3826,2026-10-02,2026-10-02T11:58:59-04:00,Batter rolling HR contact-shape metrics from Statcast.
30,687363,victor scott,STL,L,10,13,8,0,0,0,0,1,5,95.8,80.06,12.54,0.0,0.0,0.0,0.0,0.0,0.0769,0.3846,2026-10-02,2026-10-02T11:58:59-04:00,Batter rolling HR contact-shape metrics from Statcast.
30,687401,joey ortiz,MIL,R,66,81,49,1,1,12,1,11,32,109.4,85.46,13.2,0.0152,0.0152,0.0123,0.1818,0.0152,0.1358,0.3951,2026-10-02,2026-10-02T11:58:59-04:00,Batter rolling HR contact-shape metrics from Statcast.
30,687462,spencer horwitz,PIT,L,64,84,58,0,0,8,1,13,31,106.1,82.25,20.52,0.0,0.0,0.0,0.125,0.0156,0.1548,0.369,2026-10-02,2026-10-02T11:58:59-04:00,Batter rolling HR contact-shape metrics from Statcast.
30,687529,grant mccray,SF,L,30,31,21,1,2,6,1,5,8,111.6,81.49,15.42,0.0333,0.0667,0.0645,0.2,0.0333,0.1613,0.2581,2026-10-02,2026-10-02T11:58:59-04:00,Batter rolling HR contact-shape metrics from Statcast.
30,687551,drew gilbert,SF,L,51,68,43,3,3,12,3,9,21,107.7,80.54,15.0,0.0588,0.0588,0.0441,0.2353,0.0588,0.1324,0.3088,2026-10-02,2026-10-02T11:58:59-04:00,Batter rolling HR contact-shape metrics from Statcast.
30,687597,jordan beck,COL,R,37,50,33,0,0,9,1,7,10,108.1,80.64,25.96,0.0,0.0,0.0,0.2432,0.027,0.14,0.2,2026-10-02,2026-10-02T11:58:59-04:00,Batter rolling HR contact-shape metrics from Statcast.
30,687605,andrew pinckney,WSH,R,4,7,6,0,0,1,0,0,1,97.1,77.29,29.86,0.0,0.0,0.0,0.25,0.0,0.0,0.1429,2026-10-02,2026-10-02T11:58:59-04:00,Batter rolling HR contact-shape metrics from Statcast.
30,687637,dylan beavers,BAL,L,87,94,77,3,6,18,6,22,35,108.1,80.89,26.35,0.0345,0.069,0.0638,0.2069,0.069,0.234,0.3723,2026-10-02,2026-10-02T11:58:59-04:00,Batter rolling HR contact-shape metrics from Statcast.
30,687749,jase bowen,SD,R,16,12,5,0,0,0,0,1,2,94.6,73.41,6.5,0.0,0.0,0.0,0.0,0.0,0.0833,0.1667,2026-10-02,2026-10-02T11:58:59-04:00,Batter rolling HR contact-shape metrics from Statcast.
30,687859,troy johnston,COL,L,47,68,49,0,0,7,1,7,28,106.9,81.76,20.97,0.0,0.0,0.0,0.1489,0.0213,0.1029,0.4118,2026-10-02,2026-10-02T11:58:59-04:00,Batter rolling HR contact-shape metrics from Statcast.
30,687952,christian encarnacion-strand,BAL,R,77,99,69,4,4,13,3,20,27,110.4,80.86,23.32,0.0519,0.0519,0.0404,0.1688,0.039,0.202,0.2727,2026-10-02,2026-10-02T11:58:59-04:00,Batter rolling HR contact-shape metrics from Statcast.
30,687957,dustin harris,SD,L,87,115,66,0,2,16,2,29,36,106.9,80.7,13.69,0.0,0.023,0.0174,0.1839,0.023,0.2522,0.313,2026-10-02,2026-10-02T11:58:59-04:00,Batter rolling HR contact-shape metrics from Statcast.
30,688363,graham pauley,MIA,L,35,50,32,2,2,7,3,6,13,110.6,79.65,23.82,0.0571,0.0571,0.04,0.2,0.0857,0.12,0.26,2026-10-02,2026-10-02T11:58:59-04:00,Batter rolling HR contact-shape metrics from Statcast.
30,689414,liam hicks,TB,L,65,89,59,1,1,9,2,18,29,108.2,78.9,16.9,0.0154,0.0154,0.0112,0.1385,0.0308,0.2022,0.3258,2026-10-02,2026-10-02T11:58:59-04:00,Batter rolling HR contact-shape metrics from Statcast.
30,690022,ryan ritter,COL,R,2,0,0,0,0,0,0,0,0,,,,0.0,0.0,,0.0,0.0,,,2026-10-02,2026-10-02T11:58:59-04:00,Batter rolling HR contact-shape metrics from Statcast.
30,690291,jace jung,DET,L,3,2,2,0,0,0,0,1,1,77.3,75.6,42.0,0.0,0.0,0.0,0.0,0.0,0.5,0.5,2026-10-02,2026-10-02T11:58:59-04:00,Batter rolling HR contact-shape metrics from Statcast.
30,690924,braxton fulford,COL,R,6,4,4,0,0,2,0,1,1,107.5,85.45,32.25,0.0,0.0,0.0,0.3333,0.0,0.25,0.25,2026-10-02,2026-10-02T11:58:59-04:00,Batter rolling HR contact-shape metrics from Statcast.
30,690976,alex freeland,LAD,L,42,53,34,1,2,9,1,6,18,106.9,84.66,21.6,0.0238,0.0476,0.0377,0.2143,0.0238,0.1132,0.3396,2026-10-02,2026-10-02T11:58:59-04:00,Batter rolling HR contact-shape metrics from Statcast.
30,690984,petey halpin,CLE,L,36,51,35,1,1,4,1,12,14,106.7,79.95,23.16,0.0278,0.0278,0.0196,0.1111,0.0278,0.2353,0.2745,2026-10-02,2026-10-02T11:58:59-04:00,Batter rolling HR contact-shape metrics from Statcast.
30,690993,colt keith,DET,L,34,40,28,1,2,7,2,5,11,108.7,83.0,21.9,0.0294,0.0588,0.05,0.2059,0.0588,0.125,0.275,2026-10-02,2026-10-02T11:58:59-04:00,Batter rolling HR contact-shape metrics from Statcast.
30,691002,yohandy morales,WSH,R,42,51,26,3,3,10,3,5,13,108.1,84.09,10.18,0.0714,0.0714,0.0588,0.2381,0.0714,0.098,0.2549,2026-10-02,2026-10-02T11:58:59-04:00,Batter rolling HR contact-shape metrics from Statcast.
30,691011,drew romo,CWS,L,6,5,2,0,0,1,1,2,1,101.2,79.7,-6.0,0.0,0.0,0.0,0.1667,0.1667,0.4,0.2,2026-10-02,2026-10-02T11:58:59-04:00,Batter rolling HR contact-shape metrics from Statcast.
30,691019,kyle teel,CWS,L,84,90,52,3,5,13,5,18,24,112.4,79.5,15.22,0.0357,0.0595,0.0556,0.1548,0.0595,0.2,0.2667,2026-10-02,2026-10-02T11:58:59-04:00,Batter rolling HR contact-shape metrics from Statcast.
30,691023,jordan walker,STL,R,90,97,50,1,5,11,2,11,16,117.2,85.5,12.25,0.0111,0.0556,0.0515,0.1222,0.0222,0.1134,0.1649,2026-10-02,2026-10-02T11:58:59-04:00,Batter rolling HR contact-shape metrics from Statcast.
30,691026,masyn winn,STL,R,42,50,31,0,0,6,1,5,13,103.2,83.04,15.18,0.0,0.0,0.0,0.1429,0.0238,0.1,0.26,2026-10-02,2026-10-02T11:58:59-04:00,Batter rolling HR contact-shape metrics from Statcast.
30,691176,jasson domínguez,NYY,L,10,13,11,0,1,3,1,3,5,102.9,82.74,31.92,0.0,0.1,0.0769,0.3,0.1,0.2308,0.3846,2026-10-02,2026-10-02T11:58:59-04:00,Batter rolling HR contact-shape metrics from Statcast.
30,691181,emmanuel rodriguez,MIN,L,48,52,35,2,6,12,5,10,22,111.1,84.79,14.62,0.0417,0.125,0.1154,0.25,0.1042,0.1923,0.4231,2026-10-02,2026-10-02T11:58:59-04:00,Batter rolling HR contact-shape metrics from Statcast.
30,691182,adael amador,COL,L,78,127,75,2,4,12,3,20,39,108.9,78.59,14.22,0.0256,0.0513,0.0315,0.1538,0.0385,0.1575,0.3071,2026-10-02,2026-10-02T11:58:59-04:00,Batter rolling HR contact-shape metrics from Statcast.
30,691277,deyvison de los santos,MIA,R,34,39,25,0,0,5,1,5,8,109.3,83.31,21.87,0.0,0.0,0.0,0.1471,0.0294,0.1282,0.2051,2026-10-02,2026-10-02T11:58:59-04:00,Batter rolling HR contact-shape metrics from Statcast.
30,691406,junior caminero,TB,R,100,138,81,5,10,26,10,19,32,111.9,86.34,16.81,0.05,0.1,0.0725,0.26,0.1,0.1377,0.2319,2026-10-02,2026-10-02T11:58:59-04:00,Batter rolling HR contact-shape metrics from Statcast.
30,691594,javier sanoja,MIA,R,99,144,94,5,5,18,5,25,40,106.5,83.73,21.27,0.0505,0.0505,0.0347,0.1818,0.0505,0.1736,0.2778,2026-10-02,2026-10-02T11:58:59-04:00,Batter rolling HR contact-shape metrics from Statcast.
30,691718,pete crow-armstrong,CHC,L,112,177,120,7,10,29,11,36,52,111.5,84.64,25.56,0.0625,0.0893,0.0565,0.2589,0.0982,0.2034,0.2938,2026-10-02,2026-10-02T11:58:59-04:00,Batter rolling HR contact-shape metrics from Statcast.
30,691720,kyle karros,COL,R,72,72,44,3,5,10,5,9,26,110.7,86.57,14.39,0.0417,0.0694,0.0694,0.1389,0.0694,0.125,0.3611,2026-10-02,2026-10-02T11:58:59-04:00,Batter rolling HR contact-shape metrics from Statcast.
30,691723,coby mayo,BAL,R,88,124,84,5,9,20,11,21,38,112.4,84.32,23.0,0.0568,0.1023,0.0726,0.2273,0.125,0.1694,0.3065,2026-10-02,2026-10-02T11:58:59-04:00,Batter rolling HR contact-shape metrics from Statcast.
30,691728,zac veen,COL,L,42,53,36,1,0,8,1,6,19,110.4,79.15,17.42,0.0238,0.0,0.0,0.1905,0.0238,0.1132,0.3585,2026-10-02,2026-10-02T11:58:59-04:00,Batter rolling HR contact-shape metrics from Statcast.
30,691777,max muncy,ATH,R,33,44,29,2,2,6,2,5,16,108.3,82.12,17.59,0.0606,0.0606,0.0455,0.1818,0.0606,0.1136,0.3636,2026-10-02,2026-10-02T11:58:59-04:00,Batter rolling HR contact-shape metrics from Statcast.
30,691781,brady house,WSH,R,63,77,48,0,2,10,1,8,24,111.1,84.59,15.21,0.0,0.0317,0.026,0.1587,0.0159,0.1039,0.3117,2026-10-02,2026-10-02T11:58:59-04:00,Batter rolling HR contact-shape metrics from Statcast.
30,691783,jordan lawlar,AZ,R,54,60,36,2,3,11,3,11,20,105.5,83.6,11.92,0.037,0.0556,0.05,0.2037,0.0556,0.1833,0.3333,2026-10-02,2026-10-02T11:58:59-04:00,Batter rolling HR contact-shape metrics from Statcast.
30,691785,marcelo mayer,SF,L,17,11,7,0,1,2,1,1,4,100.2,82.86,17.64,0.0,0.0588,0.0909,0.1176,0.0588,0.0909,0.3636,2026-10-02,2026-10-02T11:58:59-04:00,Batter rolling HR contact-shape metrics from Statcast.
30,691788,joe mack,MIA,L,58,79,43,2,3,11,3,12,17,108.7,84.1,11.9,0.0345,0.0517,0.038,0.1897,0.0517,0.1519,0.2152,2026-10-02,2026-10-02T11:58:59-04:00,Batter rolling HR contact-shape metrics from Statcast.
30,691858,jared serna,MIA,R,31,39,26,0,1,3,0,7,13,109.2,82.23,18.67,0.0,0.0323,0.0256,0.0968,0.0,0.1795,0.3333,2026-10-02,2026-10-02T11:58:59-04:00,Batter rolling HR contact-shape metrics from Statcast.
30,693304,nick gonzales,PIT,R,73,93,49,0,3,11,3,5,29,103.4,83.77,13.65,0.0,0.0411,0.0323,0.1507,0.0411,0.0538,0.3118,2026-10-02,2026-10-02T11:58:59-04:00,Batter rolling HR contact-shape metrics from Statcast.
30,693306,aaron sabato,MIN,R,6,10,6,0,0,1,0,0,1,97.0,79.33,15.3,0.0,0.0,0.0,0.1667,0.0,0.0,0.1,2026-10-02,2026-10-02T11:58:59-04:00,Batter rolling HR contact-shape metrics from Statcast.
30,693307,dillon dingler,DET,R,68,90,53,1,4,16,5,16,27,112.9,87.03,16.7,0.0147,0.0588,0.0444,0.2353,0.0735,0.1778,0.3,2026-10-02,2026-10-02T11:58:59-04:00,Batter rolling HR contact-shape metrics from Statcast.
30,693409,césar prieto,STL,L,8,9,4,0,0,2,0,1,4,102.4,86.08,4.89,0.0,0.0,0.0,0.25,0.0,0.1111,0.4444,2026-10-02,2026-10-02T11:58:59-04:00,Batter rolling HR contact-shape metrics from Statcast.
30,694192,jackson chourio,MIL,R,103,123,76,5,7,22,6,23,36,109.8,85.15,15.07,0.0485,0.068,0.0569,0.2136,0.0583,0.187,0.2927,2026-10-02,2026-10-02T11:58:59-04:00,Batter rolling HR contact-shape metrics from Statcast.
30,694197,angel genao,CLE,L,56,59,24,0,1,7,2,1,15,107.1,85.96,4.0,0.0,0.0179,0.0169,0.125,0.0357,0.0169,0.2542,2026-10-02,2026-10-02T11:58:59-04:00,Batter rolling HR contact-shape metrics from Statcast.
30,694203,denzer guzman,LAA,R,77,118,75,2,1,15,2,14,38,108.1,78.67,15.1,0.026,0.013,0.0085,0.1948,0.026,0.1186,0.322,2026-10-02,2026-10-02T11:58:59-04:00,Batter rolling HR contact-shape metrics from Statcast.
30,694208,moisés ballesteros,LAA,L,75,94,66,3,4,17,4,8,26,109.5,81.89,22.5,0.04,0.0533,0.0426,0.2267,0.0533,0.0851,0.2766,2026-10-02,2026-10-02T11:58:59-04:00,Batter rolling HR contact-shape metrics from Statcast.
30,694212,samuel basallo,BAL,L,47,54,33,1,2,10,1,12,14,109.6,83.89,15.59,0.0213,0.0426,0.037,0.2128,0.0213,0.2222,0.2593,2026-10-02,2026-10-02T11:58:59-04:00,Batter rolling HR contact-shape metrics from Statcast.
30,694224,gabriel gonzalez,MIN,R,5,7,3,0,0,0,0,0,2,97.6,87.21,7.14,0.0,0.0,0.0,0.0,0.0,0.0,0.2857,2026-10-02,2026-10-02T11:58:59-04:00,Batter rolling HR contact-shape metrics from Statcast.
30,694249,cole carrigg,COL,L,97,147,94,6,7,26,8,35,44,110.3,82.63,16.61,0.0619,0.0722,0.0476,0.268,0.0825,0.2381,0.2993,2026-10-02,2026-10-02T11:58:59-04:00,Batter rolling HR contact-shape metrics from Statcast.
30,694371,tommy troy,AZ,R,9,8,5,0,0,0,0,2,1,99.4,74.51,24.25,0.0,0.0,0.0,0.0,0.0,0.25,0.125,2026-10-02,2026-10-02T11:58:59-04:00,Batter rolling HR contact-shape metrics from Statcast.
30,694374,tim tawa,AZ,R,78,98,64,2,6,12,5,16,29,110.9,80.83,17.69,0.0256,0.0769,0.0612,0.1538,0.0641,0.1633,0.2959,2026-10-02,2026-10-02T11:58:59-04:00,Batter rolling HR contact-shape metrics from Statcast.
30,694376,shay whitcomb,SF,R,67,87,49,1,4,11,2,13,25,105.8,82.16,10.46,0.0149,0.0597,0.046,0.1642,0.0299,0.1494,0.2874,2026-10-02,2026-10-02T11:58:59-04:00,Batter rolling HR contact-shape metrics from Statcast.
30,694377,nick yorke,PIT,R,4,4,2,0,0,1,0,0,0,95.4,68.5,26.0,0.0,0.0,0.0,0.25,0.0,0.0,0.0,2026-10-02,2026-10-02T11:58:59-04:00,Batter rolling HR contact-shape metrics from Statcast.
30,694378,jacob gonzalez,PIT,L,30,33,25,1,3,7,2,7,10,106.3,85.43,28.18,0.0333,0.1,0.0909,0.2333,0.0667,0.2121,0.303,2026-10-02,2026-10-02T11:58:59-04:00,Batter rolling HR contact-shape metrics from Statcast.
30,694388,joey loperfido,HOU,L,1,0,0,0,0,0,0,0,0,,,,0.0,0.0,,0.0,0.0,,,2026-10-02,2026-10-02T11:58:59-04:00,Batter rolling HR contact-shape metrics from Statcast.
30,694497,evan carter,TEX,L,62,57,32,1,1,9,2,11,16,105.9,77.36,10.42,0.0161,0.0161,0.0175,0.1452,0.0323,0.193,0.2807,2026-10-02,2026-10-02T11:58:59-04:00,Batter rolling HR contact-shape metrics from Statcast.
30,694671,wyatt langford,TEX,R,97,108,78,2,7,15,8,21,36,110.3,82.71,23.73,0.0206,0.0722,0.0648,0.1546,0.0825,0.1944,0.3333,2026-10-02,2026-10-02T11:58:59-04:00,Batter rolling HR contact-shape metrics from Statcast.
30,694673,abimelec ortiz,WSH,L,41,59,43,0,1,12,0,9,17,112.2,83.26,26.97,0.0,0.0244,0.0169,0.2927,0.0,0.1525,0.2881,2026-10-02,2026-10-02T11:58:59-04:00,Batter rolling HR contact-shape metrics from Statcast.
30,694728,brice matthews,HOU,R,7,5,2,0,0,0,0,0,1,79.8,63.26,8.2,0.0,0.0,0.0,0.0,0.0,0.0,0.2,2026-10-02,2026-10-02T11:58:59-04:00,Batter rolling HR contact-shape metrics from Statcast.
30,695257,billy cook,PIT,R,7,5,5,0,0,4,1,1,2,111.7,99.96,44.2,0.0,0.0,0.0,0.5714,0.1429,0.2,0.4,2026-10-02,2026-10-02T11:58:59-04:00,Batter rolling HR contact-shape metrics from Statcast.
30,695336,thomas saggese,STL,R,88,122,87,1,4,14,6,6,44,111.0,84.7,19.04,0.0114,0.0455,0.0328,0.1591,0.0682,0.0492,0.3607,2026-10-02,2026-10-02T11:58:59-04:00,Batter rolling HR contact-shape metrics from Statcast.
30,695391,brett harris,SF,R,42,44,22,0,1,8,2,8,14,105.4,80.0,5.2,0.0,0.0238,0.0227,0.1905,0.0476,0.1818,0.3182,2026-10-02,2026-10-02T11:58:59-04:00,Batter rolling HR contact-shape metrics from Statcast.
30,695490,edwin arroyo,CIN,L,6,11,4,0,0,1,0,1,0,105.0,87.56,3.09,0.0,0.0,0.0,0.1667,0.0,0.0909,0.0,2026-10-02,2026-10-02T11:58:59-04:00,Batter rolling HR contact-shape metrics from Statcast.
30,695491,joshua báez,STL,R,45,57,36,1,2,8,2,15,19,111.5,84.92,19.46,0.0222,0.0444,0.0351,0.1778,0.0444,0.2632,0.3333,2026-10-02,2026-10-02T11:58:59-04:00,Batter rolling HR contact-shape metrics from Statcast.
30,695506,jac caglianone,KC,L,57,79,42,0,1,12,1,11,23,114.2,83.54,7.25,0.0,0.0175,0.0127,0.2105,0.0175,0.1392,0.2911,2026-10-02,2026-10-02T11:58:59-04:00,Batter rolling HR contact-shape metrics from Statcast.
30,695578,james wood,WSH,L,88,93,43,0,3,16,2,8,24,116.2,88.87,7.01,0.0,0.0341,0.0323,0.1818,0.0227,0.086,0.2581,2026-10-02,2026-10-02T11:58:59-04:00,Batter rolling HR contact-shape metrics from Statcast.
30,695600,carter jensen,KC,L,87,106,82,8,14,20,11,27,33,110.2,84.94,26.53,0.092,0.1609,0.1321,0.2299,0.1264,0.2547,0.3113,2026-10-02,2026-10-02T11:58:59-04:00,Batter rolling HR contact-shape metrics from Statcast.
30,695657,colson montgomery,CWS,L,96,114,80,3,4,15,5,14,29,112.3,81.43,25.59,0.0312,0.0417,0.0351,0.1562,0.0521,0.1228,0.2544,2026-10-02,2026-10-02T11:58:59-04:00,Batter rolling HR contact-shape metrics from Statcast.
30,695670,harry ford,WSH,R,33,43,26,0,2,8,4,6,12,107.1,79.62,18.09,0.0,0.0606,0.0465,0.2424,0.1212,0.1395,0.2791,2026-10-02,2026-10-02T11:58:59-04:00,Batter rolling HR contact-shape metrics from Statcast.
30,695681,christian moore,LAA,R,83,101,63,1,4,12,4,8,31,106.9,81.68,17.14,0.012,0.0482,0.0396,0.1446,0.0482,0.0792,0.3069,2026-10-02,2026-10-02T11:58:59-04:00,Batter rolling HR contact-shape metrics from Statcast.
30,695720,tommy white,ATH,R,42,65,39,1,1,6,2,4,15,107.3,77.85,14.88,0.0238,0.0238,0.0154,0.1429,0.0476,0.0615,0.2308,2026-10-02,2026-10-02T11:58:59-04:00,Batter rolling HR contact-shape metrics from Statcast.
30,695731,braden montgomery,CWS,L,85,106,53,1,3,14,5,9,21,109.7,83.3,6.03,0.0118,0.0353,0.0283,0.1647,0.0588,0.0849,0.1981,2026-10-02,2026-10-02T11:58:59-04:00,Batter rolling HR contact-shape metrics from Statcast.
30,695734,daylen lile,WSH,L,77,111,80,2,8,23,8,19,31,108.3,82.51,23.04,0.026,0.1039,0.0721,0.2987,0.1039,0.1712,0.2793,2026-10-02,2026-10-02T11:58:59-04:00,Batter rolling HR contact-shape metrics from Statcast.
30,696030,alejandro osuna,TEX,L,13,19,16,0,0,1,0,3,7,106.3,77.57,33.11,0.0,0.0,0.0,0.0769,0.0,0.1579,0.3684,2026-10-02,2026-10-02T11:58:59-04:00,Batter rolling HR contact-shape metrics from Statcast.
30,696100,hunter goodman,COL,R,82,132,97,5,4,22,6,26,39,109.4,82.94,24.33,0.061,0.0488,0.0303,0.2683,0.0732,0.197,0.2955,2026-10-02,2026-10-02T11:58:59-04:00,Batter rolling HR contact-shape metrics from Statcast.
30,696285,jacob young,WSH,R,49,66,44,0,1,9,2,8,20,109.3,83.29,18.35,0.0,0.0204,0.0152,0.1837,0.0408,0.1212,0.303,2026-10-02,2026-10-02T11:58:59-04:00,Batter rolling HR contact-shape metrics from Statcast.
30,699013,esmerlyn valdez,PIT,R,23,23,14,1,2,5,1,1,7,109.6,81.26,10.57,0.0435,0.087,0.087,0.2174,0.0435,0.0435,0.3043,2026-10-02,2026-10-02T11:58:59-04:00,Batter rolling HR contact-shape metrics from Statcast.
30,699024,leo bernal,STL,L,97,119,83,5,7,27,5,30,37,109.8,84.81,20.81,0.0515,0.0722,0.0588,0.2784,0.0515,0.2521,0.3109,2026-10-02,2026-10-02T11:58:59-04:00,Batter rolling HR contact-shape metrics from Statcast.
30,699115,carlos jorge,CIN,L,50,63,39,1,2,4,2,11,16,101.7,76.33,15.9,0.02,0.04,0.0317,0.08,0.04,0.1746,0.254,2026-10-02,2026-10-02T11:58:59-04:00,Batter rolling HR contact-shape metrics from Statcast.
30,699302,héctor rodríguez,CIN,L,75,120,69,2,2,14,3,15,30,115.3,82.91,13.88,0.0267,0.0267,0.0167,0.1867,0.04,0.125,0.25,2026-10-02,2026-10-02T11:58:59-04:00,Batter rolling HR contact-shape metrics from Statcast.
30,699393,pedro ramírez,CHC,L,79,114,76,2,2,7,1,17,30,109.3,80.46,21.75,0.0253,0.0253,0.0175,0.0886,0.0127,0.1491,0.2632,2026-10-02,2026-10-02T11:58:59-04:00,Batter rolling HR contact-shape metrics from Statcast.
30,699912,jose fernandez,AZ,R,15,14,6,0,0,2,0,2,4,105.2,84.31,3.21,0.0,0.0,0.0,0.1333,0.0,0.1429,0.2857,2026-10-02,2026-10-02T11:58:59-04:00,Batter rolling HR contact-shape metrics from Statcast.
30,700250,ben rice,NYY,L,105,130,86,8,10,27,8,27,41,110.3,85.03,16.15,0.0762,0.0952,0.0769,0.2571,0.0762,0.2077,0.3154,2026-10-02,2026-10-02T11:58:59-04:00,Batter rolling HR contact-shape metrics from Statcast.
30,700337,edgar quero,CWS,R,7,5,3,0,0,0,0,0,1,101.2,88.8,18.0,0.0,0.0,0.0,0.0,0.0,0.0,0.2,2026-10-02,2026-10-02T11:58:59-04:00,Batter rolling HR contact-shape metrics from Statcast.
30,700652,kenny piper,TB,R,1,0,0,0,0,0,0,0,0,,,,0.0,0.0,,0.0,0.0,,,2026-10-02,2026-10-02T11:58:59-04:00,Batter rolling HR contact-shape metrics from Statcast.
30,701162,ben malgeri,DET,R,52,56,31,2,3,8,1,8,19,106.2,84.08,11.84,0.0385,0.0577,0.0536,0.1538,0.0192,0.1429,0.3393,2026-10-02,2026-10-02T11:58:59-04:00,Batter rolling HR contact-shape metrics from Statcast.
30,701350,roman anthony,BOS,L,100,102,52,4,9,19,6,13,28,113.6,84.97,5.17,0.04,0.09,0.0882,0.19,0.06,0.1275,0.2745,2026-10-02,2026-10-02T11:58:59-04:00,Batter rolling HR contact-shape metrics from Statcast.
30,701358,cam smith,HOU,R,89,120,80,5,7,17,6,16,30,113.7,79.24,19.6,0.0562,0.0787,0.0583,0.191,0.0674,0.1333,0.25,2026-10-02,2026-10-02T11:58:59-04:00,Batter rolling HR contact-shape metrics from Statcast.
30,701398,sal stewart,CIN,R,97,144,95,1,3,31,3,14,46,110.0,85.72,17.26,0.0103,0.0309,0.0208,0.3196,0.0309,0.0972,0.3194,2026-10-02,2026-10-02T11:58:59-04:00,Batter rolling HR contact-shape metrics from Statcast.
30,701538,jackson merrill,SD,L,100,129,85,4,13,35,8,19,44,112.7,87.85,14.9,0.04,0.13,0.1008,0.35,0.08,0.1473,0.3411,2026-10-02,2026-10-02T11:58:59-04:00,Batter rolling HR contact-shape metrics from Statcast.
30,701675,nathan church,STL,L,83,134,95,0,1,14,2,19,43,105.9,78.54,20.18,0.0,0.012,0.0075,0.1687,0.0241,0.1418,0.3209,2026-10-02,2026-10-02T11:58:59-04:00,Batter rolling HR contact-shape metrics from Statcast.
30,701678,hao-yu lee,DET,R,96,128,91,2,4,20,3,14,36,108.9,82.71,20.52,0.0208,0.0417,0.0312,0.2083,0.0312,0.1094,0.2812,2026-10-02,2026-10-02T11:58:59-04:00,Batter rolling HR contact-shape metrics from Statcast.
30,701785,kaelen culpepper,MIN,R,45,67,44,0,0,6,2,10,20,104.4,81.85,20.66,0.0,0.0,0.0,0.1333,0.0444,0.1493,0.2985,2026-10-02,2026-10-02T11:58:59-04:00,Batter rolling HR contact-shape metrics from Statcast.
30,701807,carson benge,NYM,L,105,136,91,4,5,19,5,21,44,110.0,81.0,16.41,0.0381,0.0476,0.0368,0.181,0.0476,0.1544,0.3235,2026-10-02,2026-10-02T11:58:59-04:00,Batter rolling HR contact-shape metrics from Statcast.
30,701852,drew cavanaugh,SF,L,42,46,25,1,0,2,0,4,14,104.5,77.23,8.57,0.0238,0.0,0.0,0.0476,0.0,0.087,0.3043,2026-10-02,2026-10-02T11:58:59-04:00,Batter rolling HR contact-shape metrics from Statcast.
30,702176,alan roden,MIN,L,15,20,15,1,0,7,2,3,8,107.3,82.87,25.7,0.0667,0.0,0.0,0.4667,0.1333,0.15,0.4,2026-10-02,2026-10-02T11:58:59-04:00,Batter rolling HR contact-shape metrics from Statcast.
30,702222,justin crawford,PHI,L,67,90,51,1,3,16,3,13,24,106.1,83.39,11.28,0.0149,0.0448,0.0333,0.2388,0.0448,0.1444,0.2667,2026-10-02,2026-10-02T11:58:59-04:00,Batter rolling HR contact-shape metrics from Statcast.
30,702284,cole young,SEA,L,83,110,75,1,4,12,5,16,27,107.6,80.84,23.37,0.012,0.0482,0.0364,0.1446,0.0602,0.1455,0.2455,2026-10-02,2026-10-02T11:58:59-04:00,Batter rolling HR contact-shape metrics from Statcast.
30,702332,caleb durbin,BOS,R,90,120,78,1,3,12,2,19,38,106.3,78.19,19.52,0.0111,0.0333,0.025,0.1333,0.0222,0.1583,0.3167,2026-10-02,2026-10-02T11:58:59-04:00,Batter rolling HR contact-shape metrics from Statcast.
30,702616,jackson holliday,BAL,L,45,58,41,0,1,3,0,7,21,103.6,80.09,24.55,0.0,0.0222,0.0172,0.0667,0.0,0.1207,0.3621,2026-10-02,2026-10-02T11:58:59-04:00,Batter rolling HR contact-shape metrics from Statcast.
30,703155,lazaro montes,SEA,L,54,51,38,3,4,11,3,9,19,116.1,83.95,23.51,0.0556,0.0741,0.0784,0.2037,0.0556,0.1765,0.3725,2026-10-02,2026-10-02T11:58:59-04:00,Batter rolling HR contact-shape metrics from Statcast.
30,703197,michael arroyo,SEA,R,41,56,39,1,1,7,3,8,20,108.1,83.02,22.79,0.0244,0.0244,0.0179,0.1707,0.0732,0.1429,0.3571,2026-10-02,2026-10-02T11:58:59-04:00,Batter rolling HR contact-shape metrics from Statcast.
30,703492,nick morabito,NYM,R,32,36,23,0,0,4,0,8,13,106.1,84.5,16.36,0.0,0.0,0.0,0.125,0.0,0.2222,0.3611,2026-10-02,2026-10-02T11:58:59-04:00,Batter rolling HR contact-shape metrics from Statcast.
30,703520,brett bateman,TOR,L,90,134,84,2,2,6,2,12,41,102.7,79.31,13.9,0.0222,0.0222,0.0149,0.0667,0.0222,0.0896,0.306,2026-10-02,2026-10-02T11:58:59-04:00,Batter rolling HR contact-shape metrics from Statcast.
30,703601,max clark,DET,L,94,105,71,1,2,13,3,16,30,107.6,81.41,19.22,0.0106,0.0213,0.019,0.1383,0.0319,0.1524,0.2857,2026-10-02,2026-10-02T11:58:59-04:00,Batter rolling HR contact-shape metrics from Statcast.
30,703607,henry bolte,ATH,R,103,121,67,5,8,17,6,9,33,115.1,82.93,8.4,0.0485,0.0777,0.0661,0.165,0.0583,0.0744,0.2727,2026-10-02,2026-10-02T11:58:59-04:00,Batter rolling HR contact-shape metrics from Statcast.
30,800050,chase delauter,CLE,L,75,90,51,3,4,14,4,11,24,109.6,84.97,12.12,0.04,0.0533,0.0444,0.1867,0.0533,0.1222,0.2667,2026-10-02,2026-10-02T11:58:59-04:00,Batter rolling HR contact-shape metrics from Statcast.
30,800325,luis lara,MIL,L,66,90,53,0,0,4,0,6,19,106.6,80.33,13.2,0.0,0.0,0.0,0.0606,0.0,0.0667,0.2111,2026-10-02,2026-10-02T11:58:59-04:00,Batter rolling HR contact-shape metrics from Statcast.
30,800543,josue de paula,LAD,L,42,44,30,1,3,9,1,12,15,108.2,83.77,16.73,0.0238,0.0714,0.0682,0.2143,0.0238,0.2727,0.3409,2026-10-02,2026-10-02T11:58:59-04:00,Batter rolling HR contact-shape metrics from Statcast.
30,801126,brock rodden,SEA,L,21,24,18,0,1,4,1,6,9,106.3,80.86,25.17,0.0,0.0476,0.0417,0.1905,0.0476,0.25,0.375,2026-10-02,2026-10-02T11:58:59-04:00,Batter rolling HR contact-shape metrics from Statcast.
30,801501,nate furman,SF,L,15,20,9,0,0,0,0,1,7,96.4,73.74,6.75,0.0,0.0,0.0,0.0,0.0,0.05,0.35,2026-10-02,2026-10-02T11:58:59-04:00,Batter rolling HR contact-shape metrics from Statcast.
30,802139,jj wetherholt,STL,L,33,41,21,0,1,8,1,6,10,102.8,81.45,9.78,0.0,0.0303,0.0244,0.2424,0.0303,0.1463,0.2439,2026-10-02,2026-10-02T11:58:59-04:00,Batter rolling HR contact-shape metrics from Statcast.
30,802415,chandler simpson,TB,L,86,106,47,0,0,2,0,10,20,105.3,78.47,3.96,0.0,0.0,0.0,0.0233,0.0,0.0943,0.1887,2026-10-02,2026-10-02T11:58:59-04:00,Batter rolling HR contact-shape metrics from Statcast.
30,803011,sam antonacci,CWS,L,93,128,81,0,3,21,1,12,49,104.0,84.09,13.27,0.0,0.0323,0.0234,0.2258,0.0108,0.0938,0.3828,2026-10-02,2026-10-02T11:58:59-04:00,Batter rolling HR contact-shape metrics from Statcast.
30,804606,konnor griffin,PIT,R,92,138,86,1,3,19,7,13,45,109.4,82.68,13.57,0.0109,0.0326,0.0217,0.2065,0.0761,0.0942,0.3261,2026-10-02,2026-10-02T11:58:59-04:00,Batter rolling HR contact-shape metrics from Statcast.
30,804668,rafael flores,PIT,R,71,83,50,4,6,19,6,17,27,110.2,85.0,15.58,0.0563,0.0845,0.0723,0.2676,0.0845,0.2048,0.3253,2026-10-02,2026-10-02T11:58:59-04:00,Batter rolling HR contact-shape metrics from Statcast.
30,805249,otto kemp,PHI,R,1,1,0,0,0,0,0,0,0,84.1,84.1,-26.0,0.0,0.0,0.0,0.0,0.0,0.0,0.0,2026-10-02,2026-10-02T11:58:59-04:00,Batter rolling HR contact-shape metrics from Statcast.
30,805300,jakob marsee,MIA,L,90,116,77,3,4,15,3,23,43,108.7,80.14,16.91,0.0333,0.0444,0.0345,0.1667,0.0333,0.1983,0.3707,2026-10-02,2026-10-02T11:58:59-04:00,Batter rolling HR contact-shape metrics from Statcast.
30,805346,ben ross,MIN,R,20,22,12,0,2,3,1,4,6,100.6,72.02,17.32,0.0,0.1,0.0909,0.15,0.05,0.1818,0.2727,2026-10-02,2026-10-02T11:58:59-04:00,Batter rolling HR contact-shape metrics from Statcast.
30,805367,chase meidroth,CWS,R,94,113,70,5,5,18,7,25,35,110.2,80.86,13.32,0.0532,0.0532,0.0442,0.1915,0.0745,0.2212,0.3097,2026-10-02,2026-10-02T11:58:59-04:00,Batter rolling HR contact-shape metrics from Statcast.
30,805805,walker jenkins,MIN,L,74,95,61,3,4,11,4,16,26,105.4,81.49,19.65,0.0405,0.0541,0.0421,0.1486,0.0541,0.1684,0.2737,2026-10-02,2026-10-02T11:58:59-04:00,Batter rolling HR contact-shape metrics from Statcast.
30,805808,kevin mcgonigle,DET,L,106,139,89,4,6,29,6,24,50,108.4,81.89,16.01,0.0377,0.0566,0.0432,0.2736,0.0566,0.1727,0.3597,2026-10-02,2026-10-02T11:58:59-04:00,Batter rolling HR contact-shape metrics from Statcast.
30,805811,bryce eldridge,SF,L,63,74,49,2,3,14,4,9,25,112.7,85.91,19.11,0.0317,0.0476,0.0405,0.2222,0.0635,0.1216,0.3378,2026-10-02,2026-10-02T11:58:59-04:00,Batter rolling HR contact-shape metrics from Statcast.
30,805999,a. j. ewing,NYM,L,90,105,58,4,6,17,5,15,37,107.1,82.38,11.3,0.0444,0.0667,0.0571,0.1889,0.0556,0.1429,0.3524,2026-10-02,2026-10-02T11:58:59-04:00,Batter rolling HR contact-shape metrics from Statcast.
30,806146,george lombard,NYY,R,87,108,62,5,6,17,3,15,28,111.1,83.1,14.71,0.0575,0.069,0.0556,0.1954,0.0345,0.1389,0.2593,2026-10-02,2026-10-02T11:58:59-04:00,Batter rolling HR contact-shape metrics from Statcast.
30,806198,cooper pratt,MIL,R,75,101,59,0,1,8,0,10,33,105.6,81.94,11.81,0.0,0.0133,0.0099,0.1067,0.0,0.099,0.3267,2026-10-02,2026-10-02T11:58:59-04:00,Batter rolling HR contact-shape metrics from Statcast.
30,806367,turner hill,SF,L,77,107,73,1,2,9,1,17,31,109.2,81.26,19.9,0.013,0.026,0.0187,0.1169,0.013,0.1589,0.2897,2026-10-02,2026-10-02T11:58:59-04:00,Batter rolling HR contact-shape metrics from Statcast.
30,806956,ethan salas,SD,L,43,58,46,2,1,8,1,8,19,108.3,82.96,26.98,0.0465,0.0233,0.0172,0.186,0.0233,0.1379,0.3276,2026-10-02,2026-10-02T11:58:59-04:00,Batter rolling HR contact-shape metrics from Statcast.
30,807712,luke keaschall,MIN,R,99,138,83,1,3,17,4,17,27,108.3,80.18,15.69,0.0101,0.0303,0.0217,0.1717,0.0404,0.1232,0.1957,2026-10-02,2026-10-02T11:58:59-04:00,Batter rolling HR contact-shape metrics from Statcast.
30,807713,matt shaw,CHC,R,45,46,34,0,0,6,0,5,12,104.6,77.03,23.46,0.0,0.0,0.0,0.1333,0.0,0.1087,0.2609,2026-10-02,2026-10-02T11:58:59-04:00,Batter rolling HR contact-shape metrics from Statcast.
30,807726,john peck,DET,R,76,88,59,0,4,15,2,6,25,109.9,83.51,19.07,0.0,0.0526,0.0455,0.1974,0.0263,0.0682,0.2841,2026-10-02,2026-10-02T11:58:59-04:00,Batter rolling HR contact-shape metrics from Statcast.
30,807727,charles mcadoo,TOR,R,27,34,22,1,1,2,1,6,16,108.6,81.55,13.94,0.037,0.037,0.0294,0.0741,0.037,0.1765,0.4706,2026-10-02,2026-10-02T11:58:59-04:00,Batter rolling HR contact-shape metrics from Statcast.
30,808959,munetaka murakami,CWS,L,111,105,77,6,11,28,8,18,24,113.0,85.59,27.5,0.0541,0.0991,0.1048,0.2523,0.0721,0.1714,0.2286,2026-10-02,2026-10-02T11:58:59-04:00,Batter rolling HR contact-shape metrics from Statcast.
30,808982,jung hoo lee,SF,L,63,90,54,1,0,14,1,20,29,104.8,82.11,12.32,0.0159,0.0,0.0,0.2222,0.0159,0.2222,0.3222,2026-10-02,2026-10-02T11:58:59-04:00,Batter rolling HR contact-shape metrics from Statcast.
30,810938,ben williamson,TB,R,16,20,9,0,1,2,0,3,4,100.7,84.18,7.4,0.0,0.0625,0.05,0.125,0.0,0.15,0.2,2026-10-02,2026-10-02T11:58:59-04:00,Batter rolling HR contact-shape metrics from Statcast.
30,811965,joshua kuroda-grauer,ATH,R,12,14,8,0,0,0,0,2,3,109.2,85.38,11.93,0.0,0.0,0.0,0.0,0.0,0.1429,0.2143,2026-10-02,2026-10-02T11:58:59-04:00,Batter rolling HR contact-shape metrics from Statcast.
30,813841,jonah cox,SF,R,94,108,61,0,0,8,0,8,40,104.1,76.14,9.88,0.0,0.0,0.0,0.0851,0.0,0.0741,0.3704,2026-10-02,2026-10-02T11:58:59-04:00,Batter rolling HR contact-shape metrics from Statcast.
30,814154,scott bandura,SF,L,30,38,31,0,0,3,0,8,16,104.7,77.78,26.34,0.0,0.0,0.0,0.1,0.0,0.2105,0.4211,2026-10-02,2026-10-02T11:58:59-04:00,Batter rolling HR contact-shape metrics from Statcast.
30,814430,brett callahan,DET,L,44,58,39,0,3,8,2,9,15,111.0,79.82,18.55,0.0,0.0682,0.0517,0.1818,0.0455,0.1552,0.2586,2026-10-02,2026-10-02T11:58:59-04:00,Batter rolling HR contact-shape metrics from Statcast.
30,814439,ryan waldschmidt,AZ,R,28,30,16,0,1,3,1,2,7,103.3,72.16,9.97,0.0,0.0357,0.0333,0.1071,0.0357,0.0667,0.2333,2026-10-02,2026-10-02T11:58:59-04:00,Batter rolling HR contact-shape metrics from Statcast.
30,815589,bo davidson,SF,L,22,24,14,0,0,3,0,1,7,105.1,83.96,17.88,0.0,0.0,0.0,0.1364,0.0,0.0417,0.2917,2026-10-02,2026-10-02T11:58:59-04:00,Batter rolling HR contact-shape metrics from Statcast.
30,815873,sean keys,TOR,L,30,44,29,1,3,7,3,7,16,109.7,81.14,21.89,0.0333,0.1,0.0682,0.2333,0.1,0.1591,0.3636,2026-10-02,2026-10-02T11:58:59-04:00,Batter rolling HR contact-shape metrics from Statcast.
30,823550,sung mun song,SD,L,11,11,6,0,0,0,0,1,3,102.9,76.19,20.91,0.0,0.0,0.0,0.0,0.0,0.0909,0.2727,2026-10-02,2026-10-02T11:58:59-04:00,Batter rolling HR contact-shape metrics from Statcast.
30,828599,lucas spence,HOU,L,30,26,18,4,4,9,5,7,13,106.4,84.58,20.42,0.1333,0.1333,0.1538,0.3,0.1667,0.2692,0.5,2026-10-02,2026-10-02T11:58:59-04:00,Batter rolling HR contact-shape metrics from Statcast.
